{
    "EquityHolder": {
        "tp": 8454,
        "fp": 1526,
        "fn": 1159,
        "f1": 0.8629612616750881,
        "precision": 0.8470941883767535,
        "recall": 0.8794340996567148
    },
    "FrozeShares": {
        "tp": 100,
        "fp": 134,
        "fn": 198,
        "f1": 0.3759398496240602,
        "precision": 0.42735042735042733,
        "recall": 0.33557046979865773
    },
    "LegalInstitution": {
        "tp": 449,
        "fp": 78,
        "fn": 53,
        "f1": 0.8726919339164236,
        "precision": 0.8519924098671727,
        "recall": 0.8944223107569721
    },
    "TotalHoldingShares": {
        "tp": 1656,
        "fp": 532,
        "fn": 503,
        "f1": 0.7619047619047619,
        "precision": 0.7568555758683729,
        "recall": 0.7670217693376563
    },
    "TotalHoldingRatio": {
        "tp": 1435,
        "fp": 334,
        "fn": 290,
        "f1": 0.8214081282198055,
        "precision": 0.8111927642736009,
        "recall": 0.8318840579710145
    },
    "StartDate": {
        "tp": 3802,
        "fp": 1254,
        "fn": 1229,
        "f1": 0.7538415782690591,
        "precision": 0.7519778481012658,
        "recall": 0.7557145696680581
    },
    "EndDate": {
        "tp": 988,
        "fp": 488,
        "fn": 522,
        "f1": 0.6617548559946416,
        "precision": 0.6693766937669376,
        "recall": 0.6543046357615894
    },
    "UnfrozeDate": {
        "tp": 0,
        "fp": 0,
        "fn": 18,
        "f1": 0,
        "precision": 0,
        "recall": 0
    },
    "CompanyName": {
        "tp": 9609,
        "fp": 324,
        "fn": 473,
        "f1": 0.960179865101174,
        "precision": 0.9673814557535487,
        "recall": 0.9530847054155921
    },
    "HighestTradingPrice": {
        "tp": 1388,
        "fp": 1172,
        "fn": 236,
        "f1": 0.6634799235181644,
        "precision": 0.5421875,
        "recall": 0.854679802955665
    },
    "LowestTradingPrice": {
        "tp": 255,
        "fp": 11,
        "fn": 785,
        "f1": 0.39050535987748847,
        "precision": 0.9586466165413534,
        "recall": 0.24519230769230768
    },
    "RepurchasedShares": {
        "tp": 1458,
        "fp": 216,
        "fn": 109,
        "f1": 0.8997223079296514,
        "precision": 0.8709677419354839,
        "recall": 0.9304403318442884
    },
    "ClosingDate": {
        "tp": 1138,
        "fp": 668,
        "fn": 510,
        "f1": 0.6589461493920094,
        "precision": 0.6301218161683277,
        "recall": 0.6905339805825242
    },
    "RepurchaseAmount": {
        "tp": 1222,
        "fp": 307,
        "fn": 204,
        "f1": 0.8270727580372249,
        "precision": 0.7992151733158928,
        "recall": 0.8569424964936886
    },
    "TradedShares": {
        "tp": 871,
        "fp": 361,
        "fn": 263,
        "f1": 0.7362637362637362,
        "precision": 0.7069805194805194,
        "recall": 0.7680776014109347
    },
    "LaterHoldingShares": {
        "tp": 68,
        "fp": 154,
        "fn": 353,
        "f1": 0.21150855365474341,
        "precision": 0.3063063063063063,
        "recall": 0.16152019002375298
    },
    "AveragePrice": {
        "tp": 196,
        "fp": 41,
        "fn": 13,
        "f1": 0.8789237668161435,
        "precision": 0.8270042194092827,
        "recall": 0.937799043062201
    },
    "Pledger": {
        "tp": 0,
        "fp": 0,
        "fn": 0,
        "f1": 0,
        "precision": 0,
        "recall": 0
    },
    "PledgedShares": {
        "tp": 2346,
        "fp": 857,
        "fn": 525,
        "f1": 0.7724728350345736,
        "precision": 0.732438339057134,
        "recall": 0.8171368861024033
    },
    "Pledgee": {
        "tp": 2023,
        "fp": 150,
        "fn": 109,
        "f1": 0.9398373983739837,
        "precision": 0.9309710078232858,
        "recall": 0.948874296435272
    },
    "TotalPledgedShares": {
        "tp": 1154,
        "fp": 380,
        "fn": 216,
        "f1": 0.7947658402203857,
        "precision": 0.7522816166883963,
        "recall": 0.8423357664233576
    },
    "ReleasedDate": {
        "tp": 460,
        "fp": 370,
        "fn": 301,
        "f1": 0.578252671275927,
        "precision": 0.5542168674698795,
        "recall": 0.6044678055190539
    },
    "StockCode": {
        "tp": 3233,
        "fp": 14,
        "fn": 15,
        "f1": 0.9955350269438029,
        "precision": 0.9956883276870958,
        "recall": 0.9953817733990148
    },
    "StockAbbr": {
        "tp": 4100,
        "fp": 619,
        "fn": 995,
        "f1": 0.8355410637864276,
        "precision": 0.8688281415554143,
        "recall": 0.8047105004906772
    },
    "precision": 0.8228566362266159,
    "recall": 0.8363672410064162,
    "micro_f1": 0.8295569320426531,
    "macro_f1": 0.6772295677428865
}