{
    "EquityHolder": {
        "tp": 8234,
        "fp": 1453,
        "fn": 1379,
        "f1": 0.8532642487046633,
        "precision": 0.8500051615567256,
        "recall": 0.8565484240091543
    },
    "FrozeShares": {
        "tp": 126,
        "fp": 201,
        "fn": 172,
        "f1": 0.4032,
        "precision": 0.3853211009174312,
        "recall": 0.4228187919463087
    },
    "LegalInstitution": {
        "tp": 437,
        "fp": 68,
        "fn": 65,
        "f1": 0.8679245283018867,
        "precision": 0.8653465346534653,
        "recall": 0.8705179282868526
    },
    "TotalHoldingShares": {
        "tp": 1649,
        "fp": 460,
        "fn": 510,
        "f1": 0.7727272727272728,
        "precision": 0.781887150308203,
        "recall": 0.7637795275590551
    },
    "TotalHoldingRatio": {
        "tp": 1379,
        "fp": 329,
        "fn": 346,
        "f1": 0.8033789688319254,
        "precision": 0.8073770491803278,
        "recall": 0.7994202898550725
    },
    "StartDate": {
        "tp": 3878,
        "fp": 1384,
        "fn": 1153,
        "f1": 0.7535218109394733,
        "precision": 0.7369821360699353,
        "recall": 0.770820910355794
    },
    "EndDate": {
        "tp": 965,
        "fp": 531,
        "fn": 545,
        "f1": 0.6420492348636061,
        "precision": 0.6450534759358288,
        "recall": 0.6390728476821192
    },
    "UnfrozeDate": {
        "tp": 9,
        "fp": 11,
        "fn": 9,
        "f1": 0.4736842105263158,
        "precision": 0.45,
        "recall": 0.5
    },
    "CompanyName": {
        "tp": 9406,
        "fp": 351,
        "fn": 676,
        "f1": 0.9482332778869903,
        "precision": 0.964025827610946,
        "recall": 0.9329498115453283
    },
    "HighestTradingPrice": {
        "tp": 1340,
        "fp": 430,
        "fn": 284,
        "f1": 0.789628756629346,
        "precision": 0.7570621468926554,
        "recall": 0.8251231527093597
    },
    "LowestTradingPrice": {
        "tp": 847,
        "fp": 149,
        "fn": 193,
        "f1": 0.8320235756385069,
        "precision": 0.8504016064257028,
        "recall": 0.8144230769230769
    },
    "RepurchasedShares": {
        "tp": 1447,
        "fp": 230,
        "fn": 120,
        "f1": 0.8921085080147966,
        "precision": 0.862850327966607,
        "recall": 0.9234205488194002
    },
    "ClosingDate": {
        "tp": 944,
        "fp": 534,
        "fn": 704,
        "f1": 0.6039667306461932,
        "precision": 0.638700947225981,
        "recall": 0.5728155339805825
    },
    "RepurchaseAmount": {
        "tp": 1246,
        "fp": 322,
        "fn": 180,
        "f1": 0.8323313293253173,
        "precision": 0.7946428571428571,
        "recall": 0.8737727910238429
    },
    "TradedShares": {
        "tp": 790,
        "fp": 328,
        "fn": 344,
        "f1": 0.7015985790408525,
        "precision": 0.7066189624329159,
        "recall": 0.6966490299823633
    },
    "LaterHoldingShares": {
        "tp": 100,
        "fp": 282,
        "fn": 321,
        "f1": 0.24906600249066005,
        "precision": 0.2617801047120419,
        "recall": 0.2375296912114014
    },
    "AveragePrice": {
        "tp": 191,
        "fp": 36,
        "fn": 18,
        "f1": 0.8761467889908258,
        "precision": 0.8414096916299559,
        "recall": 0.9138755980861244
    },
    "Pledger": {
        "tp": 0,
        "fp": 0,
        "fn": 0,
        "f1": 0,
        "precision": 0,
        "recall": 0
    },
    "PledgedShares": {
        "tp": 2221,
        "fp": 859,
        "fn": 650,
        "f1": 0.7464291715678038,
        "precision": 0.7211038961038961,
        "recall": 0.7735980494601185
    },
    "Pledgee": {
        "tp": 2011,
        "fp": 152,
        "fn": 121,
        "f1": 0.9364377182770663,
        "precision": 0.9297272306981045,
        "recall": 0.9432457786116323
    },
    "TotalPledgedShares": {
        "tp": 1138,
        "fp": 474,
        "fn": 232,
        "f1": 0.7632461435278337,
        "precision": 0.705955334987593,
        "recall": 0.8306569343065694
    },
    "ReleasedDate": {
        "tp": 406,
        "fp": 296,
        "fn": 355,
        "f1": 0.5550239234449761,
        "precision": 0.5783475783475783,
        "recall": 0.533508541392904
    },
    "StockCode": {
        "tp": 3232,
        "fp": 12,
        "fn": 16,
        "f1": 0.9956869993838571,
        "precision": 0.9963008631319359,
        "recall": 0.9950738916256158
    },
    "StockAbbr": {
        "tp": 4058,
        "fp": 549,
        "fn": 1037,
        "f1": 0.836528550814265,
        "precision": 0.8808335142174951,
        "recall": 0.7964671246319921
    },
    "precision": 0.8298765654563475,
    "recall": 0.8300410929276909,
    "micro_f1": 0.8299588210382144,
    "macro_f1": 0.7136752637739349
}