{
    "EquityHolder": {
        "tp": 8423,
        "fp": 1606,
        "fn": 1190,
        "f1": 0.8576519702677936,
        "precision": 0.8398643932595473,
        "recall": 0.8762092999063767
    },
    "FrozeShares": {
        "tp": 113,
        "fp": 162,
        "fn": 185,
        "f1": 0.3944153577661431,
        "precision": 0.4109090909090909,
        "recall": 0.37919463087248323
    },
    "LegalInstitution": {
        "tp": 443,
        "fp": 73,
        "fn": 59,
        "f1": 0.8703339882121808,
        "precision": 0.8585271317829457,
        "recall": 0.8824701195219123
    },
    "TotalHoldingShares": {
        "tp": 1699,
        "fp": 574,
        "fn": 460,
        "f1": 0.7666967509025271,
        "precision": 0.7474703035635724,
        "recall": 0.7869383974062065
    },
    "TotalHoldingRatio": {
        "tp": 1432,
        "fp": 420,
        "fn": 293,
        "f1": 0.800670953312832,
        "precision": 0.7732181425485961,
        "recall": 0.8301449275362319
    },
    "StartDate": {
        "tp": 3806,
        "fp": 1454,
        "fn": 1225,
        "f1": 0.7396754445632107,
        "precision": 0.723574144486692,
        "recall": 0.7565096402305704
    },
    "EndDate": {
        "tp": 948,
        "fp": 518,
        "fn": 562,
        "f1": 0.6370967741935484,
        "precision": 0.6466575716234653,
        "recall": 0.6278145695364239
    },
    "UnfrozeDate": {
        "tp": 9,
        "fp": 12,
        "fn": 9,
        "f1": 0.4615384615384615,
        "precision": 0.42857142857142855,
        "recall": 0.5
    },
    "CompanyName": {
        "tp": 9601,
        "fp": 317,
        "fn": 481,
        "f1": 0.9601000000000001,
        "precision": 0.9680379108691268,
        "recall": 0.952291212061099
    },
    "HighestTradingPrice": {
        "tp": 1359,
        "fp": 418,
        "fn": 265,
        "f1": 0.7991767127315494,
        "precision": 0.7647720877884074,
        "recall": 0.8368226600985221
    },
    "LowestTradingPrice": {
        "tp": 860,
        "fp": 176,
        "fn": 180,
        "f1": 0.8285163776493255,
        "precision": 0.8301158301158301,
        "recall": 0.8269230769230769
    },
    "RepurchasedShares": {
        "tp": 1481,
        "fp": 258,
        "fn": 86,
        "f1": 0.895946763460375,
        "precision": 0.8516388729154687,
        "recall": 0.9451180599872367
    },
    "ClosingDate": {
        "tp": 935,
        "fp": 561,
        "fn": 713,
        "f1": 0.5947837150127226,
        "precision": 0.625,
        "recall": 0.5673543689320388
    },
    "RepurchaseAmount": {
        "tp": 1263,
        "fp": 339,
        "fn": 163,
        "f1": 0.8342140026420081,
        "precision": 0.7883895131086143,
        "recall": 0.8856942496493688
    },
    "TradedShares": {
        "tp": 891,
        "fp": 412,
        "fn": 243,
        "f1": 0.731226918342224,
        "precision": 0.6838066001534919,
        "recall": 0.7857142857142857
    },
    "LaterHoldingShares": {
        "tp": 102,
        "fp": 284,
        "fn": 319,
        "f1": 0.2527881040892193,
        "precision": 0.26424870466321243,
        "recall": 0.24228028503562946
    },
    "AveragePrice": {
        "tp": 199,
        "fp": 41,
        "fn": 10,
        "f1": 0.8864142538975502,
        "precision": 0.8291666666666667,
        "recall": 0.9521531100478469
    },
    "Pledger": {
        "tp": 0,
        "fp": 0,
        "fn": 0,
        "f1": 0,
        "precision": 0,
        "recall": 0
    },
    "PledgedShares": {
        "tp": 2329,
        "fp": 939,
        "fn": 542,
        "f1": 0.7587554976380518,
        "precision": 0.7126682986536108,
        "recall": 0.8112156043190526
    },
    "Pledgee": {
        "tp": 2026,
        "fp": 155,
        "fn": 106,
        "f1": 0.9394852770693253,
        "precision": 0.9289316827143512,
        "recall": 0.950281425891182
    },
    "TotalPledgedShares": {
        "tp": 1141,
        "fp": 478,
        "fn": 229,
        "f1": 0.7634660421545668,
        "precision": 0.7047560222359481,
        "recall": 0.8328467153284671
    },
    "ReleasedDate": {
        "tp": 427,
        "fp": 373,
        "fn": 334,
        "f1": 0.547085201793722,
        "precision": 0.53375,
        "recall": 0.5611038107752957
    },
    "StockCode": {
        "tp": 3232,
        "fp": 18,
        "fn": 16,
        "f1": 0.9947676208064019,
        "precision": 0.9944615384615385,
        "recall": 0.9950738916256158
    },
    "StockAbbr": {
        "tp": 4174,
        "fp": 595,
        "fn": 921,
        "f1": 0.8463098134630981,
        "precision": 0.8752358985112183,
        "recall": 0.8192345436702649
    },
    "precision": 0.821588758847852,
    "recall": 0.8451625693893735,
    "micro_f1": 0.8332089552238806,
    "macro_f1": 0.715046500062785
}