{
    "EquityHolder": {
        "tp": 8396,
        "fp": 1427,
        "fn": 1217,
        "f1": 0.8639637785552583,
        "precision": 0.8547286979537819,
        "recall": 0.8734006033496307
    },
    "FrozeShares": {
        "tp": 95,
        "fp": 100,
        "fn": 203,
        "f1": 0.385395537525355,
        "precision": 0.48717948717948717,
        "recall": 0.3187919463087248
    },
    "LegalInstitution": {
        "tp": 449,
        "fp": 73,
        "fn": 53,
        "f1": 0.876953125,
        "precision": 0.8601532567049809,
        "recall": 0.8944223107569721
    },
    "TotalHoldingShares": {
        "tp": 1683,
        "fp": 612,
        "fn": 476,
        "f1": 0.7557251908396945,
        "precision": 0.7333333333333333,
        "recall": 0.7795275590551181
    },
    "TotalHoldingRatio": {
        "tp": 1392,
        "fp": 425,
        "fn": 333,
        "f1": 0.7859966120835686,
        "precision": 0.7660979636763896,
        "recall": 0.8069565217391305
    },
    "StartDate": {
        "tp": 3726,
        "fp": 1171,
        "fn": 1305,
        "f1": 0.750604351329573,
        "precision": 0.7608740044925465,
        "recall": 0.740608228980322
    },
    "EndDate": {
        "tp": 980,
        "fp": 466,
        "fn": 530,
        "f1": 0.6630581867388362,
        "precision": 0.677731673582296,
        "recall": 0.6490066225165563
    },
    "UnfrozeDate": {
        "tp": 0,
        "fp": 0,
        "fn": 18,
        "f1": 0,
        "precision": 0,
        "recall": 0
    },
    "CompanyName": {
        "tp": 9453,
        "fp": 516,
        "fn": 629,
        "f1": 0.9428956161787442,
        "precision": 0.9482395425820042,
        "recall": 0.9376115850029756
    },
    "HighestTradingPrice": {
        "tp": 1515,
        "fp": 1301,
        "fn": 109,
        "f1": 0.6824324324324325,
        "precision": 0.5379971590909091,
        "recall": 0.9328817733990148
    },
    "LowestTradingPrice": {
        "tp": 0,
        "fp": 0,
        "fn": 1040,
        "f1": 0,
        "precision": 0,
        "recall": 0
    },
    "RepurchasedShares": {
        "tp": 1449,
        "fp": 231,
        "fn": 118,
        "f1": 0.8925161687711735,
        "precision": 0.8625,
        "recall": 0.9246968730057434
    },
    "ClosingDate": {
        "tp": 1163,
        "fp": 494,
        "fn": 485,
        "f1": 0.7037821482602118,
        "precision": 0.7018708509354254,
        "recall": 0.7057038834951457
    },
    "RepurchaseAmount": {
        "tp": 1181,
        "fp": 265,
        "fn": 245,
        "f1": 0.8224233983286908,
        "precision": 0.8167358229598893,
        "recall": 0.8281907433380085
    },
    "TradedShares": {
        "tp": 836,
        "fp": 351,
        "fn": 298,
        "f1": 0.7203791469194313,
        "precision": 0.7042965459140691,
        "recall": 0.7372134038800705
    },
    "LaterHoldingShares": {
        "tp": 66,
        "fp": 141,
        "fn": 355,
        "f1": 0.21019108280254778,
        "precision": 0.3188405797101449,
        "recall": 0.15676959619952494
    },
    "AveragePrice": {
        "tp": 195,
        "fp": 35,
        "fn": 14,
        "f1": 0.8883826879271071,
        "precision": 0.8478260869565217,
        "recall": 0.9330143540669856
    },
    "Pledger": {
        "tp": 0,
        "fp": 0,
        "fn": 0,
        "f1": 0,
        "precision": 0,
        "recall": 0
    },
    "PledgedShares": {
        "tp": 2414,
        "fp": 878,
        "fn": 457,
        "f1": 0.7833847152360863,
        "precision": 0.7332928311057109,
        "recall": 0.8408220132358063
    },
    "Pledgee": {
        "tp": 2024,
        "fp": 152,
        "fn": 108,
        "f1": 0.9396471680594243,
        "precision": 0.9301470588235294,
        "recall": 0.949343339587242
    },
    "TotalPledgedShares": {
        "tp": 1179,
        "fp": 371,
        "fn": 191,
        "f1": 0.8075342465753425,
        "precision": 0.7606451612903226,
        "recall": 0.8605839416058394
    },
    "ReleasedDate": {
        "tp": 481,
        "fp": 529,
        "fn": 280,
        "f1": 0.5431959345002823,
        "precision": 0.4762376237623762,
        "recall": 0.6320630749014454
    },
    "StockCode": {
        "tp": 3231,
        "fp": 27,
        "fn": 17,
        "f1": 0.9932370119889333,
        "precision": 0.9917127071823204,
        "recall": 0.9947660098522167
    },
    "StockAbbr": {
        "tp": 4196,
        "fp": 534,
        "fn": 899,
        "f1": 0.854147582697201,
        "precision": 0.8871035940803382,
        "recall": 0.8235525024533856
    },
    "precision": 0.820312082984894,
    "recall": 0.8309422536226659,
    "micro_f1": 0.8255929517311774,
    "macro_f1": 0.6610769217812456
}