{
    "EquityHolder": {
        "tp": 8056,
        "fp": 1343,
        "fn": 1557,
        "f1": 0.847464759099516,
        "precision": 0.8571124587722098,
        "recall": 0.8380318318943097
    },
    "FrozeShares": {
        "tp": 75,
        "fp": 117,
        "fn": 223,
        "f1": 0.30612244897959184,
        "precision": 0.390625,
        "recall": 0.2516778523489933
    },
    "LegalInstitution": {
        "tp": 433,
        "fp": 68,
        "fn": 69,
        "f1": 0.8634097706879361,
        "precision": 0.8642714570858283,
        "recall": 0.8625498007968128
    },
    "TotalHoldingShares": {
        "tp": 1729,
        "fp": 683,
        "fn": 430,
        "f1": 0.7565084226646249,
        "precision": 0.716832504145937,
        "recall": 0.8008337193144974
    },
    "TotalHoldingRatio": {
        "tp": 1437,
        "fp": 338,
        "fn": 288,
        "f1": 0.8211428571428571,
        "precision": 0.8095774647887324,
        "recall": 0.8330434782608696
    },
    "StartDate": {
        "tp": 3729,
        "fp": 1286,
        "fn": 1302,
        "f1": 0.7423850288672109,
        "precision": 0.7435692921236291,
        "recall": 0.7412045319022064
    },
    "EndDate": {
        "tp": 914,
        "fp": 456,
        "fn": 596,
        "f1": 0.6347222222222223,
        "precision": 0.6671532846715329,
        "recall": 0.6052980132450331
    },
    "UnfrozeDate": {
        "tp": 0,
        "fp": 0,
        "fn": 18,
        "f1": 0,
        "precision": 0,
        "recall": 0
    },
    "CompanyName": {
        "tp": 9568,
        "fp": 300,
        "fn": 514,
        "f1": 0.9591979949874686,
        "precision": 0.9695987028779894,
        "recall": 0.9490180519738147
    },
    "HighestTradingPrice": {
        "tp": 1327,
        "fp": 902,
        "fn": 297,
        "f1": 0.6888139112379964,
        "precision": 0.5953342305966801,
        "recall": 0.8171182266009852
    },
    "LowestTradingPrice": {
        "tp": 547,
        "fp": 27,
        "fn": 493,
        "f1": 0.677819083023544,
        "precision": 0.9529616724738676,
        "recall": 0.5259615384615385
    },
    "RepurchasedShares": {
        "tp": 1451,
        "fp": 209,
        "fn": 116,
        "f1": 0.8992872637124264,
        "precision": 0.8740963855421687,
        "recall": 0.9259731971920868
    },
    "ClosingDate": {
        "tp": 844,
        "fp": 610,
        "fn": 804,
        "f1": 0.5441650548033526,
        "precision": 0.5804676753782668,
        "recall": 0.5121359223300971
    },
    "RepurchaseAmount": {
        "tp": 1210,
        "fp": 281,
        "fn": 216,
        "f1": 0.8296194720603359,
        "precision": 0.8115358819584172,
        "recall": 0.8485273492286115
    },
    "TradedShares": {
        "tp": 814,
        "fp": 328,
        "fn": 320,
        "f1": 0.7152899824253077,
        "precision": 0.712784588441331,
        "recall": 0.7178130511463845
    },
    "LaterHoldingShares": {
        "tp": 69,
        "fp": 194,
        "fn": 352,
        "f1": 0.2017543859649123,
        "precision": 0.2623574144486692,
        "recall": 0.16389548693586697
    },
    "AveragePrice": {
        "tp": 195,
        "fp": 37,
        "fn": 14,
        "f1": 0.8843537414965987,
        "precision": 0.8405172413793104,
        "recall": 0.9330143540669856
    },
    "Pledger": {
        "tp": 0,
        "fp": 0,
        "fn": 0,
        "f1": 0,
        "precision": 0,
        "recall": 0
    },
    "PledgedShares": {
        "tp": 2215,
        "fp": 860,
        "fn": 656,
        "f1": 0.7450386814665321,
        "precision": 0.7203252032520325,
        "recall": 0.7715081853012887
    },
    "Pledgee": {
        "tp": 2016,
        "fp": 142,
        "fn": 116,
        "f1": 0.9398601398601399,
        "precision": 0.9341983317886933,
        "recall": 0.9455909943714822
    },
    "TotalPledgedShares": {
        "tp": 1178,
        "fp": 433,
        "fn": 192,
        "f1": 0.7903388124790338,
        "precision": 0.7312228429546865,
        "recall": 0.8598540145985402
    },
    "ReleasedDate": {
        "tp": 465,
        "fp": 346,
        "fn": 296,
        "f1": 0.5916030534351145,
        "precision": 0.5733662145499383,
        "recall": 0.6110381077529566
    },
    "StockCode": {
        "tp": 3232,
        "fp": 16,
        "fn": 16,
        "f1": 0.9950738916256159,
        "precision": 0.9950738916256158,
        "recall": 0.9950738916256158
    },
    "StockAbbr": {
        "tp": 4028,
        "fp": 534,
        "fn": 1067,
        "f1": 0.8342135238686963,
        "precision": 0.8829460762823323,
        "recall": 0.7905789990186457
    },
    "precision": 0.8272228480069765,
    "recall": 0.8206329752721505,
    "micro_f1": 0.823914734994481,
    "macro_f1": 0.6778410209212934
}