{
    "EquityHolder": {
        "tp": 8364,
        "fp": 1494,
        "fn": 1249,
        "f1": 0.8591238251759027,
        "precision": 0.8484479610468655,
        "recall": 0.8700717778008946
    },
    "FrozeShares": {
        "tp": 97,
        "fp": 123,
        "fn": 201,
        "f1": 0.3745173745173745,
        "precision": 0.4409090909090909,
        "recall": 0.32550335570469796
    },
    "LegalInstitution": {
        "tp": 447,
        "fp": 65,
        "fn": 55,
        "f1": 0.8816568047337278,
        "precision": 0.873046875,
        "recall": 0.8904382470119522
    },
    "TotalHoldingShares": {
        "tp": 1661,
        "fp": 530,
        "fn": 498,
        "f1": 0.7636781609195403,
        "precision": 0.7581013235965313,
        "recall": 0.7693376563223715
    },
    "TotalHoldingRatio": {
        "tp": 1422,
        "fp": 349,
        "fn": 303,
        "f1": 0.8135011441647597,
        "precision": 0.8029361942405421,
        "recall": 0.8243478260869566
    },
    "StartDate": {
        "tp": 3672,
        "fp": 1395,
        "fn": 1359,
        "f1": 0.7272727272727272,
        "precision": 0.7246891651865008,
        "recall": 0.7298747763864043
    },
    "EndDate": {
        "tp": 982,
        "fp": 570,
        "fn": 528,
        "f1": 0.6414108425865447,
        "precision": 0.6327319587628866,
        "recall": 0.6503311258278146
    },
    "UnfrozeDate": {
        "tp": 7,
        "fp": 13,
        "fn": 11,
        "f1": 0.36842105263157887,
        "precision": 0.35,
        "recall": 0.3888888888888889
    },
    "CompanyName": {
        "tp": 9652,
        "fp": 308,
        "fn": 430,
        "f1": 0.9631773276120147,
        "precision": 0.9690763052208835,
        "recall": 0.9573497321959928
    },
    "HighestTradingPrice": {
        "tp": 1374,
        "fp": 442,
        "fn": 250,
        "f1": 0.7988372093023257,
        "precision": 0.7566079295154186,
        "recall": 0.8460591133004927
    },
    "LowestTradingPrice": {
        "tp": 837,
        "fp": 124,
        "fn": 203,
        "f1": 0.8365817091454273,
        "precision": 0.8709677419354839,
        "recall": 0.8048076923076923
    },
    "RepurchasedShares": {
        "tp": 1450,
        "fp": 212,
        "fn": 117,
        "f1": 0.8981108702384639,
        "precision": 0.8724428399518652,
        "recall": 0.9253350350989151
    },
    "ClosingDate": {
        "tp": 1002,
        "fp": 494,
        "fn": 646,
        "f1": 0.6374045801526718,
        "precision": 0.6697860962566845,
        "recall": 0.6080097087378641
    },
    "RepurchaseAmount": {
        "tp": 1275,
        "fp": 327,
        "fn": 151,
        "f1": 0.8421400264200792,
        "precision": 0.795880149812734,
        "recall": 0.894109396914446
    },
    "TradedShares": {
        "tp": 814,
        "fp": 310,
        "fn": 320,
        "f1": 0.7209920283436669,
        "precision": 0.7241992882562278,
        "recall": 0.7178130511463845
    },
    "LaterHoldingShares": {
        "tp": 77,
        "fp": 278,
        "fn": 344,
        "f1": 0.1984536082474227,
        "precision": 0.21690140845070421,
        "recall": 0.1828978622327791
    },
    "AveragePrice": {
        "tp": 193,
        "fp": 40,
        "fn": 16,
        "f1": 0.8733031674208145,
        "precision": 0.8283261802575107,
        "recall": 0.9234449760765551
    },
    "Pledger": {
        "tp": 0,
        "fp": 0,
        "fn": 0,
        "f1": 0,
        "precision": 0,
        "recall": 0
    },
    "PledgedShares": {
        "tp": 2251,
        "fp": 855,
        "fn": 620,
        "f1": 0.753220679270537,
        "precision": 0.7247263361236317,
        "recall": 0.7840473702542669
    },
    "Pledgee": {
        "tp": 2018,
        "fp": 147,
        "fn": 114,
        "f1": 0.9392599488014893,
        "precision": 0.9321016166281755,
        "recall": 0.9465290806754222
    },
    "TotalPledgedShares": {
        "tp": 1044,
        "fp": 432,
        "fn": 326,
        "f1": 0.7336612789880534,
        "precision": 0.7073170731707317,
        "recall": 0.762043795620438
    },
    "ReleasedDate": {
        "tp": 480,
        "fp": 550,
        "fn": 281,
        "f1": 0.5360134003350083,
        "precision": 0.46601941747572817,
        "recall": 0.6307490144546649
    },
    "StockCode": {
        "tp": 3232,
        "fp": 14,
        "fn": 16,
        "f1": 0.995380351093317,
        "precision": 0.9956869993838571,
        "recall": 0.9950738916256158
    },
    "StockAbbr": {
        "tp": 4061,
        "fp": 561,
        "fn": 1034,
        "f1": 0.8358546876608006,
        "precision": 0.8786239723063609,
        "recall": 0.7970559371933268
    },
    "precision": 0.8281202605049514,
    "recall": 0.8364934035037128,
    "micro_f1": 0.8322857732069686,
    "macro_f1": 0.7079988668764269
}