{
    "EquityHolder": {
        "tp": 8252,
        "fp": 1344,
        "fn": 1361,
        "f1": 0.8591805924306314,
        "precision": 0.8599416423509796,
        "recall": 0.8584208883803183
    },
    "FrozeShares": {
        "tp": 107,
        "fp": 152,
        "fn": 191,
        "f1": 0.38420107719928187,
        "precision": 0.41312741312741313,
        "recall": 0.35906040268456374
    },
    "LegalInstitution": {
        "tp": 448,
        "fp": 72,
        "fn": 54,
        "f1": 0.8767123287671232,
        "precision": 0.8615384615384616,
        "recall": 0.8924302788844621
    },
    "TotalHoldingShares": {
        "tp": 1664,
        "fp": 565,
        "fn": 495,
        "f1": 0.7584320875113947,
        "precision": 0.7465231045311799,
        "recall": 0.7707271885132005
    },
    "TotalHoldingRatio": {
        "tp": 1436,
        "fp": 342,
        "fn": 289,
        "f1": 0.8198686839851557,
        "precision": 0.8076490438695163,
        "recall": 0.832463768115942
    },
    "StartDate": {
        "tp": 3801,
        "fp": 1217,
        "fn": 1230,
        "f1": 0.7564931834013334,
        "precision": 0.7574730968513352,
        "recall": 0.75551580202743
    },
    "EndDate": {
        "tp": 1027,
        "fp": 494,
        "fn": 483,
        "f1": 0.6776641372484329,
        "precision": 0.6752136752136753,
        "recall": 0.6801324503311258
    },
    "UnfrozeDate": {
        "tp": 0,
        "fp": 0,
        "fn": 18,
        "f1": 0,
        "precision": 0,
        "recall": 0
    },
    "CompanyName": {
        "tp": 9527,
        "fp": 347,
        "fn": 555,
        "f1": 0.9548005612347163,
        "precision": 0.9648572007291878,
        "recall": 0.9449513985320372
    },
    "HighestTradingPrice": {
        "tp": 1399,
        "fp": 1314,
        "fn": 225,
        "f1": 0.645146414572285,
        "precision": 0.5156653151492813,
        "recall": 0.8614532019704434
    },
    "LowestTradingPrice": {
        "tp": 101,
        "fp": 6,
        "fn": 939,
        "f1": 0.17611159546643415,
        "precision": 0.9439252336448598,
        "recall": 0.09711538461538462
    },
    "RepurchasedShares": {
        "tp": 1451,
        "fp": 199,
        "fn": 116,
        "f1": 0.9020826857320484,
        "precision": 0.8793939393939394,
        "recall": 0.9259731971920868
    },
    "ClosingDate": {
        "tp": 971,
        "fp": 606,
        "fn": 677,
        "f1": 0.6021705426356588,
        "precision": 0.61572606214331,
        "recall": 0.5891990291262136
    },
    "RepurchaseAmount": {
        "tp": 1186,
        "fp": 288,
        "fn": 240,
        "f1": 0.8179310344827586,
        "precision": 0.8046132971506106,
        "recall": 0.8316970546984572
    },
    "TradedShares": {
        "tp": 878,
        "fp": 371,
        "fn": 256,
        "f1": 0.736886277801091,
        "precision": 0.7029623698959168,
        "recall": 0.7742504409171076
    },
    "LaterHoldingShares": {
        "tp": 71,
        "fp": 168,
        "fn": 350,
        "f1": 0.21515151515151518,
        "precision": 0.29707112970711297,
        "recall": 0.16864608076009502
    },
    "AveragePrice": {
        "tp": 195,
        "fp": 38,
        "fn": 14,
        "f1": 0.8823529411764706,
        "precision": 0.8369098712446352,
        "recall": 0.9330143540669856
    },
    "Pledger": {
        "tp": 0,
        "fp": 0,
        "fn": 0,
        "f1": 0,
        "precision": 0,
        "recall": 0
    },
    "PledgedShares": {
        "tp": 2343,
        "fp": 884,
        "fn": 528,
        "f1": 0.768448671695638,
        "precision": 0.7260613572977999,
        "recall": 0.8160919540229885
    },
    "Pledgee": {
        "tp": 2018,
        "fp": 150,
        "fn": 114,
        "f1": 0.9386046511627906,
        "precision": 0.9308118081180812,
        "recall": 0.9465290806754222
    },
    "TotalPledgedShares": {
        "tp": 1147,
        "fp": 376,
        "fn": 223,
        "f1": 0.7929484963705495,
        "precision": 0.7531188443860801,
        "recall": 0.8372262773722627
    },
    "ReleasedDate": {
        "tp": 483,
        "fp": 456,
        "fn": 278,
        "f1": 0.5682352941176471,
        "precision": 0.5143769968051118,
        "recall": 0.6346911957950065
    },
    "StockCode": {
        "tp": 3232,
        "fp": 18,
        "fn": 16,
        "f1": 0.9947676208064019,
        "precision": 0.9944615384615385,
        "recall": 0.9950738916256158
    },
    "StockAbbr": {
        "tp": 4087,
        "fp": 611,
        "fn": 1008,
        "f1": 0.8346778311038497,
        "precision": 0.8699446573009791,
        "recall": 0.8021589793915603
    },
    "precision": 0.8206009813402099,
    "recall": 0.8258957537308053,
    "micro_f1": 0.8232398541221279,
    "macro_f1": 0.6651195093355503
}