{
    "EquityHolder": {
        "tp": 8377,
        "fp": 1492,
        "fn": 1236,
        "f1": 0.8599733086952059,
        "precision": 0.8488195359205594,
        "recall": 0.8714241131800686
    },
    "FrozeShares": {
        "tp": 102,
        "fp": 134,
        "fn": 196,
        "f1": 0.3820224719101124,
        "precision": 0.4322033898305085,
        "recall": 0.3422818791946309
    },
    "LegalInstitution": {
        "tp": 445,
        "fp": 70,
        "fn": 57,
        "f1": 0.8751229105211406,
        "precision": 0.8640776699029126,
        "recall": 0.8864541832669323
    },
    "TotalHoldingShares": {
        "tp": 1733,
        "fp": 625,
        "fn": 426,
        "f1": 0.767323444764224,
        "precision": 0.7349448685326548,
        "recall": 0.8026864289022696
    },
    "TotalHoldingRatio": {
        "tp": 1407,
        "fp": 432,
        "fn": 318,
        "f1": 0.7895622895622896,
        "precision": 0.765089722675367,
        "recall": 0.8156521739130435
    },
    "StartDate": {
        "tp": 3820,
        "fp": 1433,
        "fn": 1211,
        "f1": 0.7429015947102295,
        "precision": 0.7272035027603274,
        "recall": 0.759292387199364
    },
    "EndDate": {
        "tp": 956,
        "fp": 545,
        "fn": 554,
        "f1": 0.6350049817336433,
        "precision": 0.6369087275149901,
        "recall": 0.633112582781457
    },
    "UnfrozeDate": {
        "tp": 9,
        "fp": 9,
        "fn": 9,
        "f1": 0.5,
        "precision": 0.5,
        "recall": 0.5
    },
    "CompanyName": {
        "tp": 9654,
        "fp": 310,
        "fn": 428,
        "f1": 0.9631846752469321,
        "precision": 0.9688879967884384,
        "recall": 0.9575481055346161
    },
    "HighestTradingPrice": {
        "tp": 1313,
        "fp": 464,
        "fn": 311,
        "f1": 0.772125845339606,
        "precision": 0.7388857625211029,
        "recall": 0.8084975369458128
    },
    "LowestTradingPrice": {
        "tp": 855,
        "fp": 168,
        "fn": 185,
        "f1": 0.8288899660688318,
        "precision": 0.8357771260997068,
        "recall": 0.8221153846153846
    },
    "RepurchasedShares": {
        "tp": 1460,
        "fp": 239,
        "fn": 107,
        "f1": 0.8940600122473974,
        "precision": 0.859329017068864,
        "recall": 0.9317166560306318
    },
    "ClosingDate": {
        "tp": 1114,
        "fp": 754,
        "fn": 534,
        "f1": 0.6336746302616609,
        "precision": 0.5963597430406852,
        "recall": 0.6759708737864077
    },
    "RepurchaseAmount": {
        "tp": 1255,
        "fp": 328,
        "fn": 171,
        "f1": 0.8341641741442339,
        "precision": 0.7927984838913456,
        "recall": 0.8800841514726507
    },
    "TradedShares": {
        "tp": 878,
        "fp": 387,
        "fn": 256,
        "f1": 0.7319716548561901,
        "precision": 0.6940711462450593,
        "recall": 0.7742504409171076
    },
    "LaterHoldingShares": {
        "tp": 77,
        "fp": 223,
        "fn": 344,
        "f1": 0.21359223300970873,
        "precision": 0.25666666666666665,
        "recall": 0.1828978622327791
    },
    "AveragePrice": {
        "tp": 199,
        "fp": 46,
        "fn": 10,
        "f1": 0.8766519823788547,
        "precision": 0.8122448979591836,
        "recall": 0.9521531100478469
    },
    "Pledger": {
        "tp": 0,
        "fp": 0,
        "fn": 0,
        "f1": 0,
        "precision": 0,
        "recall": 0
    },
    "PledgedShares": {
        "tp": 2249,
        "fp": 872,
        "fn": 622,
        "f1": 0.7506675567423231,
        "precision": 0.7206023710349247,
        "recall": 0.7833507488679903
    },
    "Pledgee": {
        "tp": 2027,
        "fp": 147,
        "fn": 105,
        "f1": 0.9414770088248956,
        "precision": 0.9323827046918123,
        "recall": 0.950750469043152
    },
    "TotalPledgedShares": {
        "tp": 1172,
        "fp": 539,
        "fn": 198,
        "f1": 0.7607919506653683,
        "precision": 0.684979544126242,
        "recall": 0.8554744525547445
    },
    "ReleasedDate": {
        "tp": 441,
        "fp": 446,
        "fn": 320,
        "f1": 0.5351941747572815,
        "precision": 0.4971815107102593,
        "recall": 0.5795006570302234
    },
    "StockCode": {
        "tp": 3231,
        "fp": 20,
        "fn": 17,
        "f1": 0.9943068164332973,
        "precision": 0.9938480467548446,
        "recall": 0.9947660098522167
    },
    "StockAbbr": {
        "tp": 4111,
        "fp": 593,
        "fn": 984,
        "f1": 0.8390652107357892,
        "precision": 0.873937074829932,
        "recall": 0.8068694798822375
    },
    "precision": 0.8202270779027658,
    "recall": 0.8450183836781775,
    "micro_f1": 0.8324381907763327,
    "macro_f1": 0.7134053705670508
}