{
    "EquityHolder": {
        "tp": 8341,
        "fp": 1515,
        "fn": 1272,
        "f1": 0.8568493502491139,
        "precision": 0.846286525974026,
        "recall": 0.8676791844377406
    },
    "FrozeShares": {
        "tp": 99,
        "fp": 116,
        "fn": 199,
        "f1": 0.3859649122807018,
        "precision": 0.4604651162790698,
        "recall": 0.33221476510067116
    },
    "LegalInstitution": {
        "tp": 442,
        "fp": 70,
        "fn": 60,
        "f1": 0.8717948717948718,
        "precision": 0.86328125,
        "recall": 0.8804780876494024
    },
    "TotalHoldingShares": {
        "tp": 1674,
        "fp": 593,
        "fn": 485,
        "f1": 0.7564392227745143,
        "precision": 0.7384208204675783,
        "recall": 0.7753589624826308
    },
    "TotalHoldingRatio": {
        "tp": 1462,
        "fp": 365,
        "fn": 263,
        "f1": 0.8231981981981982,
        "precision": 0.8002189381499726,
        "recall": 0.847536231884058
    },
    "StartDate": {
        "tp": 3940,
        "fp": 1676,
        "fn": 1091,
        "f1": 0.7401145862684324,
        "precision": 0.7015669515669516,
        "recall": 0.7831445040747367
    },
    "EndDate": {
        "tp": 981,
        "fp": 540,
        "fn": 529,
        "f1": 0.6473111184427581,
        "precision": 0.6449704142011834,
        "recall": 0.6496688741721854
    },
    "UnfrozeDate": {
        "tp": 4,
        "fp": 2,
        "fn": 14,
        "f1": 0.3333333333333333,
        "precision": 0.6666666666666666,
        "recall": 0.2222222222222222
    },
    "CompanyName": {
        "tp": 9550,
        "fp": 324,
        "fn": 532,
        "f1": 0.9571056323912607,
        "precision": 0.9671865505367632,
        "recall": 0.9472326919262051
    },
    "HighestTradingPrice": {
        "tp": 1356,
        "fp": 817,
        "fn": 268,
        "f1": 0.7142480905978404,
        "precision": 0.6240220892774966,
        "recall": 0.8349753694581281
    },
    "LowestTradingPrice": {
        "tp": 620,
        "fp": 39,
        "fn": 420,
        "f1": 0.7298410829899941,
        "precision": 0.9408194233687405,
        "recall": 0.5961538461538461
    },
    "RepurchasedShares": {
        "tp": 1443,
        "fp": 201,
        "fn": 124,
        "f1": 0.8987854251012146,
        "precision": 0.8777372262773723,
        "recall": 0.9208679004467135
    },
    "ClosingDate": {
        "tp": 1087,
        "fp": 704,
        "fn": 561,
        "f1": 0.6321605117766792,
        "precision": 0.6069235064209939,
        "recall": 0.6595873786407767
    },
    "RepurchaseAmount": {
        "tp": 1236,
        "fp": 295,
        "fn": 190,
        "f1": 0.8359824146094014,
        "precision": 0.8073154800783802,
        "recall": 0.8667601683029453
    },
    "TradedShares": {
        "tp": 825,
        "fp": 348,
        "fn": 309,
        "f1": 0.7152145643693107,
        "precision": 0.7033248081841432,
        "recall": 0.7275132275132276
    },
    "LaterHoldingShares": {
        "tp": 52,
        "fp": 165,
        "fn": 369,
        "f1": 0.16300940438871472,
        "precision": 0.23963133640552994,
        "recall": 0.12351543942992874
    },
    "AveragePrice": {
        "tp": 195,
        "fp": 38,
        "fn": 14,
        "f1": 0.8823529411764706,
        "precision": 0.8369098712446352,
        "recall": 0.9330143540669856
    },
    "Pledger": {
        "tp": 0,
        "fp": 0,
        "fn": 0,
        "f1": 0,
        "precision": 0,
        "recall": 0
    },
    "PledgedShares": {
        "tp": 2312,
        "fp": 870,
        "fn": 559,
        "f1": 0.7639187179910788,
        "precision": 0.7265870521684475,
        "recall": 0.8052943225357019
    },
    "Pledgee": {
        "tp": 2016,
        "fp": 139,
        "fn": 116,
        "f1": 0.940517844646606,
        "precision": 0.9354988399071926,
        "recall": 0.9455909943714822
    },
    "TotalPledgedShares": {
        "tp": 1206,
        "fp": 469,
        "fn": 164,
        "f1": 0.7921182266009851,
        "precision": 0.72,
        "recall": 0.8802919708029197
    },
    "ReleasedDate": {
        "tp": 481,
        "fp": 402,
        "fn": 280,
        "f1": 0.5851581508515815,
        "precision": 0.5447338618346546,
        "recall": 0.6320630749014454
    },
    "StockCode": {
        "tp": 3231,
        "fp": 18,
        "fn": 17,
        "f1": 0.9946128982607358,
        "precision": 0.9944598337950139,
        "recall": 0.9947660098522167
    },
    "StockAbbr": {
        "tp": 4054,
        "fp": 593,
        "fn": 1041,
        "f1": 0.8322726339560665,
        "precision": 0.8723907897568324,
        "recall": 0.7956820412168792
    },
    "precision": 0.8190173268196675,
    "recall": 0.8400079302141158,
    "micro_f1": 0.8293798380638846,
    "macro_f1": 0.7021793388770775
}