{
    "EquityHolder": {
        "tp": 8185,
        "fp": 1434,
        "fn": 1428,
        "f1": 0.851185524126456,
        "precision": 0.8509200540596735,
        "recall": 0.8514511598876522
    },
    "FrozeShares": {
        "tp": 106,
        "fp": 156,
        "fn": 192,
        "f1": 0.37857142857142856,
        "precision": 0.40458015267175573,
        "recall": 0.35570469798657717
    },
    "LegalInstitution": {
        "tp": 446,
        "fp": 62,
        "fn": 56,
        "f1": 0.8831683168316832,
        "precision": 0.8779527559055118,
        "recall": 0.8884462151394422
    },
    "TotalHoldingShares": {
        "tp": 1682,
        "fp": 562,
        "fn": 477,
        "f1": 0.764024528730411,
        "precision": 0.749554367201426,
        "recall": 0.779064381658175
    },
    "TotalHoldingRatio": {
        "tp": 1429,
        "fp": 353,
        "fn": 296,
        "f1": 0.8149415454804676,
        "precision": 0.8019079685746352,
        "recall": 0.8284057971014492
    },
    "StartDate": {
        "tp": 3913,
        "fp": 1552,
        "fn": 1118,
        "f1": 0.7456173780487805,
        "precision": 0.7160109789569991,
        "recall": 0.7777777777777778
    },
    "EndDate": {
        "tp": 969,
        "fp": 547,
        "fn": 541,
        "f1": 0.6404494382022471,
        "precision": 0.6391820580474934,
        "recall": 0.6417218543046358
    },
    "UnfrozeDate": {
        "tp": 8,
        "fp": 9,
        "fn": 10,
        "f1": 0.45714285714285713,
        "precision": 0.47058823529411764,
        "recall": 0.4444444444444444
    },
    "CompanyName": {
        "tp": 9400,
        "fp": 346,
        "fn": 682,
        "f1": 0.9481541254791205,
        "precision": 0.964498255694644,
        "recall": 0.9323546915294585
    },
    "HighestTradingPrice": {
        "tp": 1329,
        "fp": 552,
        "fn": 295,
        "f1": 0.7583452211126961,
        "precision": 0.7065390749601276,
        "recall": 0.8183497536945813
    },
    "LowestTradingPrice": {
        "tp": 790,
        "fp": 89,
        "fn": 250,
        "f1": 0.8233454924439811,
        "precision": 0.8987485779294653,
        "recall": 0.7596153846153846
    },
    "RepurchasedShares": {
        "tp": 1441,
        "fp": 222,
        "fn": 126,
        "f1": 0.8922600619195047,
        "precision": 0.8665063138905592,
        "recall": 0.9195915762603701
    },
    "ClosingDate": {
        "tp": 866,
        "fp": 576,
        "fn": 782,
        "f1": 0.5605177993527508,
        "precision": 0.6005547850208044,
        "recall": 0.5254854368932039
    },
    "RepurchaseAmount": {
        "tp": 1210,
        "fp": 284,
        "fn": 216,
        "f1": 0.8287671232876712,
        "precision": 0.8099062918340026,
        "recall": 0.8485273492286115
    },
    "TradedShares": {
        "tp": 859,
        "fp": 395,
        "fn": 275,
        "f1": 0.7194304857621441,
        "precision": 0.6850079744816587,
        "recall": 0.7574955908289241
    },
    "LaterHoldingShares": {
        "tp": 80,
        "fp": 229,
        "fn": 341,
        "f1": 0.2191780821917808,
        "precision": 0.2588996763754045,
        "recall": 0.19002375296912113
    },
    "AveragePrice": {
        "tp": 197,
        "fp": 43,
        "fn": 12,
        "f1": 0.8775055679287305,
        "precision": 0.8208333333333333,
        "recall": 0.9425837320574163
    },
    "Pledger": {
        "tp": 0,
        "fp": 0,
        "fn": 0,
        "f1": 0,
        "precision": 0,
        "recall": 0
    },
    "PledgedShares": {
        "tp": 2338,
        "fp": 866,
        "fn": 533,
        "f1": 0.7697119341563786,
        "precision": 0.7297128589263421,
        "recall": 0.8143504005572971
    },
    "Pledgee": {
        "tp": 2015,
        "fp": 147,
        "fn": 117,
        "f1": 0.9385188635305077,
        "precision": 0.9320074005550416,
        "recall": 0.9451219512195121
    },
    "TotalPledgedShares": {
        "tp": 1148,
        "fp": 467,
        "fn": 222,
        "f1": 0.769179229480737,
        "precision": 0.7108359133126935,
        "recall": 0.8379562043795621
    },
    "ReleasedDate": {
        "tp": 452,
        "fp": 333,
        "fn": 309,
        "f1": 0.5847347994825355,
        "precision": 0.575796178343949,
        "recall": 0.5939553219448095
    },
    "StockCode": {
        "tp": 3231,
        "fp": 18,
        "fn": 17,
        "f1": 0.9946128982607358,
        "precision": 0.9944598337950139,
        "recall": 0.9947660098522167
    },
    "StockAbbr": {
        "tp": 4026,
        "fp": 530,
        "fn": 1069,
        "f1": 0.8343176872862915,
        "precision": 0.8836698858647937,
        "recall": 0.7901864573110893
    },
    "precision": 0.8251628139984255,
    "recall": 0.8312306250450581,
    "micro_f1": 0.8281856055164488,
    "macro_f1": 0.7105700162004126
}