{
    "EquityHolder": {
        "tp": 8349,
        "fp": 1549,
        "fn": 1264,
        "f1": 0.8558249192763057,
        "precision": 0.8435037381289149,
        "recall": 0.8685113908249246
    },
    "FrozeShares": {
        "tp": 96,
        "fp": 140,
        "fn": 202,
        "f1": 0.35955056179775285,
        "precision": 0.4067796610169492,
        "recall": 0.3221476510067114
    },
    "LegalInstitution": {
        "tp": 442,
        "fp": 68,
        "fn": 60,
        "f1": 0.8735177865612648,
        "precision": 0.8666666666666667,
        "recall": 0.8804780876494024
    },
    "TotalHoldingShares": {
        "tp": 1766,
        "fp": 674,
        "fn": 393,
        "f1": 0.7679930419656447,
        "precision": 0.7237704918032787,
        "recall": 0.8179712830013895
    },
    "TotalHoldingRatio": {
        "tp": 1492,
        "fp": 499,
        "fn": 233,
        "f1": 0.8030139935414424,
        "precision": 0.7493721747865394,
        "recall": 0.864927536231884
    },
    "StartDate": {
        "tp": 4125,
        "fp": 2065,
        "fn": 906,
        "f1": 0.7352285892522947,
        "precision": 0.6663974151857835,
        "recall": 0.8199165175909362
    },
    "EndDate": {
        "tp": 911,
        "fp": 489,
        "fn": 599,
        "f1": 0.6261168384879725,
        "precision": 0.6507142857142857,
        "recall": 0.6033112582781457
    },
    "UnfrozeDate": {
        "tp": 7,
        "fp": 6,
        "fn": 11,
        "f1": 0.45161290322580644,
        "precision": 0.5384615384615384,
        "recall": 0.3888888888888889
    },
    "CompanyName": {
        "tp": 9412,
        "fp": 327,
        "fn": 670,
        "f1": 0.9496998133292972,
        "precision": 0.9664236574596982,
        "recall": 0.9335449315611982
    },
    "HighestTradingPrice": {
        "tp": 1384,
        "fp": 439,
        "fn": 240,
        "f1": 0.8030171163330432,
        "precision": 0.7591881513987931,
        "recall": 0.8522167487684729
    },
    "LowestTradingPrice": {
        "tp": 828,
        "fp": 150,
        "fn": 212,
        "f1": 0.8206144697720515,
        "precision": 0.8466257668711656,
        "recall": 0.7961538461538461
    },
    "RepurchasedShares": {
        "tp": 1456,
        "fp": 246,
        "fn": 111,
        "f1": 0.8907922912205568,
        "precision": 0.8554641598119859,
        "recall": 0.9291640076579452
    },
    "ClosingDate": {
        "tp": 1058,
        "fp": 747,
        "fn": 590,
        "f1": 0.6128004633651896,
        "precision": 0.5861495844875346,
        "recall": 0.6419902912621359
    },
    "RepurchaseAmount": {
        "tp": 1250,
        "fp": 330,
        "fn": 176,
        "f1": 0.83166999334664,
        "precision": 0.7911392405063291,
        "recall": 0.876577840112202
    },
    "TradedShares": {
        "tp": 868,
        "fp": 411,
        "fn": 266,
        "f1": 0.7194363862411935,
        "precision": 0.6786551993745114,
        "recall": 0.7654320987654321
    },
    "LaterHoldingShares": {
        "tp": 103,
        "fp": 289,
        "fn": 318,
        "f1": 0.25338253382533826,
        "precision": 0.2627551020408163,
        "recall": 0.24465558194774348
    },
    "AveragePrice": {
        "tp": 196,
        "fp": 38,
        "fn": 13,
        "f1": 0.8848758465011286,
        "precision": 0.8376068376068376,
        "recall": 0.937799043062201
    },
    "Pledger": {
        "tp": 0,
        "fp": 0,
        "fn": 0,
        "f1": 0,
        "precision": 0,
        "recall": 0
    },
    "PledgedShares": {
        "tp": 2269,
        "fp": 914,
        "fn": 602,
        "f1": 0.749587049884374,
        "precision": 0.7128495130380145,
        "recall": 0.7903169627307558
    },
    "Pledgee": {
        "tp": 2014,
        "fp": 149,
        "fn": 118,
        "f1": 0.9378346915017461,
        "precision": 0.9311141932501156,
        "recall": 0.9446529080675422
    },
    "TotalPledgedShares": {
        "tp": 1147,
        "fp": 591,
        "fn": 223,
        "f1": 0.738095238095238,
        "precision": 0.6599539700805523,
        "recall": 0.8372262773722627
    },
    "ReleasedDate": {
        "tp": 403,
        "fp": 298,
        "fn": 358,
        "f1": 0.5512995896032831,
        "precision": 0.5748930099857347,
        "recall": 0.5295663600525624
    },
    "StockCode": {
        "tp": 3233,
        "fp": 21,
        "fn": 15,
        "f1": 0.9944632420793603,
        "precision": 0.9935464044253227,
        "recall": 0.9953817733990148
    },
    "StockAbbr": {
        "tp": 4108,
        "fp": 550,
        "fn": 987,
        "f1": 0.8424074643699375,
        "precision": 0.8819235723486475,
        "recall": 0.8062806673209029
    },
    "precision": 0.8102129276253303,
    "recall": 0.8455951265229615,
    "micro_f1": 0.827525994126518,
    "macro_f1": 0.7105347843157022
}