{
    "EquityHolder": {
        "tp": 8528,
        "fp": 1663,
        "fn": 1085,
        "f1": 0.8612401535043426,
        "precision": 0.836816799136493,
        "recall": 0.8871320087381671
    },
    "FrozeShares": {
        "tp": 109,
        "fp": 183,
        "fn": 189,
        "f1": 0.3694915254237288,
        "precision": 0.3732876712328767,
        "recall": 0.36577181208053694
    },
    "LegalInstitution": {
        "tp": 436,
        "fp": 72,
        "fn": 66,
        "f1": 0.8633663366336635,
        "precision": 0.8582677165354331,
        "recall": 0.8685258964143426
    },
    "TotalHoldingShares": {
        "tp": 1636,
        "fp": 476,
        "fn": 523,
        "f1": 0.7660969328026223,
        "precision": 0.7746212121212122,
        "recall": 0.7577582213987958
    },
    "TotalHoldingRatio": {
        "tp": 1408,
        "fp": 325,
        "fn": 317,
        "f1": 0.8143435511856564,
        "precision": 0.812463935372187,
        "recall": 0.816231884057971
    },
    "StartDate": {
        "tp": 4033,
        "fp": 1817,
        "fn": 998,
        "f1": 0.7412921606469994,
        "precision": 0.6894017094017094,
        "recall": 0.8016298946531505
    },
    "EndDate": {
        "tp": 967,
        "fp": 585,
        "fn": 543,
        "f1": 0.6316133246244285,
        "precision": 0.6230670103092784,
        "recall": 0.6403973509933775
    },
    "UnfrozeDate": {
        "tp": 8,
        "fp": 8,
        "fn": 10,
        "f1": 0.47058823529411764,
        "precision": 0.5,
        "recall": 0.4444444444444444
    },
    "CompanyName": {
        "tp": 9496,
        "fp": 325,
        "fn": 586,
        "f1": 0.9542280058282671,
        "precision": 0.9669076468791366,
        "recall": 0.9418766117833763
    },
    "HighestTradingPrice": {
        "tp": 1392,
        "fp": 434,
        "fn": 232,
        "f1": 0.8069565217391304,
        "precision": 0.7623220153340635,
        "recall": 0.8571428571428571
    },
    "LowestTradingPrice": {
        "tp": 832,
        "fp": 124,
        "fn": 208,
        "f1": 0.8336673346693387,
        "precision": 0.8702928870292888,
        "recall": 0.8
    },
    "RepurchasedShares": {
        "tp": 1407,
        "fp": 218,
        "fn": 160,
        "f1": 0.881578947368421,
        "precision": 0.8658461538461538,
        "recall": 0.8978940650925336
    },
    "ClosingDate": {
        "tp": 872,
        "fp": 636,
        "fn": 776,
        "f1": 0.5525982256020279,
        "precision": 0.5782493368700266,
        "recall": 0.529126213592233
    },
    "RepurchaseAmount": {
        "tp": 1255,
        "fp": 322,
        "fn": 171,
        "f1": 0.8358308358308358,
        "precision": 0.7958148383005708,
        "recall": 0.8800841514726507
    },
    "TradedShares": {
        "tp": 889,
        "fp": 429,
        "fn": 245,
        "f1": 0.7251223491027734,
        "precision": 0.6745068285280729,
        "recall": 0.7839506172839507
    },
    "LaterHoldingShares": {
        "tp": 99,
        "fp": 293,
        "fn": 322,
        "f1": 0.24354243542435425,
        "precision": 0.25255102040816324,
        "recall": 0.23515439429928742
    },
    "AveragePrice": {
        "tp": 197,
        "fp": 40,
        "fn": 12,
        "f1": 0.8834080717488789,
        "precision": 0.8312236286919831,
        "recall": 0.9425837320574163
    },
    "Pledger": {
        "tp": 0,
        "fp": 0,
        "fn": 0,
        "f1": 0,
        "precision": 0,
        "recall": 0
    },
    "PledgedShares": {
        "tp": 2186,
        "fp": 881,
        "fn": 685,
        "f1": 0.7362748400134725,
        "precision": 0.7127486142810564,
        "recall": 0.7614071752002787
    },
    "Pledgee": {
        "tp": 2018,
        "fp": 151,
        "fn": 114,
        "f1": 0.938386421762381,
        "precision": 0.9303826648224989,
        "recall": 0.9465290806754222
    },
    "TotalPledgedShares": {
        "tp": 1064,
        "fp": 437,
        "fn": 306,
        "f1": 0.7412051549982585,
        "precision": 0.7088607594936709,
        "recall": 0.7766423357664234
    },
    "ReleasedDate": {
        "tp": 414,
        "fp": 338,
        "fn": 347,
        "f1": 0.5472571050892266,
        "precision": 0.550531914893617,
        "recall": 0.5440210249671484
    },
    "StockCode": {
        "tp": 3231,
        "fp": 23,
        "fn": 17,
        "f1": 0.9938480467548446,
        "precision": 0.9929317762753535,
        "recall": 0.9947660098522167
    },
    "StockAbbr": {
        "tp": 4182,
        "fp": 626,
        "fn": 913,
        "f1": 0.8445925477128142,
        "precision": 0.8698003327787022,
        "recall": 0.8208047105004906
    },
    "precision": 0.8176465434154034,
    "recall": 0.8409451373368899,
    "micro_f1": 0.8291322001972474,
    "macro_f1": 0.7098553776566909
}