{
    "EquityHolder": {
        "tp": 8106,
        "fp": 1380,
        "fn": 1507,
        "f1": 0.8488402534164092,
        "precision": 0.8545224541429475,
        "recall": 0.84323312181421
    },
    "FrozeShares": {
        "tp": 77,
        "fp": 117,
        "fn": 221,
        "f1": 0.3130081300813008,
        "precision": 0.39690721649484534,
        "recall": 0.25838926174496646
    },
    "LegalInstitution": {
        "tp": 435,
        "fp": 63,
        "fn": 67,
        "f1": 0.8700000000000001,
        "precision": 0.8734939759036144,
        "recall": 0.8665338645418327
    },
    "TotalHoldingShares": {
        "tp": 1730,
        "fp": 651,
        "fn": 429,
        "f1": 0.7621145374449338,
        "precision": 0.7265854682906342,
        "recall": 0.8012968967114404
    },
    "TotalHoldingRatio": {
        "tp": 1430,
        "fp": 378,
        "fn": 295,
        "f1": 0.8095103311633172,
        "precision": 0.790929203539823,
        "recall": 0.8289855072463768
    },
    "StartDate": {
        "tp": 3896,
        "fp": 1429,
        "fn": 1135,
        "f1": 0.7524140594824257,
        "precision": 0.7316431924882629,
        "recall": 0.7743987278871
    },
    "EndDate": {
        "tp": 960,
        "fp": 479,
        "fn": 550,
        "f1": 0.6510681586978636,
        "precision": 0.6671299513551077,
        "recall": 0.6357615894039735
    },
    "UnfrozeDate": {
        "tp": 8,
        "fp": 8,
        "fn": 10,
        "f1": 0.47058823529411764,
        "precision": 0.5,
        "recall": 0.4444444444444444
    },
    "CompanyName": {
        "tp": 9495,
        "fp": 348,
        "fn": 587,
        "f1": 0.9530740276035132,
        "precision": 0.964644925327644,
        "recall": 0.9417774251140647
    },
    "HighestTradingPrice": {
        "tp": 1376,
        "fp": 539,
        "fn": 248,
        "f1": 0.7776207968352642,
        "precision": 0.7185378590078328,
        "recall": 0.8472906403940886
    },
    "LowestTradingPrice": {
        "tp": 782,
        "fp": 107,
        "fn": 258,
        "f1": 0.8107827890098497,
        "precision": 0.8796400449943758,
        "recall": 0.7519230769230769
    },
    "RepurchasedShares": {
        "tp": 1441,
        "fp": 221,
        "fn": 126,
        "f1": 0.8925363889749149,
        "precision": 0.8670276774969916,
        "recall": 0.9195915762603701
    },
    "ClosingDate": {
        "tp": 856,
        "fp": 489,
        "fn": 792,
        "f1": 0.5720013364517206,
        "precision": 0.6364312267657992,
        "recall": 0.5194174757281553
    },
    "RepurchaseAmount": {
        "tp": 1244,
        "fp": 309,
        "fn": 182,
        "f1": 0.8351795904665996,
        "precision": 0.8010302640051513,
        "recall": 0.8723702664796634
    },
    "TradedShares": {
        "tp": 816,
        "fp": 335,
        "fn": 318,
        "f1": 0.7142231947483589,
        "precision": 0.7089487402258905,
        "recall": 0.7195767195767195
    },
    "LaterHoldingShares": {
        "tp": 83,
        "fp": 264,
        "fn": 338,
        "f1": 0.21614583333333337,
        "precision": 0.23919308357348704,
        "recall": 0.19714964370546317
    },
    "AveragePrice": {
        "tp": 197,
        "fp": 38,
        "fn": 12,
        "f1": 0.8873873873873873,
        "precision": 0.8382978723404255,
        "recall": 0.9425837320574163
    },
    "Pledger": {
        "tp": 0,
        "fp": 0,
        "fn": 0,
        "f1": 0,
        "precision": 0,
        "recall": 0
    },
    "PledgedShares": {
        "tp": 2188,
        "fp": 907,
        "fn": 683,
        "f1": 0.7334897753938988,
        "precision": 0.7069466882067852,
        "recall": 0.7621037965865552
    },
    "Pledgee": {
        "tp": 2010,
        "fp": 140,
        "fn": 122,
        "f1": 0.9388136384866884,
        "precision": 0.9348837209302325,
        "recall": 0.9427767354596623
    },
    "TotalPledgedShares": {
        "tp": 1043,
        "fp": 410,
        "fn": 327,
        "f1": 0.738930216082182,
        "precision": 0.7178251892635926,
        "recall": 0.7613138686131387
    },
    "ReleasedDate": {
        "tp": 444,
        "fp": 357,
        "fn": 317,
        "f1": 0.5685019206145967,
        "precision": 0.5543071161048689,
        "recall": 0.5834428383705651
    },
    "StockCode": {
        "tp": 3229,
        "fp": 13,
        "fn": 19,
        "f1": 0.9950693374422188,
        "precision": 0.9959901295496607,
        "recall": 0.9941502463054187
    },
    "StockAbbr": {
        "tp": 4082,
        "fp": 552,
        "fn": 1013,
        "f1": 0.8391407133312777,
        "precision": 0.8808804488562797,
        "recall": 0.8011776251226693
    },
    "precision": 0.8280985179041506,
    "recall": 0.8277701679763535,
    "micro_f1": 0.8279343103852324,
    "macro_f1": 0.7062683604892571
}