{
    "EquityHolder": {
        "tp": 8463,
        "fp": 1540,
        "fn": 1150,
        "f1": 0.8628670473083196,
        "precision": 0.8460461861441567,
        "recall": 0.8803703318422968
    },
    "FrozeShares": {
        "tp": 88,
        "fp": 126,
        "fn": 210,
        "f1": 0.34375,
        "precision": 0.411214953271028,
        "recall": 0.2953020134228188
    },
    "LegalInstitution": {
        "tp": 448,
        "fp": 81,
        "fn": 54,
        "f1": 0.8690591658583899,
        "precision": 0.8468809073724007,
        "recall": 0.8924302788844621
    },
    "TotalHoldingShares": {
        "tp": 1728,
        "fp": 651,
        "fn": 431,
        "f1": 0.7615689731159101,
        "precision": 0.7263556116015133,
        "recall": 0.8003705419175544
    },
    "TotalHoldingRatio": {
        "tp": 1433,
        "fp": 421,
        "fn": 292,
        "f1": 0.8007823414361553,
        "precision": 0.772923408845739,
        "recall": 0.8307246376811595
    },
    "StartDate": {
        "tp": 3874,
        "fp": 1343,
        "fn": 1157,
        "f1": 0.7560499609679937,
        "precision": 0.7425723595936362,
        "recall": 0.7700258397932817
    },
    "EndDate": {
        "tp": 987,
        "fp": 484,
        "fn": 523,
        "f1": 0.6621938946662194,
        "precision": 0.6709721278042148,
        "recall": 0.6536423841059603
    },
    "UnfrozeDate": {
        "tp": 0,
        "fp": 0,
        "fn": 18,
        "f1": 0,
        "precision": 0,
        "recall": 0
    },
    "CompanyName": {
        "tp": 9657,
        "fp": 394,
        "fn": 425,
        "f1": 0.9593205185516317,
        "precision": 0.9607999204059298,
        "recall": 0.9578456655425511
    },
    "HighestTradingPrice": {
        "tp": 1421,
        "fp": 1382,
        "fn": 203,
        "f1": 0.6419697311949402,
        "precision": 0.506956831965751,
        "recall": 0.875
    },
    "LowestTradingPrice": {
        "tp": 5,
        "fp": 1,
        "fn": 1035,
        "f1": 0.009560229445506694,
        "precision": 0.8333333333333334,
        "recall": 0.004807692307692308
    },
    "RepurchasedShares": {
        "tp": 1462,
        "fp": 217,
        "fn": 105,
        "f1": 0.9008009858287123,
        "precision": 0.8707564026206075,
        "recall": 0.9329929802169751
    },
    "ClosingDate": {
        "tp": 1145,
        "fp": 510,
        "fn": 503,
        "f1": 0.6933091129276415,
        "precision": 0.6918429003021148,
        "recall": 0.6947815533980582
    },
    "RepurchaseAmount": {
        "tp": 1175,
        "fp": 261,
        "fn": 251,
        "f1": 0.8211041229909155,
        "precision": 0.8182451253481894,
        "recall": 0.8239831697054698
    },
    "TradedShares": {
        "tp": 867,
        "fp": 353,
        "fn": 267,
        "f1": 0.7366185216652507,
        "precision": 0.7106557377049181,
        "recall": 0.7645502645502645
    },
    "LaterHoldingShares": {
        "tp": 60,
        "fp": 146,
        "fn": 361,
        "f1": 0.1913875598086124,
        "precision": 0.2912621359223301,
        "recall": 0.14251781472684086
    },
    "AveragePrice": {
        "tp": 195,
        "fp": 38,
        "fn": 14,
        "f1": 0.8823529411764706,
        "precision": 0.8369098712446352,
        "recall": 0.9330143540669856
    },
    "Pledger": {
        "tp": 0,
        "fp": 0,
        "fn": 0,
        "f1": 0,
        "precision": 0,
        "recall": 0
    },
    "PledgedShares": {
        "tp": 2486,
        "fp": 906,
        "fn": 385,
        "f1": 0.7938687529937729,
        "precision": 0.7329009433962265,
        "recall": 0.8659003831417624
    },
    "Pledgee": {
        "tp": 2024,
        "fp": 161,
        "fn": 108,
        "f1": 0.9376882094046792,
        "precision": 0.9263157894736842,
        "recall": 0.949343339587242
    },
    "TotalPledgedShares": {
        "tp": 1184,
        "fp": 382,
        "fn": 186,
        "f1": 0.8065395095367847,
        "precision": 0.756066411238825,
        "recall": 0.8642335766423358
    },
    "ReleasedDate": {
        "tp": 471,
        "fp": 412,
        "fn": 290,
        "f1": 0.572992700729927,
        "precision": 0.5334088335220838,
        "recall": 0.6189224704336399
    },
    "StockCode": {
        "tp": 3231,
        "fp": 27,
        "fn": 17,
        "f1": 0.9932370119889333,
        "precision": 0.9917127071823204,
        "recall": 0.9947660098522167
    },
    "StockAbbr": {
        "tp": 4082,
        "fp": 553,
        "fn": 1013,
        "f1": 0.8390544707091471,
        "precision": 0.8806903991370011,
        "recall": 0.8011776251226693
    },
    "precision": 0.8173362637362638,
    "recall": 0.837827121332276,
    "micro_f1": 0.8274548545287872,
    "macro_f1": 0.6598364900960798
}