{
    "EquityHolder": {
        "tp": 8424,
        "fp": 1548,
        "fn": 1189,
        "f1": 0.8602501914730661,
        "precision": 0.8447653429602888,
        "recall": 0.8763133257047748
    },
    "FrozeShares": {
        "tp": 107,
        "fp": 157,
        "fn": 191,
        "f1": 0.3807829181494662,
        "precision": 0.4053030303030303,
        "recall": 0.35906040268456374
    },
    "LegalInstitution": {
        "tp": 446,
        "fp": 68,
        "fn": 56,
        "f1": 0.8779527559055117,
        "precision": 0.867704280155642,
        "recall": 0.8884462151394422
    },
    "TotalHoldingShares": {
        "tp": 1730,
        "fp": 616,
        "fn": 429,
        "f1": 0.7680355160932297,
        "precision": 0.7374254049445865,
        "recall": 0.8012968967114404
    },
    "TotalHoldingRatio": {
        "tp": 1480,
        "fp": 468,
        "fn": 245,
        "f1": 0.8058807514293493,
        "precision": 0.7597535934291582,
        "recall": 0.8579710144927536
    },
    "StartDate": {
        "tp": 3872,
        "fp": 1574,
        "fn": 1159,
        "f1": 0.7391428844134771,
        "precision": 0.7109805361733382,
        "recall": 0.7696283045120255
    },
    "EndDate": {
        "tp": 928,
        "fp": 527,
        "fn": 582,
        "f1": 0.6259696458684655,
        "precision": 0.6378006872852233,
        "recall": 0.614569536423841
    },
    "UnfrozeDate": {
        "tp": 8,
        "fp": 16,
        "fn": 10,
        "f1": 0.380952380952381,
        "precision": 0.3333333333333333,
        "recall": 0.4444444444444444
    },
    "CompanyName": {
        "tp": 9607,
        "fp": 324,
        "fn": 475,
        "f1": 0.9600759506320893,
        "precision": 0.9673748867183567,
        "recall": 0.9528863320769688
    },
    "HighestTradingPrice": {
        "tp": 1327,
        "fp": 436,
        "fn": 297,
        "f1": 0.7835842928845586,
        "precision": 0.7526942711287578,
        "recall": 0.8171182266009852
    },
    "LowestTradingPrice": {
        "tp": 852,
        "fp": 160,
        "fn": 188,
        "f1": 0.8304093567251463,
        "precision": 0.841897233201581,
        "recall": 0.8192307692307692
    },
    "RepurchasedShares": {
        "tp": 1449,
        "fp": 225,
        "fn": 118,
        "f1": 0.8941684665226782,
        "precision": 0.8655913978494624,
        "recall": 0.9246968730057434
    },
    "ClosingDate": {
        "tp": 834,
        "fp": 613,
        "fn": 814,
        "f1": 0.5389337641357027,
        "precision": 0.5763648928818245,
        "recall": 0.5060679611650486
    },
    "RepurchaseAmount": {
        "tp": 1240,
        "fp": 317,
        "fn": 186,
        "f1": 0.8313778075762656,
        "precision": 0.7964033397559409,
        "recall": 0.8695652173913043
    },
    "TradedShares": {
        "tp": 834,
        "fp": 332,
        "fn": 300,
        "f1": 0.7252173913043479,
        "precision": 0.7152658662092625,
        "recall": 0.7354497354497355
    },
    "LaterHoldingShares": {
        "tp": 80,
        "fp": 253,
        "fn": 341,
        "f1": 0.21220159151193635,
        "precision": 0.24024024024024024,
        "recall": 0.19002375296912113
    },
    "AveragePrice": {
        "tp": 197,
        "fp": 39,
        "fn": 12,
        "f1": 0.8853932584269664,
        "precision": 0.8347457627118644,
        "recall": 0.9425837320574163
    },
    "Pledger": {
        "tp": 0,
        "fp": 0,
        "fn": 0,
        "f1": 0,
        "precision": 0,
        "recall": 0
    },
    "PledgedShares": {
        "tp": 2287,
        "fp": 909,
        "fn": 584,
        "f1": 0.75391462007582,
        "precision": 0.7155819774718398,
        "recall": 0.7965865552072449
    },
    "Pledgee": {
        "tp": 2030,
        "fp": 152,
        "fn": 102,
        "f1": 0.9411219286045435,
        "precision": 0.9303391384051329,
        "recall": 0.9521575984990619
    },
    "TotalPledgedShares": {
        "tp": 1137,
        "fp": 522,
        "fn": 233,
        "f1": 0.7507428194123474,
        "precision": 0.6853526220614828,
        "recall": 0.82992700729927
    },
    "ReleasedDate": {
        "tp": 469,
        "fp": 523,
        "fn": 292,
        "f1": 0.5350827153451226,
        "precision": 0.4727822580645161,
        "recall": 0.6162943495400789
    },
    "StockCode": {
        "tp": 3231,
        "fp": 31,
        "fn": 17,
        "f1": 0.992626728110599,
        "precision": 0.9904966278356836,
        "recall": 0.9947660098522167
    },
    "StockAbbr": {
        "tp": 4171,
        "fp": 621,
        "fn": 924,
        "f1": 0.843734196419541,
        "precision": 0.8704090150250418,
        "recall": 0.8186457311089304
    },
    "precision": 0.8175473579262214,
    "recall": 0.8424050176627497,
    "micro_f1": 0.8297900670187741,
    "macro_f1": 0.7048979971655256
}