{
    "EquityHolder": {
        "tp": 8529,
        "fp": 1634,
        "fn": 1084,
        "f1": 0.8625606796116505,
        "precision": 0.8392207025484602,
        "recall": 0.8872360345365651
    },
    "FrozeShares": {
        "tp": 128,
        "fp": 191,
        "fn": 170,
        "f1": 0.41491085899513774,
        "precision": 0.4012539184952978,
        "recall": 0.42953020134228187
    },
    "LegalInstitution": {
        "tp": 451,
        "fp": 73,
        "fn": 51,
        "f1": 0.8791423001949318,
        "precision": 0.8606870229007634,
        "recall": 0.898406374501992
    },
    "TotalHoldingShares": {
        "tp": 1637,
        "fp": 502,
        "fn": 522,
        "f1": 0.7617496510004653,
        "precision": 0.7653108929406265,
        "recall": 0.7582213987957388
    },
    "TotalHoldingRatio": {
        "tp": 1404,
        "fp": 322,
        "fn": 321,
        "f1": 0.8136771950159375,
        "precision": 0.813441483198146,
        "recall": 0.8139130434782609
    },
    "StartDate": {
        "tp": 3924,
        "fp": 1596,
        "fn": 1107,
        "f1": 0.743815752061416,
        "precision": 0.7108695652173913,
        "recall": 0.7799642218246869
    },
    "EndDate": {
        "tp": 969,
        "fp": 652,
        "fn": 541,
        "f1": 0.6189715745768125,
        "precision": 0.5977791486736582,
        "recall": 0.6417218543046358
    },
    "UnfrozeDate": {
        "tp": 9,
        "fp": 19,
        "fn": 9,
        "f1": 0.391304347826087,
        "precision": 0.32142857142857145,
        "recall": 0.5
    },
    "CompanyName": {
        "tp": 9759,
        "fp": 353,
        "fn": 323,
        "f1": 0.966524710309993,
        "precision": 0.9650909810126582,
        "recall": 0.9679627058123388
    },
    "HighestTradingPrice": {
        "tp": 1357,
        "fp": 341,
        "fn": 267,
        "f1": 0.8169777242624926,
        "precision": 0.7991755005889282,
        "recall": 0.8355911330049262
    },
    "LowestTradingPrice": {
        "tp": 900,
        "fp": 212,
        "fn": 140,
        "f1": 0.8364312267657994,
        "precision": 0.8093525179856115,
        "recall": 0.8653846153846154
    },
    "RepurchasedShares": {
        "tp": 1433,
        "fp": 228,
        "fn": 134,
        "f1": 0.8878562577447335,
        "precision": 0.8627332931968693,
        "recall": 0.9144862795149968
    },
    "ClosingDate": {
        "tp": 1109,
        "fp": 730,
        "fn": 539,
        "f1": 0.6360768568970462,
        "precision": 0.6030451332245785,
        "recall": 0.6729368932038835
    },
    "RepurchaseAmount": {
        "tp": 1254,
        "fp": 347,
        "fn": 172,
        "f1": 0.8285431119920713,
        "precision": 0.783260462211118,
        "recall": 0.879382889200561
    },
    "TradedShares": {
        "tp": 854,
        "fp": 389,
        "fn": 280,
        "f1": 0.7185527976440891,
        "precision": 0.6870474658085277,
        "recall": 0.7530864197530864
    },
    "LaterHoldingShares": {
        "tp": 130,
        "fp": 388,
        "fn": 291,
        "f1": 0.2768903088391906,
        "precision": 0.25096525096525096,
        "recall": 0.3087885985748218
    },
    "AveragePrice": {
        "tp": 196,
        "fp": 39,
        "fn": 13,
        "f1": 0.882882882882883,
        "precision": 0.8340425531914893,
        "recall": 0.937799043062201
    },
    "Pledger": {
        "tp": 0,
        "fp": 0,
        "fn": 0,
        "f1": 0,
        "precision": 0,
        "recall": 0
    },
    "PledgedShares": {
        "tp": 2294,
        "fp": 915,
        "fn": 577,
        "f1": 0.7546052631578948,
        "precision": 0.7148644437519477,
        "recall": 0.7990247300592128
    },
    "Pledgee": {
        "tp": 2030,
        "fp": 159,
        "fn": 102,
        "f1": 0.9395973154362415,
        "precision": 0.9273640931932389,
        "recall": 0.9521575984990619
    },
    "TotalPledgedShares": {
        "tp": 1080,
        "fp": 453,
        "fn": 290,
        "f1": 0.7440578711677576,
        "precision": 0.7045009784735812,
        "recall": 0.7883211678832117
    },
    "ReleasedDate": {
        "tp": 456,
        "fp": 406,
        "fn": 305,
        "f1": 0.5619223659889095,
        "precision": 0.5290023201856149,
        "recall": 0.5992115637319316
    },
    "StockCode": {
        "tp": 3231,
        "fp": 14,
        "fn": 17,
        "f1": 0.9952256275989527,
        "precision": 0.9956856702619414,
        "recall": 0.9947660098522167
    },
    "StockAbbr": {
        "tp": 4216,
        "fp": 590,
        "fn": 879,
        "f1": 0.8516311483688517,
        "precision": 0.8772367873491469,
        "recall": 0.82747791952895
    },
    "precision": 0.8177469215757387,
    "recall": 0.8533991781414462,
    "micro_f1": 0.8351927469639376,
    "macro_f1": 0.7159961595141396
}