{
    "EquityHolder": {
        "tp": 8364,
        "fp": 1529,
        "fn": 1249,
        "f1": 0.857582282374654,
        "precision": 0.8454462751440412,
        "recall": 0.8700717778008946
    },
    "FrozeShares": {
        "tp": 109,
        "fp": 137,
        "fn": 189,
        "f1": 0.40073529411764713,
        "precision": 0.44308943089430897,
        "recall": 0.36577181208053694
    },
    "LegalInstitution": {
        "tp": 447,
        "fp": 62,
        "fn": 55,
        "f1": 0.884272997032641,
        "precision": 0.8781925343811395,
        "recall": 0.8904382470119522
    },
    "TotalHoldingShares": {
        "tp": 1676,
        "fp": 525,
        "fn": 483,
        "f1": 0.7688073394495413,
        "precision": 0.7614720581553839,
        "recall": 0.776285317276517
    },
    "TotalHoldingRatio": {
        "tp": 1420,
        "fp": 335,
        "fn": 305,
        "f1": 0.8160919540229885,
        "precision": 0.8091168091168092,
        "recall": 0.8231884057971014
    },
    "StartDate": {
        "tp": 3942,
        "fp": 1580,
        "fn": 1089,
        "f1": 0.7470861366436085,
        "precision": 0.713871785584933,
        "recall": 0.7835420393559929
    },
    "EndDate": {
        "tp": 897,
        "fp": 495,
        "fn": 613,
        "f1": 0.6181943487250171,
        "precision": 0.6443965517241379,
        "recall": 0.5940397350993377
    },
    "UnfrozeDate": {
        "tp": 9,
        "fp": 19,
        "fn": 9,
        "f1": 0.391304347826087,
        "precision": 0.32142857142857145,
        "recall": 0.5
    },
    "CompanyName": {
        "tp": 9541,
        "fp": 339,
        "fn": 541,
        "f1": 0.9559162408576296,
        "precision": 0.9656882591093118,
        "recall": 0.9463400119024004
    },
    "HighestTradingPrice": {
        "tp": 1384,
        "fp": 335,
        "fn": 240,
        "f1": 0.8279988034699372,
        "precision": 0.8051192553810355,
        "recall": 0.8522167487684729
    },
    "LowestTradingPrice": {
        "tp": 874,
        "fp": 177,
        "fn": 166,
        "f1": 0.8359636537541846,
        "precision": 0.8315889628924833,
        "recall": 0.8403846153846154
    },
    "RepurchasedShares": {
        "tp": 1412,
        "fp": 225,
        "fn": 155,
        "f1": 0.881398252184769,
        "precision": 0.8625534514355528,
        "recall": 0.9010848755583918
    },
    "ClosingDate": {
        "tp": 1052,
        "fp": 641,
        "fn": 596,
        "f1": 0.6297515713858126,
        "precision": 0.6213821618428824,
        "recall": 0.6383495145631068
    },
    "RepurchaseAmount": {
        "tp": 1250,
        "fp": 339,
        "fn": 176,
        "f1": 0.8291873963515753,
        "precision": 0.7866582756450597,
        "recall": 0.876577840112202
    },
    "TradedShares": {
        "tp": 899,
        "fp": 445,
        "fn": 235,
        "f1": 0.7255851493139629,
        "precision": 0.6688988095238095,
        "recall": 0.7927689594356261
    },
    "LaterHoldingShares": {
        "tp": 115,
        "fp": 318,
        "fn": 306,
        "f1": 0.2693208430913349,
        "precision": 0.26558891454965355,
        "recall": 0.27315914489311166
    },
    "AveragePrice": {
        "tp": 199,
        "fp": 40,
        "fn": 10,
        "f1": 0.8883928571428571,
        "precision": 0.8326359832635983,
        "recall": 0.9521531100478469
    },
    "Pledger": {
        "tp": 0,
        "fp": 0,
        "fn": 0,
        "f1": 0,
        "precision": 0,
        "recall": 0
    },
    "PledgedShares": {
        "tp": 2330,
        "fp": 925,
        "fn": 541,
        "f1": 0.7606921318968332,
        "precision": 0.7158218125960062,
        "recall": 0.8115639150121908
    },
    "Pledgee": {
        "tp": 2012,
        "fp": 157,
        "fn": 120,
        "f1": 0.9355963729365264,
        "precision": 0.9276164130935916,
        "recall": 0.9437148217636022
    },
    "TotalPledgedShares": {
        "tp": 1091,
        "fp": 408,
        "fn": 279,
        "f1": 0.7605437434646218,
        "precision": 0.7278185456971314,
        "recall": 0.7963503649635036
    },
    "ReleasedDate": {
        "tp": 436,
        "fp": 361,
        "fn": 325,
        "f1": 0.5596919127086009,
        "precision": 0.5470514429109159,
        "recall": 0.5729303547963206
    },
    "StockCode": {
        "tp": 3231,
        "fp": 13,
        "fn": 17,
        "f1": 0.9953789279112754,
        "precision": 0.9959926017262639,
        "recall": 0.9947660098522167
    },
    "StockAbbr": {
        "tp": 4125,
        "fp": 622,
        "fn": 970,
        "f1": 0.838244259296891,
        "precision": 0.8689698757109754,
        "recall": 0.8096172718351324
    },
    "precision": 0.8235987474050878,
    "recall": 0.8437567587052123,
    "micro_f1": 0.8335558997916778,
    "macro_f1": 0.7157390339982919
}