{
    "EquityHolder": {
        "tp": 8432,
        "fp": 1548,
        "fn": 1181,
        "f1": 0.860715561680192,
        "precision": 0.8448897795591183,
        "recall": 0.8771455320919588
    },
    "FrozeShares": {
        "tp": 96,
        "fp": 154,
        "fn": 202,
        "f1": 0.3503649635036496,
        "precision": 0.384,
        "recall": 0.3221476510067114
    },
    "LegalInstitution": {
        "tp": 449,
        "fp": 71,
        "fn": 53,
        "f1": 0.8786692759295499,
        "precision": 0.8634615384615385,
        "recall": 0.8944223107569721
    },
    "TotalHoldingShares": {
        "tp": 1734,
        "fp": 712,
        "fn": 425,
        "f1": 0.7530944625407165,
        "precision": 0.7089125102207686,
        "recall": 0.8031496062992126
    },
    "TotalHoldingRatio": {
        "tp": 1478,
        "fp": 439,
        "fn": 247,
        "f1": 0.8116419549697969,
        "precision": 0.7709963484611372,
        "recall": 0.8568115942028985
    },
    "StartDate": {
        "tp": 3855,
        "fp": 1644,
        "fn": 1176,
        "f1": 0.7321937321937323,
        "precision": 0.7010365521003818,
        "recall": 0.7662492546213476
    },
    "EndDate": {
        "tp": 992,
        "fp": 536,
        "fn": 518,
        "f1": 0.6530612244897959,
        "precision": 0.6492146596858639,
        "recall": 0.6569536423841059
    },
    "UnfrozeDate": {
        "tp": 7,
        "fp": 7,
        "fn": 11,
        "f1": 0.43750000000000006,
        "precision": 0.5,
        "recall": 0.3888888888888889
    },
    "CompanyName": {
        "tp": 9443,
        "fp": 324,
        "fn": 639,
        "f1": 0.9514837019497204,
        "precision": 0.9668270707484387,
        "recall": 0.9366197183098591
    },
    "HighestTradingPrice": {
        "tp": 1220,
        "fp": 653,
        "fn": 404,
        "f1": 0.6977409207892479,
        "precision": 0.6513614522156967,
        "recall": 0.7512315270935961
    },
    "LowestTradingPrice": {
        "tp": 763,
        "fp": 92,
        "fn": 277,
        "f1": 0.8052770448548813,
        "precision": 0.8923976608187134,
        "recall": 0.7336538461538461
    },
    "RepurchasedShares": {
        "tp": 1421,
        "fp": 234,
        "fn": 146,
        "f1": 0.8820608317815021,
        "precision": 0.8586102719033233,
        "recall": 0.9068283343969368
    },
    "ClosingDate": {
        "tp": 850,
        "fp": 530,
        "fn": 798,
        "f1": 0.5614266842800528,
        "precision": 0.6159420289855072,
        "recall": 0.5157766990291263
    },
    "RepurchaseAmount": {
        "tp": 1185,
        "fp": 263,
        "fn": 241,
        "f1": 0.824634655532359,
        "precision": 0.8183701657458563,
        "recall": 0.8309957924263675
    },
    "TradedShares": {
        "tp": 862,
        "fp": 398,
        "fn": 272,
        "f1": 0.7201336675020886,
        "precision": 0.6841269841269841,
        "recall": 0.7601410934744268
    },
    "LaterHoldingShares": {
        "tp": 79,
        "fp": 226,
        "fn": 342,
        "f1": 0.21763085399449036,
        "precision": 0.25901639344262295,
        "recall": 0.1876484560570071
    },
    "AveragePrice": {
        "tp": 196,
        "fp": 41,
        "fn": 13,
        "f1": 0.8789237668161435,
        "precision": 0.8270042194092827,
        "recall": 0.937799043062201
    },
    "Pledger": {
        "tp": 0,
        "fp": 0,
        "fn": 0,
        "f1": 0,
        "precision": 0,
        "recall": 0
    },
    "PledgedShares": {
        "tp": 2365,
        "fp": 1064,
        "fn": 506,
        "f1": 0.7507936507936508,
        "precision": 0.689705453484981,
        "recall": 0.8237547892720306
    },
    "Pledgee": {
        "tp": 2033,
        "fp": 153,
        "fn": 99,
        "f1": 0.9416396479851783,
        "precision": 0.9300091491308325,
        "recall": 0.9535647279549718
    },
    "TotalPledgedShares": {
        "tp": 1034,
        "fp": 421,
        "fn": 336,
        "f1": 0.7320353982300885,
        "precision": 0.7106529209621993,
        "recall": 0.7547445255474453
    },
    "ReleasedDate": {
        "tp": 482,
        "fp": 510,
        "fn": 279,
        "f1": 0.5499144324015973,
        "precision": 0.48588709677419356,
        "recall": 0.633377135348226
    },
    "StockCode": {
        "tp": 3231,
        "fp": 18,
        "fn": 17,
        "f1": 0.9946128982607358,
        "precision": 0.9944598337950139,
        "recall": 0.9947660098522167
    },
    "StockAbbr": {
        "tp": 4068,
        "fp": 552,
        "fn": 1027,
        "f1": 0.8374678332475554,
        "precision": 0.8805194805194805,
        "recall": 0.7984298331697743
    },
    "precision": 0.8137694539699287,
    "recall": 0.8340242231994809,
    "micro_f1": 0.8237723522238738,
    "macro_f1": 0.7009590484886137
}