{
    "EquityHolder": {
        "tp": 8344,
        "fp": 1455,
        "fn": 1269,
        "f1": 0.8596744281887493,
        "precision": 0.8515154607613021,
        "recall": 0.8679912618329345
    },
    "FrozeShares": {
        "tp": 115,
        "fp": 176,
        "fn": 183,
        "f1": 0.3904923599320883,
        "precision": 0.3951890034364261,
        "recall": 0.3859060402684564
    },
    "LegalInstitution": {
        "tp": 441,
        "fp": 68,
        "fn": 61,
        "f1": 0.8724035608308605,
        "precision": 0.8664047151277013,
        "recall": 0.8784860557768924
    },
    "TotalHoldingShares": {
        "tp": 1691,
        "fp": 516,
        "fn": 468,
        "f1": 0.7746220797068254,
        "precision": 0.7661984594472134,
        "recall": 0.7832329782306623
    },
    "TotalHoldingRatio": {
        "tp": 1372,
        "fp": 292,
        "fn": 353,
        "f1": 0.8096783712009442,
        "precision": 0.8245192307692307,
        "recall": 0.7953623188405797
    },
    "StartDate": {
        "tp": 3803,
        "fp": 1360,
        "fn": 1228,
        "f1": 0.7461251716696096,
        "precision": 0.7365872554716251,
        "recall": 0.7559133373086862
    },
    "EndDate": {
        "tp": 913,
        "fp": 488,
        "fn": 597,
        "f1": 0.627275850223291,
        "precision": 0.6516773733047823,
        "recall": 0.604635761589404
    },
    "UnfrozeDate": {
        "tp": 9,
        "fp": 13,
        "fn": 9,
        "f1": 0.45,
        "precision": 0.4090909090909091,
        "recall": 0.5
    },
    "CompanyName": {
        "tp": 9374,
        "fp": 345,
        "fn": 708,
        "f1": 0.9468208676329477,
        "precision": 0.9645025208354769,
        "recall": 0.9297758381273556
    },
    "HighestTradingPrice": {
        "tp": 1297,
        "fp": 401,
        "fn": 327,
        "f1": 0.7808549066827213,
        "precision": 0.7638398115429917,
        "recall": 0.7986453201970444
    },
    "LowestTradingPrice": {
        "tp": 833,
        "fp": 107,
        "fn": 207,
        "f1": 0.8414141414141414,
        "precision": 0.8861702127659574,
        "recall": 0.8009615384615385
    },
    "RepurchasedShares": {
        "tp": 1433,
        "fp": 236,
        "fn": 134,
        "f1": 0.8856613102595797,
        "precision": 0.8585979628520072,
        "recall": 0.9144862795149968
    },
    "ClosingDate": {
        "tp": 754,
        "fp": 528,
        "fn": 894,
        "f1": 0.5146757679180888,
        "precision": 0.5881435257410297,
        "recall": 0.4575242718446602
    },
    "RepurchaseAmount": {
        "tp": 1218,
        "fp": 313,
        "fn": 208,
        "f1": 0.8238079134257693,
        "precision": 0.7955584585238407,
        "recall": 0.8541374474053296
    },
    "TradedShares": {
        "tp": 886,
        "fp": 385,
        "fn": 248,
        "f1": 0.736798336798337,
        "precision": 0.6970889063729347,
        "recall": 0.781305114638448
    },
    "LaterHoldingShares": {
        "tp": 81,
        "fp": 248,
        "fn": 340,
        "f1": 0.216,
        "precision": 0.24620060790273557,
        "recall": 0.19239904988123516
    },
    "AveragePrice": {
        "tp": 197,
        "fp": 36,
        "fn": 12,
        "f1": 0.8914027149321266,
        "precision": 0.8454935622317596,
        "recall": 0.9425837320574163
    },
    "Pledger": {
        "tp": 0,
        "fp": 0,
        "fn": 0,
        "f1": 0,
        "precision": 0,
        "recall": 0
    },
    "PledgedShares": {
        "tp": 2355,
        "fp": 885,
        "fn": 516,
        "f1": 0.7707412862052038,
        "precision": 0.7268518518518519,
        "recall": 0.8202716823406478
    },
    "Pledgee": {
        "tp": 2015,
        "fp": 149,
        "fn": 117,
        "f1": 0.9380819366852886,
        "precision": 0.9311460258780037,
        "recall": 0.9451219512195121
    },
    "TotalPledgedShares": {
        "tp": 996,
        "fp": 382,
        "fn": 374,
        "f1": 0.7248908296943231,
        "precision": 0.7227866473149492,
        "recall": 0.727007299270073
    },
    "ReleasedDate": {
        "tp": 455,
        "fp": 349,
        "fn": 306,
        "f1": 0.5814696485623003,
        "precision": 0.5659203980099502,
        "recall": 0.5978975032851511
    },
    "StockCode": {
        "tp": 3231,
        "fp": 12,
        "fn": 17,
        "f1": 0.9955322754583269,
        "precision": 0.996299722479186,
        "recall": 0.9947660098522167
    },
    "StockAbbr": {
        "tp": 4126,
        "fp": 578,
        "fn": 969,
        "f1": 0.8421267476273088,
        "precision": 0.877125850340136,
        "recall": 0.8098135426889107
    },
    "precision": 0.8313096035178517,
    "recall": 0.827968423329248,
    "micro_f1": 0.8296356494649871,
    "macro_f1": 0.7091896043770349
}