{
    "EquityHolder": {
        "tp": 8231,
        "fp": 1306,
        "fn": 1382,
        "f1": 0.8596344647519584,
        "precision": 0.8630596623676209,
        "recall": 0.8562363466139603
    },
    "FrozeShares": {
        "tp": 100,
        "fp": 127,
        "fn": 198,
        "f1": 0.38095238095238093,
        "precision": 0.44052863436123346,
        "recall": 0.33557046979865773
    },
    "LegalInstitution": {
        "tp": 447,
        "fp": 77,
        "fn": 55,
        "f1": 0.8713450292397661,
        "precision": 0.8530534351145038,
        "recall": 0.8904382470119522
    },
    "TotalHoldingShares": {
        "tp": 1712,
        "fp": 603,
        "fn": 447,
        "f1": 0.765310683951721,
        "precision": 0.739524838012959,
        "recall": 0.792959703566466
    },
    "TotalHoldingRatio": {
        "tp": 1437,
        "fp": 435,
        "fn": 288,
        "f1": 0.7989991659716431,
        "precision": 0.7676282051282052,
        "recall": 0.8330434782608696
    },
    "StartDate": {
        "tp": 3819,
        "fp": 1359,
        "fn": 1212,
        "f1": 0.7481633852483103,
        "precision": 0.7375434530706837,
        "recall": 0.7590936195587359
    },
    "EndDate": {
        "tp": 998,
        "fp": 500,
        "fn": 512,
        "f1": 0.663563829787234,
        "precision": 0.6662216288384513,
        "recall": 0.6609271523178808
    },
    "UnfrozeDate": {
        "tp": 0,
        "fp": 0,
        "fn": 18,
        "f1": 0,
        "precision": 0,
        "recall": 0
    },
    "CompanyName": {
        "tp": 9321,
        "fp": 521,
        "fn": 761,
        "f1": 0.9356554908652882,
        "precision": 0.9470636049583419,
        "recall": 0.9245189446538385
    },
    "HighestTradingPrice": {
        "tp": 1490,
        "fp": 1346,
        "fn": 134,
        "f1": 0.6681614349775784,
        "precision": 0.5253878702397743,
        "recall": 0.9174876847290641
    },
    "LowestTradingPrice": {
        "tp": 0,
        "fp": 1,
        "fn": 1040,
        "f1": 0,
        "precision": 0,
        "recall": 0
    },
    "RepurchasedShares": {
        "tp": 1450,
        "fp": 225,
        "fn": 117,
        "f1": 0.8945095619987661,
        "precision": 0.8656716417910447,
        "recall": 0.9253350350989151
    },
    "ClosingDate": {
        "tp": 1149,
        "fp": 531,
        "fn": 499,
        "f1": 0.6905048076923077,
        "precision": 0.6839285714285714,
        "recall": 0.6972087378640777
    },
    "RepurchaseAmount": {
        "tp": 1194,
        "fp": 269,
        "fn": 232,
        "f1": 0.8265835929387331,
        "precision": 0.8161312371838687,
        "recall": 0.8373071528751753
    },
    "TradedShares": {
        "tp": 879,
        "fp": 388,
        "fn": 255,
        "f1": 0.73219491878384,
        "precision": 0.6937647987371744,
        "recall": 0.7751322751322751
    },
    "LaterHoldingShares": {
        "tp": 55,
        "fp": 146,
        "fn": 366,
        "f1": 0.17684887459807075,
        "precision": 0.2736318407960199,
        "recall": 0.13064133016627077
    },
    "AveragePrice": {
        "tp": 196,
        "fp": 37,
        "fn": 13,
        "f1": 0.8868778280542987,
        "precision": 0.8412017167381974,
        "recall": 0.937799043062201
    },
    "Pledger": {
        "tp": 0,
        "fp": 0,
        "fn": 0,
        "f1": 0,
        "precision": 0,
        "recall": 0
    },
    "PledgedShares": {
        "tp": 2412,
        "fp": 886,
        "fn": 459,
        "f1": 0.7819743880693791,
        "precision": 0.7313523347483323,
        "recall": 0.8401253918495298
    },
    "Pledgee": {
        "tp": 2019,
        "fp": 153,
        "fn": 113,
        "f1": 0.9381970260223048,
        "precision": 0.9295580110497238,
        "recall": 0.9469981238273921
    },
    "TotalPledgedShares": {
        "tp": 1202,
        "fp": 398,
        "fn": 168,
        "f1": 0.8094276094276094,
        "precision": 0.75125,
        "recall": 0.8773722627737226
    },
    "ReleasedDate": {
        "tp": 489,
        "fp": 507,
        "fn": 272,
        "f1": 0.5566306203756403,
        "precision": 0.49096385542168675,
        "recall": 0.6425755584756899
    },
    "StockCode": {
        "tp": 3230,
        "fp": 27,
        "fn": 18,
        "f1": 0.9930822444273636,
        "precision": 0.9917101627264354,
        "recall": 0.9944581280788177
    },
    "StockAbbr": {
        "tp": 4061,
        "fp": 541,
        "fn": 1034,
        "f1": 0.8375786325667732,
        "precision": 0.8824424163407214,
        "recall": 0.7970559371933268
    },
    "precision": 0.815492056722465,
    "recall": 0.827103309062072,
    "micro_f1": 0.8212566438196818,
    "macro_f1": 0.6590081654458736
}