{
    "EquityHolder": {
        "tp": 8363,
        "fp": 1543,
        "fn": 1250,
        "f1": 0.8569086531072287,
        "precision": 0.8442358166767615,
        "recall": 0.8699677520024967
    },
    "FrozeShares": {
        "tp": 91,
        "fp": 121,
        "fn": 207,
        "f1": 0.3568627450980392,
        "precision": 0.42924528301886794,
        "recall": 0.3053691275167785
    },
    "LegalInstitution": {
        "tp": 448,
        "fp": 69,
        "fn": 54,
        "f1": 0.8792934249263985,
        "precision": 0.8665377176015474,
        "recall": 0.8924302788844621
    },
    "TotalHoldingShares": {
        "tp": 1688,
        "fp": 577,
        "fn": 471,
        "f1": 0.7631103074141048,
        "precision": 0.7452538631346578,
        "recall": 0.7818434460398332
    },
    "TotalHoldingRatio": {
        "tp": 1498,
        "fp": 442,
        "fn": 227,
        "f1": 0.8174624829467939,
        "precision": 0.7721649484536083,
        "recall": 0.8684057971014493
    },
    "StartDate": {
        "tp": 3983,
        "fp": 1700,
        "fn": 1048,
        "f1": 0.7435131603509426,
        "precision": 0.7008622206581031,
        "recall": 0.7916915126217452
    },
    "EndDate": {
        "tp": 907,
        "fp": 478,
        "fn": 603,
        "f1": 0.6265975820379965,
        "precision": 0.6548736462093863,
        "recall": 0.6006622516556291
    },
    "UnfrozeDate": {
        "tp": 6,
        "fp": 5,
        "fn": 12,
        "f1": 0.41379310344827586,
        "precision": 0.5454545454545454,
        "recall": 0.3333333333333333
    },
    "CompanyName": {
        "tp": 9550,
        "fp": 326,
        "fn": 532,
        "f1": 0.957009720412867,
        "precision": 0.9669906844876468,
        "recall": 0.9472326919262051
    },
    "HighestTradingPrice": {
        "tp": 1347,
        "fp": 553,
        "fn": 277,
        "f1": 0.764472190692395,
        "precision": 0.7089473684210527,
        "recall": 0.8294334975369458
    },
    "LowestTradingPrice": {
        "tp": 771,
        "fp": 75,
        "fn": 269,
        "f1": 0.8176033934252387,
        "precision": 0.9113475177304965,
        "recall": 0.7413461538461539
    },
    "RepurchasedShares": {
        "tp": 1400,
        "fp": 216,
        "fn": 167,
        "f1": 0.8796732642161483,
        "precision": 0.8663366336633663,
        "recall": 0.8934269304403318
    },
    "ClosingDate": {
        "tp": 973,
        "fp": 519,
        "fn": 675,
        "f1": 0.6197452229299364,
        "precision": 0.6521447721179625,
        "recall": 0.5904126213592233
    },
    "RepurchaseAmount": {
        "tp": 1192,
        "fp": 260,
        "fn": 234,
        "f1": 0.828353022932592,
        "precision": 0.8209366391184573,
        "recall": 0.8359046283309958
    },
    "TradedShares": {
        "tp": 868,
        "fp": 386,
        "fn": 266,
        "f1": 0.7269681742043551,
        "precision": 0.6921850079744817,
        "recall": 0.7654320987654321
    },
    "LaterHoldingShares": {
        "tp": 82,
        "fp": 215,
        "fn": 339,
        "f1": 0.2284122562674095,
        "precision": 0.2760942760942761,
        "recall": 0.19477434679334918
    },
    "AveragePrice": {
        "tp": 194,
        "fp": 41,
        "fn": 15,
        "f1": 0.8738738738738738,
        "precision": 0.825531914893617,
        "recall": 0.9282296650717703
    },
    "Pledger": {
        "tp": 0,
        "fp": 0,
        "fn": 0,
        "f1": 0,
        "precision": 0,
        "recall": 0
    },
    "PledgedShares": {
        "tp": 2261,
        "fp": 890,
        "fn": 610,
        "f1": 0.7509133178346065,
        "precision": 0.7175499841320215,
        "recall": 0.7875304771856496
    },
    "Pledgee": {
        "tp": 2023,
        "fp": 145,
        "fn": 109,
        "f1": 0.9409302325581395,
        "precision": 0.9331180811808119,
        "recall": 0.948874296435272
    },
    "TotalPledgedShares": {
        "tp": 1108,
        "fp": 430,
        "fn": 262,
        "f1": 0.7620357634112792,
        "precision": 0.7204161248374512,
        "recall": 0.8087591240875912
    },
    "ReleasedDate": {
        "tp": 488,
        "fp": 452,
        "fn": 273,
        "f1": 0.5737801293356848,
        "precision": 0.5191489361702127,
        "recall": 0.6412614980289093
    },
    "StockCode": {
        "tp": 3231,
        "fp": 12,
        "fn": 17,
        "f1": 0.9955322754583269,
        "precision": 0.996299722479186,
        "recall": 0.9947660098522167
    },
    "StockAbbr": {
        "tp": 4148,
        "fp": 554,
        "fn": 947,
        "f1": 0.8467898336225375,
        "precision": 0.8821777966822628,
        "recall": 0.8141315014720314
    },
    "precision": 0.8232531035335252,
    "recall": 0.8402422319948093,
    "micro_f1": 0.8316609135425864,
    "macro_f1": 0.7093180887710485
}