{
    "EquityHolder": {
        "tp": 8480,
        "fp": 1606,
        "fn": 1133,
        "f1": 0.8609574090055333,
        "precision": 0.8407693833035891,
        "recall": 0.882138770415063
    },
    "FrozeShares": {
        "tp": 107,
        "fp": 158,
        "fn": 191,
        "f1": 0.3801065719360568,
        "precision": 0.4037735849056604,
        "recall": 0.35906040268456374
    },
    "LegalInstitution": {
        "tp": 450,
        "fp": 79,
        "fn": 52,
        "f1": 0.8729388942774006,
        "precision": 0.8506616257088847,
        "recall": 0.896414342629482
    },
    "TotalHoldingShares": {
        "tp": 1622,
        "fp": 553,
        "fn": 537,
        "f1": 0.7485002307337332,
        "precision": 0.7457471264367816,
        "recall": 0.7512737378415933
    },
    "TotalHoldingRatio": {
        "tp": 1399,
        "fp": 277,
        "fn": 326,
        "f1": 0.8226992061158483,
        "precision": 0.8347255369928401,
        "recall": 0.8110144927536231
    },
    "StartDate": {
        "tp": 3914,
        "fp": 1568,
        "fn": 1117,
        "f1": 0.7446019214306097,
        "precision": 0.7139730025538125,
        "recall": 0.7779765454184059
    },
    "EndDate": {
        "tp": 982,
        "fp": 533,
        "fn": 528,
        "f1": 0.6492561983471075,
        "precision": 0.6481848184818482,
        "recall": 0.6503311258278146
    },
    "UnfrozeDate": {
        "tp": 0,
        "fp": 0,
        "fn": 18,
        "f1": 0,
        "precision": 0,
        "recall": 0
    },
    "CompanyName": {
        "tp": 9580,
        "fp": 322,
        "fn": 502,
        "f1": 0.9587670136108887,
        "precision": 0.9674813169056756,
        "recall": 0.9502082920055545
    },
    "HighestTradingPrice": {
        "tp": 1325,
        "fp": 910,
        "fn": 299,
        "f1": 0.6867064006219228,
        "precision": 0.5928411633109619,
        "recall": 0.8158866995073891
    },
    "LowestTradingPrice": {
        "tp": 561,
        "fp": 41,
        "fn": 479,
        "f1": 0.6833130328867235,
        "precision": 0.9318936877076412,
        "recall": 0.5394230769230769
    },
    "RepurchasedShares": {
        "tp": 1476,
        "fp": 230,
        "fn": 91,
        "f1": 0.9019248395967002,
        "precision": 0.8651817116060961,
        "recall": 0.9419272495213784
    },
    "ClosingDate": {
        "tp": 1157,
        "fp": 772,
        "fn": 491,
        "f1": 0.6469108191221693,
        "precision": 0.5997926386728875,
        "recall": 0.7020631067961165
    },
    "RepurchaseAmount": {
        "tp": 1250,
        "fp": 322,
        "fn": 176,
        "f1": 0.8338892595063375,
        "precision": 0.7951653944020356,
        "recall": 0.876577840112202
    },
    "TradedShares": {
        "tp": 890,
        "fp": 426,
        "fn": 244,
        "f1": 0.7265306122448978,
        "precision": 0.6762917933130699,
        "recall": 0.7848324514991182
    },
    "LaterHoldingShares": {
        "tp": 72,
        "fp": 196,
        "fn": 349,
        "f1": 0.20899854862119013,
        "precision": 0.26865671641791045,
        "recall": 0.171021377672209
    },
    "AveragePrice": {
        "tp": 196,
        "fp": 41,
        "fn": 13,
        "f1": 0.8789237668161435,
        "precision": 0.8270042194092827,
        "recall": 0.937799043062201
    },
    "Pledger": {
        "tp": 0,
        "fp": 0,
        "fn": 0,
        "f1": 0,
        "precision": 0,
        "recall": 0
    },
    "PledgedShares": {
        "tp": 2359,
        "fp": 970,
        "fn": 512,
        "f1": 0.760967741935484,
        "precision": 0.7086212075698408,
        "recall": 0.821664925113201
    },
    "Pledgee": {
        "tp": 2027,
        "fp": 157,
        "fn": 105,
        "f1": 0.9392956441149213,
        "precision": 0.9281135531135531,
        "recall": 0.950750469043152
    },
    "TotalPledgedShares": {
        "tp": 1156,
        "fp": 413,
        "fn": 214,
        "f1": 0.7866621299761823,
        "precision": 0.7367750159337157,
        "recall": 0.8437956204379562
    },
    "ReleasedDate": {
        "tp": 475,
        "fp": 386,
        "fn": 286,
        "f1": 0.5856966707768188,
        "precision": 0.5516840882694541,
        "recall": 0.6241787122207622
    },
    "StockCode": {
        "tp": 3234,
        "fp": 21,
        "fn": 14,
        "f1": 0.9946178686759957,
        "precision": 0.9935483870967742,
        "recall": 0.9956896551724138
    },
    "StockAbbr": {
        "tp": 4178,
        "fp": 650,
        "fn": 917,
        "f1": 0.8420840471631562,
        "precision": 0.8653686826843413,
        "recall": 0.8200196270853778
    },
    "precision": 0.815180542758297,
    "recall": 0.845108499747675,
    "micro_f1": 0.8298747843015796,
    "macro_f1": 0.6880978678131591
}