{
    "EquityHolder": {
        "tp": 8423,
        "fp": 1549,
        "fn": 1190,
        "f1": 0.8601480725044677,
        "precision": 0.8446650621740874,
        "recall": 0.8762092999063767
    },
    "FrozeShares": {
        "tp": 79,
        "fp": 133,
        "fn": 219,
        "f1": 0.30980392156862746,
        "precision": 0.37264150943396224,
        "recall": 0.2651006711409396
    },
    "LegalInstitution": {
        "tp": 453,
        "fp": 64,
        "fn": 49,
        "f1": 0.889106967615309,
        "precision": 0.8762088974854932,
        "recall": 0.9023904382470119
    },
    "TotalHoldingShares": {
        "tp": 1718,
        "fp": 609,
        "fn": 441,
        "f1": 0.7659384752563531,
        "precision": 0.7382896433175763,
        "recall": 0.7957387679481241
    },
    "TotalHoldingRatio": {
        "tp": 1503,
        "fp": 557,
        "fn": 222,
        "f1": 0.7941875825627477,
        "precision": 0.7296116504854369,
        "recall": 0.871304347826087
    },
    "StartDate": {
        "tp": 3939,
        "fp": 1559,
        "fn": 1092,
        "f1": 0.7482192041029537,
        "precision": 0.7164423426700618,
        "recall": 0.7829457364341085
    },
    "EndDate": {
        "tp": 911,
        "fp": 513,
        "fn": 599,
        "f1": 0.6209952283571916,
        "precision": 0.639747191011236,
        "recall": 0.6033112582781457
    },
    "UnfrozeDate": {
        "tp": 9,
        "fp": 14,
        "fn": 9,
        "f1": 0.4390243902439025,
        "precision": 0.391304347826087,
        "recall": 0.5
    },
    "CompanyName": {
        "tp": 9346,
        "fp": 359,
        "fn": 736,
        "f1": 0.9446606357709607,
        "precision": 0.9630087583719732,
        "recall": 0.9269986113866296
    },
    "HighestTradingPrice": {
        "tp": 1423,
        "fp": 444,
        "fn": 201,
        "f1": 0.8152391864795189,
        "precision": 0.762185324049277,
        "recall": 0.8762315270935961
    },
    "LowestTradingPrice": {
        "tp": 828,
        "fp": 143,
        "fn": 212,
        "f1": 0.8234709099950273,
        "precision": 0.8527291452111225,
        "recall": 0.7961538461538461
    },
    "RepurchasedShares": {
        "tp": 1453,
        "fp": 203,
        "fn": 114,
        "f1": 0.9016444306546696,
        "precision": 0.8774154589371981,
        "recall": 0.9272495213784301
    },
    "ClosingDate": {
        "tp": 1157,
        "fp": 720,
        "fn": 491,
        "f1": 0.6564539007092198,
        "precision": 0.6164091635588705,
        "recall": 0.7020631067961165
    },
    "RepurchaseAmount": {
        "tp": 1258,
        "fp": 325,
        "fn": 168,
        "f1": 0.8361581920903955,
        "precision": 0.7946936197094125,
        "recall": 0.8821879382889201
    },
    "TradedShares": {
        "tp": 829,
        "fp": 356,
        "fn": 305,
        "f1": 0.714963346269944,
        "precision": 0.69957805907173,
        "recall": 0.7310405643738977
    },
    "LaterHoldingShares": {
        "tp": 91,
        "fp": 282,
        "fn": 330,
        "f1": 0.22921914357682618,
        "precision": 0.24396782841823056,
        "recall": 0.2161520190023753
    },
    "AveragePrice": {
        "tp": 197,
        "fp": 39,
        "fn": 12,
        "f1": 0.8853932584269664,
        "precision": 0.8347457627118644,
        "recall": 0.9425837320574163
    },
    "Pledger": {
        "tp": 0,
        "fp": 0,
        "fn": 0,
        "f1": 0,
        "precision": 0,
        "recall": 0
    },
    "PledgedShares": {
        "tp": 2280,
        "fp": 873,
        "fn": 591,
        "f1": 0.7569721115537849,
        "precision": 0.7231208372978116,
        "recall": 0.7941483803552769
    },
    "Pledgee": {
        "tp": 2026,
        "fp": 142,
        "fn": 106,
        "f1": 0.9423255813953489,
        "precision": 0.9345018450184502,
        "recall": 0.950281425891182
    },
    "TotalPledgedShares": {
        "tp": 1137,
        "fp": 495,
        "fn": 233,
        "f1": 0.7574950033311125,
        "precision": 0.6966911764705882,
        "recall": 0.82992700729927
    },
    "ReleasedDate": {
        "tp": 446,
        "fp": 415,
        "fn": 315,
        "f1": 0.5499383477188656,
        "precision": 0.5180023228803716,
        "recall": 0.5860709592641261
    },
    "StockCode": {
        "tp": 3232,
        "fp": 16,
        "fn": 16,
        "f1": 0.9950738916256159,
        "precision": 0.9950738916256158,
        "recall": 0.9950738916256158
    },
    "StockAbbr": {
        "tp": 4178,
        "fp": 575,
        "fn": 917,
        "f1": 0.8484971567831031,
        "precision": 0.8790237744582369,
        "recall": 0.8200196270853778
    },
    "precision": 0.8187640704350709,
    "recall": 0.8455771033090621,
    "micro_f1": 0.8319546038923615,
    "macro_f1": 0.7118720391080379
}