{
    "EquityHolder": {
        "tp": 8070,
        "fp": 1953,
        "fn": 1543,
        "f1": 0.8219596659197392,
        "precision": 0.8051481592337624,
        "recall": 0.8394881930718818
    },
    "FrozeShares": {
        "tp": 0,
        "fp": 0,
        "fn": 298,
        "f1": 0,
        "precision": 0,
        "recall": 0
    },
    "LegalInstitution": {
        "tp": 421,
        "fp": 43,
        "fn": 81,
        "f1": 0.8716356107660456,
        "precision": 0.9073275862068966,
        "recall": 0.8386454183266933
    },
    "TotalHoldingShares": {
        "tp": 1487,
        "fp": 434,
        "fn": 672,
        "f1": 0.728921568627451,
        "precision": 0.7740760020822488,
        "recall": 0.6887447892542844
    },
    "TotalHoldingRatio": {
        "tp": 1248,
        "fp": 315,
        "fn": 477,
        "f1": 0.7591240875912408,
        "precision": 0.7984644913627639,
        "recall": 0.7234782608695652
    },
    "StartDate": {
        "tp": 3913,
        "fp": 2343,
        "fn": 1118,
        "f1": 0.6933640471338707,
        "precision": 0.6254795396419437,
        "recall": 0.7777777777777778
    },
    "EndDate": {
        "tp": 733,
        "fp": 538,
        "fn": 777,
        "f1": 0.527148507731032,
        "precision": 0.5767112509834775,
        "recall": 0.48543046357615893
    },
    "UnfrozeDate": {
        "tp": 0,
        "fp": 0,
        "fn": 18,
        "f1": 0,
        "precision": 0,
        "recall": 0
    },
    "CompanyName": {
        "tp": 9916,
        "fp": 449,
        "fn": 166,
        "f1": 0.969922237981122,
        "precision": 0.9566811384466956,
        "recall": 0.983535012894267
    },
    "HighestTradingPrice": {
        "tp": 888,
        "fp": 1542,
        "fn": 736,
        "f1": 0.43808584114454857,
        "precision": 0.3654320987654321,
        "recall": 0.5467980295566502
    },
    "LowestTradingPrice": {
        "tp": 0,
        "fp": 0,
        "fn": 1040,
        "f1": 0,
        "precision": 0,
        "recall": 0
    },
    "RepurchasedShares": {
        "tp": 434,
        "fp": 72,
        "fn": 1133,
        "f1": 0.4187168355041003,
        "precision": 0.857707509881423,
        "recall": 0.27696234843650286
    },
    "ClosingDate": {
        "tp": 0,
        "fp": 0,
        "fn": 1648,
        "f1": 0,
        "precision": 0,
        "recall": 0
    },
    "RepurchaseAmount": {
        "tp": 116,
        "fp": 1,
        "fn": 1310,
        "f1": 0.15035644847699287,
        "precision": 0.9914529914529915,
        "recall": 0.08134642356241234
    },
    "TradedShares": {
        "tp": 786,
        "fp": 489,
        "fn": 348,
        "f1": 0.6525529265255292,
        "precision": 0.6164705882352941,
        "recall": 0.6931216931216931
    },
    "LaterHoldingShares": {
        "tp": 0,
        "fp": 2,
        "fn": 421,
        "f1": 0,
        "precision": 0,
        "recall": 0
    },
    "AveragePrice": {
        "tp": 196,
        "fp": 54,
        "fn": 13,
        "f1": 0.8540305010893247,
        "precision": 0.784,
        "recall": 0.937799043062201
    },
    "Pledger": {
        "tp": 0,
        "fp": 0,
        "fn": 0,
        "f1": 0,
        "precision": 0,
        "recall": 0
    },
    "PledgedShares": {
        "tp": 2542,
        "fp": 1301,
        "fn": 329,
        "f1": 0.7572237116473041,
        "precision": 0.6614623991673172,
        "recall": 0.8854057819575061
    },
    "Pledgee": {
        "tp": 1967,
        "fp": 214,
        "fn": 165,
        "f1": 0.9121261303037328,
        "precision": 0.9018798716185236,
        "recall": 0.9226078799249531
    },
    "TotalPledgedShares": {
        "tp": 1027,
        "fp": 432,
        "fn": 343,
        "f1": 0.7260516083421703,
        "precision": 0.7039067854694997,
        "recall": 0.7496350364963503
    },
    "ReleasedDate": {
        "tp": 223,
        "fp": 140,
        "fn": 538,
        "f1": 0.39679715302491103,
        "precision": 0.6143250688705234,
        "recall": 0.29303547963206306
    },
    "StockCode": {
        "tp": 3204,
        "fp": 24,
        "fn": 44,
        "f1": 0.9894996911673873,
        "precision": 0.9925650557620818,
        "recall": 0.9864532019704434
    },
    "StockAbbr": {
        "tp": 3206,
        "fp": 205,
        "fn": 1889,
        "f1": 0.7538208323536327,
        "precision": 0.9399003224860745,
        "recall": 0.6292443572129539
    },
    "precision": 0.792825164938737,
    "recall": 0.7277233076202149,
    "micro_f1": 0.7588805773784912,
    "macro_f1": 0.5175557252220889
}