{
    "EquityHolder": {
        "tp": 8293,
        "fp": 1411,
        "fn": 1320,
        "f1": 0.8586219392245172,
        "precision": 0.85459604286892,
        "recall": 0.8626859461146364
    },
    "FrozeShares": {
        "tp": 110,
        "fp": 171,
        "fn": 188,
        "f1": 0.3799654576856649,
        "precision": 0.3914590747330961,
        "recall": 0.3691275167785235
    },
    "LegalInstitution": {
        "tp": 436,
        "fp": 63,
        "fn": 66,
        "f1": 0.871128871128871,
        "precision": 0.87374749498998,
        "recall": 0.8685258964143426
    },
    "TotalHoldingShares": {
        "tp": 1703,
        "fp": 677,
        "fn": 456,
        "f1": 0.7503855474774179,
        "precision": 0.715546218487395,
        "recall": 0.7887911069939787
    },
    "TotalHoldingRatio": {
        "tp": 1467,
        "fp": 430,
        "fn": 258,
        "f1": 0.8100496963003865,
        "precision": 0.7733263046916183,
        "recall": 0.8504347826086956
    },
    "StartDate": {
        "tp": 3583,
        "fp": 1213,
        "fn": 1448,
        "f1": 0.7292154268851123,
        "precision": 0.7470809007506255,
        "recall": 0.7121844563705029
    },
    "EndDate": {
        "tp": 1001,
        "fp": 607,
        "fn": 509,
        "f1": 0.6420782552918537,
        "precision": 0.6225124378109452,
        "recall": 0.6629139072847682
    },
    "UnfrozeDate": {
        "tp": 8,
        "fp": 10,
        "fn": 10,
        "f1": 0.4444444444444444,
        "precision": 0.4444444444444444,
        "recall": 0.4444444444444444
    },
    "CompanyName": {
        "tp": 9519,
        "fp": 358,
        "fn": 563,
        "f1": 0.9538554035773336,
        "precision": 0.9637541763693429,
        "recall": 0.9441579051775442
    },
    "HighestTradingPrice": {
        "tp": 1389,
        "fp": 619,
        "fn": 235,
        "f1": 0.7648678414096916,
        "precision": 0.6917330677290837,
        "recall": 0.8552955665024631
    },
    "LowestTradingPrice": {
        "tp": 720,
        "fp": 59,
        "fn": 320,
        "f1": 0.7916437603078614,
        "precision": 0.9242618741976893,
        "recall": 0.6923076923076923
    },
    "RepurchasedShares": {
        "tp": 1487,
        "fp": 264,
        "fn": 80,
        "f1": 0.8963230861965039,
        "precision": 0.8492290119931468,
        "recall": 0.9489470325462668
    },
    "ClosingDate": {
        "tp": 993,
        "fp": 921,
        "fn": 655,
        "f1": 0.5575519371139809,
        "precision": 0.5188087774294671,
        "recall": 0.6025485436893204
    },
    "RepurchaseAmount": {
        "tp": 1242,
        "fp": 339,
        "fn": 184,
        "f1": 0.8260724975058197,
        "precision": 0.7855787476280834,
        "recall": 0.8709677419354839
    },
    "TradedShares": {
        "tp": 870,
        "fp": 407,
        "fn": 264,
        "f1": 0.7216922438822065,
        "precision": 0.6812842599843383,
        "recall": 0.7671957671957672
    },
    "LaterHoldingShares": {
        "tp": 64,
        "fp": 185,
        "fn": 357,
        "f1": 0.191044776119403,
        "precision": 0.2570281124497992,
        "recall": 0.15201900237529692
    },
    "AveragePrice": {
        "tp": 195,
        "fp": 35,
        "fn": 14,
        "f1": 0.8883826879271071,
        "precision": 0.8478260869565217,
        "recall": 0.9330143540669856
    },
    "Pledger": {
        "tp": 0,
        "fp": 0,
        "fn": 0,
        "f1": 0,
        "precision": 0,
        "recall": 0
    },
    "PledgedShares": {
        "tp": 2328,
        "fp": 937,
        "fn": 543,
        "f1": 0.7588005215123859,
        "precision": 0.7130168453292496,
        "recall": 0.8108672936259144
    },
    "Pledgee": {
        "tp": 2014,
        "fp": 147,
        "fn": 118,
        "f1": 0.9382716049382717,
        "precision": 0.9319759370661731,
        "recall": 0.9446529080675422
    },
    "TotalPledgedShares": {
        "tp": 1030,
        "fp": 392,
        "fn": 340,
        "f1": 0.7378223495702004,
        "precision": 0.7243319268635724,
        "recall": 0.7518248175182481
    },
    "ReleasedDate": {
        "tp": 470,
        "fp": 469,
        "fn": 291,
        "f1": 0.5529411764705883,
        "precision": 0.5005324813631523,
        "recall": 0.6176084099868594
    },
    "StockCode": {
        "tp": 3233,
        "fp": 13,
        "fn": 15,
        "f1": 0.9956883276870958,
        "precision": 0.9959950708564387,
        "recall": 0.9953817733990148
    },
    "StockAbbr": {
        "tp": 4064,
        "fp": 583,
        "fn": 1031,
        "f1": 0.8343256004927121,
        "precision": 0.8745427157305788,
        "recall": 0.7976447497546615
    },
    "precision": 0.8176157370553168,
    "recall": 0.8330149232211088,
    "micro_f1": 0.825243498522493,
    "macro_f1": 0.7039655605478927
}