{
    "EquityHolder": {
        "tp": 8310,
        "fp": 1462,
        "fn": 1303,
        "f1": 0.8573639411916429,
        "precision": 0.8503888661481784,
        "recall": 0.8644543846874024
    },
    "FrozeShares": {
        "tp": 114,
        "fp": 179,
        "fn": 184,
        "f1": 0.38578680203045684,
        "precision": 0.3890784982935154,
        "recall": 0.3825503355704698
    },
    "LegalInstitution": {
        "tp": 449,
        "fp": 67,
        "fn": 53,
        "f1": 0.882121807465619,
        "precision": 0.8701550387596899,
        "recall": 0.8944223107569721
    },
    "TotalHoldingShares": {
        "tp": 1664,
        "fp": 586,
        "fn": 495,
        "f1": 0.7548196870038558,
        "precision": 0.7395555555555555,
        "recall": 0.7707271885132005
    },
    "TotalHoldingRatio": {
        "tp": 1444,
        "fp": 402,
        "fn": 281,
        "f1": 0.8087370484458135,
        "precision": 0.7822318526543879,
        "recall": 0.8371014492753623
    },
    "StartDate": {
        "tp": 3872,
        "fp": 1444,
        "fn": 1159,
        "f1": 0.7484294964724074,
        "precision": 0.7283671933784801,
        "recall": 0.7696283045120255
    },
    "EndDate": {
        "tp": 922,
        "fp": 489,
        "fn": 588,
        "f1": 0.6312906538856556,
        "precision": 0.6534372785258682,
        "recall": 0.6105960264900663
    },
    "UnfrozeDate": {
        "tp": 8,
        "fp": 7,
        "fn": 10,
        "f1": 0.4848484848484848,
        "precision": 0.5333333333333333,
        "recall": 0.4444444444444444
    },
    "CompanyName": {
        "tp": 9347,
        "fp": 360,
        "fn": 735,
        "f1": 0.9446662287129214,
        "precision": 0.962913361491707,
        "recall": 0.9270977980559413
    },
    "HighestTradingPrice": {
        "tp": 1382,
        "fp": 536,
        "fn": 242,
        "f1": 0.7803500846979108,
        "precision": 0.7205422314911366,
        "recall": 0.8509852216748769
    },
    "LowestTradingPrice": {
        "tp": 778,
        "fp": 85,
        "fn": 262,
        "f1": 0.8176563321071992,
        "precision": 0.9015063731170336,
        "recall": 0.7480769230769231
    },
    "RepurchasedShares": {
        "tp": 1447,
        "fp": 222,
        "fn": 120,
        "f1": 0.8943139678615574,
        "precision": 0.8669862192929898,
        "recall": 0.9234205488194002
    },
    "ClosingDate": {
        "tp": 794,
        "fp": 658,
        "fn": 854,
        "f1": 0.512258064516129,
        "precision": 0.546831955922865,
        "recall": 0.4817961165048544
    },
    "RepurchaseAmount": {
        "tp": 1250,
        "fp": 316,
        "fn": 176,
        "f1": 0.8355614973262031,
        "precision": 0.7982120051085568,
        "recall": 0.876577840112202
    },
    "TradedShares": {
        "tp": 880,
        "fp": 416,
        "fn": 254,
        "f1": 0.7242798353909465,
        "precision": 0.6790123456790124,
        "recall": 0.7760141093474426
    },
    "LaterHoldingShares": {
        "tp": 98,
        "fp": 287,
        "fn": 323,
        "f1": 0.24317617866004962,
        "precision": 0.2545454545454545,
        "recall": 0.2327790973871734
    },
    "AveragePrice": {
        "tp": 198,
        "fp": 44,
        "fn": 11,
        "f1": 0.8780487804878049,
        "precision": 0.8181818181818182,
        "recall": 0.9473684210526315
    },
    "Pledger": {
        "tp": 0,
        "fp": 0,
        "fn": 0,
        "f1": 0,
        "precision": 0,
        "recall": 0
    },
    "PledgedShares": {
        "tp": 2229,
        "fp": 875,
        "fn": 642,
        "f1": 0.7461087866108788,
        "precision": 0.7181056701030928,
        "recall": 0.7763845350052246
    },
    "Pledgee": {
        "tp": 2021,
        "fp": 146,
        "fn": 111,
        "f1": 0.9402186555012794,
        "precision": 0.9326257498846331,
        "recall": 0.9479362101313321
    },
    "TotalPledgedShares": {
        "tp": 1010,
        "fp": 434,
        "fn": 360,
        "f1": 0.7178393745557925,
        "precision": 0.6994459833795014,
        "recall": 0.7372262773722628
    },
    "ReleasedDate": {
        "tp": 437,
        "fp": 336,
        "fn": 324,
        "f1": 0.5697522816166883,
        "precision": 0.5653298835705045,
        "recall": 0.5742444152431012
    },
    "StockCode": {
        "tp": 3233,
        "fp": 17,
        "fn": 15,
        "f1": 0.99507540781779,
        "precision": 0.9947692307692307,
        "recall": 0.9953817733990148
    },
    "StockAbbr": {
        "tp": 4116,
        "fp": 621,
        "fn": 979,
        "f1": 0.8372660699755898,
        "precision": 0.8689043698543382,
        "recall": 0.8078508341511286
    },
    "precision": 0.8215995142163166,
    "recall": 0.8291219090188162,
    "micro_f1": 0.8253435717105028,
    "macro_f1": 0.707915394465945
}