{
    "EquityHolder": {
        "tp": 8246,
        "fp": 1406,
        "fn": 1367,
        "f1": 0.8560602128211783,
        "precision": 0.8543307086614174,
        "recall": 0.8577967335899302
    },
    "FrozeShares": {
        "tp": 114,
        "fp": 166,
        "fn": 184,
        "f1": 0.3944636678200692,
        "precision": 0.40714285714285714,
        "recall": 0.3825503355704698
    },
    "LegalInstitution": {
        "tp": 435,
        "fp": 67,
        "fn": 67,
        "f1": 0.8665338645418327,
        "precision": 0.8665338645418327,
        "recall": 0.8665338645418327
    },
    "TotalHoldingShares": {
        "tp": 1605,
        "fp": 460,
        "fn": 554,
        "f1": 0.7599431818181819,
        "precision": 0.7772397094430993,
        "recall": 0.7433997220935619
    },
    "TotalHoldingRatio": {
        "tp": 1393,
        "fp": 331,
        "fn": 332,
        "f1": 0.8077703682226732,
        "precision": 0.8080046403712297,
        "recall": 0.807536231884058
    },
    "StartDate": {
        "tp": 3883,
        "fp": 1492,
        "fn": 1148,
        "f1": 0.7463002114164905,
        "precision": 0.7224186046511628,
        "recall": 0.7718147485589346
    },
    "EndDate": {
        "tp": 935,
        "fp": 539,
        "fn": 575,
        "f1": 0.6266756032171583,
        "precision": 0.6343283582089553,
        "recall": 0.6192052980132451
    },
    "UnfrozeDate": {
        "tp": 9,
        "fp": 9,
        "fn": 9,
        "f1": 0.5,
        "precision": 0.5,
        "recall": 0.5
    },
    "CompanyName": {
        "tp": 9403,
        "fp": 380,
        "fn": 679,
        "f1": 0.9466901585703499,
        "precision": 0.9611571092711847,
        "recall": 0.9326522515373934
    },
    "HighestTradingPrice": {
        "tp": 1363,
        "fp": 509,
        "fn": 261,
        "f1": 0.7797482837528604,
        "precision": 0.7280982905982906,
        "recall": 0.8392857142857143
    },
    "LowestTradingPrice": {
        "tp": 817,
        "fp": 125,
        "fn": 223,
        "f1": 0.8244197780020182,
        "precision": 0.8673036093418259,
        "recall": 0.7855769230769231
    },
    "RepurchasedShares": {
        "tp": 1464,
        "fp": 226,
        "fn": 103,
        "f1": 0.8989867976665643,
        "precision": 0.8662721893491124,
        "recall": 0.9342693044033185
    },
    "ClosingDate": {
        "tp": 1040,
        "fp": 742,
        "fn": 608,
        "f1": 0.6064139941690961,
        "precision": 0.5836139169472503,
        "recall": 0.6310679611650486
    },
    "RepurchaseAmount": {
        "tp": 1242,
        "fp": 305,
        "fn": 184,
        "f1": 0.8355196770938448,
        "precision": 0.8028442146089205,
        "recall": 0.8709677419354839
    },
    "TradedShares": {
        "tp": 852,
        "fp": 386,
        "fn": 282,
        "f1": 0.7183811129848229,
        "precision": 0.6882067851373183,
        "recall": 0.7513227513227513
    },
    "LaterHoldingShares": {
        "tp": 99,
        "fp": 276,
        "fn": 322,
        "f1": 0.24874371859296482,
        "precision": 0.264,
        "recall": 0.23515439429928742
    },
    "AveragePrice": {
        "tp": 196,
        "fp": 41,
        "fn": 13,
        "f1": 0.8789237668161435,
        "precision": 0.8270042194092827,
        "recall": 0.937799043062201
    },
    "Pledger": {
        "tp": 0,
        "fp": 0,
        "fn": 0,
        "f1": 0,
        "precision": 0,
        "recall": 0
    },
    "PledgedShares": {
        "tp": 2260,
        "fp": 858,
        "fn": 611,
        "f1": 0.7547169811320754,
        "precision": 0.7248236048749198,
        "recall": 0.7871821664925113
    },
    "Pledgee": {
        "tp": 2020,
        "fp": 143,
        "fn": 112,
        "f1": 0.940628637951106,
        "precision": 0.9338881183541378,
        "recall": 0.9474671669793621
    },
    "TotalPledgedShares": {
        "tp": 1130,
        "fp": 493,
        "fn": 240,
        "f1": 0.7550952221850986,
        "precision": 0.696241528034504,
        "recall": 0.8248175182481752
    },
    "ReleasedDate": {
        "tp": 452,
        "fp": 401,
        "fn": 309,
        "f1": 0.5600991325898388,
        "precision": 0.52989449003517,
        "recall": 0.5939553219448095
    },
    "StockCode": {
        "tp": 3230,
        "fp": 15,
        "fn": 18,
        "f1": 0.9949176035730787,
        "precision": 0.9953775038520801,
        "recall": 0.9944581280788177
    },
    "StockAbbr": {
        "tp": 4099,
        "fp": 601,
        "fn": 996,
        "f1": 0.8369576314446145,
        "precision": 0.8721276595744681,
        "recall": 0.8045142296368989
    },
    "precision": 0.8227629848199367,
    "recall": 0.834240501766275,
    "micro_f1": 0.828461992804854,
    "macro_f1": 0.7140829002659191
}