{
    "EquityHolder": {
        "tp": 8394,
        "fp": 1418,
        "fn": 1219,
        "f1": 0.8642471042471043,
        "precision": 0.8554830819404811,
        "recall": 0.8731925517528347
    },
    "FrozeShares": {
        "tp": 97,
        "fp": 95,
        "fn": 201,
        "f1": 0.3959183673469388,
        "precision": 0.5052083333333334,
        "recall": 0.32550335570469796
    },
    "LegalInstitution": {
        "tp": 448,
        "fp": 72,
        "fn": 54,
        "f1": 0.8767123287671232,
        "precision": 0.8615384615384616,
        "recall": 0.8924302788844621
    },
    "TotalHoldingShares": {
        "tp": 1689,
        "fp": 628,
        "fn": 470,
        "f1": 0.754691689008043,
        "precision": 0.7289598618903755,
        "recall": 0.7823066234367763
    },
    "TotalHoldingRatio": {
        "tp": 1384,
        "fp": 464,
        "fn": 341,
        "f1": 0.774699132381752,
        "precision": 0.7489177489177489,
        "recall": 0.8023188405797101
    },
    "StartDate": {
        "tp": 3684,
        "fp": 1083,
        "fn": 1347,
        "f1": 0.7519902020820576,
        "precision": 0.7728130899937067,
        "recall": 0.7322599880739415
    },
    "EndDate": {
        "tp": 1044,
        "fp": 534,
        "fn": 466,
        "f1": 0.6761658031088082,
        "precision": 0.6615969581749049,
        "recall": 0.6913907284768211
    },
    "UnfrozeDate": {
        "tp": 0,
        "fp": 0,
        "fn": 18,
        "f1": 0,
        "precision": 0,
        "recall": 0
    },
    "CompanyName": {
        "tp": 9598,
        "fp": 471,
        "fn": 484,
        "f1": 0.9526078110267481,
        "precision": 0.9532227629357434,
        "recall": 0.9519936520531641
    },
    "HighestTradingPrice": {
        "tp": 1537,
        "fp": 1289,
        "fn": 87,
        "f1": 0.6907865168539327,
        "precision": 0.5438782731776363,
        "recall": 0.9464285714285714
    },
    "LowestTradingPrice": {
        "tp": 0,
        "fp": 0,
        "fn": 1040,
        "f1": 0,
        "precision": 0,
        "recall": 0
    },
    "RepurchasedShares": {
        "tp": 1443,
        "fp": 236,
        "fn": 124,
        "f1": 0.88909426987061,
        "precision": 0.8594401429422275,
        "recall": 0.9208679004467135
    },
    "ClosingDate": {
        "tp": 1158,
        "fp": 463,
        "fn": 490,
        "f1": 0.7084735393086572,
        "precision": 0.7143738433066008,
        "recall": 0.7026699029126213
    },
    "RepurchaseAmount": {
        "tp": 1155,
        "fp": 240,
        "fn": 271,
        "f1": 0.8188585607940446,
        "precision": 0.8279569892473119,
        "recall": 0.8099579242636746
    },
    "TradedShares": {
        "tp": 869,
        "fp": 383,
        "fn": 265,
        "f1": 0.7284157585917854,
        "precision": 0.6940894568690096,
        "recall": 0.7663139329805997
    },
    "LaterHoldingShares": {
        "tp": 70,
        "fp": 147,
        "fn": 351,
        "f1": 0.219435736677116,
        "precision": 0.3225806451612903,
        "recall": 0.166270783847981
    },
    "AveragePrice": {
        "tp": 196,
        "fp": 35,
        "fn": 13,
        "f1": 0.8909090909090909,
        "precision": 0.8484848484848485,
        "recall": 0.937799043062201
    },
    "Pledger": {
        "tp": 0,
        "fp": 0,
        "fn": 0,
        "f1": 0,
        "precision": 0,
        "recall": 0
    },
    "PledgedShares": {
        "tp": 2433,
        "fp": 911,
        "fn": 438,
        "f1": 0.7829444891391796,
        "precision": 0.7275717703349283,
        "recall": 0.8474399164054337
    },
    "Pledgee": {
        "tp": 2031,
        "fp": 157,
        "fn": 101,
        "f1": 0.9402777777777778,
        "precision": 0.9282449725776966,
        "recall": 0.952626641651032
    },
    "TotalPledgedShares": {
        "tp": 1195,
        "fp": 374,
        "fn": 175,
        "f1": 0.8132017693092889,
        "precision": 0.7616316124920331,
        "recall": 0.8722627737226277
    },
    "ReleasedDate": {
        "tp": 479,
        "fp": 496,
        "fn": 282,
        "f1": 0.5518433179723503,
        "precision": 0.49128205128205127,
        "recall": 0.6294349540078844
    },
    "StockCode": {
        "tp": 3229,
        "fp": 30,
        "fn": 19,
        "f1": 0.9924696480713079,
        "precision": 0.9907947223074562,
        "recall": 0.9941502463054187
    },
    "StockAbbr": {
        "tp": 4165,
        "fp": 520,
        "fn": 930,
        "f1": 0.8517382413087934,
        "precision": 0.8890074706510138,
        "recall": 0.8174681059862611
    },
    "precision": 0.8217023995456482,
    "recall": 0.8344387571191695,
    "micro_f1": 0.8280216046070752,
    "macro_f1": 0.6635617147730212
}