{
    "EquityHolder": {
        "tp": 8442,
        "fp": 1509,
        "fn": 1171,
        "f1": 0.863013698630137,
        "precision": 0.8483569490503468,
        "recall": 0.8781857900759389
    },
    "FrozeShares": {
        "tp": 96,
        "fp": 124,
        "fn": 202,
        "f1": 0.3706563706563707,
        "precision": 0.43636363636363634,
        "recall": 0.3221476510067114
    },
    "LegalInstitution": {
        "tp": 449,
        "fp": 80,
        "fn": 53,
        "f1": 0.8709990300678951,
        "precision": 0.8487712665406427,
        "recall": 0.8944223107569721
    },
    "TotalHoldingShares": {
        "tp": 1720,
        "fp": 618,
        "fn": 439,
        "f1": 0.7649544140538137,
        "precision": 0.7356715141146278,
        "recall": 0.7966651227420102
    },
    "TotalHoldingRatio": {
        "tp": 1419,
        "fp": 370,
        "fn": 306,
        "f1": 0.8076266363118952,
        "precision": 0.7931805477920626,
        "recall": 0.8226086956521739
    },
    "StartDate": {
        "tp": 3793,
        "fp": 1260,
        "fn": 1238,
        "f1": 0.7522808409361365,
        "precision": 0.7506431822679597,
        "recall": 0.7539256609024051
    },
    "EndDate": {
        "tp": 1003,
        "fp": 489,
        "fn": 507,
        "f1": 0.6682211858760827,
        "precision": 0.6722520107238605,
        "recall": 0.6642384105960265
    },
    "UnfrozeDate": {
        "tp": 0,
        "fp": 0,
        "fn": 18,
        "f1": 0,
        "precision": 0,
        "recall": 0
    },
    "CompanyName": {
        "tp": 9301,
        "fp": 473,
        "fn": 781,
        "f1": 0.9368452860596294,
        "precision": 0.9516063024350317,
        "recall": 0.9225352112676056
    },
    "HighestTradingPrice": {
        "tp": 1407,
        "fp": 1370,
        "fn": 217,
        "f1": 0.6394001363326517,
        "precision": 0.5066618653222903,
        "recall": 0.8663793103448276
    },
    "LowestTradingPrice": {
        "tp": 28,
        "fp": 1,
        "fn": 1012,
        "f1": 0.052385406922357346,
        "precision": 0.9655172413793104,
        "recall": 0.026923076923076925
    },
    "RepurchasedShares": {
        "tp": 1450,
        "fp": 219,
        "fn": 117,
        "f1": 0.896168108776267,
        "precision": 0.8687837028160575,
        "recall": 0.9253350350989151
    },
    "ClosingDate": {
        "tp": 1173,
        "fp": 570,
        "fn": 475,
        "f1": 0.6918313181952226,
        "precision": 0.6729776247848537,
        "recall": 0.7117718446601942
    },
    "RepurchaseAmount": {
        "tp": 1191,
        "fp": 286,
        "fn": 235,
        "f1": 0.8205304857044438,
        "precision": 0.8063642518618822,
        "recall": 0.835203366058906
    },
    "TradedShares": {
        "tp": 866,
        "fp": 377,
        "fn": 268,
        "f1": 0.7286495582667226,
        "precision": 0.6967015285599356,
        "recall": 0.763668430335097
    },
    "LaterHoldingShares": {
        "tp": 75,
        "fp": 160,
        "fn": 346,
        "f1": 0.22865853658536583,
        "precision": 0.3191489361702128,
        "recall": 0.17814726840855108
    },
    "AveragePrice": {
        "tp": 195,
        "fp": 35,
        "fn": 14,
        "f1": 0.8883826879271071,
        "precision": 0.8478260869565217,
        "recall": 0.9330143540669856
    },
    "Pledger": {
        "tp": 0,
        "fp": 0,
        "fn": 0,
        "f1": 0,
        "precision": 0,
        "recall": 0
    },
    "PledgedShares": {
        "tp": 2458,
        "fp": 920,
        "fn": 413,
        "f1": 0.7866858697391583,
        "precision": 0.7276494967436353,
        "recall": 0.8561476837338906
    },
    "Pledgee": {
        "tp": 2026,
        "fp": 161,
        "fn": 106,
        "f1": 0.9381801342903451,
        "precision": 0.9263831732967536,
        "recall": 0.950281425891182
    },
    "TotalPledgedShares": {
        "tp": 1177,
        "fp": 374,
        "fn": 193,
        "f1": 0.8058883943854845,
        "precision": 0.7588652482269503,
        "recall": 0.8591240875912409
    },
    "ReleasedDate": {
        "tp": 497,
        "fp": 531,
        "fn": 264,
        "f1": 0.5556176634991615,
        "precision": 0.48346303501945526,
        "recall": 0.6530880420499343
    },
    "StockCode": {
        "tp": 3230,
        "fp": 22,
        "fn": 18,
        "f1": 0.9938461538461538,
        "precision": 0.9932349323493235,
        "recall": 0.9944581280788177
    },
    "StockAbbr": {
        "tp": 4057,
        "fp": 590,
        "fn": 1038,
        "f1": 0.83288852391706,
        "precision": 0.8730363675489563,
        "recall": 0.7962708537782139
    },
    "precision": 0.8137722646310432,
    "recall": 0.8300230697137914,
    "micro_f1": 0.8218173382347692,
    "macro_f1": 0.6622379350408111
}