{
    "EquityHolder": {
        "tp": 8133,
        "fp": 1341,
        "fn": 1480,
        "f1": 0.8522030701524599,
        "precision": 0.8584547181760608,
        "recall": 0.846041818370956
    },
    "FrozeShares": {
        "tp": 88,
        "fp": 130,
        "fn": 210,
        "f1": 0.34108527131782945,
        "precision": 0.4036697247706422,
        "recall": 0.2953020134228188
    },
    "LegalInstitution": {
        "tp": 428,
        "fp": 63,
        "fn": 74,
        "f1": 0.8620342396777442,
        "precision": 0.8716904276985743,
        "recall": 0.852589641434263
    },
    "TotalHoldingShares": {
        "tp": 1693,
        "fp": 533,
        "fn": 466,
        "f1": 0.7721778791334093,
        "precision": 0.7605570530098832,
        "recall": 0.7841593330245484
    },
    "TotalHoldingRatio": {
        "tp": 1389,
        "fp": 324,
        "fn": 336,
        "f1": 0.8080279232111691,
        "precision": 0.8108581436077058,
        "recall": 0.8052173913043478
    },
    "StartDate": {
        "tp": 3776,
        "fp": 1285,
        "fn": 1255,
        "f1": 0.748315497423702,
        "precision": 0.7460976091681486,
        "recall": 0.7505466110117273
    },
    "EndDate": {
        "tp": 883,
        "fp": 517,
        "fn": 627,
        "f1": 0.6068728522336769,
        "precision": 0.6307142857142857,
        "recall": 0.5847682119205299
    },
    "UnfrozeDate": {
        "tp": 8,
        "fp": 10,
        "fn": 10,
        "f1": 0.4444444444444444,
        "precision": 0.4444444444444444,
        "recall": 0.4444444444444444
    },
    "CompanyName": {
        "tp": 9353,
        "fp": 342,
        "fn": 729,
        "f1": 0.94584618496233,
        "precision": 0.9647240845796803,
        "recall": 0.9276929180718112
    },
    "HighestTradingPrice": {
        "tp": 1346,
        "fp": 374,
        "fn": 278,
        "f1": 0.805023923444976,
        "precision": 0.7825581395348837,
        "recall": 0.8288177339901478
    },
    "LowestTradingPrice": {
        "tp": 837,
        "fp": 126,
        "fn": 203,
        "f1": 0.8357463804293559,
        "precision": 0.8691588785046729,
        "recall": 0.8048076923076923
    },
    "RepurchasedShares": {
        "tp": 1451,
        "fp": 205,
        "fn": 116,
        "f1": 0.9004033509152963,
        "precision": 0.876207729468599,
        "recall": 0.9259731971920868
    },
    "ClosingDate": {
        "tp": 847,
        "fp": 491,
        "fn": 801,
        "f1": 0.5673141326188882,
        "precision": 0.633034379671151,
        "recall": 0.5139563106796117
    },
    "RepurchaseAmount": {
        "tp": 1184,
        "fp": 255,
        "fn": 242,
        "f1": 0.8265270506108202,
        "precision": 0.8227936066712995,
        "recall": 0.8302945301542777
    },
    "TradedShares": {
        "tp": 769,
        "fp": 280,
        "fn": 365,
        "f1": 0.7045350435180945,
        "precision": 0.7330791229742613,
        "recall": 0.6781305114638448
    },
    "LaterHoldingShares": {
        "tp": 67,
        "fp": 246,
        "fn": 354,
        "f1": 0.1825613079019074,
        "precision": 0.21405750798722045,
        "recall": 0.15914489311163896
    },
    "AveragePrice": {
        "tp": 193,
        "fp": 29,
        "fn": 16,
        "f1": 0.8955916473317865,
        "precision": 0.8693693693693694,
        "recall": 0.9234449760765551
    },
    "Pledger": {
        "tp": 0,
        "fp": 0,
        "fn": 0,
        "f1": 0,
        "precision": 0,
        "recall": 0
    },
    "PledgedShares": {
        "tp": 2205,
        "fp": 850,
        "fn": 666,
        "f1": 0.7441781977725279,
        "precision": 0.7217675941080196,
        "recall": 0.768025078369906
    },
    "Pledgee": {
        "tp": 2008,
        "fp": 140,
        "fn": 124,
        "f1": 0.9383177570093458,
        "precision": 0.9348230912476723,
        "recall": 0.9418386491557224
    },
    "TotalPledgedShares": {
        "tp": 1027,
        "fp": 375,
        "fn": 343,
        "f1": 0.7409812409812411,
        "precision": 0.7325249643366619,
        "recall": 0.7496350364963503
    },
    "ReleasedDate": {
        "tp": 417,
        "fp": 334,
        "fn": 344,
        "f1": 0.5515873015873016,
        "precision": 0.5552596537949401,
        "recall": 0.5479632063074902
    },
    "StockCode": {
        "tp": 3231,
        "fp": 12,
        "fn": 17,
        "f1": 0.9955322754583269,
        "precision": 0.996299722479186,
        "recall": 0.9947660098522167
    },
    "StockAbbr": {
        "tp": 4062,
        "fp": 573,
        "fn": 1033,
        "f1": 0.8349434737923945,
        "precision": 0.8763754045307444,
        "recall": 0.7972522080471051
    },
    "precision": 0.8370827955006453,
    "recall": 0.8181637949679187,
    "micro_f1": 0.8275151758207704,
    "macro_f1": 0.7043437685803763
}