{
    "EquityHolder": {
        "tp": 8205,
        "fp": 1410,
        "fn": 1408,
        "f1": 0.8534428957769918,
        "precision": 0.8533541341653667,
        "recall": 0.8535316758556122
    },
    "FrozeShares": {
        "tp": 87,
        "fp": 135,
        "fn": 211,
        "f1": 0.33461538461538465,
        "precision": 0.3918918918918919,
        "recall": 0.29194630872483224
    },
    "LegalInstitution": {
        "tp": 439,
        "fp": 66,
        "fn": 63,
        "f1": 0.871896722939424,
        "precision": 0.8693069306930693,
        "recall": 0.8745019920318725
    },
    "TotalHoldingShares": {
        "tp": 1736,
        "fp": 610,
        "fn": 423,
        "f1": 0.7706992230854607,
        "precision": 0.7399829497016198,
        "recall": 0.8040759610930986
    },
    "TotalHoldingRatio": {
        "tp": 1439,
        "fp": 368,
        "fn": 286,
        "f1": 0.8148357870894678,
        "precision": 0.7963475373547316,
        "recall": 0.8342028985507246
    },
    "StartDate": {
        "tp": 3864,
        "fp": 1339,
        "fn": 1167,
        "f1": 0.7551299589603284,
        "precision": 0.7426484720353642,
        "recall": 0.7680381633870006
    },
    "EndDate": {
        "tp": 944,
        "fp": 495,
        "fn": 566,
        "f1": 0.6402170227195659,
        "precision": 0.6560111188325226,
        "recall": 0.6251655629139072
    },
    "UnfrozeDate": {
        "tp": 6,
        "fp": 11,
        "fn": 12,
        "f1": 0.34285714285714286,
        "precision": 0.35294117647058826,
        "recall": 0.3333333333333333
    },
    "CompanyName": {
        "tp": 9631,
        "fp": 333,
        "fn": 451,
        "f1": 0.9608899531078519,
        "precision": 0.9665796868727419,
        "recall": 0.9552668121404483
    },
    "HighestTradingPrice": {
        "tp": 1345,
        "fp": 355,
        "fn": 279,
        "f1": 0.809265944645006,
        "precision": 0.7911764705882353,
        "recall": 0.8282019704433498
    },
    "LowestTradingPrice": {
        "tp": 864,
        "fp": 171,
        "fn": 176,
        "f1": 0.8327710843373494,
        "precision": 0.8347826086956521,
        "recall": 0.8307692307692308
    },
    "RepurchasedShares": {
        "tp": 1441,
        "fp": 218,
        "fn": 126,
        "f1": 0.8933663980161191,
        "precision": 0.8685955394816154,
        "recall": 0.9195915762603701
    },
    "ClosingDate": {
        "tp": 863,
        "fp": 466,
        "fn": 785,
        "f1": 0.5797783003023179,
        "precision": 0.6493604213694507,
        "recall": 0.5236650485436893
    },
    "RepurchaseAmount": {
        "tp": 1220,
        "fp": 323,
        "fn": 206,
        "f1": 0.8218255304816436,
        "precision": 0.7906675307841866,
        "recall": 0.8555399719495091
    },
    "TradedShares": {
        "tp": 858,
        "fp": 346,
        "fn": 276,
        "f1": 0.7339606501283148,
        "precision": 0.7126245847176079,
        "recall": 0.7566137566137566
    },
    "LaterHoldingShares": {
        "tp": 96,
        "fp": 249,
        "fn": 325,
        "f1": 0.2506527415143603,
        "precision": 0.2782608695652174,
        "recall": 0.22802850356294538
    },
    "AveragePrice": {
        "tp": 198,
        "fp": 36,
        "fn": 11,
        "f1": 0.8939051918735891,
        "precision": 0.8461538461538461,
        "recall": 0.9473684210526315
    },
    "Pledger": {
        "tp": 0,
        "fp": 0,
        "fn": 0,
        "f1": 0,
        "precision": 0,
        "recall": 0
    },
    "PledgedShares": {
        "tp": 2290,
        "fp": 932,
        "fn": 581,
        "f1": 0.7516822583292303,
        "precision": 0.7107386716325264,
        "recall": 0.7976314872866597
    },
    "Pledgee": {
        "tp": 2019,
        "fp": 156,
        "fn": 113,
        "f1": 0.937543533782215,
        "precision": 0.9282758620689655,
        "recall": 0.9469981238273921
    },
    "TotalPledgedShares": {
        "tp": 1115,
        "fp": 475,
        "fn": 255,
        "f1": 0.7533783783783784,
        "precision": 0.7012578616352201,
        "recall": 0.8138686131386861
    },
    "ReleasedDate": {
        "tp": 442,
        "fp": 394,
        "fn": 319,
        "f1": 0.5535378835316218,
        "precision": 0.5287081339712919,
        "recall": 0.580814717477004
    },
    "StockCode": {
        "tp": 3231,
        "fp": 14,
        "fn": 17,
        "f1": 0.9952256275989527,
        "precision": 0.9956856702619414,
        "recall": 0.9947660098522167
    },
    "StockAbbr": {
        "tp": 4094,
        "fp": 564,
        "fn": 1001,
        "f1": 0.8395365528555317,
        "precision": 0.8789179905538858,
        "recall": 0.8035328753680079
    },
    "precision": 0.8306406884583043,
    "recall": 0.8367637517122053,
    "micro_f1": 0.8336909774908643,
    "macro_f1": 0.7079589236219271
}