{
    "EquityHolder": {
        "tp": 8223,
        "fp": 1420,
        "fn": 1390,
        "f1": 0.8540714582467802,
        "precision": 0.8527429223270766,
        "recall": 0.8554041402267762
    },
    "FrozeShares": {
        "tp": 148,
        "fp": 188,
        "fn": 150,
        "f1": 0.46687697160883285,
        "precision": 0.44047619047619047,
        "recall": 0.4966442953020134
    },
    "LegalInstitution": {
        "tp": 432,
        "fp": 60,
        "fn": 70,
        "f1": 0.8692152917505029,
        "precision": 0.8780487804878049,
        "recall": 0.8605577689243028
    },
    "TotalHoldingShares": {
        "tp": 1726,
        "fp": 717,
        "fn": 433,
        "f1": 0.7501086484137333,
        "precision": 0.7065083913221449,
        "recall": 0.7994441871236684
    },
    "TotalHoldingRatio": {
        "tp": 1374,
        "fp": 428,
        "fn": 351,
        "f1": 0.7791324071448824,
        "precision": 0.7624861265260822,
        "recall": 0.7965217391304348
    },
    "StartDate": {
        "tp": 3652,
        "fp": 1174,
        "fn": 1379,
        "f1": 0.7409962463224106,
        "precision": 0.7567343555739743,
        "recall": 0.7258994235738422
    },
    "EndDate": {
        "tp": 1014,
        "fp": 450,
        "fn": 496,
        "f1": 0.6819098856758574,
        "precision": 0.6926229508196722,
        "recall": 0.671523178807947
    },
    "UnfrozeDate": {
        "tp": 9,
        "fp": 16,
        "fn": 9,
        "f1": 0.41860465116279066,
        "precision": 0.36,
        "recall": 0.5
    },
    "CompanyName": {
        "tp": 9356,
        "fp": 403,
        "fn": 726,
        "f1": 0.9430976261277153,
        "precision": 0.9587047853263654,
        "recall": 0.9279904780797461
    },
    "HighestTradingPrice": {
        "tp": 1465,
        "fp": 302,
        "fn": 159,
        "f1": 0.8640519020937777,
        "precision": 0.8290888511601585,
        "recall": 0.9020935960591133
    },
    "LowestTradingPrice": {
        "tp": 925,
        "fp": 97,
        "fn": 115,
        "f1": 0.8971871968962173,
        "precision": 0.9050880626223092,
        "recall": 0.8894230769230769
    },
    "RepurchasedShares": {
        "tp": 1387,
        "fp": 260,
        "fn": 180,
        "f1": 0.8630989421281893,
        "precision": 0.8421372191863995,
        "recall": 0.8851308232291002
    },
    "ClosingDate": {
        "tp": 1099,
        "fp": 522,
        "fn": 549,
        "f1": 0.6723768736616701,
        "precision": 0.6779765576804442,
        "recall": 0.6668689320388349
    },
    "RepurchaseAmount": {
        "tp": 1113,
        "fp": 198,
        "fn": 313,
        "f1": 0.8132992327365729,
        "precision": 0.8489702517162472,
        "recall": 0.7805049088359046
    },
    "TradedShares": {
        "tp": 830,
        "fp": 414,
        "fn": 304,
        "f1": 0.6980656013456686,
        "precision": 0.6672025723472669,
        "recall": 0.7319223985890653
    },
    "LaterHoldingShares": {
        "tp": 63,
        "fp": 149,
        "fn": 358,
        "f1": 0.1990521327014218,
        "precision": 0.2971698113207547,
        "recall": 0.1496437054631829
    },
    "AveragePrice": {
        "tp": 197,
        "fp": 64,
        "fn": 12,
        "f1": 0.8382978723404256,
        "precision": 0.7547892720306514,
        "recall": 0.9425837320574163
    },
    "Pledger": {
        "tp": 0,
        "fp": 0,
        "fn": 0,
        "f1": 0,
        "precision": 0,
        "recall": 0
    },
    "PledgedShares": {
        "tp": 2433,
        "fp": 819,
        "fn": 438,
        "f1": 0.7947084762371387,
        "precision": 0.7481549815498155,
        "recall": 0.8474399164054337
    },
    "Pledgee": {
        "tp": 1990,
        "fp": 249,
        "fn": 142,
        "f1": 0.9105467856325784,
        "precision": 0.8887896382313533,
        "recall": 0.9333958724202627
    },
    "TotalPledgedShares": {
        "tp": 1191,
        "fp": 489,
        "fn": 179,
        "f1": 0.7809836065573771,
        "precision": 0.7089285714285715,
        "recall": 0.8693430656934307
    },
    "ReleasedDate": {
        "tp": 420,
        "fp": 341,
        "fn": 341,
        "f1": 0.5519053876478318,
        "precision": 0.5519053876478318,
        "recall": 0.5519053876478318
    },
    "StockCode": {
        "tp": 3222,
        "fp": 17,
        "fn": 26,
        "f1": 0.993371358100817,
        "precision": 0.9947514665020067,
        "recall": 0.9919950738916257
    },
    "StockAbbr": {
        "tp": 3969,
        "fp": 866,
        "fn": 1126,
        "f1": 0.7993957703927492,
        "precision": 0.8208893485005171,
        "recall": 0.7789990186457311
    },
    "micro_f1": 0.8303865666951017,
    "macro_f1": 0.7158480968719143
}