{
    "EquityHolder": {
        "tp": 8476,
        "fp": 1605,
        "fn": 1137,
        "f1": 0.8607697775972378,
        "precision": 0.840789604205932,
        "recall": 0.881722667221471
    },
    "FrozeShares": {
        "tp": 156,
        "fp": 180,
        "fn": 142,
        "f1": 0.4921135646687697,
        "precision": 0.4642857142857143,
        "recall": 0.5234899328859061
    },
    "LegalInstitution": {
        "tp": 435,
        "fp": 147,
        "fn": 67,
        "f1": 0.8025830258302582,
        "precision": 0.7474226804123711,
        "recall": 0.8665338645418327
    },
    "TotalHoldingShares": {
        "tp": 1669,
        "fp": 516,
        "fn": 490,
        "f1": 0.7684162062615101,
        "precision": 0.7638443935926773,
        "recall": 0.7730430754979157
    },
    "TotalHoldingRatio": {
        "tp": 1396,
        "fp": 386,
        "fn": 329,
        "f1": 0.7961220416310236,
        "precision": 0.7833894500561167,
        "recall": 0.8092753623188406
    },
    "StartDate": {
        "tp": 3771,
        "fp": 1086,
        "fn": 1260,
        "f1": 0.7627427184466019,
        "precision": 0.7764051883878937,
        "recall": 0.7495527728085868
    },
    "EndDate": {
        "tp": 971,
        "fp": 475,
        "fn": 539,
        "f1": 0.6569688768606224,
        "precision": 0.6715076071922544,
        "recall": 0.643046357615894
    },
    "UnfrozeDate": {
        "tp": 10,
        "fp": 36,
        "fn": 8,
        "f1": 0.3125,
        "precision": 0.21739130434782608,
        "recall": 0.5555555555555556
    },
    "CompanyName": {
        "tp": 9458,
        "fp": 543,
        "fn": 624,
        "f1": 0.9418911517203605,
        "precision": 0.9457054294570543,
        "recall": 0.9381075183495339
    },
    "HighestTradingPrice": {
        "tp": 1574,
        "fp": 334,
        "fn": 50,
        "f1": 0.8912797281993206,
        "precision": 0.8249475890985325,
        "recall": 0.9692118226600985
    },
    "LowestTradingPrice": {
        "tp": 878,
        "fp": 46,
        "fn": 162,
        "f1": 0.8940936863543788,
        "precision": 0.9502164502164502,
        "recall": 0.8442307692307692
    },
    "RepurchasedShares": {
        "tp": 1370,
        "fp": 259,
        "fn": 197,
        "f1": 0.8573216520650814,
        "precision": 0.8410067526089625,
        "recall": 0.8742820676451819
    },
    "ClosingDate": {
        "tp": 1198,
        "fp": 912,
        "fn": 450,
        "f1": 0.6375731772219265,
        "precision": 0.5677725118483412,
        "recall": 0.7269417475728155
    },
    "RepurchaseAmount": {
        "tp": 711,
        "fp": 479,
        "fn": 715,
        "f1": 0.5435779816513762,
        "precision": 0.5974789915966386,
        "recall": 0.49859747545582045
    },
    "TradedShares": {
        "tp": 851,
        "fp": 417,
        "fn": 283,
        "f1": 0.7085761865112405,
        "precision": 0.6711356466876972,
        "recall": 0.7504409171075838
    },
    "LaterHoldingShares": {
        "tp": 135,
        "fp": 350,
        "fn": 286,
        "f1": 0.2980132450331126,
        "precision": 0.27835051546391754,
        "recall": 0.32066508313539194
    },
    "AveragePrice": {
        "tp": 198,
        "fp": 55,
        "fn": 11,
        "f1": 0.8571428571428571,
        "precision": 0.782608695652174,
        "recall": 0.9473684210526315
    },
    "Pledger": {
        "tp": 0,
        "fp": 0,
        "fn": 0,
        "f1": 0,
        "precision": 0,
        "recall": 0
    },
    "PledgedShares": {
        "tp": 2277,
        "fp": 832,
        "fn": 594,
        "f1": 0.7615384615384615,
        "precision": 0.7323898359601158,
        "recall": 0.7931034482758621
    },
    "Pledgee": {
        "tp": 2001,
        "fp": 208,
        "fn": 131,
        "f1": 0.921907394609537,
        "precision": 0.9058397464916251,
        "recall": 0.9385553470919324
    },
    "TotalPledgedShares": {
        "tp": 1136,
        "fp": 361,
        "fn": 234,
        "f1": 0.7924659923264737,
        "precision": 0.7588510354041417,
        "recall": 0.8291970802919708
    },
    "ReleasedDate": {
        "tp": 416,
        "fp": 267,
        "fn": 345,
        "f1": 0.5761772853185595,
        "precision": 0.6090775988286969,
        "recall": 0.5466491458607096
    },
    "StockCode": {
        "tp": 3233,
        "fp": 11,
        "fn": 15,
        "f1": 0.9959950708564387,
        "precision": 0.9966091245376079,
        "recall": 0.9953817733990148
    },
    "StockAbbr": {
        "tp": 4144,
        "fp": 518,
        "fn": 951,
        "f1": 0.8494414266680332,
        "precision": 0.8888888888888888,
        "recall": 0.8133464180569185
    },
    "precision": 0.822560943225875,
    "recall": 0.8374306106264869,
    "micro_f1": 0.8299291780907556,
    "macro_f1": 0.7074671461880494
}