{
    "EquityHolder": {
        "tp": 8721,
        "fp": 1790,
        "fn": 892,
        "f1": 0.8667262969588551,
        "precision": 0.8297022167253354,
        "recall": 0.9072089878289816
    },
    "FrozeShares": {
        "tp": 160,
        "fp": 225,
        "fn": 138,
        "f1": 0.4685212298682284,
        "precision": 0.4155844155844156,
        "recall": 0.5369127516778524
    },
    "LegalInstitution": {
        "tp": 443,
        "fp": 95,
        "fn": 59,
        "f1": 0.8519230769230769,
        "precision": 0.8234200743494424,
        "recall": 0.8824701195219123
    },
    "TotalHoldingShares": {
        "tp": 1621,
        "fp": 410,
        "fn": 538,
        "f1": 0.773747016706444,
        "precision": 0.7981290004923683,
        "recall": 0.7508105604446503
    },
    "TotalHoldingRatio": {
        "tp": 1365,
        "fp": 291,
        "fn": 360,
        "f1": 0.8074534161490683,
        "precision": 0.8242753623188406,
        "recall": 0.7913043478260869
    },
    "StartDate": {
        "tp": 3614,
        "fp": 715,
        "fn": 1417,
        "f1": 0.7722222222222221,
        "precision": 0.8348348348348348,
        "recall": 0.7183462532299741
    },
    "EndDate": {
        "tp": 999,
        "fp": 520,
        "fn": 511,
        "f1": 0.6596236381644107,
        "precision": 0.6576695194206715,
        "recall": 0.66158940397351
    },
    "UnfrozeDate": {
        "tp": 0,
        "fp": 0,
        "fn": 18,
        "f1": 0,
        "precision": 0,
        "recall": 0
    },
    "CompanyName": {
        "tp": 9891,
        "fp": 447,
        "fn": 191,
        "f1": 0.9687561214495594,
        "precision": 0.956761462565293,
        "recall": 0.9810553461614759
    },
    "HighestTradingPrice": {
        "tp": 1426,
        "fp": 505,
        "fn": 198,
        "f1": 0.8022503516174402,
        "precision": 0.7384774728120145,
        "recall": 0.8780788177339901
    },
    "LowestTradingPrice": {
        "tp": 865,
        "fp": 48,
        "fn": 175,
        "f1": 0.8858166922683052,
        "precision": 0.9474260679079957,
        "recall": 0.8317307692307693
    },
    "RepurchasedShares": {
        "tp": 1488,
        "fp": 324,
        "fn": 79,
        "f1": 0.8807339449541285,
        "precision": 0.8211920529801324,
        "recall": 0.9495851946394385
    },
    "ClosingDate": {
        "tp": 1178,
        "fp": 546,
        "fn": 470,
        "f1": 0.6986951364175564,
        "precision": 0.6832946635730859,
        "recall": 0.7148058252427184
    },
    "RepurchaseAmount": {
        "tp": 1161,
        "fp": 291,
        "fn": 265,
        "f1": 0.8068102849200834,
        "precision": 0.7995867768595041,
        "recall": 0.8141654978962132
    },
    "TradedShares": {
        "tp": 762,
        "fp": 318,
        "fn": 372,
        "f1": 0.6883468834688347,
        "precision": 0.7055555555555556,
        "recall": 0.671957671957672
    },
    "LaterHoldingShares": {
        "tp": 107,
        "fp": 393,
        "fn": 314,
        "f1": 0.23235613463626492,
        "precision": 0.214,
        "recall": 0.25415676959619954
    },
    "AveragePrice": {
        "tp": 192,
        "fp": 43,
        "fn": 17,
        "f1": 0.8648648648648648,
        "precision": 0.8170212765957446,
        "recall": 0.9186602870813397
    },
    "Pledger": {
        "tp": 0,
        "fp": 0,
        "fn": 0,
        "f1": 0,
        "precision": 0,
        "recall": 0
    },
    "PledgedShares": {
        "tp": 2475,
        "fp": 910,
        "fn": 396,
        "f1": 0.7912404092071611,
        "precision": 0.7311669128508124,
        "recall": 0.8620689655172413
    },
    "Pledgee": {
        "tp": 1975,
        "fp": 173,
        "fn": 157,
        "f1": 0.9228971962616822,
        "precision": 0.9194599627560521,
        "recall": 0.9263602251407129
    },
    "TotalPledgedShares": {
        "tp": 1080,
        "fp": 352,
        "fn": 290,
        "f1": 0.770877944325482,
        "precision": 0.7541899441340782,
        "recall": 0.7883211678832117
    },
    "ReleasedDate": {
        "tp": 467,
        "fp": 462,
        "fn": 294,
        "f1": 0.5526627218934911,
        "precision": 0.5026910656620022,
        "recall": 0.6136662286465178
    },
    "StockCode": {
        "tp": 3229,
        "fp": 18,
        "fn": 19,
        "f1": 0.9943033102386452,
        "precision": 0.9944564213119803,
        "recall": 0.9941502463054187
    },
    "StockAbbr": {
        "tp": 4407,
        "fp": 787,
        "fn": 688,
        "f1": 0.8566430168140733,
        "precision": 0.8484790142472083,
        "recall": 0.8649656526005888
    },
    "precision": 0.8313288763986105,
    "recall": 0.8583735851777089,
    "micro_f1": 0.8446347973362418,
    "macro_f1": 0.7048946629304115
}