{
    "EquityHolder": {
        "tp": 7347,
        "fp": 812,
        "fn": 2266,
        "f1": 0.8268062120189061,
        "precision": 0.900477999754872,
        "recall": 0.7642775408301259
    },
    "FrozeShares": {
        "tp": 56,
        "fp": 60,
        "fn": 242,
        "f1": 0.2705314009661836,
        "precision": 0.4827586206896552,
        "recall": 0.18791946308724833
    },
    "LegalInstitution": {
        "tp": 449,
        "fp": 57,
        "fn": 53,
        "f1": 0.8908730158730158,
        "precision": 0.8873517786561265,
        "recall": 0.8944223107569721
    },
    "TotalHoldingShares": {
        "tp": 1795,
        "fp": 711,
        "fn": 364,
        "f1": 0.769560557341908,
        "precision": 0.7162809257781325,
        "recall": 0.8314034275127373
    },
    "TotalHoldingRatio": {
        "tp": 1342,
        "fp": 200,
        "fn": 383,
        "f1": 0.8215488215488216,
        "precision": 0.8702983138780804,
        "recall": 0.7779710144927536
    },
    "StartDate": {
        "tp": 3818,
        "fp": 1486,
        "fn": 1213,
        "f1": 0.7388485728108368,
        "precision": 0.7198340874811463,
        "recall": 0.7588948519181077
    },
    "EndDate": {
        "tp": 874,
        "fp": 368,
        "fn": 636,
        "f1": 0.6351744186046512,
        "precision": 0.7037037037037037,
        "recall": 0.5788079470198676
    },
    "UnfrozeDate": {
        "tp": 5,
        "fp": 13,
        "fn": 13,
        "f1": 0.2777777777777778,
        "precision": 0.2777777777777778,
        "recall": 0.2777777777777778
    },
    "CompanyName": {
        "tp": 9690,
        "fp": 391,
        "fn": 392,
        "f1": 0.9611664930813867,
        "precision": 0.9612141652613828,
        "recall": 0.9611188256298353
    },
    "HighestTradingPrice": {
        "tp": 1290,
        "fp": 239,
        "fn": 334,
        "f1": 0.818268315889629,
        "precision": 0.8436886854153042,
        "recall": 0.7943349753694581
    },
    "LowestTradingPrice": {
        "tp": 925,
        "fp": 151,
        "fn": 115,
        "f1": 0.8742911153119092,
        "precision": 0.8596654275092936,
        "recall": 0.8894230769230769
    },
    "RepurchasedShares": {
        "tp": 1404,
        "fp": 185,
        "fn": 163,
        "f1": 0.8897338403041826,
        "precision": 0.8835745752045312,
        "recall": 0.8959795788130185
    },
    "ClosingDate": {
        "tp": 1169,
        "fp": 747,
        "fn": 479,
        "f1": 0.6560044893378226,
        "precision": 0.610125260960334,
        "recall": 0.7093446601941747
    },
    "RepurchaseAmount": {
        "tp": 1305,
        "fp": 338,
        "fn": 121,
        "f1": 0.8504398826979472,
        "precision": 0.7942787583688375,
        "recall": 0.9151472650771388
    },
    "TradedShares": {
        "tp": 805,
        "fp": 269,
        "fn": 329,
        "f1": 0.7291666666666666,
        "precision": 0.749534450651769,
        "recall": 0.7098765432098766
    },
    "LaterHoldingShares": {
        "tp": 67,
        "fp": 129,
        "fn": 354,
        "f1": 0.2171799027552674,
        "precision": 0.34183673469387754,
        "recall": 0.15914489311163896
    },
    "AveragePrice": {
        "tp": 194,
        "fp": 41,
        "fn": 15,
        "f1": 0.8738738738738738,
        "precision": 0.825531914893617,
        "recall": 0.9282296650717703
    },
    "Pledger": {
        "tp": 0,
        "fp": 0,
        "fn": 0,
        "f1": 0,
        "precision": 0,
        "recall": 0
    },
    "PledgedShares": {
        "tp": 2385,
        "fp": 843,
        "fn": 486,
        "f1": 0.7820954254795867,
        "precision": 0.7388475836431226,
        "recall": 0.8307210031347962
    },
    "Pledgee": {
        "tp": 2017,
        "fp": 226,
        "fn": 115,
        "f1": 0.9220571428571429,
        "precision": 0.8992420864913063,
        "recall": 0.9460600375234521
    },
    "TotalPledgedShares": {
        "tp": 1119,
        "fp": 374,
        "fn": 251,
        "f1": 0.7816975200838281,
        "precision": 0.7494976557267247,
        "recall": 0.8167883211678832
    },
    "ReleasedDate": {
        "tp": 489,
        "fp": 528,
        "fn": 272,
        "f1": 0.5500562429696289,
        "precision": 0.4808259587020649,
        "recall": 0.6425755584756899
    },
    "StockCode": {
        "tp": 3235,
        "fp": 21,
        "fn": 13,
        "f1": 0.9947724477244771,
        "precision": 0.9935503685503686,
        "recall": 0.9959975369458128
    },
    "StockAbbr": {
        "tp": 4138,
        "fp": 563,
        "fn": 957,
        "f1": 0.8448346263781135,
        "precision": 0.8802382471814507,
        "recall": 0.8121687929342493
    },
    "precision": 0.8399122004755808,
    "recall": 0.8275899358373585,
    "micro_f1": 0.8337055395174029,
    "macro_f1": 0.7073649484313983
}