{
    "EquityHolder": {
        "tp": 8385,
        "fp": 1571,
        "fn": 1228,
        "f1": 0.8569676529204354,
        "precision": 0.8422057051024507,
        "recall": 0.8722563195672527
    },
    "FrozeShares": {
        "tp": 159,
        "fp": 193,
        "fn": 139,
        "f1": 0.4892307692307692,
        "precision": 0.45170454545454547,
        "recall": 0.5335570469798657
    },
    "LegalInstitution": {
        "tp": 446,
        "fp": 51,
        "fn": 56,
        "f1": 0.8928928928928929,
        "precision": 0.89738430583501,
        "recall": 0.8884462151394422
    },
    "TotalHoldingShares": {
        "tp": 1722,
        "fp": 744,
        "fn": 437,
        "f1": 0.7446486486486487,
        "precision": 0.6982968369829684,
        "recall": 0.7975914775358962
    },
    "TotalHoldingRatio": {
        "tp": 1368,
        "fp": 268,
        "fn": 357,
        "f1": 0.8140434394525439,
        "precision": 0.8361858190709046,
        "recall": 0.7930434782608695
    },
    "StartDate": {
        "tp": 3597,
        "fp": 1006,
        "fn": 1434,
        "f1": 0.7467303300809631,
        "precision": 0.7814468824679557,
        "recall": 0.7149672033392963
    },
    "EndDate": {
        "tp": 990,
        "fp": 540,
        "fn": 520,
        "f1": 0.6513157894736843,
        "precision": 0.6470588235294118,
        "recall": 0.6556291390728477
    },
    "UnfrozeDate": {
        "tp": 3,
        "fp": 17,
        "fn": 15,
        "f1": 0.15789473684210525,
        "precision": 0.15,
        "recall": 0.16666666666666666
    },
    "CompanyName": {
        "tp": 9722,
        "fp": 356,
        "fn": 360,
        "f1": 0.9644841269841269,
        "precision": 0.9646755308592975,
        "recall": 0.964292799047808
    },
    "HighestTradingPrice": {
        "tp": 1419,
        "fp": 245,
        "fn": 205,
        "f1": 0.8631386861313869,
        "precision": 0.8527644230769231,
        "recall": 0.8737684729064039
    },
    "LowestTradingPrice": {
        "tp": 931,
        "fp": 92,
        "fn": 109,
        "f1": 0.9025690741638391,
        "precision": 0.9100684261974584,
        "recall": 0.8951923076923077
    },
    "RepurchasedShares": {
        "tp": 1327,
        "fp": 165,
        "fn": 240,
        "f1": 0.8676037920889179,
        "precision": 0.8894101876675603,
        "recall": 0.8468410976388002
    },
    "ClosingDate": {
        "tp": 956,
        "fp": 355,
        "fn": 692,
        "f1": 0.6461642446772559,
        "precision": 0.7292143401983219,
        "recall": 0.5800970873786407
    },
    "RepurchaseAmount": {
        "tp": 1171,
        "fp": 443,
        "fn": 255,
        "f1": 0.7703947368421052,
        "precision": 0.7255266418835192,
        "recall": 0.8211781206171108
    },
    "TradedShares": {
        "tp": 789,
        "fp": 284,
        "fn": 345,
        "f1": 0.7149977344811963,
        "precision": 0.7353215284249767,
        "recall": 0.6957671957671958
    },
    "LaterHoldingShares": {
        "tp": 81,
        "fp": 277,
        "fn": 340,
        "f1": 0.20795892169448013,
        "precision": 0.22625698324022347,
        "recall": 0.19239904988123516
    },
    "AveragePrice": {
        "tp": 197,
        "fp": 53,
        "fn": 12,
        "f1": 0.8583877995642702,
        "precision": 0.788,
        "recall": 0.9425837320574163
    },
    "Pledger": {
        "tp": 0,
        "fp": 0,
        "fn": 0,
        "f1": 0,
        "precision": 0,
        "recall": 0
    },
    "PledgedShares": {
        "tp": 2388,
        "fp": 900,
        "fn": 483,
        "f1": 0.7754505601558693,
        "precision": 0.7262773722627737,
        "recall": 0.831765935214211
    },
    "Pledgee": {
        "tp": 2035,
        "fp": 183,
        "fn": 97,
        "f1": 0.935632183908046,
        "precision": 0.9174932371505861,
        "recall": 0.9545028142589118
    },
    "TotalPledgedShares": {
        "tp": 1108,
        "fp": 309,
        "fn": 262,
        "f1": 0.7951202009329027,
        "precision": 0.7819336626676077,
        "recall": 0.8087591240875912
    },
    "ReleasedDate": {
        "tp": 390,
        "fp": 406,
        "fn": 371,
        "f1": 0.5009633911368014,
        "precision": 0.4899497487437186,
        "recall": 0.5124835742444153
    },
    "StockCode": {
        "tp": 3235,
        "fp": 13,
        "fn": 13,
        "f1": 0.9959975369458128,
        "precision": 0.9959975369458128,
        "recall": 0.9959975369458128
    },
    "StockAbbr": {
        "tp": 4204,
        "fp": 731,
        "fn": 891,
        "f1": 0.838285144566301,
        "precision": 0.8518743667679838,
        "recall": 0.8251226692836113
    },
    "precision": 0.8351634572324228,
    "recall": 0.8402963016365078,
    "micro_f1": 0.8377220170875671,
    "macro_f1": 0.7079530164089728
}