{
    "EquityHolder": {
        "tp": 8572,
        "fp": 1508,
        "fn": 1041,
        "f1": 0.8705631442644595,
        "precision": 0.8503968253968254,
        "recall": 0.8917091438676792
    },
    "FrozeShares": {
        "tp": 110,
        "fp": 115,
        "fn": 188,
        "f1": 0.42065009560229444,
        "precision": 0.4888888888888889,
        "recall": 0.3691275167785235
    },
    "LegalInstitution": {
        "tp": 433,
        "fp": 56,
        "fn": 69,
        "f1": 0.8738647830474268,
        "precision": 0.885480572597137,
        "recall": 0.8625498007968128
    },
    "TotalHoldingShares": {
        "tp": 1711,
        "fp": 617,
        "fn": 448,
        "f1": 0.7626476487630933,
        "precision": 0.7349656357388317,
        "recall": 0.7924965261695229
    },
    "TotalHoldingRatio": {
        "tp": 1447,
        "fp": 390,
        "fn": 278,
        "f1": 0.8124649073554182,
        "precision": 0.7876973326075123,
        "recall": 0.8388405797101449
    },
    "StartDate": {
        "tp": 4019,
        "fp": 1417,
        "fn": 1012,
        "f1": 0.7679373268367249,
        "precision": 0.7393303899926417,
        "recall": 0.7988471476843569
    },
    "EndDate": {
        "tp": 1005,
        "fp": 475,
        "fn": 505,
        "f1": 0.6722408026755852,
        "precision": 0.6790540540540541,
        "recall": 0.6655629139072847
    },
    "UnfrozeDate": {
        "tp": 7,
        "fp": 13,
        "fn": 11,
        "f1": 0.36842105263157887,
        "precision": 0.35,
        "recall": 0.3888888888888889
    },
    "CompanyName": {
        "tp": 9477,
        "fp": 373,
        "fn": 605,
        "f1": 0.9509331727874775,
        "precision": 0.9621319796954315,
        "recall": 0.939992065066455
    },
    "HighestTradingPrice": {
        "tp": 1299,
        "fp": 274,
        "fn": 325,
        "f1": 0.8126368470441038,
        "precision": 0.8258105530832803,
        "recall": 0.7998768472906403
    },
    "LowestTradingPrice": {
        "tp": 939,
        "fp": 199,
        "fn": 101,
        "f1": 0.862258953168044,
        "precision": 0.8251318101933216,
        "recall": 0.9028846153846154
    },
    "RepurchasedShares": {
        "tp": 1314,
        "fp": 258,
        "fn": 253,
        "f1": 0.8372093023255813,
        "precision": 0.8358778625954199,
        "recall": 0.8385449904275686
    },
    "ClosingDate": {
        "tp": 1054,
        "fp": 453,
        "fn": 594,
        "f1": 0.6681458003169573,
        "precision": 0.6994027869940279,
        "recall": 0.6395631067961165
    },
    "RepurchaseAmount": {
        "tp": 1119,
        "fp": 230,
        "fn": 307,
        "f1": 0.8064864864864865,
        "precision": 0.8295033358042995,
        "recall": 0.7847124824684432
    },
    "TradedShares": {
        "tp": 858,
        "fp": 348,
        "fn": 276,
        "f1": 0.7333333333333334,
        "precision": 0.7114427860696517,
        "recall": 0.7566137566137566
    },
    "LaterHoldingShares": {
        "tp": 85,
        "fp": 241,
        "fn": 336,
        "f1": 0.22757697456492637,
        "precision": 0.2607361963190184,
        "recall": 0.20190023752969122
    },
    "AveragePrice": {
        "tp": 202,
        "fp": 32,
        "fn": 7,
        "f1": 0.9119638826185102,
        "precision": 0.8632478632478633,
        "recall": 0.9665071770334929
    },
    "Pledger": {
        "tp": 0,
        "fp": 0,
        "fn": 0,
        "f1": 0,
        "precision": 0,
        "recall": 0
    },
    "PledgedShares": {
        "tp": 2332,
        "fp": 798,
        "fn": 539,
        "f1": 0.7772037993667722,
        "precision": 0.7450479233226837,
        "recall": 0.8122605363984674
    },
    "Pledgee": {
        "tp": 1941,
        "fp": 135,
        "fn": 191,
        "f1": 0.9225285171102662,
        "precision": 0.934971098265896,
        "recall": 0.9104127579737336
    },
    "TotalPledgedShares": {
        "tp": 1161,
        "fp": 575,
        "fn": 209,
        "f1": 0.7475853187379266,
        "precision": 0.668778801843318,
        "recall": 0.8474452554744526
    },
    "ReleasedDate": {
        "tp": 423,
        "fp": 249,
        "fn": 338,
        "f1": 0.5903698534542917,
        "precision": 0.6294642857142857,
        "recall": 0.5558475689881734
    },
    "StockCode": {
        "tp": 3234,
        "fp": 17,
        "fn": 14,
        "f1": 0.99523003539006,
        "precision": 0.994770839741618,
        "recall": 0.9956896551724138
    },
    "StockAbbr": {
        "tp": 3973,
        "fp": 421,
        "fn": 1122,
        "f1": 0.8373906628728,
        "precision": 0.9041875284478835,
        "recall": 0.7797841020608439
    },
    "precision": 0.8355542041531775,
    "recall": 0.8419544373152621,
    "micro_f1": 0.838742111263724,
    "macro_f1": 0.7179017791980883
}