{
    "EquityHolder": {
        "tp": 8664,
        "fp": 1743,
        "fn": 1175,
        "f1": 0.8558727649906155,
        "precision": 0.8325165753819544,
        "recall": 0.8805772944404919
    },
    "FrozeShares": {
        "tp": 0,
        "fp": 0,
        "fn": 349,
        "f1": 0,
        "precision": 0,
        "recall": 0
    },
    "LegalInstitution": {
        "tp": 520,
        "fp": 60,
        "fn": 46,
        "f1": 0.9075043630017452,
        "precision": 0.896551724137931,
        "recall": 0.9187279151943463
    },
    "TotalHoldingShares": {
        "tp": 1632,
        "fp": 502,
        "fn": 569,
        "f1": 0.7529411764705882,
        "precision": 0.7647610121836926,
        "recall": 0.7414811449341209
    },
    "TotalHoldingRatio": {
        "tp": 1554,
        "fp": 542,
        "fn": 216,
        "f1": 0.8039317123642008,
        "precision": 0.7414122137404581,
        "recall": 0.8779661016949153
    },
    "StartDate": {
        "tp": 3809,
        "fp": 1696,
        "fn": 1456,
        "f1": 0.7073351903435469,
        "precision": 0.6919164396003633,
        "recall": 0.7234567901234568
    },
    "EndDate": {
        "tp": 1089,
        "fp": 431,
        "fn": 554,
        "f1": 0.6885867846980714,
        "precision": 0.7164473684210526,
        "recall": 0.6628119293974437
    },
    "UnfrozeDate": {
        "tp": 0,
        "fp": 0,
        "fn": 18,
        "f1": 0,
        "precision": 0,
        "recall": 0
    },
    "CompanyName": {
        "tp": 10073,
        "fp": 280,
        "fn": 100,
        "f1": 0.9814868946701745,
        "precision": 0.9729546991210277,
        "recall": 0.9901700579966578
    },
    "HighestTradingPrice": {
        "tp": 1646,
        "fp": 1269,
        "fn": 228,
        "f1": 0.6874086448110253,
        "precision": 0.5646655231560892,
        "recall": 0.8783351120597652
    },
    "LowestTradingPrice": {
        "tp": 0,
        "fp": 0,
        "fn": 1071,
        "f1": 0,
        "precision": 0,
        "recall": 0
    },
    "RepurchasedShares": {
        "tp": 714,
        "fp": 312,
        "fn": 961,
        "f1": 0.5286930766382822,
        "precision": 0.695906432748538,
        "recall": 0.4262686567164179
    },
    "ClosingDate": {
        "tp": 5,
        "fp": 374,
        "fn": 1693,
        "f1": 0.004814636494944633,
        "precision": 0.013192612137203167,
        "recall": 0.002944640753828033
    },
    "RepurchaseAmount": {
        "tp": 1503,
        "fp": 475,
        "fn": 50,
        "f1": 0.8513169073916736,
        "precision": 0.7598584428715874,
        "recall": 0.9678042498390212
    },
    "TradedShares": {
        "tp": 1052,
        "fp": 537,
        "fn": 215,
        "f1": 0.7366946778711484,
        "precision": 0.6620516047828823,
        "recall": 0.8303078137332282
    },
    "LaterHoldingShares": {
        "tp": 0,
        "fp": 0,
        "fn": 441,
        "f1": 0,
        "precision": 0,
        "recall": 0
    },
    "AveragePrice": {
        "tp": 206,
        "fp": 52,
        "fn": 8,
        "f1": 0.8728813559322033,
        "precision": 0.7984496124031008,
        "recall": 0.9626168224299065
    },
    "Pledger": {
        "tp": 0,
        "fp": 0,
        "fn": 0,
        "f1": 0,
        "precision": 0,
        "recall": 0
    },
    "PledgedShares": {
        "tp": 2812,
        "fp": 1186,
        "fn": 212,
        "f1": 0.8009114212475078,
        "precision": 0.7033516758379189,
        "recall": 0.9298941798941799
    },
    "Pledgee": {
        "tp": 2157,
        "fp": 290,
        "fn": 63,
        "f1": 0.924362545532462,
        "precision": 0.8814875357580712,
        "recall": 0.9716216216216216
    },
    "TotalPledgedShares": {
        "tp": 1183,
        "fp": 417,
        "fn": 213,
        "f1": 0.7897196261682242,
        "precision": 0.739375,
        "recall": 0.8474212034383954
    },
    "ReleasedDate": {
        "tp": 539,
        "fp": 605,
        "fn": 242,
        "f1": 0.5599999999999999,
        "precision": 0.47115384615384615,
        "recall": 0.6901408450704225
    },
    "StockCode": {
        "tp": 3238,
        "fp": 22,
        "fn": 13,
        "f1": 0.9946244816464445,
        "precision": 0.9932515337423313,
        "recall": 0.996001230390649
    },
    "StockAbbr": {
        "tp": 4352,
        "fp": 576,
        "fn": 837,
        "f1": 0.8603340911337353,
        "precision": 0.8831168831168831,
        "recall": 0.8386972441703604
    },
    "precision": 0.8043773766711978,
    "recall": 0.8133198789101918,
    "micro_f1": 0.8088239110688179,
    "macro_f1": 0.5962258479752748
}