{
    "EquityHolder": {
        "tp": 9157,
        "fp": 1712,
        "fn": 682,
        "f1": 0.8843925053119568,
        "precision": 0.842487809366087,
        "recall": 0.9306840126029068
    },
    "FrozeShares": {
        "tp": 46,
        "fp": 195,
        "fn": 303,
        "f1": 0.1559322033898305,
        "precision": 0.1908713692946058,
        "recall": 0.1318051575931232
    },
    "LegalInstitution": {
        "tp": 504,
        "fp": 95,
        "fn": 62,
        "f1": 0.865236051502146,
        "precision": 0.8414023372287145,
        "recall": 0.8904593639575972
    },
    "TotalHoldingShares": {
        "tp": 1819,
        "fp": 543,
        "fn": 382,
        "f1": 0.797282489590182,
        "precision": 0.7701100762066045,
        "recall": 0.8264425261244889
    },
    "TotalHoldingRatio": {
        "tp": 1511,
        "fp": 519,
        "fn": 259,
        "f1": 0.7952631578947369,
        "precision": 0.7443349753694581,
        "recall": 0.8536723163841808
    },
    "StartDate": {
        "tp": 3986,
        "fp": 851,
        "fn": 1279,
        "f1": 0.789150663235003,
        "precision": 0.8240645027909862,
        "recall": 0.7570750237416904
    },
    "EndDate": {
        "tp": 1086,
        "fp": 430,
        "fn": 557,
        "f1": 0.687559354226021,
        "precision": 0.716358839050132,
        "recall": 0.6609860012172855
    },
    "UnfrozeDate": {
        "tp": 0,
        "fp": 0,
        "fn": 18,
        "f1": 0,
        "precision": 0,
        "recall": 0
    },
    "CompanyName": {
        "tp": 9812,
        "fp": 328,
        "fn": 361,
        "f1": 0.9660808349332939,
        "precision": 0.9676528599605523,
        "recall": 0.9645139093679347
    },
    "HighestTradingPrice": {
        "tp": 1662,
        "fp": 316,
        "fn": 212,
        "f1": 0.8629283489096574,
        "precision": 0.840242669362993,
        "recall": 0.8868729989327642
    },
    "LowestTradingPrice": {
        "tp": 942,
        "fp": 231,
        "fn": 129,
        "f1": 0.8395721925133689,
        "precision": 0.80306905370844,
        "recall": 0.8795518207282913
    },
    "RepurchasedShares": {
        "tp": 1579,
        "fp": 331,
        "fn": 96,
        "f1": 0.8808926080892607,
        "precision": 0.8267015706806282,
        "recall": 0.9426865671641791
    },
    "ClosingDate": {
        "tp": 1374,
        "fp": 1236,
        "fn": 324,
        "f1": 0.6378830083565459,
        "precision": 0.5264367816091954,
        "recall": 0.8091872791519434
    },
    "RepurchaseAmount": {
        "tp": 1423,
        "fp": 387,
        "fn": 130,
        "f1": 0.8462682129051443,
        "precision": 0.7861878453038674,
        "recall": 0.9162910495814552
    },
    "TradedShares": {
        "tp": 953,
        "fp": 449,
        "fn": 314,
        "f1": 0.7141251405020606,
        "precision": 0.6797432239657631,
        "recall": 0.7521704814522494
    },
    "LaterHoldingShares": {
        "tp": 53,
        "fp": 157,
        "fn": 388,
        "f1": 0.16282642089093702,
        "precision": 0.2523809523809524,
        "recall": 0.12018140589569161
    },
    "AveragePrice": {
        "tp": 210,
        "fp": 56,
        "fn": 4,
        "f1": 0.875,
        "precision": 0.7894736842105263,
        "recall": 0.9813084112149533
    },
    "Pledger": {
        "tp": 0,
        "fp": 0,
        "fn": 0,
        "f1": 0,
        "precision": 0,
        "recall": 0
    },
    "PledgedShares": {
        "tp": 2646,
        "fp": 914,
        "fn": 378,
        "f1": 0.8037667071688943,
        "precision": 0.7432584269662922,
        "recall": 0.875
    },
    "Pledgee": {
        "tp": 2127,
        "fp": 208,
        "fn": 93,
        "f1": 0.9339187705817783,
        "precision": 0.9109207708779443,
        "recall": 0.9581081081081081
    },
    "TotalPledgedShares": {
        "tp": 1228,
        "fp": 593,
        "fn": 168,
        "f1": 0.763444202673298,
        "precision": 0.6743547501372872,
        "recall": 0.8796561604584527
    },
    "ReleasedDate": {
        "tp": 445,
        "fp": 271,
        "fn": 336,
        "f1": 0.5945223780895122,
        "precision": 0.6215083798882681,
        "recall": 0.5697823303457106
    },
    "StockCode": {
        "tp": 3220,
        "fp": 21,
        "fn": 31,
        "f1": 0.9919901417128774,
        "precision": 0.9935205183585313,
        "recall": 0.9904644724700092
    },
    "StockAbbr": {
        "tp": 4278,
        "fp": 845,
        "fn": 911,
        "f1": 0.8297129557796742,
        "precision": 0.8350575834471989,
        "recall": 0.8244363075737137
    },
    "precision": 0.8240629475382311,
    "recall": 0.8709593235672779,
    "micro_f1": 0.8468623918394275,
    "macro_f1": 0.6949061811773408
}