{
    "EquityHolder": {
        "tp": 8031,
        "fp": 779,
        "fn": 1808,
        "f1": 0.8612794251702505,
        "precision": 0.911577752553916,
        "recall": 0.8162414879560931
    },
    "FrozeShares": {
        "tp": 69,
        "fp": 113,
        "fn": 280,
        "f1": 0.25988700564971745,
        "precision": 0.3791208791208791,
        "recall": 0.1977077363896848
    },
    "LegalInstitution": {
        "tp": 506,
        "fp": 50,
        "fn": 60,
        "f1": 0.9019607843137255,
        "precision": 0.9100719424460432,
        "recall": 0.8939929328621908
    },
    "TotalHoldingShares": {
        "tp": 1763,
        "fp": 531,
        "fn": 438,
        "f1": 0.7844271412680757,
        "precision": 0.7685265911072363,
        "recall": 0.8009995456610631
    },
    "TotalHoldingRatio": {
        "tp": 1508,
        "fp": 213,
        "fn": 262,
        "f1": 0.8639358350042967,
        "precision": 0.8762347472399767,
        "recall": 0.8519774011299435
    },
    "StartDate": {
        "tp": 3674,
        "fp": 896,
        "fn": 1591,
        "f1": 0.7471276054905948,
        "precision": 0.8039387308533917,
        "recall": 0.6978157644824311
    },
    "EndDate": {
        "tp": 1027,
        "fp": 439,
        "fn": 616,
        "f1": 0.660662592473464,
        "precision": 0.7005457025920873,
        "recall": 0.62507608034084
    },
    "UnfrozeDate": {
        "tp": 7,
        "fp": 12,
        "fn": 11,
        "f1": 0.37837837837837834,
        "precision": 0.3684210526315789,
        "recall": 0.3888888888888889
    },
    "CompanyName": {
        "tp": 9244,
        "fp": 378,
        "fn": 929,
        "f1": 0.9339732255620106,
        "precision": 0.9607150280606942,
        "recall": 0.9086798387889512
    },
    "HighestTradingPrice": {
        "tp": 1682,
        "fp": 262,
        "fn": 192,
        "f1": 0.8810895756940806,
        "precision": 0.8652263374485597,
        "recall": 0.8975453575240128
    },
    "LowestTradingPrice": {
        "tp": 935,
        "fp": 101,
        "fn": 136,
        "f1": 0.8875177978168012,
        "precision": 0.9025096525096525,
        "recall": 0.873015873015873
    },
    "RepurchasedShares": {
        "tp": 1553,
        "fp": 232,
        "fn": 122,
        "f1": 0.8976878612716763,
        "precision": 0.8700280112044818,
        "recall": 0.9271641791044776
    },
    "ClosingDate": {
        "tp": 1146,
        "fp": 419,
        "fn": 552,
        "f1": 0.7024210848912044,
        "precision": 0.7322683706070288,
        "recall": 0.6749116607773852
    },
    "RepurchaseAmount": {
        "tp": 1420,
        "fp": 378,
        "fn": 133,
        "f1": 0.8475082065055207,
        "precision": 0.7897664071190211,
        "recall": 0.9143593045717965
    },
    "TradedShares": {
        "tp": 876,
        "fp": 318,
        "fn": 391,
        "f1": 0.7119057293783014,
        "precision": 0.7336683417085427,
        "recall": 0.691397000789266
    },
    "LaterHoldingShares": {
        "tp": 65,
        "fp": 158,
        "fn": 376,
        "f1": 0.1957831325301205,
        "precision": 0.2914798206278027,
        "recall": 0.1473922902494331
    },
    "AveragePrice": {
        "tp": 169,
        "fp": 69,
        "fn": 45,
        "f1": 0.7477876106194691,
        "precision": 0.7100840336134454,
        "recall": 0.7897196261682243
    },
    "Pledger": {
        "tp": 0,
        "fp": 0,
        "fn": 0,
        "f1": 0,
        "precision": 0,
        "recall": 0
    },
    "PledgedShares": {
        "tp": 2637,
        "fp": 808,
        "fn": 387,
        "f1": 0.8152728396970166,
        "precision": 0.7654571843251089,
        "recall": 0.8720238095238095
    },
    "Pledgee": {
        "tp": 1978,
        "fp": 188,
        "fn": 242,
        "f1": 0.9019607843137256,
        "precision": 0.9132040627885504,
        "recall": 0.890990990990991
    },
    "TotalPledgedShares": {
        "tp": 1030,
        "fp": 339,
        "fn": 366,
        "f1": 0.7450271247739602,
        "precision": 0.7523739956172388,
        "recall": 0.7378223495702005
    },
    "ReleasedDate": {
        "tp": 584,
        "fp": 780,
        "fn": 197,
        "f1": 0.5445221445221445,
        "precision": 0.4281524926686217,
        "recall": 0.7477592829705506
    },
    "StockCode": {
        "tp": 3225,
        "fp": 25,
        "fn": 26,
        "f1": 0.9921550530687587,
        "precision": 0.9923076923076923,
        "recall": 0.9920024607812981
    },
    "StockAbbr": {
        "tp": 4403,
        "fp": 506,
        "fn": 786,
        "f1": 0.8720538720538722,
        "precision": 0.896924017111428,
        "recall": 0.8485257275004818
    },
    "precision": 0.8560314087094334,
    "recall": 0.8269598803020286,
    "micro_f1": 0.8412445577147711,
    "macro_f1": 0.7139302004352985
}