{
    "EquityHolder": {
        "tp": 8531,
        "fp": 2158,
        "fn": 1308,
        "f1": 0.831157443491816,
        "precision": 0.7981102067546075,
        "recall": 0.8670596605346071
    },
    "FrozeShares": {
        "tp": 0,
        "fp": 0,
        "fn": 349,
        "f1": 0,
        "precision": 0,
        "recall": 0
    },
    "LegalInstitution": {
        "tp": 320,
        "fp": 76,
        "fn": 246,
        "f1": 0.6652806652806653,
        "precision": 0.8080808080808081,
        "recall": 0.5653710247349824
    },
    "TotalHoldingShares": {
        "tp": 1382,
        "fp": 612,
        "fn": 819,
        "f1": 0.6588796185935637,
        "precision": 0.6930792377131394,
        "recall": 0.6278964107223989
    },
    "TotalHoldingRatio": {
        "tp": 1139,
        "fp": 243,
        "fn": 631,
        "f1": 0.7227157360406091,
        "precision": 0.8241678726483358,
        "recall": 0.6435028248587571
    },
    "StartDate": {
        "tp": 4272,
        "fp": 2980,
        "fn": 993,
        "f1": 0.6825916753215626,
        "precision": 0.5890788747931605,
        "recall": 0.8113960113960114
    },
    "EndDate": {
        "tp": 732,
        "fp": 321,
        "fn": 911,
        "f1": 0.5430267062314541,
        "precision": 0.6951566951566952,
        "recall": 0.4455264759586123
    },
    "UnfrozeDate": {
        "tp": 0,
        "fp": 0,
        "fn": 18,
        "f1": 0,
        "precision": 0,
        "recall": 0
    },
    "CompanyName": {
        "tp": 9949,
        "fp": 283,
        "fn": 224,
        "f1": 0.9751531487380545,
        "precision": 0.9723416731821736,
        "recall": 0.9779809299125135
    },
    "HighestTradingPrice": {
        "tp": 1633,
        "fp": 1321,
        "fn": 241,
        "f1": 0.6764705882352942,
        "precision": 0.552809749492214,
        "recall": 0.8713980789754536
    },
    "LowestTradingPrice": {
        "tp": 0,
        "fp": 0,
        "fn": 1071,
        "f1": 0,
        "precision": 0,
        "recall": 0
    },
    "RepurchasedShares": {
        "tp": 1203,
        "fp": 94,
        "fn": 472,
        "f1": 0.8095558546433378,
        "precision": 0.9275250578257518,
        "recall": 0.7182089552238806
    },
    "ClosingDate": {
        "tp": 0,
        "fp": 0,
        "fn": 1698,
        "f1": 0,
        "precision": 0,
        "recall": 0
    },
    "RepurchaseAmount": {
        "tp": 966,
        "fp": 43,
        "fn": 587,
        "f1": 0.7540983606557377,
        "precision": 0.9573835480673935,
        "recall": 0.6220218931101095
    },
    "TradedShares": {
        "tp": 908,
        "fp": 373,
        "fn": 359,
        "f1": 0.7127158555729985,
        "precision": 0.7088212334113974,
        "recall": 0.7166535122336227
    },
    "LaterHoldingShares": {
        "tp": 0,
        "fp": 2,
        "fn": 441,
        "f1": 0,
        "precision": 0,
        "recall": 0
    },
    "AveragePrice": {
        "tp": 170,
        "fp": 77,
        "fn": 44,
        "f1": 0.737527114967462,
        "precision": 0.6882591093117408,
        "recall": 0.794392523364486
    },
    "Pledger": {
        "tp": 0,
        "fp": 0,
        "fn": 0,
        "f1": 0,
        "precision": 0,
        "recall": 0
    },
    "PledgedShares": {
        "tp": 2747,
        "fp": 1144,
        "fn": 277,
        "f1": 0.7945046999276935,
        "precision": 0.705988177846312,
        "recall": 0.9083994708994709
    },
    "Pledgee": {
        "tp": 2087,
        "fp": 251,
        "fn": 133,
        "f1": 0.9157525230364195,
        "precision": 0.8926432848588537,
        "recall": 0.94009009009009
    },
    "TotalPledgedShares": {
        "tp": 1204,
        "fp": 575,
        "fn": 192,
        "f1": 0.7584251968503938,
        "precision": 0.6767847105115233,
        "recall": 0.8624641833810889
    },
    "ReleasedDate": {
        "tp": 62,
        "fp": 52,
        "fn": 719,
        "f1": 0.13854748603351955,
        "precision": 0.543859649122807,
        "recall": 0.0793854033290653
    },
    "StockCode": {
        "tp": 3222,
        "fp": 20,
        "fn": 29,
        "f1": 0.9924534113660864,
        "precision": 0.9938309685379395,
        "recall": 0.9910796677945247
    },
    "StockAbbr": {
        "tp": 3319,
        "fp": 168,
        "fn": 1870,
        "f1": 0.7650991240202859,
        "precision": 0.9518210496128477,
        "recall": 0.6396222778955483
    },
    "precision": 0.8024671022529695,
    "recall": 0.7628309962072445,
    "micro_f1": 0.7821472212064182,
    "macro_f1": 0.5472481337086229
}