{
    "EquityHolder": {
        "tp": 8945,
        "fp": 1623,
        "fn": 894,
        "f1": 0.8766599696182683,
        "precision": 0.8464231642694928,
        "recall": 0.9091371074296168
    },
    "FrozeShares": {
        "tp": 128,
        "fp": 221,
        "fn": 221,
        "f1": 0.36676217765042984,
        "precision": 0.3667621776504298,
        "recall": 0.3667621776504298
    },
    "LegalInstitution": {
        "tp": 516,
        "fp": 81,
        "fn": 50,
        "f1": 0.8873602751504729,
        "precision": 0.864321608040201,
        "recall": 0.911660777385159
    },
    "TotalHoldingShares": {
        "tp": 1718,
        "fp": 453,
        "fn": 483,
        "f1": 0.7859103385178408,
        "precision": 0.7913403961308153,
        "recall": 0.7805542935029532
    },
    "TotalHoldingRatio": {
        "tp": 1498,
        "fp": 240,
        "fn": 272,
        "f1": 0.8540478905359179,
        "precision": 0.8619102416570771,
        "recall": 0.8463276836158192
    },
    "StartDate": {
        "tp": 3768,
        "fp": 689,
        "fn": 1497,
        "f1": 0.7751491462662004,
        "precision": 0.8454117119138433,
        "recall": 0.7156695156695156
    },
    "EndDate": {
        "tp": 1222,
        "fp": 495,
        "fn": 421,
        "f1": 0.7273809523809525,
        "precision": 0.7117064647641235,
        "recall": 0.743761412051126
    },
    "UnfrozeDate": {
        "tp": 0,
        "fp": 1,
        "fn": 18,
        "f1": 0,
        "precision": 0,
        "recall": 0
    },
    "CompanyName": {
        "tp": 9823,
        "fp": 328,
        "fn": 350,
        "f1": 0.9666404251131667,
        "precision": 0.9676879125209339,
        "recall": 0.9655952029883024
    },
    "HighestTradingPrice": {
        "tp": 1799,
        "fp": 407,
        "fn": 75,
        "f1": 0.8818627450980392,
        "precision": 0.8155031731640979,
        "recall": 0.9599786552828175
    },
    "LowestTradingPrice": {
        "tp": 909,
        "fp": 99,
        "fn": 162,
        "f1": 0.8744588744588744,
        "precision": 0.9017857142857143,
        "recall": 0.8487394957983193
    },
    "RepurchasedShares": {
        "tp": 1631,
        "fp": 330,
        "fn": 44,
        "f1": 0.8971397139713971,
        "precision": 0.831718510963794,
        "recall": 0.9737313432835821
    },
    "ClosingDate": {
        "tp": 1094,
        "fp": 462,
        "fn": 604,
        "f1": 0.6724031960663799,
        "precision": 0.7030848329048843,
        "recall": 0.6442873969375736
    },
    "RepurchaseAmount": {
        "tp": 1275,
        "fp": 251,
        "fn": 278,
        "f1": 0.8281909710945113,
        "precision": 0.8355176933158585,
        "recall": 0.8209916291049582
    },
    "TradedShares": {
        "tp": 950,
        "fp": 341,
        "fn": 317,
        "f1": 0.7427677873338545,
        "precision": 0.7358636715724245,
        "recall": 0.749802683504341
    },
    "LaterHoldingShares": {
        "tp": 104,
        "fp": 177,
        "fn": 337,
        "f1": 0.28808864265927975,
        "precision": 0.3701067615658363,
        "recall": 0.23582766439909297
    },
    "AveragePrice": {
        "tp": 204,
        "fp": 44,
        "fn": 10,
        "f1": 0.8831168831168831,
        "precision": 0.8225806451612904,
        "recall": 0.9532710280373832
    },
    "Pledger": {
        "tp": 0,
        "fp": 0,
        "fn": 0,
        "f1": 0,
        "precision": 0,
        "recall": 0
    },
    "PledgedShares": {
        "tp": 2741,
        "fp": 942,
        "fn": 283,
        "f1": 0.8173550022364695,
        "precision": 0.7442302470811838,
        "recall": 0.906415343915344
    },
    "Pledgee": {
        "tp": 2118,
        "fp": 170,
        "fn": 102,
        "f1": 0.9396628216503994,
        "precision": 0.9256993006993007,
        "recall": 0.9540540540540541
    },
    "TotalPledgedShares": {
        "tp": 814,
        "fp": 227,
        "fn": 582,
        "f1": 0.6680344686089454,
        "precision": 0.781940441882805,
        "recall": 0.5830945558739254
    },
    "ReleasedDate": {
        "tp": 467,
        "fp": 230,
        "fn": 314,
        "f1": 0.6319350473612991,
        "precision": 0.6700143472022956,
        "recall": 0.5979513444302177
    },
    "StockCode": {
        "tp": 3234,
        "fp": 10,
        "fn": 17,
        "f1": 0.9958429561200924,
        "precision": 0.9969173859432799,
        "recall": 0.994770839741618
    },
    "StockAbbr": {
        "tp": 4589,
        "fp": 1008,
        "fn": 600,
        "f1": 0.850917856480623,
        "precision": 0.8199035197427194,
        "recall": 0.8843707843515128
    },
    "precision": 0.8487563382211868,
    "recall": 0.8620167716343644,
    "micro_f1": 0.8553351632226768,
    "macro_f1": 0.7171536725620954
}