{
    "EquityHolder": {
        "tp": 8906,
        "fp": 1817,
        "fn": 933,
        "f1": 0.866258146094738,
        "precision": 0.8305511517299263,
        "recall": 0.9051732899684928
    },
    "FrozeShares": {
        "tp": 172,
        "fp": 199,
        "fn": 177,
        "f1": 0.4777777777777778,
        "precision": 0.4636118598382749,
        "recall": 0.49283667621776506
    },
    "LegalInstitution": {
        "tp": 506,
        "fp": 53,
        "fn": 60,
        "f1": 0.8995555555555557,
        "precision": 0.9051878354203936,
        "recall": 0.8939929328621908
    },
    "TotalHoldingShares": {
        "tp": 1799,
        "fp": 486,
        "fn": 402,
        "f1": 0.80205082478823,
        "precision": 0.787308533916849,
        "recall": 0.8173557473875511
    },
    "TotalHoldingRatio": {
        "tp": 1516,
        "fp": 271,
        "fn": 254,
        "f1": 0.8524037109924094,
        "precision": 0.8483491885842194,
        "recall": 0.8564971751412429
    },
    "StartDate": {
        "tp": 4051,
        "fp": 1333,
        "fn": 1214,
        "f1": 0.7608226124518734,
        "precision": 0.7524145616641902,
        "recall": 0.7694207027540361
    },
    "EndDate": {
        "tp": 1238,
        "fp": 605,
        "fn": 405,
        "f1": 0.7102696500286861,
        "precision": 0.6717308735756918,
        "recall": 0.7534996956786366
    },
    "UnfrozeDate": {
        "tp": 13,
        "fp": 46,
        "fn": 5,
        "f1": 0.33766233766233766,
        "precision": 0.22033898305084745,
        "recall": 0.7222222222222222
    },
    "CompanyName": {
        "tp": 9577,
        "fp": 510,
        "fn": 596,
        "f1": 0.9454096742349457,
        "precision": 0.9494398731039952,
        "recall": 0.9414135456600806
    },
    "HighestTradingPrice": {
        "tp": 1712,
        "fp": 305,
        "fn": 162,
        "f1": 0.8799794397327165,
        "precision": 0.8487853247397125,
        "recall": 0.9135538954108858
    },
    "LowestTradingPrice": {
        "tp": 936,
        "fp": 135,
        "fn": 135,
        "f1": 0.8739495798319328,
        "precision": 0.8739495798319328,
        "recall": 0.8739495798319328
    },
    "RepurchasedShares": {
        "tp": 1618,
        "fp": 333,
        "fn": 57,
        "f1": 0.8924434638720354,
        "precision": 0.8293182983085597,
        "recall": 0.9659701492537314
    },
    "ClosingDate": {
        "tp": 1527,
        "fp": 2149,
        "fn": 171,
        "f1": 0.5682917752139933,
        "precision": 0.41539717083786726,
        "recall": 0.8992932862190812
    },
    "RepurchaseAmount": {
        "tp": 1367,
        "fp": 347,
        "fn": 186,
        "f1": 0.8368533823079278,
        "precision": 0.7975495915985997,
        "recall": 0.8802318094011591
    },
    "TradedShares": {
        "tp": 1012,
        "fp": 428,
        "fn": 255,
        "f1": 0.7476911710380494,
        "precision": 0.7027777777777777,
        "recall": 0.7987371744277821
    },
    "LaterHoldingShares": {
        "tp": 78,
        "fp": 121,
        "fn": 363,
        "f1": 0.24375,
        "precision": 0.39195979899497485,
        "recall": 0.17687074829931973
    },
    "AveragePrice": {
        "tp": 202,
        "fp": 39,
        "fn": 12,
        "f1": 0.887912087912088,
        "precision": 0.8381742738589212,
        "recall": 0.9439252336448598
    },
    "Pledger": {
        "tp": 0,
        "fp": 0,
        "fn": 0,
        "f1": 0,
        "precision": 0,
        "recall": 0
    },
    "PledgedShares": {
        "tp": 2630,
        "fp": 925,
        "fn": 394,
        "f1": 0.7995136038911689,
        "precision": 0.739803094233474,
        "recall": 0.8697089947089947
    },
    "Pledgee": {
        "tp": 2120,
        "fp": 182,
        "fn": 100,
        "f1": 0.9376382131800088,
        "precision": 0.9209383145091226,
        "recall": 0.954954954954955
    },
    "TotalPledgedShares": {
        "tp": 957,
        "fp": 411,
        "fn": 439,
        "f1": 0.6924746743849494,
        "precision": 0.6995614035087719,
        "recall": 0.6855300859598854
    },
    "ReleasedDate": {
        "tp": 544,
        "fp": 424,
        "fn": 237,
        "f1": 0.6220697541452259,
        "precision": 0.5619834710743802,
        "recall": 0.6965428937259923
    },
    "StockCode": {
        "tp": 3239,
        "fp": 8,
        "fn": 12,
        "f1": 0.9969221298861187,
        "precision": 0.997536187249769,
        "recall": 0.9963088280529068
    },
    "StockAbbr": {
        "tp": 4448,
        "fp": 567,
        "fn": 741,
        "f1": 0.8718149745197962,
        "precision": 0.886939182452642,
        "recall": 0.8571979186741183
    },
    "precision": 0.8109663444440852,
    "recall": 0.8728209053898883,
    "micro_f1": 0.8407574995810289,
    "macro_f1": 0.7293131058126066
}