{
    "EquityHolder": {
        "tp": 7767,
        "fp": 1231,
        "fn": 1846,
        "f1": 0.8346676696577293,
        "precision": 0.8631918204045343,
        "recall": 0.807968376157287
    },
    "FrozeShares": {
        "tp": 96,
        "fp": 81,
        "fn": 202,
        "f1": 0.4042105263157894,
        "precision": 0.5423728813559322,
        "recall": 0.3221476510067114
    },
    "LegalInstitution": {
        "tp": 431,
        "fp": 76,
        "fn": 71,
        "f1": 0.8543111992071358,
        "precision": 0.8500986193293886,
        "recall": 0.8585657370517928
    },
    "TotalHoldingShares": {
        "tp": 1633,
        "fp": 306,
        "fn": 526,
        "f1": 0.7969741337237677,
        "precision": 0.8421866941722538,
        "recall": 0.7563686892079666
    },
    "TotalHoldingRatio": {
        "tp": 1397,
        "fp": 197,
        "fn": 328,
        "f1": 0.8418198252485688,
        "precision": 0.8764115432873275,
        "recall": 0.8098550724637681
    },
    "StartDate": {
        "tp": 3644,
        "fp": 1355,
        "fn": 1387,
        "f1": 0.7266201395812562,
        "precision": 0.7289457891578316,
        "recall": 0.7243092824488173
    },
    "EndDate": {
        "tp": 693,
        "fp": 324,
        "fn": 817,
        "f1": 0.5484764542936289,
        "precision": 0.6814159292035398,
        "recall": 0.4589403973509934
    },
    "UnfrozeDate": {
        "tp": 5,
        "fp": 17,
        "fn": 13,
        "f1": 0.25,
        "precision": 0.22727272727272727,
        "recall": 0.2777777777777778
    },
    "CompanyName": {
        "tp": 9472,
        "fp": 225,
        "fn": 610,
        "f1": 0.9577835077607564,
        "precision": 0.976796947509539,
        "recall": 0.9394961317198969
    },
    "HighestTradingPrice": {
        "tp": 1519,
        "fp": 337,
        "fn": 105,
        "f1": 0.8729885057471264,
        "precision": 0.818426724137931,
        "recall": 0.9353448275862069
    },
    "LowestTradingPrice": {
        "tp": 924,
        "fp": 72,
        "fn": 116,
        "f1": 0.9076620825147347,
        "precision": 0.927710843373494,
        "recall": 0.8884615384615384
    },
    "RepurchasedShares": {
        "tp": 1442,
        "fp": 264,
        "fn": 125,
        "f1": 0.8811487931561258,
        "precision": 0.8452520515826495,
        "recall": 0.9202297383535418
    },
    "ClosingDate": {
        "tp": 679,
        "fp": 318,
        "fn": 969,
        "f1": 0.5134215500945178,
        "precision": 0.6810431293881645,
        "recall": 0.41201456310679613
    },
    "RepurchaseAmount": {
        "tp": 1219,
        "fp": 303,
        "fn": 207,
        "f1": 0.8270013568521032,
        "precision": 0.8009198423127464,
        "recall": 0.8548387096774194
    },
    "TradedShares": {
        "tp": 801,
        "fp": 277,
        "fn": 333,
        "f1": 0.7242314647377939,
        "precision": 0.7430426716141002,
        "recall": 0.7063492063492064
    },
    "LaterHoldingShares": {
        "tp": 78,
        "fp": 128,
        "fn": 343,
        "f1": 0.2488038277511962,
        "precision": 0.3786407766990291,
        "recall": 0.18527315914489312
    },
    "AveragePrice": {
        "tp": 193,
        "fp": 57,
        "fn": 16,
        "f1": 0.840958605664488,
        "precision": 0.772,
        "recall": 0.9234449760765551
    },
    "Pledger": {
        "tp": 0,
        "fp": 0,
        "fn": 0,
        "f1": 0,
        "precision": 0,
        "recall": 0
    },
    "PledgedShares": {
        "tp": 2364,
        "fp": 893,
        "fn": 507,
        "f1": 0.7715404699738905,
        "precision": 0.7258213079521032,
        "recall": 0.8234064785788924
    },
    "Pledgee": {
        "tp": 1957,
        "fp": 194,
        "fn": 175,
        "f1": 0.9138454354424469,
        "precision": 0.909809390980939,
        "recall": 0.9179174484052532
    },
    "TotalPledgedShares": {
        "tp": 948,
        "fp": 310,
        "fn": 422,
        "f1": 0.7214611872146119,
        "precision": 0.753577106518283,
        "recall": 0.691970802919708
    },
    "ReleasedDate": {
        "tp": 435,
        "fp": 377,
        "fn": 326,
        "f1": 0.5530832803560076,
        "precision": 0.5357142857142857,
        "recall": 0.5716162943495401
    },
    "StockCode": {
        "tp": 3220,
        "fp": 10,
        "fn": 28,
        "f1": 0.994133991972831,
        "precision": 0.9969040247678018,
        "recall": 0.9913793103448276
    },
    "StockAbbr": {
        "tp": 3968,
        "fp": 514,
        "fn": 1127,
        "f1": 0.8286519786989663,
        "precision": 0.8853190539937528,
        "recall": 0.7788027477919529
    },
    "precision": 0.8508843434247692,
    "recall": 0.8089719558791724,
    "micro_f1": 0.829398992932046,
    "macro_f1": 0.7005748327485612
}