{
    "EquityHolder": {
        "tp": 7773,
        "fp": 1367,
        "fn": 1840,
        "f1": 0.8289873620220765,
        "precision": 0.850437636761488,
        "recall": 0.808592530947675
    },
    "FrozeShares": {
        "tp": 146,
        "fp": 162,
        "fn": 152,
        "f1": 0.4818481848184818,
        "precision": 0.474025974025974,
        "recall": 0.4899328859060403
    },
    "LegalInstitution": {
        "tp": 438,
        "fp": 94,
        "fn": 64,
        "f1": 0.8471953578336557,
        "precision": 0.8233082706766918,
        "recall": 0.8725099601593626
    },
    "TotalHoldingShares": {
        "tp": 1708,
        "fp": 494,
        "fn": 451,
        "f1": 0.7833065810593902,
        "precision": 0.7756584922797457,
        "recall": 0.7911069939786939
    },
    "TotalHoldingRatio": {
        "tp": 1412,
        "fp": 215,
        "fn": 313,
        "f1": 0.8424821002386635,
        "precision": 0.8678549477566072,
        "recall": 0.8185507246376812
    },
    "StartDate": {
        "tp": 3716,
        "fp": 1369,
        "fn": 1315,
        "f1": 0.7346777382364571,
        "precision": 0.7307767944936087,
        "recall": 0.7386205525740409
    },
    "EndDate": {
        "tp": 919,
        "fp": 519,
        "fn": 591,
        "f1": 0.6234735413839891,
        "precision": 0.6390820584144645,
        "recall": 0.6086092715231788
    },
    "UnfrozeDate": {
        "tp": 5,
        "fp": 18,
        "fn": 13,
        "f1": 0.24390243902439024,
        "precision": 0.21739130434782608,
        "recall": 0.2777777777777778
    },
    "CompanyName": {
        "tp": 9116,
        "fp": 214,
        "fn": 966,
        "f1": 0.9392128580259633,
        "precision": 0.9770632368703108,
        "recall": 0.9041856774449514
    },
    "HighestTradingPrice": {
        "tp": 897,
        "fp": 486,
        "fn": 727,
        "f1": 0.5966079148653143,
        "precision": 0.648590021691974,
        "recall": 0.5523399014778325
    },
    "LowestTradingPrice": {
        "tp": 950,
        "fp": 221,
        "fn": 90,
        "f1": 0.8593396653098145,
        "precision": 0.8112724167378309,
        "recall": 0.9134615384615384
    },
    "RepurchasedShares": {
        "tp": 1448,
        "fp": 235,
        "fn": 119,
        "f1": 0.8910769230769231,
        "precision": 0.8603683897801545,
        "recall": 0.9240587109125717
    },
    "ClosingDate": {
        "tp": 925,
        "fp": 496,
        "fn": 723,
        "f1": 0.6028022157054415,
        "precision": 0.6509500351864884,
        "recall": 0.5612864077669902
    },
    "RepurchaseAmount": {
        "tp": 1081,
        "fp": 312,
        "fn": 345,
        "f1": 0.7669386307201135,
        "precision": 0.7760229720028715,
        "recall": 0.7580645161290323
    },
    "TradedShares": {
        "tp": 845,
        "fp": 359,
        "fn": 289,
        "f1": 0.7228400342172797,
        "precision": 0.7018272425249169,
        "recall": 0.7451499118165785
    },
    "LaterHoldingShares": {
        "tp": 27,
        "fp": 66,
        "fn": 394,
        "f1": 0.10505836575875487,
        "precision": 0.2903225806451613,
        "recall": 0.06413301662707839
    },
    "AveragePrice": {
        "tp": 192,
        "fp": 46,
        "fn": 17,
        "f1": 0.8590604026845637,
        "precision": 0.8067226890756303,
        "recall": 0.9186602870813397
    },
    "Pledger": {
        "tp": 0,
        "fp": 0,
        "fn": 0,
        "f1": 0,
        "precision": 0,
        "recall": 0
    },
    "PledgedShares": {
        "tp": 2168,
        "fp": 865,
        "fn": 703,
        "f1": 0.7344173441734417,
        "precision": 0.7148038245961095,
        "recall": 0.7551375827237896
    },
    "Pledgee": {
        "tp": 1935,
        "fp": 274,
        "fn": 197,
        "f1": 0.8914996544574982,
        "precision": 0.8759619737437755,
        "recall": 0.9075984990619137
    },
    "TotalPledgedShares": {
        "tp": 1092,
        "fp": 373,
        "fn": 278,
        "f1": 0.7703703703703704,
        "precision": 0.7453924914675768,
        "recall": 0.7970802919708029
    },
    "ReleasedDate": {
        "tp": 427,
        "fp": 355,
        "fn": 334,
        "f1": 0.5534672715489307,
        "precision": 0.5460358056265985,
        "recall": 0.5611038107752957
    },
    "StockCode": {
        "tp": 3231,
        "fp": 8,
        "fn": 17,
        "f1": 0.9961461384307075,
        "precision": 0.9975301018832973,
        "recall": 0.9947660098522167
    },
    "StockAbbr": {
        "tp": 3525,
        "fp": 420,
        "fn": 1570,
        "f1": 0.779867256637168,
        "precision": 0.8935361216730038,
        "recall": 0.6918547595682041
    },
    "precision": 0.8306134783922635,
    "recall": 0.7925888544445245,
    "micro_f1": 0.8111557900173387,
    "macro_f1": 0.6856074312749744
}