{
    "EquityHolder": {
        "tp": 8089,
        "fp": 1455,
        "fn": 1524,
        "f1": 0.8444954846792294,
        "precision": 0.8475481978206203,
        "recall": 0.8414646832414439
    },
    "FrozeShares": {
        "tp": 4,
        "fp": 10,
        "fn": 294,
        "f1": 0.025641025641025644,
        "precision": 0.2857142857142857,
        "recall": 0.013422818791946308
    },
    "LegalInstitution": {
        "tp": 349,
        "fp": 204,
        "fn": 153,
        "f1": 0.661611374407583,
        "precision": 0.6311030741410488,
        "recall": 0.6952191235059761
    },
    "TotalHoldingShares": {
        "tp": 1519,
        "fp": 354,
        "fn": 640,
        "f1": 0.7534722222222222,
        "precision": 0.810998398291511,
        "recall": 0.7035664659564613
    },
    "TotalHoldingRatio": {
        "tp": 1162,
        "fp": 206,
        "fn": 563,
        "f1": 0.751374070481733,
        "precision": 0.8494152046783626,
        "recall": 0.673623188405797
    },
    "StartDate": {
        "tp": 2960,
        "fp": 1225,
        "fn": 2071,
        "f1": 0.6423611111111112,
        "precision": 0.7072879330943848,
        "recall": 0.588352216259193
    },
    "EndDate": {
        "tp": 774,
        "fp": 619,
        "fn": 736,
        "f1": 0.533241474336893,
        "precision": 0.5556353194544149,
        "recall": 0.5125827814569537
    },
    "UnfrozeDate": {
        "tp": 0,
        "fp": 0,
        "fn": 18,
        "f1": 0,
        "precision": 0,
        "recall": 0
    },
    "CompanyName": {
        "tp": 9850,
        "fp": 522,
        "fn": 232,
        "f1": 0.9631367947589714,
        "precision": 0.9496721943694563,
        "recall": 0.9769886927196985
    },
    "HighestTradingPrice": {
        "tp": 1504,
        "fp": 1166,
        "fn": 120,
        "f1": 0.7005123428039124,
        "precision": 0.5632958801498127,
        "recall": 0.9261083743842364
    },
    "LowestTradingPrice": {
        "tp": 0,
        "fp": 0,
        "fn": 1040,
        "f1": 0,
        "precision": 0,
        "recall": 0
    },
    "RepurchasedShares": {
        "tp": 1331,
        "fp": 242,
        "fn": 236,
        "f1": 0.8477707006369426,
        "precision": 0.8461538461538461,
        "recall": 0.8493937460114869
    },
    "ClosingDate": {
        "tp": 653,
        "fp": 205,
        "fn": 995,
        "f1": 0.5211492418196328,
        "precision": 0.7610722610722611,
        "recall": 0.3962378640776699
    },
    "RepurchaseAmount": {
        "tp": 1060,
        "fp": 344,
        "fn": 366,
        "f1": 0.7491166077738517,
        "precision": 0.7549857549857549,
        "recall": 0.7433380084151473
    },
    "TradedShares": {
        "tp": 705,
        "fp": 227,
        "fn": 429,
        "f1": 0.6824782187802517,
        "precision": 0.7564377682403434,
        "recall": 0.6216931216931217
    },
    "LaterHoldingShares": {
        "tp": 35,
        "fp": 259,
        "fn": 386,
        "f1": 0.0979020979020979,
        "precision": 0.11904761904761904,
        "recall": 0.0831353919239905
    },
    "AveragePrice": {
        "tp": 142,
        "fp": 38,
        "fn": 67,
        "f1": 0.730077120822622,
        "precision": 0.7888888888888889,
        "recall": 0.6794258373205742
    },
    "Pledger": {
        "tp": 0,
        "fp": 0,
        "fn": 0,
        "f1": 0,
        "precision": 0,
        "recall": 0
    },
    "PledgedShares": {
        "tp": 2149,
        "fp": 1020,
        "fn": 722,
        "f1": 0.71158940397351,
        "precision": 0.6781319028084569,
        "recall": 0.7485196795541623
    },
    "Pledgee": {
        "tp": 1935,
        "fp": 318,
        "fn": 197,
        "f1": 0.8825541619156214,
        "precision": 0.8588548601864181,
        "recall": 0.9075984990619137
    },
    "TotalPledgedShares": {
        "tp": 899,
        "fp": 461,
        "fn": 471,
        "f1": 0.6586080586080585,
        "precision": 0.6610294117647059,
        "recall": 0.6562043795620438
    },
    "ReleasedDate": {
        "tp": 350,
        "fp": 278,
        "fn": 411,
        "f1": 0.503959683225342,
        "precision": 0.5573248407643312,
        "recall": 0.45992115637319314
    },
    "StockCode": {
        "tp": 3222,
        "fp": 72,
        "fn": 26,
        "f1": 0.9850198715988994,
        "precision": 0.9781420765027322,
        "recall": 0.9919950738916257
    },
    "StockAbbr": {
        "tp": 3908,
        "fp": 1705,
        "fn": 1187,
        "f1": 0.7299215539783338,
        "precision": 0.6962408694102975,
        "recall": 0.76702649656526
    },
    "precision": 0.7958154305996638,
    "recall": 0.7677889121188091,
    "micro_f1": 0.7815509934503826,
    "macro_f1": 0.5823330258949101
}