{
    "EquityHolder": {
        "tp": 6344,
        "fp": 1233,
        "fn": 3269,
        "f1": 0.7381035485747528,
        "precision": 0.8372706876072324,
        "recall": 0.6599396650369291
    },
    "FrozeShares": {
        "tp": 73,
        "fp": 71,
        "fn": 225,
        "f1": 0.33031674208144796,
        "precision": 0.5069444444444444,
        "recall": 0.24496644295302014
    },
    "LegalInstitution": {
        "tp": 437,
        "fp": 53,
        "fn": 65,
        "f1": 0.8810483870967742,
        "precision": 0.8918367346938776,
        "recall": 0.8705179282868526
    },
    "TotalHoldingShares": {
        "tp": 1698,
        "fp": 488,
        "fn": 461,
        "f1": 0.7815880322209435,
        "precision": 0.7767612076852699,
        "recall": 0.7864752200092635
    },
    "TotalHoldingRatio": {
        "tp": 1301,
        "fp": 162,
        "fn": 424,
        "f1": 0.8161856963613551,
        "precision": 0.8892686261107313,
        "recall": 0.7542028985507246
    },
    "StartDate": {
        "tp": 3364,
        "fp": 1228,
        "fn": 1667,
        "f1": 0.6991582666528109,
        "precision": 0.7325783972125436,
        "recall": 0.6686543430729477
    },
    "EndDate": {
        "tp": 805,
        "fp": 321,
        "fn": 705,
        "f1": 0.6107738998482548,
        "precision": 0.7149200710479574,
        "recall": 0.5331125827814569
    },
    "UnfrozeDate": {
        "tp": 0,
        "fp": 0,
        "fn": 18,
        "f1": 0,
        "precision": 0,
        "recall": 0
    },
    "CompanyName": {
        "tp": 9607,
        "fp": 430,
        "fn": 475,
        "f1": 0.9550176450121775,
        "precision": 0.9571585135000498,
        "recall": 0.9528863320769688
    },
    "HighestTradingPrice": {
        "tp": 1230,
        "fp": 688,
        "fn": 394,
        "f1": 0.6945228684359118,
        "precision": 0.6412930135557873,
        "recall": 0.7573891625615764
    },
    "LowestTradingPrice": {
        "tp": 590,
        "fp": 48,
        "fn": 450,
        "f1": 0.7032181168057211,
        "precision": 0.9247648902821317,
        "recall": 0.5673076923076923
    },
    "RepurchasedShares": {
        "tp": 1422,
        "fp": 238,
        "fn": 145,
        "f1": 0.8813139138518749,
        "precision": 0.8566265060240964,
        "recall": 0.9074664964901085
    },
    "ClosingDate": {
        "tp": 1207,
        "fp": 592,
        "fn": 441,
        "f1": 0.7003191180736872,
        "precision": 0.6709282934963868,
        "recall": 0.7324029126213593
    },
    "RepurchaseAmount": {
        "tp": 1113,
        "fp": 342,
        "fn": 313,
        "f1": 0.7726483859770912,
        "precision": 0.7649484536082474,
        "recall": 0.7805049088359046
    },
    "TradedShares": {
        "tp": 609,
        "fp": 129,
        "fn": 525,
        "f1": 0.6506410256410257,
        "precision": 0.8252032520325203,
        "recall": 0.5370370370370371
    },
    "LaterHoldingShares": {
        "tp": 47,
        "fp": 83,
        "fn": 374,
        "f1": 0.1705989110707804,
        "precision": 0.36153846153846153,
        "recall": 0.11163895486935867
    },
    "AveragePrice": {
        "tp": 108,
        "fp": 31,
        "fn": 101,
        "f1": 0.6206896551724138,
        "precision": 0.7769784172661871,
        "recall": 0.5167464114832536
    },
    "Pledger": {
        "tp": 0,
        "fp": 0,
        "fn": 0,
        "f1": 0,
        "precision": 0,
        "recall": 0
    },
    "PledgedShares": {
        "tp": 2280,
        "fp": 734,
        "fn": 591,
        "f1": 0.7748513169073916,
        "precision": 0.7564698075646981,
        "recall": 0.7941483803552769
    },
    "Pledgee": {
        "tp": 1792,
        "fp": 190,
        "fn": 340,
        "f1": 0.8711716091395235,
        "precision": 0.9041372351160444,
        "recall": 0.8405253283302064
    },
    "TotalPledgedShares": {
        "tp": 1079,
        "fp": 383,
        "fn": 291,
        "f1": 0.7620056497175142,
        "precision": 0.738030095759234,
        "recall": 0.7875912408759124
    },
    "ReleasedDate": {
        "tp": 447,
        "fp": 533,
        "fn": 314,
        "f1": 0.5134979896611143,
        "precision": 0.4561224489795918,
        "recall": 0.5873850197109067
    },
    "StockCode": {
        "tp": 3218,
        "fp": 9,
        "fn": 30,
        "f1": 0.9939768339768341,
        "precision": 0.9972110319181903,
        "recall": 0.9907635467980296
    },
    "StockAbbr": {
        "tp": 3500,
        "fp": 472,
        "fn": 1595,
        "f1": 0.7720304400573509,
        "precision": 0.8811681772406847,
        "recall": 0.6869479882237488
    },
    "precision": 0.8332709101303002,
    "recall": 0.7618592747458727,
    "micro_f1": 0.7959665954261719,
    "macro_f1": 0.6539032521806979
}