{
    "EquityHolder": {
        "tp": 8654,
        "fp": 1546,
        "fn": 959,
        "f1": 0.873567859486196,
        "precision": 0.8484313725490196,
        "recall": 0.9002392593363154
    },
    "FrozeShares": {
        "tp": 97,
        "fp": 97,
        "fn": 201,
        "f1": 0.3943089430894309,
        "precision": 0.5,
        "recall": 0.32550335570469796
    },
    "LegalInstitution": {
        "tp": 443,
        "fp": 67,
        "fn": 59,
        "f1": 0.875494071146245,
        "precision": 0.8686274509803922,
        "recall": 0.8824701195219123
    },
    "TotalHoldingShares": {
        "tp": 1719,
        "fp": 811,
        "fn": 440,
        "f1": 0.7332053742802304,
        "precision": 0.6794466403162055,
        "recall": 0.7962019453450672
    },
    "TotalHoldingRatio": {
        "tp": 1359,
        "fp": 340,
        "fn": 366,
        "f1": 0.7938084112149533,
        "precision": 0.7998822836962919,
        "recall": 0.7878260869565218
    },
    "StartDate": {
        "tp": 3830,
        "fp": 1263,
        "fn": 1201,
        "f1": 0.7566179375740814,
        "precision": 0.7520125662674259,
        "recall": 0.761280063605645
    },
    "EndDate": {
        "tp": 955,
        "fp": 440,
        "fn": 555,
        "f1": 0.657487091222031,
        "precision": 0.6845878136200717,
        "recall": 0.6324503311258278
    },
    "UnfrozeDate": {
        "tp": 0,
        "fp": 0,
        "fn": 18,
        "f1": 0,
        "precision": 0,
        "recall": 0
    },
    "CompanyName": {
        "tp": 9849,
        "fp": 399,
        "fn": 233,
        "f1": 0.968912936546975,
        "precision": 0.9610655737704918,
        "recall": 0.9768895060503868
    },
    "HighestTradingPrice": {
        "tp": 950,
        "fp": 1808,
        "fn": 674,
        "f1": 0.43359196713829307,
        "precision": 0.34445250181290793,
        "recall": 0.5849753694581281
    },
    "LowestTradingPrice": {
        "tp": 1,
        "fp": 0,
        "fn": 1039,
        "f1": 0.001921229586935639,
        "precision": 1.0,
        "recall": 0.0009615384615384616
    },
    "RepurchasedShares": {
        "tp": 1357,
        "fp": 251,
        "fn": 210,
        "f1": 0.8548031496062993,
        "precision": 0.8439054726368159,
        "recall": 0.8659859604339503
    },
    "ClosingDate": {
        "tp": 1250,
        "fp": 580,
        "fn": 398,
        "f1": 0.718803910293272,
        "precision": 0.6830601092896175,
        "recall": 0.758495145631068
    },
    "RepurchaseAmount": {
        "tp": 1189,
        "fp": 248,
        "fn": 237,
        "f1": 0.8305972755850507,
        "precision": 0.8274182324286709,
        "recall": 0.8338008415147266
    },
    "TradedShares": {
        "tp": 757,
        "fp": 284,
        "fn": 377,
        "f1": 0.6960919540229885,
        "precision": 0.7271853986551393,
        "recall": 0.6675485008818343
    },
    "LaterHoldingShares": {
        "tp": 31,
        "fp": 38,
        "fn": 390,
        "f1": 0.12653061224489795,
        "precision": 0.4492753623188406,
        "recall": 0.07363420427553444
    },
    "AveragePrice": {
        "tp": 204,
        "fp": 95,
        "fn": 5,
        "f1": 0.8031496062992125,
        "precision": 0.6822742474916388,
        "recall": 0.9760765550239234
    },
    "Pledger": {
        "tp": 0,
        "fp": 0,
        "fn": 0,
        "f1": 0,
        "precision": 0,
        "recall": 0
    },
    "PledgedShares": {
        "tp": 2368,
        "fp": 738,
        "fn": 503,
        "f1": 0.7923707545591434,
        "precision": 0.7623953638119768,
        "recall": 0.8247997213514455
    },
    "Pledgee": {
        "tp": 1987,
        "fp": 277,
        "fn": 145,
        "f1": 0.9040036396724295,
        "precision": 0.8776501766784452,
        "recall": 0.9319887429643527
    },
    "TotalPledgedShares": {
        "tp": 1172,
        "fp": 372,
        "fn": 198,
        "f1": 0.8043925875085793,
        "precision": 0.7590673575129534,
        "recall": 0.8554744525547445
    },
    "ReleasedDate": {
        "tp": 390,
        "fp": 272,
        "fn": 371,
        "f1": 0.5481377371749825,
        "precision": 0.5891238670694864,
        "recall": 0.5124835742444153
    },
    "StockCode": {
        "tp": 3223,
        "fp": 15,
        "fn": 25,
        "f1": 0.9938328707986431,
        "precision": 0.9953675108091414,
        "recall": 0.9923029556650246
    },
    "StockAbbr": {
        "tp": 4017,
        "fp": 657,
        "fn": 1078,
        "f1": 0.8223973794656567,
        "precision": 0.8594351732991015,
        "recall": 0.7884200196270854
    },
    "precision": 0.8120921985815602,
    "recall": 0.8254992430250162,
    "micro_f1": 0.8187408387258232,
    "macro_f1": 0.6410011374381884
}