{
    "EquityHolder": {
        "tp": 8748,
        "fp": 2787,
        "fn": 865,
        "f1": 0.827312275392472,
        "precision": 0.7583875162548764,
        "recall": 0.9100176843857276
    },
    "FrozeShares": {
        "tp": 0,
        "fp": 0,
        "fn": 298,
        "f1": 0,
        "precision": 0,
        "recall": 0
    },
    "LegalInstitution": {
        "tp": 446,
        "fp": 84,
        "fn": 56,
        "f1": 0.8643410852713178,
        "precision": 0.8415094339622642,
        "recall": 0.8884462151394422
    },
    "TotalHoldingShares": {
        "tp": 1777,
        "fp": 995,
        "fn": 382,
        "f1": 0.7207462989251674,
        "precision": 0.6410533910533911,
        "recall": 0.8230662343677628
    },
    "TotalHoldingRatio": {
        "tp": 1421,
        "fp": 677,
        "fn": 304,
        "f1": 0.7433952393408317,
        "precision": 0.6773117254528122,
        "recall": 0.823768115942029
    },
    "StartDate": {
        "tp": 3343,
        "fp": 1900,
        "fn": 1688,
        "f1": 0.6507689312828498,
        "precision": 0.6376120541674614,
        "recall": 0.6644802226197575
    },
    "EndDate": {
        "tp": 1054,
        "fp": 666,
        "fn": 456,
        "f1": 0.6526315789473685,
        "precision": 0.6127906976744186,
        "recall": 0.6980132450331126
    },
    "UnfrozeDate": {
        "tp": 0,
        "fp": 0,
        "fn": 18,
        "f1": 0,
        "precision": 0,
        "recall": 0
    },
    "CompanyName": {
        "tp": 9856,
        "fp": 415,
        "fn": 226,
        "f1": 0.9685058713703141,
        "precision": 0.9595949761464317,
        "recall": 0.9775838127355684
    },
    "HighestTradingPrice": {
        "tp": 1523,
        "fp": 1262,
        "fn": 101,
        "f1": 0.6908596053526878,
        "precision": 0.5468581687612208,
        "recall": 0.937807881773399
    },
    "LowestTradingPrice": {
        "tp": 0,
        "fp": 0,
        "fn": 1040,
        "f1": 0,
        "precision": 0,
        "recall": 0
    },
    "RepurchasedShares": {
        "tp": 1416,
        "fp": 397,
        "fn": 151,
        "f1": 0.837869822485207,
        "precision": 0.7810259238830667,
        "recall": 0.9036375239310785
    },
    "ClosingDate": {
        "tp": 1173,
        "fp": 414,
        "fn": 475,
        "f1": 0.7251931993817619,
        "precision": 0.7391304347826086,
        "recall": 0.7117718446601942
    },
    "RepurchaseAmount": {
        "tp": 694,
        "fp": 125,
        "fn": 732,
        "f1": 0.6182628062360802,
        "precision": 0.8473748473748474,
        "recall": 0.48667601683029454
    },
    "TradedShares": {
        "tp": 991,
        "fp": 916,
        "fn": 143,
        "f1": 0.6517592897073331,
        "precision": 0.5196643943366545,
        "recall": 0.8738977072310405
    },
    "LaterHoldingShares": {
        "tp": 5,
        "fp": 209,
        "fn": 416,
        "f1": 0.015748031496062992,
        "precision": 0.02336448598130841,
        "recall": 0.011876484560570071
    },
    "AveragePrice": {
        "tp": 204,
        "fp": 125,
        "fn": 5,
        "f1": 0.758364312267658,
        "precision": 0.6200607902735562,
        "recall": 0.9760765550239234
    },
    "Pledger": {
        "tp": 0,
        "fp": 0,
        "fn": 0,
        "f1": 0,
        "precision": 0,
        "recall": 0
    },
    "PledgedShares": {
        "tp": 2574,
        "fp": 1176,
        "fn": 297,
        "f1": 0.7775260534662439,
        "precision": 0.6864,
        "recall": 0.896551724137931
    },
    "Pledgee": {
        "tp": 2011,
        "fp": 319,
        "fn": 121,
        "f1": 0.9013895114298521,
        "precision": 0.8630901287553648,
        "recall": 0.9432457786116323
    },
    "TotalPledgedShares": {
        "tp": 1211,
        "fp": 568,
        "fn": 159,
        "f1": 0.7691330581136869,
        "precision": 0.6807195053400787,
        "recall": 0.8839416058394161
    },
    "ReleasedDate": {
        "tp": 463,
        "fp": 1036,
        "fn": 298,
        "f1": 0.40973451327433624,
        "precision": 0.30887258172114745,
        "recall": 0.6084099868593955
    },
    "StockCode": {
        "tp": 3237,
        "fp": 21,
        "fn": 11,
        "f1": 0.9950814632646788,
        "precision": 0.9935543278084714,
        "recall": 0.9966133004926109
    },
    "StockAbbr": {
        "tp": 4219,
        "fp": 721,
        "fn": 876,
        "f1": 0.8408570004982561,
        "precision": 0.8540485829959514,
        "recall": 0.8280667320902846
    },
    "precision": 0.7578744340378234,
    "recall": 0.8356643356643356,
    "micro_f1": 0.794870695936158,
    "macro_f1": 0.6008116644793403
}