{
    "EquityHolder": {
        "tp": 8361,
        "fp": 1639,
        "fn": 1252,
        "f1": 0.852597766787335,
        "precision": 0.8361,
        "recall": 0.8697597004057006
    },
    "FrozeShares": {
        "tp": 126,
        "fp": 160,
        "fn": 172,
        "f1": 0.4315068493150685,
        "precision": 0.4405594405594406,
        "recall": 0.4228187919463087
    },
    "LegalInstitution": {
        "tp": 449,
        "fp": 66,
        "fn": 53,
        "f1": 0.8829891838741396,
        "precision": 0.8718446601941747,
        "recall": 0.8944223107569721
    },
    "TotalHoldingShares": {
        "tp": 1757,
        "fp": 724,
        "fn": 402,
        "f1": 0.7573275862068966,
        "precision": 0.7081821846029827,
        "recall": 0.8138026864289023
    },
    "TotalHoldingRatio": {
        "tp": 1430,
        "fp": 377,
        "fn": 295,
        "f1": 0.8097395243488108,
        "precision": 0.7913669064748201,
        "recall": 0.8289855072463768
    },
    "StartDate": {
        "tp": 3672,
        "fp": 1085,
        "fn": 1359,
        "f1": 0.7503064977523498,
        "precision": 0.7719150725247005,
        "recall": 0.7298747763864043
    },
    "EndDate": {
        "tp": 1030,
        "fp": 663,
        "fn": 480,
        "f1": 0.6431470496409617,
        "precision": 0.6083874778499705,
        "recall": 0.6821192052980133
    },
    "UnfrozeDate": {
        "tp": 6,
        "fp": 12,
        "fn": 12,
        "f1": 0.3333333333333333,
        "precision": 0.3333333333333333,
        "recall": 0.3333333333333333
    },
    "CompanyName": {
        "tp": 9639,
        "fp": 517,
        "fn": 443,
        "f1": 0.952564482656389,
        "precision": 0.9490941315478535,
        "recall": 0.9560603054949415
    },
    "HighestTradingPrice": {
        "tp": 1453,
        "fp": 252,
        "fn": 171,
        "f1": 0.8729348152598378,
        "precision": 0.852199413489736,
        "recall": 0.8947044334975369
    },
    "LowestTradingPrice": {
        "tp": 940,
        "fp": 39,
        "fn": 100,
        "f1": 0.9311540366518078,
        "precision": 0.9601634320735445,
        "recall": 0.9038461538461539
    },
    "RepurchasedShares": {
        "tp": 1416,
        "fp": 254,
        "fn": 151,
        "f1": 0.8748841519925857,
        "precision": 0.8479041916167664,
        "recall": 0.9036375239310785
    },
    "ClosingDate": {
        "tp": 960,
        "fp": 614,
        "fn": 688,
        "f1": 0.5959031657355679,
        "precision": 0.6099110546378653,
        "recall": 0.5825242718446602
    },
    "RepurchaseAmount": {
        "tp": 1161,
        "fp": 422,
        "fn": 265,
        "f1": 0.7716849451645065,
        "precision": 0.7334175615919141,
        "recall": 0.8141654978962132
    },
    "TradedShares": {
        "tp": 743,
        "fp": 281,
        "fn": 391,
        "f1": 0.6886005560704356,
        "precision": 0.7255859375,
        "recall": 0.6552028218694885
    },
    "LaterHoldingShares": {
        "tp": 68,
        "fp": 321,
        "fn": 353,
        "f1": 0.1679012345679012,
        "precision": 0.17480719794344474,
        "recall": 0.16152019002375298
    },
    "AveragePrice": {
        "tp": 200,
        "fp": 60,
        "fn": 9,
        "f1": 0.8528784648187634,
        "precision": 0.7692307692307693,
        "recall": 0.9569377990430622
    },
    "Pledger": {
        "tp": 0,
        "fp": 0,
        "fn": 0,
        "f1": 0,
        "precision": 0,
        "recall": 0
    },
    "PledgedShares": {
        "tp": 2323,
        "fp": 971,
        "fn": 548,
        "f1": 0.7536090835360909,
        "precision": 0.7052216150576807,
        "recall": 0.8091257401602229
    },
    "Pledgee": {
        "tp": 2004,
        "fp": 264,
        "fn": 128,
        "f1": 0.9109090909090909,
        "precision": 0.8835978835978836,
        "recall": 0.9399624765478424
    },
    "TotalPledgedShares": {
        "tp": 1190,
        "fp": 465,
        "fn": 180,
        "f1": 0.7867768595041323,
        "precision": 0.7190332326283988,
        "recall": 0.8686131386861314
    },
    "ReleasedDate": {
        "tp": 379,
        "fp": 396,
        "fn": 382,
        "f1": 0.49348958333333337,
        "precision": 0.4890322580645161,
        "recall": 0.4980289093298292
    },
    "StockCode": {
        "tp": 3230,
        "fp": 24,
        "fn": 18,
        "f1": 0.993540449092587,
        "precision": 0.9926244622003688,
        "recall": 0.9944581280788177
    },
    "StockAbbr": {
        "tp": 4124,
        "fp": 573,
        "fn": 971,
        "f1": 0.8423202614379085,
        "precision": 0.8780072386629764,
        "recall": 0.8094210009813543
    },
    "precision": 0.8209183673469388,
    "recall": 0.8409811837646889,
    "micro_f1": 0.8308286741925145,
    "macro_f1": 0.7062541238329093
}