{
    "EquityHolder": {
        "tp": 7707,
        "fp": 2440,
        "fn": 1906,
        "f1": 0.7800607287449391,
        "precision": 0.7595348378831182,
        "recall": 0.8017268282534068
    },
    "FrozeShares": {
        "tp": 19,
        "fp": 22,
        "fn": 279,
        "f1": 0.11209439528023599,
        "precision": 0.4634146341463415,
        "recall": 0.06375838926174497
    },
    "LegalInstitution": {
        "tp": 343,
        "fp": 82,
        "fn": 159,
        "f1": 0.7400215749730312,
        "precision": 0.8070588235294117,
        "recall": 0.6832669322709163
    },
    "TotalHoldingShares": {
        "tp": 1778,
        "fp": 1099,
        "fn": 381,
        "f1": 0.7061159650516282,
        "precision": 0.6180048661800487,
        "recall": 0.8235294117647058
    },
    "TotalHoldingRatio": {
        "tp": 1409,
        "fp": 713,
        "fn": 316,
        "f1": 0.7325188458539122,
        "precision": 0.6639962299717248,
        "recall": 0.8168115942028985
    },
    "StartDate": {
        "tp": 3581,
        "fp": 1856,
        "fn": 1450,
        "f1": 0.684180359189912,
        "precision": 0.6586352768070627,
        "recall": 0.7117869210892467
    },
    "EndDate": {
        "tp": 869,
        "fp": 701,
        "fn": 641,
        "f1": 0.5642857142857143,
        "precision": 0.5535031847133758,
        "recall": 0.5754966887417219
    },
    "UnfrozeDate": {
        "tp": 0,
        "fp": 0,
        "fn": 18,
        "f1": 0,
        "precision": 0,
        "recall": 0
    },
    "CompanyName": {
        "tp": 9415,
        "fp": 514,
        "fn": 667,
        "f1": 0.9409824596471942,
        "precision": 0.9482324503978246,
        "recall": 0.9338424915691331
    },
    "HighestTradingPrice": {
        "tp": 592,
        "fp": 817,
        "fn": 1032,
        "f1": 0.3903725684141115,
        "precision": 0.4201561391057488,
        "recall": 0.3645320197044335
    },
    "LowestTradingPrice": {
        "tp": 418,
        "fp": 330,
        "fn": 622,
        "f1": 0.46756152125279643,
        "precision": 0.5588235294117647,
        "recall": 0.40192307692307694
    },
    "RepurchasedShares": {
        "tp": 707,
        "fp": 235,
        "fn": 860,
        "f1": 0.5635711438820247,
        "precision": 0.7505307855626328,
        "recall": 0.4511805998723676
    },
    "ClosingDate": {
        "tp": 929,
        "fp": 268,
        "fn": 719,
        "f1": 0.6530755711775044,
        "precision": 0.7761069340016709,
        "recall": 0.5637135922330098
    },
    "RepurchaseAmount": {
        "tp": 502,
        "fp": 351,
        "fn": 924,
        "f1": 0.44054409828872315,
        "precision": 0.5885111371629543,
        "recall": 0.3520336605890603
    },
    "TradedShares": {
        "tp": 814,
        "fp": 395,
        "fn": 320,
        "f1": 0.6948356807511737,
        "precision": 0.6732837055417701,
        "recall": 0.7178130511463845
    },
    "LaterHoldingShares": {
        "tp": 38,
        "fp": 104,
        "fn": 383,
        "f1": 0.1349911190053286,
        "precision": 0.2676056338028169,
        "recall": 0.09026128266033254
    },
    "AveragePrice": {
        "tp": 185,
        "fp": 52,
        "fn": 24,
        "f1": 0.8295964125560539,
        "precision": 0.7805907172995781,
        "recall": 0.8851674641148325
    },
    "Pledger": {
        "tp": 0,
        "fp": 0,
        "fn": 0,
        "f1": 0,
        "precision": 0,
        "recall": 0
    },
    "PledgedShares": {
        "tp": 2405,
        "fp": 1046,
        "fn": 466,
        "f1": 0.7608351787409048,
        "precision": 0.6968994494349464,
        "recall": 0.8376872169975619
    },
    "Pledgee": {
        "tp": 1871,
        "fp": 365,
        "fn": 261,
        "f1": 0.8566849816849818,
        "precision": 0.8367620751341681,
        "recall": 0.8775797373358349
    },
    "TotalPledgedShares": {
        "tp": 1081,
        "fp": 421,
        "fn": 289,
        "f1": 0.7527855153203343,
        "precision": 0.7197070572569907,
        "recall": 0.789051094890511
    },
    "ReleasedDate": {
        "tp": 387,
        "fp": 364,
        "fn": 374,
        "f1": 0.5119047619047619,
        "precision": 0.5153129161118508,
        "recall": 0.5085413929040736
    },
    "StockCode": {
        "tp": 3208,
        "fp": 20,
        "fn": 40,
        "f1": 0.9907350216182829,
        "precision": 0.9938042131350682,
        "recall": 0.9876847290640394
    },
    "StockAbbr": {
        "tp": 3485,
        "fp": 470,
        "fn": 1610,
        "f1": 0.7701657458563536,
        "precision": 0.8811630847029077,
        "recall": 0.6840039254170756
    },
    "precision": 0.7672217320982209,
    "recall": 0.7523430178069354,
    "micro_f1": 0.7597095329960325,
    "macro_f1": 0.5865799734783292
}