{
    "EquityHolder": {
        "tp": 7722,
        "fp": 2670,
        "fn": 1891,
        "f1": 0.7720069982504373,
        "precision": 0.7430715935334873,
        "recall": 0.8032872152293768
    },
    "FrozeShares": {
        "tp": 107,
        "fp": 210,
        "fn": 191,
        "f1": 0.34796747967479674,
        "precision": 0.33753943217665616,
        "recall": 0.35906040268456374
    },
    "LegalInstitution": {
        "tp": 398,
        "fp": 83,
        "fn": 104,
        "f1": 0.809766022380468,
        "precision": 0.8274428274428275,
        "recall": 0.7928286852589641
    },
    "TotalHoldingShares": {
        "tp": 1594,
        "fp": 569,
        "fn": 565,
        "f1": 0.7376214715409531,
        "precision": 0.7369394359685622,
        "recall": 0.7383047707271885
    },
    "TotalHoldingRatio": {
        "tp": 1356,
        "fp": 377,
        "fn": 369,
        "f1": 0.7842683632157316,
        "precision": 0.7824581650317368,
        "recall": 0.7860869565217391
    },
    "StartDate": {
        "tp": 3331,
        "fp": 1358,
        "fn": 1700,
        "f1": 0.6853909465020576,
        "precision": 0.7103860098101941,
        "recall": 0.6620950109322202
    },
    "EndDate": {
        "tp": 992,
        "fp": 933,
        "fn": 518,
        "f1": 0.5775836972343522,
        "precision": 0.5153246753246753,
        "recall": 0.6569536423841059
    },
    "UnfrozeDate": {
        "tp": 7,
        "fp": 29,
        "fn": 11,
        "f1": 0.25925925925925924,
        "precision": 0.19444444444444445,
        "recall": 0.3888888888888889
    },
    "CompanyName": {
        "tp": 8986,
        "fp": 537,
        "fn": 1096,
        "f1": 0.916704922213721,
        "precision": 0.9436102068675838,
        "recall": 0.8912914104344376
    },
    "HighestTradingPrice": {
        "tp": 960,
        "fp": 466,
        "fn": 664,
        "f1": 0.6295081967213114,
        "precision": 0.6732117812061711,
        "recall": 0.5911330049261084
    },
    "LowestTradingPrice": {
        "tp": 764,
        "fp": 511,
        "fn": 276,
        "f1": 0.6600431965442766,
        "precision": 0.5992156862745098,
        "recall": 0.7346153846153847
    },
    "RepurchasedShares": {
        "tp": 1350,
        "fp": 314,
        "fn": 217,
        "f1": 0.8356545961002785,
        "precision": 0.8112980769230769,
        "recall": 0.8615188257817485
    },
    "ClosingDate": {
        "tp": 1007,
        "fp": 729,
        "fn": 641,
        "f1": 0.5951536643026004,
        "precision": 0.5800691244239631,
        "recall": 0.6110436893203883
    },
    "RepurchaseAmount": {
        "tp": 1151,
        "fp": 426,
        "fn": 275,
        "f1": 0.7665667665667665,
        "precision": 0.729866835764109,
        "recall": 0.8071528751753155
    },
    "TradedShares": {
        "tp": 752,
        "fp": 423,
        "fn": 382,
        "f1": 0.6513642269380684,
        "precision": 0.64,
        "recall": 0.6631393298059964
    },
    "LaterHoldingShares": {
        "tp": 121,
        "fp": 527,
        "fn": 300,
        "f1": 0.2263797942001871,
        "precision": 0.1867283950617284,
        "recall": 0.28741092636579574
    },
    "AveragePrice": {
        "tp": 178,
        "fp": 50,
        "fn": 31,
        "f1": 0.8146453089244851,
        "precision": 0.7807017543859649,
        "recall": 0.8516746411483254
    },
    "Pledger": {
        "tp": 0,
        "fp": 0,
        "fn": 0,
        "f1": 0,
        "precision": 0,
        "recall": 0
    },
    "PledgedShares": {
        "tp": 2010,
        "fp": 816,
        "fn": 861,
        "f1": 0.7056345444971038,
        "precision": 0.7112526539278131,
        "recall": 0.7001044932079414
    },
    "Pledgee": {
        "tp": 1832,
        "fp": 371,
        "fn": 300,
        "f1": 0.8452133794694348,
        "precision": 0.831593281888334,
        "recall": 0.8592870544090057
    },
    "TotalPledgedShares": {
        "tp": 1021,
        "fp": 504,
        "fn": 349,
        "f1": 0.7053540587219344,
        "precision": 0.6695081967213115,
        "recall": 0.7452554744525547
    },
    "ReleasedDate": {
        "tp": 441,
        "fp": 502,
        "fn": 320,
        "f1": 0.5176056338028169,
        "precision": 0.4676564156945917,
        "recall": 0.5795006570302234
    },
    "StockCode": {
        "tp": 3209,
        "fp": 17,
        "fn": 39,
        "f1": 0.9913500154464009,
        "precision": 0.9947303161810291,
        "recall": 0.9879926108374384
    },
    "StockAbbr": {
        "tp": 3109,
        "fp": 1005,
        "fn": 1986,
        "f1": 0.675209034640026,
        "precision": 0.7557122022362665,
        "recall": 0.6102060843964672
    },
    "precision": 0.7594805194805195,
    "recall": 0.7641482229111095,
    "micro_f1": 0.7618072213387956,
    "macro_f1": 0.6462604823811444
}