{
    "EquityHolder": {
        "tp": 4129,
        "fp": 2244,
        "fn": 5484,
        "f1": 0.5165770048792693,
        "precision": 0.647889533971442,
        "recall": 0.42952252158535315
    },
    "FrozeShares": {
        "tp": 0,
        "fp": 0,
        "fn": 298,
        "f1": 0,
        "precision": 0,
        "recall": 0
    },
    "LegalInstitution": {
        "tp": 0,
        "fp": 0,
        "fn": 502,
        "f1": 0,
        "precision": 0,
        "recall": 0
    },
    "TotalHoldingShares": {
        "tp": 279,
        "fp": 253,
        "fn": 1880,
        "f1": 0.2073578595317726,
        "precision": 0.5244360902255639,
        "recall": 0.12922649374710515
    },
    "TotalHoldingRatio": {
        "tp": 200,
        "fp": 104,
        "fn": 1525,
        "f1": 0.19714144898965008,
        "precision": 0.6578947368421053,
        "recall": 0.11594202898550725
    },
    "StartDate": {
        "tp": 2284,
        "fp": 2786,
        "fn": 2747,
        "f1": 0.45223245223245223,
        "precision": 0.4504930966469428,
        "recall": 0.4539852911945935
    },
    "EndDate": {
        "tp": 7,
        "fp": 19,
        "fn": 1503,
        "f1": 0.009114583333333334,
        "precision": 0.2692307692307692,
        "recall": 0.004635761589403974
    },
    "UnfrozeDate": {
        "tp": 0,
        "fp": 0,
        "fn": 18,
        "f1": 0,
        "precision": 0,
        "recall": 0
    },
    "CompanyName": {
        "tp": 8642,
        "fp": 460,
        "fn": 1440,
        "f1": 0.9009591326105089,
        "precision": 0.94946165677873,
        "recall": 0.8571711961912319
    },
    "HighestTradingPrice": {
        "tp": 0,
        "fp": 0,
        "fn": 1624,
        "f1": 0,
        "precision": 0,
        "recall": 0
    },
    "LowestTradingPrice": {
        "tp": 0,
        "fp": 0,
        "fn": 1040,
        "f1": 0,
        "precision": 0,
        "recall": 0
    },
    "RepurchasedShares": {
        "tp": 3,
        "fp": 14,
        "fn": 1564,
        "f1": 0.003787878787878788,
        "precision": 0.17647058823529413,
        "recall": 0.0019144862795149968
    },
    "ClosingDate": {
        "tp": 0,
        "fp": 0,
        "fn": 1648,
        "f1": 0,
        "precision": 0,
        "recall": 0
    },
    "RepurchaseAmount": {
        "tp": 0,
        "fp": 0,
        "fn": 1426,
        "f1": 0,
        "precision": 0,
        "recall": 0
    },
    "TradedShares": {
        "tp": 61,
        "fp": 404,
        "fn": 1073,
        "f1": 0.0762976860537836,
        "precision": 0.13118279569892474,
        "recall": 0.053791887125220456
    },
    "LaterHoldingShares": {
        "tp": 0,
        "fp": 0,
        "fn": 421,
        "f1": 0,
        "precision": 0,
        "recall": 0
    },
    "AveragePrice": {
        "tp": 0,
        "fp": 0,
        "fn": 209,
        "f1": 0,
        "precision": 0,
        "recall": 0
    },
    "Pledger": {
        "tp": 0,
        "fp": 0,
        "fn": 0,
        "f1": 0,
        "precision": 0,
        "recall": 0
    },
    "PledgedShares": {
        "tp": 586,
        "fp": 1413,
        "fn": 2285,
        "f1": 0.2406570841889117,
        "precision": 0.29314657328664334,
        "recall": 0.20411006617903169
    },
    "Pledgee": {
        "tp": 904,
        "fp": 1721,
        "fn": 1228,
        "f1": 0.38007147361782634,
        "precision": 0.3443809523809524,
        "recall": 0.42401500938086306
    },
    "TotalPledgedShares": {
        "tp": 26,
        "fp": 90,
        "fn": 1344,
        "f1": 0.034993270524899055,
        "precision": 0.22413793103448276,
        "recall": 0.01897810218978102
    },
    "ReleasedDate": {
        "tp": 2,
        "fp": 85,
        "fn": 759,
        "f1": 0.0047169811320754715,
        "precision": 0.022988505747126436,
        "recall": 0.002628120893561104
    },
    "StockCode": {
        "tp": 3183,
        "fp": 35,
        "fn": 65,
        "f1": 0.9845344880915557,
        "precision": 0.9891236793039154,
        "recall": 0.9799876847290641
    },
    "StockAbbr": {
        "tp": 2963,
        "fp": 181,
        "fn": 2132,
        "f1": 0.7192620463648501,
        "precision": 0.9424300254452926,
        "recall": 0.5815505397448479
    },
    "precision": 0.703458492049096,
    "recall": 0.41938216422752506,
    "micro_f1": 0.5254849709807818,
    "macro_f1": 0.19698764126411536
}