{
    "EquityHolder": {
        "tp": 6858,
        "fp": 1527,
        "fn": 2755,
        "f1": 0.7620846760751194,
        "precision": 0.8178890876565296,
        "recall": 0.7134089254135025
    },
    "FrozeShares": {
        "tp": 96,
        "fp": 134,
        "fn": 202,
        "f1": 0.3636363636363636,
        "precision": 0.41739130434782606,
        "recall": 0.3221476510067114
    },
    "LegalInstitution": {
        "tp": 426,
        "fp": 120,
        "fn": 76,
        "f1": 0.8129770992366412,
        "precision": 0.7802197802197802,
        "recall": 0.848605577689243
    },
    "TotalHoldingShares": {
        "tp": 1606,
        "fp": 594,
        "fn": 553,
        "f1": 0.7368662537279194,
        "precision": 0.73,
        "recall": 0.7438628994905049
    },
    "TotalHoldingRatio": {
        "tp": 1455,
        "fp": 548,
        "fn": 270,
        "f1": 0.780579399141631,
        "precision": 0.7264103844233649,
        "recall": 0.8434782608695652
    },
    "StartDate": {
        "tp": 3323,
        "fp": 1374,
        "fn": 1708,
        "f1": 0.6831825657894736,
        "precision": 0.7074728550138386,
        "recall": 0.6605048698071954
    },
    "EndDate": {
        "tp": 937,
        "fp": 818,
        "fn": 573,
        "f1": 0.5739663093415008,
        "precision": 0.5339031339031339,
        "recall": 0.6205298013245033
    },
    "UnfrozeDate": {
        "tp": 2,
        "fp": 19,
        "fn": 16,
        "f1": 0.10256410256410256,
        "precision": 0.09523809523809523,
        "recall": 0.1111111111111111
    },
    "CompanyName": {
        "tp": 9232,
        "fp": 582,
        "fn": 850,
        "f1": 0.9280257338158423,
        "precision": 0.9406969635214999,
        "recall": 0.9156913310851021
    },
    "HighestTradingPrice": {
        "tp": 1046,
        "fp": 560,
        "fn": 578,
        "f1": 0.6476780185758514,
        "precision": 0.651307596513076,
        "recall": 0.6440886699507389
    },
    "LowestTradingPrice": {
        "tp": 701,
        "fp": 301,
        "fn": 339,
        "f1": 0.6865817825661117,
        "precision": 0.6996007984031936,
        "recall": 0.6740384615384616
    },
    "RepurchasedShares": {
        "tp": 1277,
        "fp": 261,
        "fn": 290,
        "f1": 0.8225442834138487,
        "precision": 0.8302990897269181,
        "recall": 0.8149329929802169
    },
    "ClosingDate": {
        "tp": 912,
        "fp": 724,
        "fn": 736,
        "f1": 0.5554202192448234,
        "precision": 0.5574572127139364,
        "recall": 0.5533980582524272
    },
    "RepurchaseAmount": {
        "tp": 1181,
        "fp": 425,
        "fn": 245,
        "f1": 0.779023746701847,
        "precision": 0.7353673723536738,
        "recall": 0.8281907433380085
    },
    "TradedShares": {
        "tp": 831,
        "fp": 494,
        "fn": 303,
        "f1": 0.6758845058967059,
        "precision": 0.6271698113207547,
        "recall": 0.7328042328042328
    },
    "LaterHoldingShares": {
        "tp": 86,
        "fp": 270,
        "fn": 335,
        "f1": 0.22136422136422138,
        "precision": 0.24157303370786518,
        "recall": 0.2042755344418052
    },
    "AveragePrice": {
        "tp": 193,
        "fp": 161,
        "fn": 16,
        "f1": 0.6856127886323268,
        "precision": 0.5451977401129944,
        "recall": 0.9234449760765551
    },
    "Pledger": {
        "tp": 0,
        "fp": 0,
        "fn": 0,
        "f1": 0,
        "precision": 0,
        "recall": 0
    },
    "PledgedShares": {
        "tp": 2011,
        "fp": 920,
        "fn": 860,
        "f1": 0.6932092381937264,
        "precision": 0.6861139542818151,
        "recall": 0.7004528039010798
    },
    "Pledgee": {
        "tp": 1909,
        "fp": 307,
        "fn": 223,
        "f1": 0.8781048758049678,
        "precision": 0.8614620938628159,
        "recall": 0.8954033771106942
    },
    "TotalPledgedShares": {
        "tp": 1092,
        "fp": 628,
        "fn": 278,
        "f1": 0.7067961165048544,
        "precision": 0.6348837209302326,
        "recall": 0.7970802919708029
    },
    "ReleasedDate": {
        "tp": 422,
        "fp": 408,
        "fn": 339,
        "f1": 0.5304839723444374,
        "precision": 0.5084337349397591,
        "recall": 0.5545335085413929
    },
    "StockCode": {
        "tp": 3210,
        "fp": 25,
        "fn": 38,
        "f1": 0.990282276723739,
        "precision": 0.9922720247295209,
        "recall": 0.9883004926108374
    },
    "StockAbbr": {
        "tp": 3763,
        "fp": 1185,
        "fn": 1332,
        "f1": 0.749377675993229,
        "precision": 0.7605092966855295,
        "recall": 0.738567222767419
    },
    "precision": 0.7746296902864214,
    "recall": 0.7672301924879245,
    "micro_f1": 0.770912186022927,
    "macro_f1": 0.6402602593870538
}