{
    "EquityHolder": {
        "tp": 7589,
        "fp": 2027,
        "fn": 2024,
        "f1": 0.7893286182328774,
        "precision": 0.7892054908485857,
        "recall": 0.7894517840424425
    },
    "FrozeShares": {
        "tp": 35,
        "fp": 60,
        "fn": 263,
        "f1": 0.178117048346056,
        "precision": 0.3684210526315789,
        "recall": 0.1174496644295302
    },
    "LegalInstitution": {
        "tp": 396,
        "fp": 189,
        "fn": 106,
        "f1": 0.7286108555657774,
        "precision": 0.676923076923077,
        "recall": 0.7888446215139442
    },
    "TotalHoldingShares": {
        "tp": 1683,
        "fp": 731,
        "fn": 476,
        "f1": 0.7360594795539034,
        "precision": 0.6971830985915493,
        "recall": 0.7795275590551181
    },
    "TotalHoldingRatio": {
        "tp": 1363,
        "fp": 407,
        "fn": 362,
        "f1": 0.7799713876967096,
        "precision": 0.7700564971751412,
        "recall": 0.7901449275362319
    },
    "StartDate": {
        "tp": 3697,
        "fp": 1569,
        "fn": 1334,
        "f1": 0.7180732252112265,
        "precision": 0.7020508925180402,
        "recall": 0.7348439674021069
    },
    "EndDate": {
        "tp": 742,
        "fp": 639,
        "fn": 768,
        "f1": 0.513317191283293,
        "precision": 0.5372918175235337,
        "recall": 0.4913907284768212
    },
    "UnfrozeDate": {
        "tp": 1,
        "fp": 9,
        "fn": 17,
        "f1": 0.07142857142857142,
        "precision": 0.1,
        "recall": 0.05555555555555555
    },
    "CompanyName": {
        "tp": 9531,
        "fp": 484,
        "fn": 551,
        "f1": 0.9484997760859829,
        "precision": 0.9516724912631054,
        "recall": 0.9453481452092839
    },
    "HighestTradingPrice": {
        "tp": 1238,
        "fp": 579,
        "fn": 386,
        "f1": 0.7195582679453648,
        "precision": 0.6813428728673638,
        "recall": 0.7623152709359606
    },
    "LowestTradingPrice": {
        "tp": 566,
        "fp": 238,
        "fn": 474,
        "f1": 0.613882863340564,
        "precision": 0.7039800995024875,
        "recall": 0.5442307692307692
    },
    "RepurchasedShares": {
        "tp": 1100,
        "fp": 288,
        "fn": 467,
        "f1": 0.7445008460236887,
        "precision": 0.792507204610951,
        "recall": 0.7019783024888322
    },
    "ClosingDate": {
        "tp": 657,
        "fp": 535,
        "fn": 991,
        "f1": 0.46267605633802816,
        "precision": 0.5511744966442953,
        "recall": 0.39866504854368934
    },
    "RepurchaseAmount": {
        "tp": 1019,
        "fp": 367,
        "fn": 407,
        "f1": 0.7247510668563301,
        "precision": 0.7352092352092352,
        "recall": 0.7145862552594671
    },
    "TradedShares": {
        "tp": 784,
        "fp": 386,
        "fn": 350,
        "f1": 0.6805555555555556,
        "precision": 0.67008547008547,
        "recall": 0.691358024691358
    },
    "LaterHoldingShares": {
        "tp": 74,
        "fp": 255,
        "fn": 347,
        "f1": 0.19733333333333333,
        "precision": 0.22492401215805471,
        "recall": 0.17577197149643706
    },
    "AveragePrice": {
        "tp": 192,
        "fp": 68,
        "fn": 17,
        "f1": 0.8187633262260128,
        "precision": 0.7384615384615385,
        "recall": 0.9186602870813397
    },
    "Pledger": {
        "tp": 0,
        "fp": 0,
        "fn": 0,
        "f1": 0,
        "precision": 0,
        "recall": 0
    },
    "PledgedShares": {
        "tp": 1898,
        "fp": 902,
        "fn": 973,
        "f1": 0.6693704813965791,
        "precision": 0.6778571428571428,
        "recall": 0.6610936955764541
    },
    "Pledgee": {
        "tp": 1902,
        "fp": 239,
        "fn": 230,
        "f1": 0.8902410484437163,
        "precision": 0.8883699205978515,
        "recall": 0.8921200750469043
    },
    "TotalPledgedShares": {
        "tp": 1026,
        "fp": 516,
        "fn": 344,
        "f1": 0.7046703296703296,
        "precision": 0.6653696498054474,
        "recall": 0.7489051094890511
    },
    "ReleasedDate": {
        "tp": 420,
        "fp": 402,
        "fn": 341,
        "f1": 0.5306380290587492,
        "precision": 0.5109489051094891,
        "recall": 0.5519053876478318
    },
    "StockCode": {
        "tp": 3213,
        "fp": 22,
        "fn": 35,
        "f1": 0.991207774178621,
        "precision": 0.9931993817619784,
        "recall": 0.9892241379310345
    },
    "StockAbbr": {
        "tp": 3542,
        "fp": 704,
        "fn": 1553,
        "f1": 0.7583770474253292,
        "precision": 0.8341968911917098,
        "recall": 0.6951913640824338
    },
    "precision": 0.7860142951882692,
    "recall": 0.7690144906639752,
    "micro_f1": 0.7774214707382844,
    "macro_f1": 0.6237471741331918
}