{
    "EquityHolder": {
        "tp": 7362,
        "fp": 1776,
        "fn": 2251,
        "f1": 0.7852381206335662,
        "precision": 0.8056467498358503,
        "recall": 0.7658379278060959
    },
    "FrozeShares": {
        "tp": 35,
        "fp": 96,
        "fn": 263,
        "f1": 0.16317016317016317,
        "precision": 0.26717557251908397,
        "recall": 0.1174496644295302
    },
    "LegalInstitution": {
        "tp": 398,
        "fp": 64,
        "fn": 104,
        "f1": 0.8257261410788382,
        "precision": 0.8614718614718615,
        "recall": 0.7928286852589641
    },
    "TotalHoldingShares": {
        "tp": 1453,
        "fp": 490,
        "fn": 706,
        "f1": 0.7084349098000976,
        "precision": 0.7478126608337622,
        "recall": 0.6729967577582214
    },
    "TotalHoldingRatio": {
        "tp": 1292,
        "fp": 272,
        "fn": 433,
        "f1": 0.7856491334752205,
        "precision": 0.8260869565217391,
        "recall": 0.7489855072463768
    },
    "StartDate": {
        "tp": 3445,
        "fp": 1498,
        "fn": 1586,
        "f1": 0.6907960697814318,
        "precision": 0.6969451749949424,
        "recall": 0.6847545219638242
    },
    "EndDate": {
        "tp": 681,
        "fp": 533,
        "fn": 829,
        "f1": 0.5,
        "precision": 0.5609555189456342,
        "recall": 0.4509933774834437
    },
    "UnfrozeDate": {
        "tp": 1,
        "fp": 3,
        "fn": 17,
        "f1": 0.0909090909090909,
        "precision": 0.25,
        "recall": 0.05555555555555555
    },
    "CompanyName": {
        "tp": 8972,
        "fp": 540,
        "fn": 1110,
        "f1": 0.9157905481269776,
        "precision": 0.9432296047098402,
        "recall": 0.8899027970640746
    },
    "HighestTradingPrice": {
        "tp": 809,
        "fp": 563,
        "fn": 815,
        "f1": 0.5400534045393859,
        "precision": 0.5896501457725948,
        "recall": 0.4981527093596059
    },
    "LowestTradingPrice": {
        "tp": 631,
        "fp": 554,
        "fn": 409,
        "f1": 0.5671910112359551,
        "precision": 0.5324894514767933,
        "recall": 0.6067307692307692
    },
    "RepurchasedShares": {
        "tp": 924,
        "fp": 290,
        "fn": 643,
        "f1": 0.6645091693635383,
        "precision": 0.7611202635914333,
        "recall": 0.589661774090619
    },
    "ClosingDate": {
        "tp": 482,
        "fp": 449,
        "fn": 1166,
        "f1": 0.37378829003489716,
        "precision": 0.5177228786251342,
        "recall": 0.2924757281553398
    },
    "RepurchaseAmount": {
        "tp": 573,
        "fp": 363,
        "fn": 853,
        "f1": 0.48518204911092294,
        "precision": 0.6121794871794872,
        "recall": 0.4018232819074334
    },
    "TradedShares": {
        "tp": 592,
        "fp": 213,
        "fn": 542,
        "f1": 0.6106240330067045,
        "precision": 0.7354037267080745,
        "recall": 0.5220458553791887
    },
    "LaterHoldingShares": {
        "tp": 39,
        "fp": 181,
        "fn": 382,
        "f1": 0.12168486739469578,
        "precision": 0.17727272727272728,
        "recall": 0.09263657957244656
    },
    "AveragePrice": {
        "tp": 149,
        "fp": 52,
        "fn": 60,
        "f1": 0.7268292682926828,
        "precision": 0.7412935323383084,
        "recall": 0.7129186602870813
    },
    "Pledger": {
        "tp": 0,
        "fp": 0,
        "fn": 0,
        "f1": 0,
        "precision": 0,
        "recall": 0
    },
    "PledgedShares": {
        "tp": 1861,
        "fp": 859,
        "fn": 1010,
        "f1": 0.6657127526381684,
        "precision": 0.6841911764705882,
        "recall": 0.6482061999303379
    },
    "Pledgee": {
        "tp": 1936,
        "fp": 262,
        "fn": 196,
        "f1": 0.8942263279445727,
        "precision": 0.8808007279344859,
        "recall": 0.9080675422138836
    },
    "TotalPledgedShares": {
        "tp": 1014,
        "fp": 393,
        "fn": 356,
        "f1": 0.7302844796543031,
        "precision": 0.720682302771855,
        "recall": 0.7401459854014598
    },
    "ReleasedDate": {
        "tp": 389,
        "fp": 305,
        "fn": 372,
        "f1": 0.5347079037800686,
        "precision": 0.5605187319884726,
        "recall": 0.5111695137976346
    },
    "StockCode": {
        "tp": 3204,
        "fp": 23,
        "fn": 44,
        "f1": 0.9896525096525097,
        "precision": 0.992872637124264,
        "recall": 0.9864532019704434
    },
    "StockAbbr": {
        "tp": 3891,
        "fp": 1186,
        "fn": 1204,
        "f1": 0.7650412898151789,
        "precision": 0.7663974788260783,
        "recall": 0.7636898920510304
    },
    "precision": 0.7854123449058672,
    "recall": 0.7233256434287362,
    "micro_f1": 0.7530915163911355,
    "macro_f1": 0.588966730559957
}