{
    "EquityHolder": {
        "tp": 8300,
        "fp": 2017,
        "fn": 1313,
        "f1": 0.8329152032112394,
        "precision": 0.8044974314238635,
        "recall": 0.8634141267034224
    },
    "FrozeShares": {
        "tp": 0,
        "fp": 0,
        "fn": 298,
        "f1": 0,
        "precision": 0,
        "recall": 0
    },
    "LegalInstitution": {
        "tp": 418,
        "fp": 75,
        "fn": 84,
        "f1": 0.8402010050251256,
        "precision": 0.847870182555781,
        "recall": 0.8326693227091634
    },
    "TotalHoldingShares": {
        "tp": 1718,
        "fp": 479,
        "fn": 441,
        "f1": 0.7887970615243343,
        "precision": 0.7819754210286755,
        "recall": 0.7957387679481241
    },
    "TotalHoldingRatio": {
        "tp": 1393,
        "fp": 236,
        "fn": 332,
        "f1": 0.830649970184854,
        "precision": 0.8551258440761204,
        "recall": 0.807536231884058
    },
    "StartDate": {
        "tp": 3320,
        "fp": 1019,
        "fn": 1711,
        "f1": 0.7086446104589115,
        "precision": 0.7651532611200738,
        "recall": 0.6599085668853111
    },
    "EndDate": {
        "tp": 955,
        "fp": 565,
        "fn": 555,
        "f1": 0.6303630363036304,
        "precision": 0.6282894736842105,
        "recall": 0.6324503311258278
    },
    "UnfrozeDate": {
        "tp": 0,
        "fp": 0,
        "fn": 18,
        "f1": 0,
        "precision": 0,
        "recall": 0
    },
    "CompanyName": {
        "tp": 9642,
        "fp": 367,
        "fn": 440,
        "f1": 0.9598327609377333,
        "precision": 0.9633330002997302,
        "recall": 0.9563578655028764
    },
    "HighestTradingPrice": {
        "tp": 1484,
        "fp": 1153,
        "fn": 140,
        "f1": 0.6965501056090121,
        "precision": 0.5627607129313614,
        "recall": 0.9137931034482759
    },
    "LowestTradingPrice": {
        "tp": 0,
        "fp": 0,
        "fn": 1040,
        "f1": 0,
        "precision": 0,
        "recall": 0
    },
    "RepurchasedShares": {
        "tp": 1483,
        "fp": 271,
        "fn": 84,
        "f1": 0.8931044866004216,
        "precision": 0.8454960091220068,
        "recall": 0.9463943841735801
    },
    "ClosingDate": {
        "tp": 1077,
        "fp": 412,
        "fn": 571,
        "f1": 0.6866432897672936,
        "precision": 0.7233042310275353,
        "recall": 0.6535194174757282
    },
    "RepurchaseAmount": {
        "tp": 980,
        "fp": 121,
        "fn": 446,
        "f1": 0.775623268698061,
        "precision": 0.8900999091734787,
        "recall": 0.6872370266479664
    },
    "TradedShares": {
        "tp": 831,
        "fp": 329,
        "fn": 303,
        "f1": 0.7244986922406277,
        "precision": 0.7163793103448276,
        "recall": 0.7328042328042328
    },
    "LaterHoldingShares": {
        "tp": 136,
        "fp": 309,
        "fn": 285,
        "f1": 0.3140877598152425,
        "precision": 0.3056179775280899,
        "recall": 0.32304038004750596
    },
    "AveragePrice": {
        "tp": 181,
        "fp": 71,
        "fn": 28,
        "f1": 0.7852494577006507,
        "precision": 0.7182539682539683,
        "recall": 0.8660287081339713
    },
    "Pledger": {
        "tp": 0,
        "fp": 0,
        "fn": 0,
        "f1": 0,
        "precision": 0,
        "recall": 0
    },
    "PledgedShares": {
        "tp": 2355,
        "fp": 861,
        "fn": 516,
        "f1": 0.7737801872843766,
        "precision": 0.7322761194029851,
        "recall": 0.8202716823406478
    },
    "Pledgee": {
        "tp": 1937,
        "fp": 198,
        "fn": 195,
        "f1": 0.9078978204827748,
        "precision": 0.9072599531615925,
        "recall": 0.9085365853658537
    },
    "TotalPledgedShares": {
        "tp": 920,
        "fp": 457,
        "fn": 450,
        "f1": 0.6698216235893703,
        "precision": 0.6681190994916485,
        "recall": 0.6715328467153284
    },
    "ReleasedDate": {
        "tp": 403,
        "fp": 447,
        "fn": 358,
        "f1": 0.5003103662321539,
        "precision": 0.47411764705882353,
        "recall": 0.5295663600525624
    },
    "StockCode": {
        "tp": 3240,
        "fp": 26,
        "fn": 8,
        "f1": 0.9947804728277556,
        "precision": 0.9920391916717698,
        "recall": 0.9975369458128078
    },
    "StockAbbr": {
        "tp": 4172,
        "fp": 859,
        "fn": 923,
        "f1": 0.8240173809994076,
        "precision": 0.8292585967004572,
        "recall": 0.8188420019627085
    },
    "precision": 0.813970335222848,
    "recall": 0.8100533487131425,
    "micro_f1": 0.8120071182735477,
    "macro_f1": 0.6307403566455406
}