{
    "EquityHolder": {
        "tp": 7926,
        "fp": 2321,
        "fn": 1687,
        "f1": 0.7981873111782477,
        "precision": 0.7734946813701571,
        "recall": 0.8245084781025694
    },
    "FrozeShares": {
        "tp": 66,
        "fp": 116,
        "fn": 232,
        "f1": 0.27499999999999997,
        "precision": 0.3626373626373626,
        "recall": 0.2214765100671141
    },
    "LegalInstitution": {
        "tp": 349,
        "fp": 75,
        "fn": 153,
        "f1": 0.7537796976241902,
        "precision": 0.8231132075471698,
        "recall": 0.6952191235059761
    },
    "TotalHoldingShares": {
        "tp": 1675,
        "fp": 797,
        "fn": 484,
        "f1": 0.723385877780177,
        "precision": 0.6775889967637541,
        "recall": 0.7758221398795738
    },
    "TotalHoldingRatio": {
        "tp": 1416,
        "fp": 546,
        "fn": 309,
        "f1": 0.7681041497152157,
        "precision": 0.7217125382262997,
        "recall": 0.8208695652173913
    },
    "StartDate": {
        "tp": 3637,
        "fp": 1564,
        "fn": 1394,
        "f1": 0.7109069585613761,
        "precision": 0.6992885983464718,
        "recall": 0.7229179089644205
    },
    "EndDate": {
        "tp": 908,
        "fp": 571,
        "fn": 602,
        "f1": 0.6075610572097692,
        "precision": 0.6139283299526708,
        "recall": 0.6013245033112583
    },
    "UnfrozeDate": {
        "tp": 6,
        "fp": 11,
        "fn": 12,
        "f1": 0.34285714285714286,
        "precision": 0.35294117647058826,
        "recall": 0.3333333333333333
    },
    "CompanyName": {
        "tp": 8839,
        "fp": 555,
        "fn": 1243,
        "f1": 0.9076812487163689,
        "precision": 0.9409197360017032,
        "recall": 0.8767109700456258
    },
    "HighestTradingPrice": {
        "tp": 1225,
        "fp": 361,
        "fn": 399,
        "f1": 0.7632398753894082,
        "precision": 0.7723833543505675,
        "recall": 0.7543103448275862
    },
    "LowestTradingPrice": {
        "tp": 830,
        "fp": 157,
        "fn": 210,
        "f1": 0.8189442525900344,
        "precision": 0.8409321175278622,
        "recall": 0.7980769230769231
    },
    "RepurchasedShares": {
        "tp": 1129,
        "fp": 313,
        "fn": 438,
        "f1": 0.7504154204054503,
        "precision": 0.7829403606102635,
        "recall": 0.7204850031908104
    },
    "ClosingDate": {
        "tp": 738,
        "fp": 781,
        "fn": 910,
        "f1": 0.46605620461004105,
        "precision": 0.4858459512837393,
        "recall": 0.44781553398058255
    },
    "RepurchaseAmount": {
        "tp": 1106,
        "fp": 371,
        "fn": 320,
        "f1": 0.761970375473648,
        "precision": 0.7488151658767772,
        "recall": 0.7755960729312763
    },
    "TradedShares": {
        "tp": 816,
        "fp": 359,
        "fn": 318,
        "f1": 0.7067994802944998,
        "precision": 0.694468085106383,
        "recall": 0.7195767195767195
    },
    "LaterHoldingShares": {
        "tp": 56,
        "fp": 260,
        "fn": 365,
        "f1": 0.1519674355495251,
        "precision": 0.17721518987341772,
        "recall": 0.1330166270783848
    },
    "AveragePrice": {
        "tp": 188,
        "fp": 49,
        "fn": 21,
        "f1": 0.8430493273542601,
        "precision": 0.7932489451476793,
        "recall": 0.8995215311004785
    },
    "Pledger": {
        "tp": 0,
        "fp": 0,
        "fn": 0,
        "f1": 0,
        "precision": 0,
        "recall": 0
    },
    "PledgedShares": {
        "tp": 2138,
        "fp": 880,
        "fn": 733,
        "f1": 0.7260995075564612,
        "precision": 0.7084161696487741,
        "recall": 0.7446882619296412
    },
    "Pledgee": {
        "tp": 1931,
        "fp": 186,
        "fn": 201,
        "f1": 0.9089197458225464,
        "precision": 0.9121398205007085,
        "recall": 0.9057223264540337
    },
    "TotalPledgedShares": {
        "tp": 1148,
        "fp": 737,
        "fn": 222,
        "f1": 0.7053763440860215,
        "precision": 0.6090185676392573,
        "recall": 0.8379562043795621
    },
    "ReleasedDate": {
        "tp": 398,
        "fp": 428,
        "fn": 363,
        "f1": 0.5015752993068683,
        "precision": 0.48184019370460046,
        "recall": 0.5229960578186597
    },
    "StockCode": {
        "tp": 3221,
        "fp": 25,
        "fn": 27,
        "f1": 0.9919926085617493,
        "precision": 0.9922982131854591,
        "recall": 0.9916871921182266
    },
    "StockAbbr": {
        "tp": 3324,
        "fp": 854,
        "fn": 1771,
        "f1": 0.716920090585571,
        "precision": 0.7955959789372906,
        "recall": 0.6524043179587832
    },
    "precision": 0.777619296946937,
    "recall": 0.7762598226515752,
    "micro_f1": 0.7769389651035888,
    "macro_f1": 0.6541995588011907
}