{
    "EquityHolder": {
        "tp": 7676,
        "fp": 2290,
        "fn": 1937,
        "f1": 0.7841054190714541,
        "precision": 0.7702187437286775,
        "recall": 0.7985020285030687
    },
    "FrozeShares": {
        "tp": 9,
        "fp": 10,
        "fn": 289,
        "f1": 0.05678233438485805,
        "precision": 0.47368421052631576,
        "recall": 0.030201342281879196
    },
    "LegalInstitution": {
        "tp": 356,
        "fp": 84,
        "fn": 146,
        "f1": 0.7558386411889597,
        "precision": 0.8090909090909091,
        "recall": 0.7091633466135459
    },
    "TotalHoldingShares": {
        "tp": 1806,
        "fp": 1142,
        "fn": 353,
        "f1": 0.70726453886822,
        "precision": 0.6126187245590231,
        "recall": 0.8364983788791107
    },
    "TotalHoldingRatio": {
        "tp": 1419,
        "fp": 805,
        "fn": 306,
        "f1": 0.7186629526462395,
        "precision": 0.6380395683453237,
        "recall": 0.8226086956521739
    },
    "StartDate": {
        "tp": 3710,
        "fp": 1847,
        "fn": 1321,
        "f1": 0.7007933509633547,
        "precision": 0.6676264171315458,
        "recall": 0.7374279467302723
    },
    "EndDate": {
        "tp": 884,
        "fp": 530,
        "fn": 626,
        "f1": 0.6046511627906977,
        "precision": 0.6251768033946252,
        "recall": 0.5854304635761589
    },
    "UnfrozeDate": {
        "tp": 0,
        "fp": 0,
        "fn": 18,
        "f1": 0,
        "precision": 0,
        "recall": 0
    },
    "CompanyName": {
        "tp": 9661,
        "fp": 612,
        "fn": 421,
        "f1": 0.9492507983296486,
        "precision": 0.9404263603621142,
        "recall": 0.9582424122197977
    },
    "HighestTradingPrice": {
        "tp": 456,
        "fp": 539,
        "fn": 1168,
        "f1": 0.34822451317296677,
        "precision": 0.45829145728643217,
        "recall": 0.28078817733990147
    },
    "LowestTradingPrice": {
        "tp": 728,
        "fp": 771,
        "fn": 312,
        "f1": 0.5734541157936195,
        "precision": 0.485657104736491,
        "recall": 0.7
    },
    "RepurchasedShares": {
        "tp": 742,
        "fp": 365,
        "fn": 825,
        "f1": 0.5549738219895287,
        "precision": 0.6702800361336947,
        "recall": 0.47351627313337585
    },
    "ClosingDate": {
        "tp": 785,
        "fp": 454,
        "fn": 863,
        "f1": 0.5438171111880844,
        "precision": 0.6335754640839386,
        "recall": 0.47633495145631066
    },
    "RepurchaseAmount": {
        "tp": 704,
        "fp": 258,
        "fn": 722,
        "f1": 0.5896147403685092,
        "precision": 0.7318087318087318,
        "recall": 0.49368863955119213
    },
    "TradedShares": {
        "tp": 784,
        "fp": 480,
        "fn": 350,
        "f1": 0.6538782318598833,
        "precision": 0.620253164556962,
        "recall": 0.691358024691358
    },
    "LaterHoldingShares": {
        "tp": 20,
        "fp": 95,
        "fn": 401,
        "f1": 0.07462686567164178,
        "precision": 0.17391304347826086,
        "recall": 0.047505938242280284
    },
    "AveragePrice": {
        "tp": 182,
        "fp": 123,
        "fn": 27,
        "f1": 0.7081712062256809,
        "precision": 0.5967213114754099,
        "recall": 0.8708133971291866
    },
    "Pledger": {
        "tp": 0,
        "fp": 0,
        "fn": 0,
        "f1": 0,
        "precision": 0,
        "recall": 0
    },
    "PledgedShares": {
        "tp": 2354,
        "fp": 1011,
        "fn": 517,
        "f1": 0.7549711353431686,
        "precision": 0.6995542347696879,
        "recall": 0.8199233716475096
    },
    "Pledgee": {
        "tp": 1842,
        "fp": 340,
        "fn": 290,
        "f1": 0.8539638386648121,
        "precision": 0.844179651695692,
        "recall": 0.8639774859287055
    },
    "TotalPledgedShares": {
        "tp": 1089,
        "fp": 458,
        "fn": 281,
        "f1": 0.7466575248543024,
        "precision": 0.7039431157078216,
        "recall": 0.7948905109489051
    },
    "ReleasedDate": {
        "tp": 369,
        "fp": 224,
        "fn": 392,
        "f1": 0.5450516986706057,
        "precision": 0.6222596964586846,
        "recall": 0.48488830486202367
    },
    "StockCode": {
        "tp": 3220,
        "fp": 21,
        "fn": 28,
        "f1": 0.9924487594390508,
        "precision": 0.9935205183585313,
        "recall": 0.9913793103448276
    },
    "StockAbbr": {
        "tp": 3556,
        "fp": 885,
        "fn": 1539,
        "f1": 0.7458053691275168,
        "precision": 0.8007205584327854,
        "recall": 0.6979391560353287
    },
    "precision": 0.7604136742315427,
    "recall": 0.7633191550717324,
    "micro_f1": 0.761863644540385,
    "macro_f1": 0.5817920054422002
}