{
    "EquityHolder": {
        "tp": 7504,
        "fp": 1811,
        "fn": 2109,
        "f1": 0.7928994082840237,
        "precision": 0.8055823939881911,
        "recall": 0.7806095911786123
    },
    "FrozeShares": {
        "tp": 75,
        "fp": 85,
        "fn": 223,
        "f1": 0.3275109170305677,
        "precision": 0.46875,
        "recall": 0.2516778523489933
    },
    "LegalInstitution": {
        "tp": 356,
        "fp": 68,
        "fn": 146,
        "f1": 0.7688984881209503,
        "precision": 0.839622641509434,
        "recall": 0.7091633466135459
    },
    "TotalHoldingShares": {
        "tp": 1688,
        "fp": 799,
        "fn": 471,
        "f1": 0.7266465777012482,
        "precision": 0.6787293928427824,
        "recall": 0.7818434460398332
    },
    "TotalHoldingRatio": {
        "tp": 1389,
        "fp": 647,
        "fn": 336,
        "f1": 0.7386333421962243,
        "precision": 0.6822200392927309,
        "recall": 0.8052173913043478
    },
    "StartDate": {
        "tp": 3286,
        "fp": 1201,
        "fn": 1745,
        "f1": 0.6904811935280522,
        "precision": 0.7323378649431691,
        "recall": 0.6531504671039555
    },
    "EndDate": {
        "tp": 923,
        "fp": 578,
        "fn": 587,
        "f1": 0.6130853537030886,
        "precision": 0.6149233844103931,
        "recall": 0.6112582781456953
    },
    "UnfrozeDate": {
        "tp": 2,
        "fp": 8,
        "fn": 16,
        "f1": 0.14285714285714285,
        "precision": 0.2,
        "recall": 0.1111111111111111
    },
    "CompanyName": {
        "tp": 9037,
        "fp": 573,
        "fn": 1045,
        "f1": 0.9178346536664634,
        "precision": 0.9403746097814776,
        "recall": 0.8963499305693314
    },
    "HighestTradingPrice": {
        "tp": 1497,
        "fp": 471,
        "fn": 127,
        "f1": 0.8335189309576837,
        "precision": 0.760670731707317,
        "recall": 0.9217980295566502
    },
    "LowestTradingPrice": {
        "tp": 798,
        "fp": 84,
        "fn": 242,
        "f1": 0.830385015608741,
        "precision": 0.9047619047619048,
        "recall": 0.7673076923076924
    },
    "RepurchasedShares": {
        "tp": 1462,
        "fp": 461,
        "fn": 105,
        "f1": 0.8378223495702005,
        "precision": 0.7602704108164327,
        "recall": 0.9329929802169751
    },
    "ClosingDate": {
        "tp": 1088,
        "fp": 671,
        "fn": 560,
        "f1": 0.6386850601702377,
        "precision": 0.6185332575326891,
        "recall": 0.6601941747572816
    },
    "RepurchaseAmount": {
        "tp": 1216,
        "fp": 429,
        "fn": 210,
        "f1": 0.791924454575057,
        "precision": 0.739209726443769,
        "recall": 0.85273492286115
    },
    "TradedShares": {
        "tp": 849,
        "fp": 457,
        "fn": 285,
        "f1": 0.6959016393442623,
        "precision": 0.6500765696784073,
        "recall": 0.7486772486772487
    },
    "LaterHoldingShares": {
        "tp": 33,
        "fp": 132,
        "fn": 388,
        "f1": 0.11262798634812286,
        "precision": 0.2,
        "recall": 0.07838479809976247
    },
    "AveragePrice": {
        "tp": 198,
        "fp": 56,
        "fn": 11,
        "f1": 0.8552915766738661,
        "precision": 0.7795275590551181,
        "recall": 0.9473684210526315
    },
    "Pledger": {
        "tp": 0,
        "fp": 0,
        "fn": 0,
        "f1": 0,
        "precision": 0,
        "recall": 0
    },
    "PledgedShares": {
        "tp": 2288,
        "fp": 896,
        "fn": 583,
        "f1": 0.7557390586292321,
        "precision": 0.7185929648241206,
        "recall": 0.7969348659003831
    },
    "Pledgee": {
        "tp": 1918,
        "fp": 260,
        "fn": 214,
        "f1": 0.8900232018561485,
        "precision": 0.8806244260789715,
        "recall": 0.899624765478424
    },
    "TotalPledgedShares": {
        "tp": 988,
        "fp": 489,
        "fn": 382,
        "f1": 0.6940639269406393,
        "precision": 0.6689234935680434,
        "recall": 0.7211678832116788
    },
    "ReleasedDate": {
        "tp": 455,
        "fp": 778,
        "fn": 306,
        "f1": 0.4563691073219659,
        "precision": 0.36901865369018655,
        "recall": 0.5978975032851511
    },
    "StockCode": {
        "tp": 3225,
        "fp": 27,
        "fn": 23,
        "f1": 0.9923076923076923,
        "precision": 0.9916974169741697,
        "recall": 0.9929187192118226
    },
    "StockAbbr": {
        "tp": 3564,
        "fp": 732,
        "fn": 1531,
        "f1": 0.7590245980193803,
        "precision": 0.8296089385474861,
        "recall": 0.6995093228655545
    },
    "precision": 0.7891525057603687,
    "recall": 0.7901196741402927,
    "micro_f1": 0.7896357937966064,
    "macro_f1": 0.6609388198087913
}