{
    "EquityHolder": {
        "tp": 6928,
        "fp": 2105,
        "fn": 2685,
        "f1": 0.7431084414887912,
        "precision": 0.7669655706852652,
        "recall": 0.7206907313013627
    },
    "FrozeShares": {
        "tp": 126,
        "fp": 159,
        "fn": 172,
        "f1": 0.4322469982847341,
        "precision": 0.4421052631578947,
        "recall": 0.4228187919463087
    },
    "LegalInstitution": {
        "tp": 375,
        "fp": 79,
        "fn": 127,
        "f1": 0.7845188284518827,
        "precision": 0.8259911894273128,
        "recall": 0.7470119521912351
    },
    "TotalHoldingShares": {
        "tp": 1632,
        "fp": 675,
        "fn": 527,
        "f1": 0.7308553515450067,
        "precision": 0.7074122236671001,
        "recall": 0.7559055118110236
    },
    "TotalHoldingRatio": {
        "tp": 1317,
        "fp": 449,
        "fn": 408,
        "f1": 0.7545116012603839,
        "precision": 0.7457531143827859,
        "recall": 0.7634782608695653
    },
    "StartDate": {
        "tp": 2875,
        "fp": 966,
        "fn": 2156,
        "f1": 0.6481064021641119,
        "precision": 0.7485029940119761,
        "recall": 0.571456966805804
    },
    "EndDate": {
        "tp": 913,
        "fp": 710,
        "fn": 597,
        "f1": 0.5828279604213215,
        "precision": 0.5625385089340728,
        "recall": 0.604635761589404
    },
    "UnfrozeDate": {
        "tp": 6,
        "fp": 30,
        "fn": 12,
        "f1": 0.2222222222222222,
        "precision": 0.16666666666666666,
        "recall": 0.3333333333333333
    },
    "CompanyName": {
        "tp": 9145,
        "fp": 449,
        "fn": 937,
        "f1": 0.929558853425493,
        "precision": 0.9531999166145507,
        "recall": 0.9070620908549891
    },
    "HighestTradingPrice": {
        "tp": 1199,
        "fp": 436,
        "fn": 425,
        "f1": 0.7358085302239951,
        "precision": 0.7333333333333333,
        "recall": 0.7383004926108374
    },
    "LowestTradingPrice": {
        "tp": 592,
        "fp": 365,
        "fn": 448,
        "f1": 0.5928893340010015,
        "precision": 0.6185997910135841,
        "recall": 0.5692307692307692
    },
    "RepurchasedShares": {
        "tp": 980,
        "fp": 300,
        "fn": 587,
        "f1": 0.688443976115209,
        "precision": 0.765625,
        "recall": 0.6253988513082323
    },
    "ClosingDate": {
        "tp": 630,
        "fp": 559,
        "fn": 1018,
        "f1": 0.44413112442721187,
        "precision": 0.5298570227081582,
        "recall": 0.38228155339805825
    },
    "RepurchaseAmount": {
        "tp": 770,
        "fp": 380,
        "fn": 656,
        "f1": 0.5978260869565217,
        "precision": 0.6695652173913044,
        "recall": 0.5399719495091164
    },
    "TradedShares": {
        "tp": 755,
        "fp": 308,
        "fn": 379,
        "f1": 0.6873008648156578,
        "precision": 0.7102539981185324,
        "recall": 0.6657848324514991
    },
    "LaterHoldingShares": {
        "tp": 30,
        "fp": 142,
        "fn": 391,
        "f1": 0.10118043844856663,
        "precision": 0.1744186046511628,
        "recall": 0.07125890736342043
    },
    "AveragePrice": {
        "tp": 187,
        "fp": 53,
        "fn": 22,
        "f1": 0.8329621380846326,
        "precision": 0.7791666666666667,
        "recall": 0.8947368421052632
    },
    "Pledger": {
        "tp": 0,
        "fp": 0,
        "fn": 0,
        "f1": 0,
        "precision": 0,
        "recall": 0
    },
    "PledgedShares": {
        "tp": 2187,
        "fp": 984,
        "fn": 684,
        "f1": 0.7239324726911618,
        "precision": 0.6896877956480606,
        "recall": 0.7617554858934169
    },
    "Pledgee": {
        "tp": 1846,
        "fp": 287,
        "fn": 286,
        "f1": 0.8656506447831184,
        "precision": 0.8654477262072199,
        "recall": 0.8658536585365854
    },
    "TotalPledgedShares": {
        "tp": 1171,
        "fp": 434,
        "fn": 199,
        "f1": 0.7872268907563026,
        "precision": 0.729595015576324,
        "recall": 0.8547445255474453
    },
    "ReleasedDate": {
        "tp": 404,
        "fp": 637,
        "fn": 357,
        "f1": 0.4483906770255272,
        "precision": 0.38808837656099904,
        "recall": 0.5308804204993429
    },
    "StockCode": {
        "tp": 3215,
        "fp": 16,
        "fn": 33,
        "f1": 0.9924371044914339,
        "precision": 0.9950479727638502,
        "recall": 0.9898399014778325
    },
    "StockAbbr": {
        "tp": 3541,
        "fp": 584,
        "fn": 1554,
        "f1": 0.7681127982646422,
        "precision": 0.8584242424242424,
        "recall": 0.6949950932286555
    },
    "precision": 0.7861200439044116,
    "recall": 0.7357796842332924,
    "micro_f1": 0.7601173020527859,
    "macro_f1": 0.6289270725145386
}