{
    "EquityHolder": {
        "tp": 8132,
        "fp": 1595,
        "fn": 1481,
        "f1": 0.8409513960703207,
        "precision": 0.8360234399095302,
        "recall": 0.845937792572558
    },
    "FrozeShares": {
        "tp": 189,
        "fp": 310,
        "fn": 109,
        "f1": 0.47427854454203255,
        "precision": 0.3787575150300601,
        "recall": 0.6342281879194631
    },
    "LegalInstitution": {
        "tp": 412,
        "fp": 84,
        "fn": 90,
        "f1": 0.8256513026052105,
        "precision": 0.8306451612903226,
        "recall": 0.8207171314741036
    },
    "TotalHoldingShares": {
        "tp": 1541,
        "fp": 400,
        "fn": 618,
        "f1": 0.7517073170731708,
        "precision": 0.7939206594538898,
        "recall": 0.713756368689208
    },
    "TotalHoldingRatio": {
        "tp": 1432,
        "fp": 294,
        "fn": 293,
        "f1": 0.8299043755433207,
        "precision": 0.8296639629200464,
        "recall": 0.8301449275362319
    },
    "StartDate": {
        "tp": 3627,
        "fp": 1069,
        "fn": 1404,
        "f1": 0.7457592268942119,
        "precision": 0.7723594548551959,
        "recall": 0.7209302325581395
    },
    "EndDate": {
        "tp": 924,
        "fp": 571,
        "fn": 586,
        "f1": 0.6149750415973377,
        "precision": 0.6180602006688963,
        "recall": 0.6119205298013245
    },
    "UnfrozeDate": {
        "tp": 9,
        "fp": 35,
        "fn": 9,
        "f1": 0.2903225806451613,
        "precision": 0.20454545454545456,
        "recall": 0.5
    },
    "CompanyName": {
        "tp": 9500,
        "fp": 439,
        "fn": 582,
        "f1": 0.9490035462764098,
        "precision": 0.9558305664553778,
        "recall": 0.9422733584606229
    },
    "HighestTradingPrice": {
        "tp": 1420,
        "fp": 348,
        "fn": 204,
        "f1": 0.8372641509433962,
        "precision": 0.8031674208144797,
        "recall": 0.874384236453202
    },
    "LowestTradingPrice": {
        "tp": 839,
        "fp": 144,
        "fn": 201,
        "f1": 0.8294611962432031,
        "precision": 0.8535096642929807,
        "recall": 0.8067307692307693
    },
    "RepurchasedShares": {
        "tp": 1420,
        "fp": 238,
        "fn": 147,
        "f1": 0.8806201550387597,
        "precision": 0.856453558504222,
        "recall": 0.9061901723037652
    },
    "ClosingDate": {
        "tp": 1176,
        "fp": 757,
        "fn": 472,
        "f1": 0.6567997765987154,
        "precision": 0.6083807553026384,
        "recall": 0.7135922330097088
    },
    "RepurchaseAmount": {
        "tp": 1230,
        "fp": 331,
        "fn": 196,
        "f1": 0.8235687981252092,
        "precision": 0.7879564381806534,
        "recall": 0.8625525946704067
    },
    "TradedShares": {
        "tp": 844,
        "fp": 353,
        "fn": 290,
        "f1": 0.7241527241527241,
        "precision": 0.7050960735171261,
        "recall": 0.7442680776014109
    },
    "LaterHoldingShares": {
        "tp": 140,
        "fp": 438,
        "fn": 281,
        "f1": 0.2802802802802803,
        "precision": 0.2422145328719723,
        "recall": 0.332541567695962
    },
    "AveragePrice": {
        "tp": 184,
        "fp": 34,
        "fn": 25,
        "f1": 0.8618266978922718,
        "precision": 0.8440366972477065,
        "recall": 0.8803827751196173
    },
    "Pledger": {
        "tp": 0,
        "fp": 0,
        "fn": 0,
        "f1": 0,
        "precision": 0,
        "recall": 0
    },
    "PledgedShares": {
        "tp": 2404,
        "fp": 798,
        "fn": 467,
        "f1": 0.7917009715132554,
        "precision": 0.7507807620237351,
        "recall": 0.8373389063044235
    },
    "Pledgee": {
        "tp": 1958,
        "fp": 138,
        "fn": 174,
        "f1": 0.9262062440870389,
        "precision": 0.9341603053435115,
        "recall": 0.9183864915572233
    },
    "TotalPledgedShares": {
        "tp": 1134,
        "fp": 346,
        "fn": 236,
        "f1": 0.7957894736842105,
        "precision": 0.7662162162162162,
        "recall": 0.8277372262773722
    },
    "ReleasedDate": {
        "tp": 453,
        "fp": 296,
        "fn": 308,
        "f1": 0.6,
        "precision": 0.6048064085447263,
        "recall": 0.59526938239159
    },
    "StockCode": {
        "tp": 3228,
        "fp": 10,
        "fn": 20,
        "f1": 0.9953746530989823,
        "precision": 0.9969116738727609,
        "recall": 0.9938423645320197
    },
    "StockAbbr": {
        "tp": 3971,
        "fp": 437,
        "fn": 1124,
        "f1": 0.8357360833421025,
        "precision": 0.9008620689655172,
        "recall": 0.7793915603532875
    },
    "precision": 0.8298641069887834,
    "recall": 0.8320777160983347,
    "micro_f1": 0.8309694373447569,
    "macro_f1": 0.7150556056769718
}