{
    "EquityHolder": {
        "tp": 7513,
        "fp": 737,
        "fn": 2100,
        "f1": 0.8411800929295192,
        "precision": 0.9106666666666666,
        "recall": 0.7815458233641943
    },
    "FrozeShares": {
        "tp": 105,
        "fp": 123,
        "fn": 193,
        "f1": 0.39923954372623577,
        "precision": 0.4605263157894737,
        "recall": 0.3523489932885906
    },
    "LegalInstitution": {
        "tp": 465,
        "fp": 57,
        "fn": 37,
        "f1": 0.908203125,
        "precision": 0.8908045977011494,
        "recall": 0.9262948207171314
    },
    "TotalHoldingShares": {
        "tp": 1723,
        "fp": 566,
        "fn": 436,
        "f1": 0.774730215827338,
        "precision": 0.7527304499781564,
        "recall": 0.7980546549328392
    },
    "TotalHoldingRatio": {
        "tp": 1403,
        "fp": 349,
        "fn": 322,
        "f1": 0.8070175438596492,
        "precision": 0.8007990867579908,
        "recall": 0.8133333333333334
    },
    "StartDate": {
        "tp": 3760,
        "fp": 1507,
        "fn": 1271,
        "f1": 0.7302388813361818,
        "precision": 0.713878868426049,
        "recall": 0.7473663287616776
    },
    "EndDate": {
        "tp": 919,
        "fp": 380,
        "fn": 591,
        "f1": 0.6543253826984692,
        "precision": 0.7074672825250192,
        "recall": 0.6086092715231788
    },
    "UnfrozeDate": {
        "tp": 4,
        "fp": 23,
        "fn": 14,
        "f1": 0.17777777777777776,
        "precision": 0.14814814814814814,
        "recall": 0.2222222222222222
    },
    "CompanyName": {
        "tp": 9585,
        "fp": 359,
        "fn": 497,
        "f1": 0.9572555677619096,
        "precision": 0.963897827835881,
        "recall": 0.9507042253521126
    },
    "HighestTradingPrice": {
        "tp": 839,
        "fp": 365,
        "fn": 785,
        "f1": 0.5933521923620934,
        "precision": 0.696843853820598,
        "recall": 0.5166256157635468
    },
    "LowestTradingPrice": {
        "tp": 908,
        "fp": 639,
        "fn": 132,
        "f1": 0.7019713954387321,
        "precision": 0.5869424692954105,
        "recall": 0.8730769230769231
    },
    "RepurchasedShares": {
        "tp": 1499,
        "fp": 295,
        "fn": 68,
        "f1": 0.8919964296340375,
        "precision": 0.8355629877369007,
        "recall": 0.9566049776643267
    },
    "ClosingDate": {
        "tp": 1276,
        "fp": 772,
        "fn": 372,
        "f1": 0.6904761904761905,
        "precision": 0.623046875,
        "recall": 0.7742718446601942
    },
    "RepurchaseAmount": {
        "tp": 1290,
        "fp": 340,
        "fn": 136,
        "f1": 0.8442408376963351,
        "precision": 0.7914110429447853,
        "recall": 0.9046283309957924
    },
    "TradedShares": {
        "tp": 881,
        "fp": 353,
        "fn": 253,
        "f1": 0.7440878378378379,
        "precision": 0.7139384116693679,
        "recall": 0.7768959435626103
    },
    "LaterHoldingShares": {
        "tp": 98,
        "fp": 243,
        "fn": 323,
        "f1": 0.25721784776902884,
        "precision": 0.2873900293255132,
        "recall": 0.2327790973871734
    },
    "AveragePrice": {
        "tp": 180,
        "fp": 38,
        "fn": 29,
        "f1": 0.8430913348946136,
        "precision": 0.8256880733944955,
        "recall": 0.861244019138756
    },
    "Pledger": {
        "tp": 0,
        "fp": 0,
        "fn": 0,
        "f1": 0,
        "precision": 0,
        "recall": 0
    },
    "PledgedShares": {
        "tp": 2403,
        "fp": 876,
        "fn": 468,
        "f1": 0.7814634146341464,
        "precision": 0.7328453796889296,
        "recall": 0.8369905956112853
    },
    "Pledgee": {
        "tp": 1983,
        "fp": 212,
        "fn": 149,
        "f1": 0.9165703720822741,
        "precision": 0.9034168564920273,
        "recall": 0.9301125703564728
    },
    "TotalPledgedShares": {
        "tp": 1150,
        "fp": 342,
        "fn": 220,
        "f1": 0.803633822501747,
        "precision": 0.7707774798927614,
        "recall": 0.8394160583941606
    },
    "ReleasedDate": {
        "tp": 539,
        "fp": 753,
        "fn": 222,
        "f1": 0.5250852411105699,
        "precision": 0.4171826625386997,
        "recall": 0.7082785808147175
    },
    "StockCode": {
        "tp": 3233,
        "fp": 16,
        "fn": 15,
        "f1": 0.9952285670309374,
        "precision": 0.9950754078177901,
        "recall": 0.9953817733990148
    },
    "StockAbbr": {
        "tp": 4227,
        "fp": 658,
        "fn": 868,
        "f1": 0.8470941883767534,
        "precision": 0.8653019447287615,
        "recall": 0.8296368989205103
    },
    "precision": 0.8213303325831458,
    "recall": 0.8287614447408261,
    "micro_f1": 0.8250291558266797,
    "macro_f1": 0.6952282417817656
}