{
    "EquityHolder": {
        "tp": 8197,
        "fp": 1418,
        "fn": 1416,
        "f1": 0.8526107759517371,
        "precision": 0.8525221008840353,
        "recall": 0.8526994694684281
    },
    "FrozeShares": {
        "tp": 97,
        "fp": 141,
        "fn": 201,
        "f1": 0.36194029850746273,
        "precision": 0.40756302521008403,
        "recall": 0.32550335570469796
    },
    "LegalInstitution": {
        "tp": 445,
        "fp": 67,
        "fn": 57,
        "f1": 0.8777120315581853,
        "precision": 0.869140625,
        "recall": 0.8864541832669323
    },
    "TotalHoldingShares": {
        "tp": 1676,
        "fp": 587,
        "fn": 483,
        "f1": 0.7580280416101313,
        "precision": 0.7406098099867433,
        "recall": 0.776285317276517
    },
    "TotalHoldingRatio": {
        "tp": 1358,
        "fp": 282,
        "fn": 367,
        "f1": 0.8071322436849926,
        "precision": 0.8280487804878048,
        "recall": 0.7872463768115942
    },
    "StartDate": {
        "tp": 3794,
        "fp": 1264,
        "fn": 1237,
        "f1": 0.7521062543364059,
        "precision": 0.7500988533017002,
        "recall": 0.7541244285430332
    },
    "EndDate": {
        "tp": 918,
        "fp": 497,
        "fn": 592,
        "f1": 0.6276923076923077,
        "precision": 0.6487632508833923,
        "recall": 0.6079470198675496
    },
    "UnfrozeDate": {
        "tp": 5,
        "fp": 12,
        "fn": 13,
        "f1": 0.28571428571428575,
        "precision": 0.29411764705882354,
        "recall": 0.2777777777777778
    },
    "CompanyName": {
        "tp": 9605,
        "fp": 418,
        "fn": 477,
        "f1": 0.9554837105197712,
        "precision": 0.9582959193854136,
        "recall": 0.9526879587383456
    },
    "HighestTradingPrice": {
        "tp": 1416,
        "fp": 389,
        "fn": 208,
        "f1": 0.825896762904637,
        "precision": 0.7844875346260388,
        "recall": 0.8719211822660099
    },
    "LowestTradingPrice": {
        "tp": 843,
        "fp": 118,
        "fn": 197,
        "f1": 0.8425787106446776,
        "precision": 0.8772112382934444,
        "recall": 0.8105769230769231
    },
    "RepurchasedShares": {
        "tp": 1343,
        "fp": 225,
        "fn": 224,
        "f1": 0.8567783094098884,
        "precision": 0.8565051020408163,
        "recall": 0.8570516911295469
    },
    "ClosingDate": {
        "tp": 651,
        "fp": 459,
        "fn": 997,
        "f1": 0.47208121827411176,
        "precision": 0.5864864864864865,
        "recall": 0.3950242718446602
    },
    "RepurchaseAmount": {
        "tp": 1141,
        "fp": 278,
        "fn": 285,
        "f1": 0.8021089630931458,
        "precision": 0.8040873854827343,
        "recall": 0.800140252454418
    },
    "TradedShares": {
        "tp": 853,
        "fp": 407,
        "fn": 281,
        "f1": 0.7126148705096074,
        "precision": 0.676984126984127,
        "recall": 0.7522045855379189
    },
    "LaterHoldingShares": {
        "tp": 94,
        "fp": 255,
        "fn": 327,
        "f1": 0.24415584415584418,
        "precision": 0.2693409742120344,
        "recall": 0.22327790973871733
    },
    "AveragePrice": {
        "tp": 183,
        "fp": 53,
        "fn": 26,
        "f1": 0.8224719101123596,
        "precision": 0.7754237288135594,
        "recall": 0.8755980861244019
    },
    "Pledger": {
        "tp": 0,
        "fp": 0,
        "fn": 0,
        "f1": 0,
        "precision": 0,
        "recall": 0
    },
    "PledgedShares": {
        "tp": 2322,
        "fp": 899,
        "fn": 549,
        "f1": 0.7623112278397899,
        "precision": 0.720894132257063,
        "recall": 0.8087774294670846
    },
    "Pledgee": {
        "tp": 2015,
        "fp": 177,
        "fn": 117,
        "f1": 0.9320074005550416,
        "precision": 0.9192518248175182,
        "recall": 0.9451219512195121
    },
    "TotalPledgedShares": {
        "tp": 1038,
        "fp": 337,
        "fn": 332,
        "f1": 0.7562841530054646,
        "precision": 0.7549090909090909,
        "recall": 0.7576642335766424
    },
    "ReleasedDate": {
        "tp": 431,
        "fp": 400,
        "fn": 330,
        "f1": 0.5414572864321607,
        "precision": 0.5186522262334536,
        "recall": 0.5663600525624178
    },
    "StockCode": {
        "tp": 3236,
        "fp": 13,
        "fn": 12,
        "f1": 0.9961520701862399,
        "precision": 0.9959987688519545,
        "recall": 0.9963054187192119
    },
    "StockAbbr": {
        "tp": 4136,
        "fp": 566,
        "fn": 959,
        "f1": 0.8443401041135041,
        "precision": 0.879625691195236,
        "recall": 0.8117762512266928
    },
    "precision": 0.8317804536951271,
    "recall": 0.8254091269555187,
    "micro_f1": 0.8285825425400071,
    "macro_f1": 0.6954024492004898
}