{
    "EquityHolder": {
        "tp": 8696,
        "fp": 2353,
        "fn": 917,
        "f1": 0.8417384570709515,
        "precision": 0.7870395510905964,
        "recall": 0.9046083428690315
    },
    "FrozeShares": {
        "tp": 0,
        "fp": 0,
        "fn": 298,
        "f1": 0,
        "precision": 0,
        "recall": 0
    },
    "LegalInstitution": {
        "tp": 451,
        "fp": 135,
        "fn": 51,
        "f1": 0.8290441176470589,
        "precision": 0.7696245733788396,
        "recall": 0.898406374501992
    },
    "TotalHoldingShares": {
        "tp": 1697,
        "fp": 867,
        "fn": 462,
        "f1": 0.7186110522972686,
        "precision": 0.6618564742589703,
        "recall": 0.7860120426123205
    },
    "TotalHoldingRatio": {
        "tp": 1464,
        "fp": 888,
        "fn": 261,
        "f1": 0.7181751287711554,
        "precision": 0.6224489795918368,
        "recall": 0.8486956521739131
    },
    "StartDate": {
        "tp": 3540,
        "fp": 1655,
        "fn": 1491,
        "f1": 0.6923528261294739,
        "precision": 0.6814244465832531,
        "recall": 0.7036374478234944
    },
    "EndDate": {
        "tp": 1021,
        "fp": 737,
        "fn": 489,
        "f1": 0.6248470012239902,
        "precision": 0.580773606370876,
        "recall": 0.676158940397351
    },
    "UnfrozeDate": {
        "tp": 0,
        "fp": 0,
        "fn": 18,
        "f1": 0,
        "precision": 0,
        "recall": 0
    },
    "CompanyName": {
        "tp": 9890,
        "fp": 427,
        "fn": 192,
        "f1": 0.9696553752634933,
        "precision": 0.9586119996122904,
        "recall": 0.9809561594921643
    },
    "HighestTradingPrice": {
        "tp": 1348,
        "fp": 1446,
        "fn": 276,
        "f1": 0.6102308736985061,
        "precision": 0.4824624194702935,
        "recall": 0.8300492610837439
    },
    "LowestTradingPrice": {
        "tp": 0,
        "fp": 0,
        "fn": 1040,
        "f1": 0,
        "precision": 0,
        "recall": 0
    },
    "RepurchasedShares": {
        "tp": 880,
        "fp": 532,
        "fn": 687,
        "f1": 0.590802282645183,
        "precision": 0.623229461756374,
        "recall": 0.5615826419910658
    },
    "ClosingDate": {
        "tp": 1102,
        "fp": 317,
        "fn": 546,
        "f1": 0.7186175415715683,
        "precision": 0.7766032417195208,
        "recall": 0.6686893203883495
    },
    "RepurchaseAmount": {
        "tp": 221,
        "fp": 20,
        "fn": 1205,
        "f1": 0.26514697060587883,
        "precision": 0.91701244813278,
        "recall": 0.15497896213183732
    },
    "TradedShares": {
        "tp": 910,
        "fp": 653,
        "fn": 224,
        "f1": 0.6748238783833889,
        "precision": 0.582213691618682,
        "recall": 0.8024691358024691
    },
    "LaterHoldingShares": {
        "tp": 6,
        "fp": 44,
        "fn": 415,
        "f1": 0.025477707006369428,
        "precision": 0.12,
        "recall": 0.014251781472684086
    },
    "AveragePrice": {
        "tp": 189,
        "fp": 108,
        "fn": 20,
        "f1": 0.7470355731225297,
        "precision": 0.6363636363636364,
        "recall": 0.9043062200956937
    },
    "Pledger": {
        "tp": 0,
        "fp": 0,
        "fn": 0,
        "f1": 0,
        "precision": 0,
        "recall": 0
    },
    "PledgedShares": {
        "tp": 2403,
        "fp": 1017,
        "fn": 468,
        "f1": 0.7639484978540773,
        "precision": 0.7026315789473684,
        "recall": 0.8369905956112853
    },
    "Pledgee": {
        "tp": 2004,
        "fp": 268,
        "fn": 128,
        "f1": 0.9100817438692098,
        "precision": 0.8820422535211268,
        "recall": 0.9399624765478424
    },
    "TotalPledgedShares": {
        "tp": 1227,
        "fp": 818,
        "fn": 143,
        "f1": 0.7185944363103953,
        "precision": 0.6,
        "recall": 0.8956204379562044
    },
    "ReleasedDate": {
        "tp": 460,
        "fp": 420,
        "fn": 301,
        "f1": 0.5606337599024984,
        "precision": 0.5227272727272727,
        "recall": 0.6044678055190539
    },
    "StockCode": {
        "tp": 3208,
        "fp": 29,
        "fn": 40,
        "f1": 0.9893600616808018,
        "precision": 0.9910410874266296,
        "recall": 0.9876847290640394
    },
    "StockAbbr": {
        "tp": 4029,
        "fp": 634,
        "fn": 1066,
        "f1": 0.8257839721254356,
        "precision": 0.8640360283079562,
        "recall": 0.790775269872424
    },
    "precision": 0.7699693705475444,
    "recall": 0.8064667291471416,
    "micro_f1": 0.787795559780982,
    "macro_f1": 0.5747900523824682
}