{
    "EquityHolder": {
        "tp": 8348,
        "fp": 1428,
        "fn": 1265,
        "f1": 0.861106813141472,
        "precision": 0.8539279869067103,
        "recall": 0.8684073650265266
    },
    "FrozeShares": {
        "tp": 2,
        "fp": 1,
        "fn": 296,
        "f1": 0.013289036544850499,
        "precision": 0.6666666666666666,
        "recall": 0.006711409395973154
    },
    "LegalInstitution": {
        "tp": 452,
        "fp": 77,
        "fn": 50,
        "f1": 0.8768186226964113,
        "precision": 0.8544423440453687,
        "recall": 0.900398406374502
    },
    "TotalHoldingShares": {
        "tp": 1690,
        "fp": 799,
        "fn": 469,
        "f1": 0.7271944922547332,
        "precision": 0.678987545198875,
        "recall": 0.7827698008337193
    },
    "TotalHoldingRatio": {
        "tp": 1389,
        "fp": 347,
        "fn": 336,
        "f1": 0.8026581912741982,
        "precision": 0.8001152073732719,
        "recall": 0.8052173913043478
    },
    "StartDate": {
        "tp": 3696,
        "fp": 1179,
        "fn": 1335,
        "f1": 0.7462144155057541,
        "precision": 0.7581538461538462,
        "recall": 0.7346451997614788
    },
    "EndDate": {
        "tp": 1009,
        "fp": 567,
        "fn": 501,
        "f1": 0.6539209332469216,
        "precision": 0.6402284263959391,
        "recall": 0.6682119205298013
    },
    "UnfrozeDate": {
        "tp": 0,
        "fp": 0,
        "fn": 18,
        "f1": 0,
        "precision": 0,
        "recall": 0
    },
    "CompanyName": {
        "tp": 9574,
        "fp": 509,
        "fn": 508,
        "f1": 0.9495660798413093,
        "precision": 0.9495189923633839,
        "recall": 0.9496131719896845
    },
    "HighestTradingPrice": {
        "tp": 1530,
        "fp": 1268,
        "fn": 94,
        "f1": 0.6919945725915876,
        "precision": 0.546819156540386,
        "recall": 0.9421182266009852
    },
    "LowestTradingPrice": {
        "tp": 0,
        "fp": 0,
        "fn": 1040,
        "f1": 0,
        "precision": 0,
        "recall": 0
    },
    "RepurchasedShares": {
        "tp": 1368,
        "fp": 234,
        "fn": 199,
        "f1": 0.8633638371726097,
        "precision": 0.8539325842696629,
        "recall": 0.8730057434588385
    },
    "ClosingDate": {
        "tp": 1207,
        "fp": 513,
        "fn": 441,
        "f1": 0.7167458432304038,
        "precision": 0.7017441860465117,
        "recall": 0.7324029126213593
    },
    "RepurchaseAmount": {
        "tp": 1008,
        "fp": 119,
        "fn": 418,
        "f1": 0.7896592244418331,
        "precision": 0.8944099378881988,
        "recall": 0.7068723702664796
    },
    "TradedShares": {
        "tp": 813,
        "fp": 359,
        "fn": 321,
        "f1": 0.7051170858629662,
        "precision": 0.6936860068259386,
        "recall": 0.716931216931217
    },
    "LaterHoldingShares": {
        "tp": 47,
        "fp": 102,
        "fn": 374,
        "f1": 0.16491228070175437,
        "precision": 0.31543624161073824,
        "recall": 0.11163895486935867
    },
    "AveragePrice": {
        "tp": 192,
        "fp": 75,
        "fn": 17,
        "f1": 0.8067226890756304,
        "precision": 0.7191011235955056,
        "recall": 0.9186602870813397
    },
    "Pledger": {
        "tp": 0,
        "fp": 0,
        "fn": 0,
        "f1": 0,
        "precision": 0,
        "recall": 0
    },
    "PledgedShares": {
        "tp": 2418,
        "fp": 936,
        "fn": 453,
        "f1": 0.776867469879518,
        "precision": 0.7209302325581395,
        "recall": 0.8422152560083594
    },
    "Pledgee": {
        "tp": 1988,
        "fp": 180,
        "fn": 144,
        "f1": 0.9246511627906977,
        "precision": 0.9169741697416974,
        "recall": 0.9324577861163227
    },
    "TotalPledgedShares": {
        "tp": 1173,
        "fp": 466,
        "fn": 197,
        "f1": 0.7796610169491525,
        "precision": 0.7156802928615009,
        "recall": 0.8562043795620438
    },
    "ReleasedDate": {
        "tp": 473,
        "fp": 391,
        "fn": 288,
        "f1": 0.5821538461538462,
        "precision": 0.5474537037037037,
        "recall": 0.621550591327201
    },
    "StockCode": {
        "tp": 3218,
        "fp": 26,
        "fn": 30,
        "f1": 0.9913739987677141,
        "precision": 0.9919852034525277,
        "recall": 0.9907635467980296
    },
    "StockAbbr": {
        "tp": 4086,
        "fp": 533,
        "fn": 1009,
        "f1": 0.8412600370599134,
        "precision": 0.8846070578047196,
        "recall": 0.8019627085377822
    },
    "precision": 0.8188026528051622,
    "recall": 0.8233184341431764,
    "micro_f1": 0.821054334345849,
    "macro_f1": 0.6360521520493033
}