{
    "EquityHolder": {
        "tp": 8267,
        "fp": 1507,
        "fn": 1346,
        "f1": 0.8528395316449167,
        "precision": 0.8458154286883569,
        "recall": 0.8599812753562883
    },
    "FrozeShares": {
        "tp": 76,
        "fp": 108,
        "fn": 222,
        "f1": 0.31535269709543573,
        "precision": 0.41304347826086957,
        "recall": 0.2550335570469799
    },
    "LegalInstitution": {
        "tp": 437,
        "fp": 69,
        "fn": 65,
        "f1": 0.8670634920634921,
        "precision": 0.8636363636363636,
        "recall": 0.8705179282868526
    },
    "TotalHoldingShares": {
        "tp": 1755,
        "fp": 789,
        "fn": 404,
        "f1": 0.7463321284286625,
        "precision": 0.6898584905660378,
        "recall": 0.8128763316350162
    },
    "TotalHoldingRatio": {
        "tp": 1461,
        "fp": 431,
        "fn": 264,
        "f1": 0.8078518108930052,
        "precision": 0.7721987315010571,
        "recall": 0.8469565217391304
    },
    "StartDate": {
        "tp": 3748,
        "fp": 1448,
        "fn": 1283,
        "f1": 0.7329617678693654,
        "precision": 0.7213240954580447,
        "recall": 0.7449811170741403
    },
    "EndDate": {
        "tp": 1036,
        "fp": 867,
        "fn": 474,
        "f1": 0.6070905361851743,
        "precision": 0.5444035733053074,
        "recall": 0.686092715231788
    },
    "UnfrozeDate": {
        "tp": 4,
        "fp": 10,
        "fn": 14,
        "f1": 0.25,
        "precision": 0.2857142857142857,
        "recall": 0.2222222222222222
    },
    "CompanyName": {
        "tp": 9579,
        "fp": 416,
        "fn": 503,
        "f1": 0.9542262290182796,
        "precision": 0.9583791895947974,
        "recall": 0.9501091053362428
    },
    "HighestTradingPrice": {
        "tp": 1308,
        "fp": 517,
        "fn": 316,
        "f1": 0.7584807190489996,
        "precision": 0.7167123287671233,
        "recall": 0.8054187192118226
    },
    "LowestTradingPrice": {
        "tp": 781,
        "fp": 93,
        "fn": 259,
        "f1": 0.8160919540229885,
        "precision": 0.8935926773455377,
        "recall": 0.7509615384615385
    },
    "RepurchasedShares": {
        "tp": 1274,
        "fp": 214,
        "fn": 293,
        "f1": 0.8340425531914892,
        "precision": 0.8561827956989247,
        "recall": 0.813018506700702
    },
    "ClosingDate": {
        "tp": 961,
        "fp": 572,
        "fn": 687,
        "f1": 0.6042125117887457,
        "precision": 0.6268754076973255,
        "recall": 0.5831310679611651
    },
    "RepurchaseAmount": {
        "tp": 1196,
        "fp": 272,
        "fn": 230,
        "f1": 0.8265376641326884,
        "precision": 0.8147138964577657,
        "recall": 0.8387096774193549
    },
    "TradedShares": {
        "tp": 850,
        "fp": 427,
        "fn": 284,
        "f1": 0.7051016175860638,
        "precision": 0.6656225528582616,
        "recall": 0.7495590828924162
    },
    "LaterHoldingShares": {
        "tp": 75,
        "fp": 185,
        "fn": 346,
        "f1": 0.2202643171806167,
        "precision": 0.28846153846153844,
        "recall": 0.17814726840855108
    },
    "AveragePrice": {
        "tp": 194,
        "fp": 71,
        "fn": 15,
        "f1": 0.8185654008438819,
        "precision": 0.7320754716981132,
        "recall": 0.9282296650717703
    },
    "Pledger": {
        "tp": 0,
        "fp": 0,
        "fn": 0,
        "f1": 0,
        "precision": 0,
        "recall": 0
    },
    "PledgedShares": {
        "tp": 2262,
        "fp": 906,
        "fn": 609,
        "f1": 0.749130650769995,
        "precision": 0.7140151515151515,
        "recall": 0.7878787878787878
    },
    "Pledgee": {
        "tp": 2000,
        "fp": 155,
        "fn": 132,
        "f1": 0.933053417308141,
        "precision": 0.9280742459396751,
        "recall": 0.9380863039399625
    },
    "TotalPledgedShares": {
        "tp": 1061,
        "fp": 359,
        "fn": 309,
        "f1": 0.7605734767025091,
        "precision": 0.7471830985915493,
        "recall": 0.7744525547445256
    },
    "ReleasedDate": {
        "tp": 419,
        "fp": 459,
        "fn": 342,
        "f1": 0.5112873703477729,
        "precision": 0.4772209567198178,
        "recall": 0.5505913272010512
    },
    "StockCode": {
        "tp": 3233,
        "fp": 9,
        "fn": 15,
        "f1": 0.9963020030816641,
        "precision": 0.9972239358420728,
        "recall": 0.9953817733990148
    },
    "StockAbbr": {
        "tp": 4071,
        "fp": 601,
        "fn": 1024,
        "f1": 0.8336234258216444,
        "precision": 0.871361301369863,
        "recall": 0.7990186457311089
    },
    "precision": 0.8145331045583996,
    "recall": 0.8299329536442939,
    "micro_f1": 0.8221609220029104,
    "macro_f1": 0.6875410531260635
}