{
    "EquityHolder": {
        "tp": 8268,
        "fp": 1461,
        "fn": 1345,
        "f1": 0.8549271016440906,
        "precision": 0.8498304039469627,
        "recall": 0.8600853011546864
    },
    "FrozeShares": {
        "tp": 70,
        "fp": 65,
        "fn": 228,
        "f1": 0.3233256351039261,
        "precision": 0.5185185185185185,
        "recall": 0.2348993288590604
    },
    "LegalInstitution": {
        "tp": 447,
        "fp": 65,
        "fn": 55,
        "f1": 0.8816568047337278,
        "precision": 0.873046875,
        "recall": 0.8904382470119522
    },
    "TotalHoldingShares": {
        "tp": 1755,
        "fp": 842,
        "fn": 404,
        "f1": 0.7380151387720774,
        "precision": 0.6757797458606084,
        "recall": 0.8128763316350162
    },
    "TotalHoldingRatio": {
        "tp": 1468,
        "fp": 444,
        "fn": 257,
        "f1": 0.8072587297222985,
        "precision": 0.7677824267782427,
        "recall": 0.8510144927536232
    },
    "StartDate": {
        "tp": 3612,
        "fp": 1209,
        "fn": 1419,
        "f1": 0.733252131546894,
        "precision": 0.7492221530802738,
        "recall": 0.717948717948718
    },
    "EndDate": {
        "tp": 1073,
        "fp": 722,
        "fn": 437,
        "f1": 0.6493192133131619,
        "precision": 0.5977715877437326,
        "recall": 0.7105960264900663
    },
    "UnfrozeDate": {
        "tp": 0,
        "fp": 0,
        "fn": 18,
        "f1": 0,
        "precision": 0,
        "recall": 0
    },
    "CompanyName": {
        "tp": 9352,
        "fp": 448,
        "fn": 730,
        "f1": 0.940750427522382,
        "precision": 0.9542857142857143,
        "recall": 0.9275937314024995
    },
    "HighestTradingPrice": {
        "tp": 1465,
        "fp": 585,
        "fn": 159,
        "f1": 0.7974959172563963,
        "precision": 0.7146341463414634,
        "recall": 0.9020935960591133
    },
    "LowestTradingPrice": {
        "tp": 693,
        "fp": 52,
        "fn": 347,
        "f1": 0.7764705882352941,
        "precision": 0.9302013422818792,
        "recall": 0.6663461538461538
    },
    "RepurchasedShares": {
        "tp": 1373,
        "fp": 251,
        "fn": 194,
        "f1": 0.8605452836101537,
        "precision": 0.8454433497536946,
        "recall": 0.8761965539246969
    },
    "ClosingDate": {
        "tp": 1235,
        "fp": 736,
        "fn": 413,
        "f1": 0.6825089803813208,
        "precision": 0.6265854895991883,
        "recall": 0.7493932038834952
    },
    "RepurchaseAmount": {
        "tp": 1154,
        "fp": 236,
        "fn": 272,
        "f1": 0.8196022727272727,
        "precision": 0.8302158273381295,
        "recall": 0.8092566619915849
    },
    "TradedShares": {
        "tp": 884,
        "fp": 430,
        "fn": 250,
        "f1": 0.7222222222222221,
        "precision": 0.6727549467275494,
        "recall": 0.7795414462081128
    },
    "LaterHoldingShares": {
        "tp": 94,
        "fp": 219,
        "fn": 327,
        "f1": 0.25613079019073576,
        "precision": 0.3003194888178914,
        "recall": 0.22327790973871733
    },
    "AveragePrice": {
        "tp": 194,
        "fp": 63,
        "fn": 15,
        "f1": 0.832618025751073,
        "precision": 0.754863813229572,
        "recall": 0.9282296650717703
    },
    "Pledger": {
        "tp": 0,
        "fp": 0,
        "fn": 0,
        "f1": 0,
        "precision": 0,
        "recall": 0
    },
    "PledgedShares": {
        "tp": 2351,
        "fp": 887,
        "fn": 520,
        "f1": 0.769684072679653,
        "precision": 0.7260654725138974,
        "recall": 0.8188784395680947
    },
    "Pledgee": {
        "tp": 1997,
        "fp": 167,
        "fn": 135,
        "f1": 0.9297020484171323,
        "precision": 0.9228280961182994,
        "recall": 0.9366791744840526
    },
    "TotalPledgedShares": {
        "tp": 1104,
        "fp": 413,
        "fn": 266,
        "f1": 0.7648077589192934,
        "precision": 0.7277521423862887,
        "recall": 0.8058394160583942
    },
    "ReleasedDate": {
        "tp": 502,
        "fp": 545,
        "fn": 259,
        "f1": 0.5553097345132744,
        "precision": 0.4794651384909265,
        "recall": 0.6596583442838371
    },
    "StockCode": {
        "tp": 3229,
        "fp": 24,
        "fn": 19,
        "f1": 0.9933856329795416,
        "precision": 0.9926221948970181,
        "recall": 0.9941502463054187
    },
    "StockAbbr": {
        "tp": 4117,
        "fp": 609,
        "fn": 978,
        "f1": 0.838407494145199,
        "precision": 0.8711383834109183,
        "recall": 0.8080471050049067
    },
    "precision": 0.8159725882973116,
    "recall": 0.8369439838512004,
    "micro_f1": 0.826325248678755,
    "macro_f1": 0.6886415001827967
}