{
    "EquityHolder": {
        "tp": 8265,
        "fp": 1422,
        "fn": 1348,
        "f1": 0.8564766839378238,
        "precision": 0.8532053267265407,
        "recall": 0.8597732237594924
    },
    "FrozeShares": {
        "tp": 68,
        "fp": 69,
        "fn": 230,
        "f1": 0.3126436781609196,
        "precision": 0.49635036496350365,
        "recall": 0.22818791946308725
    },
    "LegalInstitution": {
        "tp": 442,
        "fp": 68,
        "fn": 60,
        "f1": 0.8735177865612648,
        "precision": 0.8666666666666667,
        "recall": 0.8804780876494024
    },
    "TotalHoldingShares": {
        "tp": 1726,
        "fp": 743,
        "fn": 433,
        "f1": 0.7458945548833189,
        "precision": 0.6990684487646821,
        "recall": 0.7994441871236684
    },
    "TotalHoldingRatio": {
        "tp": 1396,
        "fp": 262,
        "fn": 329,
        "f1": 0.8253029855158144,
        "precision": 0.841978287092883,
        "recall": 0.8092753623188406
    },
    "StartDate": {
        "tp": 3449,
        "fp": 1124,
        "fn": 1582,
        "f1": 0.7182423990004165,
        "precision": 0.7542094904876449,
        "recall": 0.6855495925263367
    },
    "EndDate": {
        "tp": 1010,
        "fp": 699,
        "fn": 500,
        "f1": 0.6275240757999379,
        "precision": 0.590988882387361,
        "recall": 0.6688741721854304
    },
    "UnfrozeDate": {
        "tp": 0,
        "fp": 0,
        "fn": 18,
        "f1": 0,
        "precision": 0,
        "recall": 0
    },
    "CompanyName": {
        "tp": 9455,
        "fp": 415,
        "fn": 627,
        "f1": 0.9477746591820368,
        "precision": 0.9579533941236069,
        "recall": 0.9378099583415989
    },
    "HighestTradingPrice": {
        "tp": 1419,
        "fp": 569,
        "fn": 205,
        "f1": 0.7857142857142857,
        "precision": 0.7137826961770624,
        "recall": 0.8737684729064039
    },
    "LowestTradingPrice": {
        "tp": 710,
        "fp": 66,
        "fn": 330,
        "f1": 0.7819383259911894,
        "precision": 0.9149484536082474,
        "recall": 0.6826923076923077
    },
    "RepurchasedShares": {
        "tp": 1324,
        "fp": 207,
        "fn": 243,
        "f1": 0.8547449967721111,
        "precision": 0.8647942521227956,
        "recall": 0.8449266113592853
    },
    "ClosingDate": {
        "tp": 1214,
        "fp": 801,
        "fn": 434,
        "f1": 0.6628446628446628,
        "precision": 0.6024813895781638,
        "recall": 0.7366504854368932
    },
    "RepurchaseAmount": {
        "tp": 1116,
        "fp": 260,
        "fn": 310,
        "f1": 0.7965738758029978,
        "precision": 0.811046511627907,
        "recall": 0.782608695652174
    },
    "TradedShares": {
        "tp": 850,
        "fp": 394,
        "fn": 284,
        "f1": 0.7148864592094196,
        "precision": 0.6832797427652733,
        "recall": 0.7495590828924162
    },
    "LaterHoldingShares": {
        "tp": 85,
        "fp": 189,
        "fn": 336,
        "f1": 0.2446043165467626,
        "precision": 0.3102189781021898,
        "recall": 0.20190023752969122
    },
    "AveragePrice": {
        "tp": 191,
        "fp": 61,
        "fn": 18,
        "f1": 0.8286334056399133,
        "precision": 0.7579365079365079,
        "recall": 0.9138755980861244
    },
    "Pledger": {
        "tp": 0,
        "fp": 0,
        "fn": 0,
        "f1": 0,
        "precision": 0,
        "recall": 0
    },
    "PledgedShares": {
        "tp": 2348,
        "fp": 826,
        "fn": 523,
        "f1": 0.7768403639371382,
        "precision": 0.739760554505356,
        "recall": 0.8178335074886799
    },
    "Pledgee": {
        "tp": 2002,
        "fp": 150,
        "fn": 130,
        "f1": 0.9346405228758169,
        "precision": 0.9302973977695167,
        "recall": 0.9390243902439024
    },
    "TotalPledgedShares": {
        "tp": 1144,
        "fp": 460,
        "fn": 226,
        "f1": 0.769334229993275,
        "precision": 0.713216957605985,
        "recall": 0.8350364963503649
    },
    "ReleasedDate": {
        "tp": 487,
        "fp": 548,
        "fn": 274,
        "f1": 0.5423162583518931,
        "precision": 0.47053140096618357,
        "recall": 0.6399474375821288
    },
    "StockCode": {
        "tp": 3229,
        "fp": 24,
        "fn": 19,
        "f1": 0.9933856329795416,
        "precision": 0.9926221948970181,
        "recall": 0.9941502463054187
    },
    "StockAbbr": {
        "tp": 4032,
        "fp": 528,
        "fn": 1063,
        "f1": 0.8352149145520454,
        "precision": 0.8842105263157894,
        "recall": 0.7913640824337586
    },
    "precision": 0.8229985496087525,
    "recall": 0.8283829572489366,
    "micro_f1": 0.8256819753707413,
    "macro_f1": 0.6845437114271914
}