{
    "EquityHolder": {
        "tp": 8484,
        "fp": 1478,
        "fn": 1129,
        "f1": 0.8668199233716475,
        "precision": 0.8516362176269825,
        "recall": 0.8825548736086549
    },
    "FrozeShares": {
        "tp": 23,
        "fp": 12,
        "fn": 275,
        "f1": 0.13813813813813816,
        "precision": 0.6571428571428571,
        "recall": 0.07718120805369127
    },
    "LegalInstitution": {
        "tp": 455,
        "fp": 74,
        "fn": 47,
        "f1": 0.8826382153249271,
        "precision": 0.8601134215500945,
        "recall": 0.9063745019920318
    },
    "TotalHoldingShares": {
        "tp": 1722,
        "fp": 847,
        "fn": 437,
        "f1": 0.7284263959390863,
        "precision": 0.670299727520436,
        "recall": 0.7975914775358962
    },
    "TotalHoldingRatio": {
        "tp": 1386,
        "fp": 309,
        "fn": 339,
        "f1": 0.8105263157894738,
        "precision": 0.8176991150442477,
        "recall": 0.8034782608695652
    },
    "StartDate": {
        "tp": 3646,
        "fp": 1162,
        "fn": 1385,
        "f1": 0.7411322288850493,
        "precision": 0.7583194675540765,
        "recall": 0.7247068177300735
    },
    "EndDate": {
        "tp": 1050,
        "fp": 628,
        "fn": 460,
        "f1": 0.6587202007528231,
        "precision": 0.6257449344457687,
        "recall": 0.695364238410596
    },
    "UnfrozeDate": {
        "tp": 0,
        "fp": 0,
        "fn": 18,
        "f1": 0,
        "precision": 0,
        "recall": 0
    },
    "CompanyName": {
        "tp": 9441,
        "fp": 485,
        "fn": 641,
        "f1": 0.9437225109956017,
        "precision": 0.9511384243401169,
        "recall": 0.9364213449712359
    },
    "HighestTradingPrice": {
        "tp": 1526,
        "fp": 1261,
        "fn": 98,
        "f1": 0.691906597143505,
        "precision": 0.5475421600287047,
        "recall": 0.9396551724137931
    },
    "LowestTradingPrice": {
        "tp": 0,
        "fp": 0,
        "fn": 1040,
        "f1": 0,
        "precision": 0,
        "recall": 0
    },
    "RepurchasedShares": {
        "tp": 1368,
        "fp": 229,
        "fn": 199,
        "f1": 0.8647281921618206,
        "precision": 0.8566061365059486,
        "recall": 0.8730057434588385
    },
    "ClosingDate": {
        "tp": 1193,
        "fp": 505,
        "fn": 455,
        "f1": 0.7130902570233114,
        "precision": 0.7025912838633687,
        "recall": 0.7239077669902912
    },
    "RepurchaseAmount": {
        "tp": 1013,
        "fp": 132,
        "fn": 413,
        "f1": 0.7880202255931544,
        "precision": 0.8847161572052402,
        "recall": 0.7103786816269285
    },
    "TradedShares": {
        "tp": 838,
        "fp": 385,
        "fn": 296,
        "f1": 0.711073398387781,
        "precision": 0.6852003270645952,
        "recall": 0.7389770723104057
    },
    "LaterHoldingShares": {
        "tp": 52,
        "fp": 133,
        "fn": 369,
        "f1": 0.17161716171617164,
        "precision": 0.2810810810810811,
        "recall": 0.12351543942992874
    },
    "AveragePrice": {
        "tp": 194,
        "fp": 76,
        "fn": 15,
        "f1": 0.8100208768267224,
        "precision": 0.7185185185185186,
        "recall": 0.9282296650717703
    },
    "Pledger": {
        "tp": 0,
        "fp": 0,
        "fn": 0,
        "f1": 0,
        "precision": 0,
        "recall": 0
    },
    "PledgedShares": {
        "tp": 2475,
        "fp": 931,
        "fn": 396,
        "f1": 0.7885932770431735,
        "precision": 0.7266588373458602,
        "recall": 0.8620689655172413
    },
    "Pledgee": {
        "tp": 1998,
        "fp": 178,
        "fn": 134,
        "f1": 0.9275766016713093,
        "precision": 0.9181985294117647,
        "recall": 0.9371482176360225
    },
    "TotalPledgedShares": {
        "tp": 1172,
        "fp": 460,
        "fn": 198,
        "f1": 0.7808127914723518,
        "precision": 0.7181372549019608,
        "recall": 0.8554744525547445
    },
    "ReleasedDate": {
        "tp": 484,
        "fp": 464,
        "fn": 277,
        "f1": 0.5664131070801639,
        "precision": 0.510548523206751,
        "recall": 0.6360052562417872
    },
    "StockCode": {
        "tp": 3225,
        "fp": 20,
        "fn": 23,
        "f1": 0.9933774834437086,
        "precision": 0.9938366718027735,
        "recall": 0.9929187192118226
    },
    "StockAbbr": {
        "tp": 4073,
        "fp": 552,
        "fn": 1022,
        "f1": 0.8380658436213992,
        "precision": 0.8806486486486487,
        "recall": 0.7994111874386653
    },
    "precision": 0.816152763675876,
    "recall": 0.8257876144474082,
    "micro_f1": 0.8209419205719252,
    "macro_f1": 0.6423091559325551
}