{
    "EquityHolder": {
        "tp": 8327,
        "fp": 1453,
        "fn": 1286,
        "f1": 0.8587634713556438,
        "precision": 0.8514314928425358,
        "recall": 0.8662228232601685
    },
    "FrozeShares": {
        "tp": 65,
        "fp": 56,
        "fn": 233,
        "f1": 0.31026252983293556,
        "precision": 0.5371900826446281,
        "recall": 0.2181208053691275
    },
    "LegalInstitution": {
        "tp": 441,
        "fp": 68,
        "fn": 61,
        "f1": 0.8724035608308605,
        "precision": 0.8664047151277013,
        "recall": 0.8784860557768924
    },
    "TotalHoldingShares": {
        "tp": 1642,
        "fp": 698,
        "fn": 517,
        "f1": 0.729939986663703,
        "precision": 0.7017094017094017,
        "recall": 0.7605372857804539
    },
    "TotalHoldingRatio": {
        "tp": 1380,
        "fp": 278,
        "fn": 345,
        "f1": 0.8158439255099025,
        "precision": 0.8323281061519904,
        "recall": 0.8
    },
    "StartDate": {
        "tp": 3769,
        "fp": 1396,
        "fn": 1262,
        "f1": 0.739309533150255,
        "precision": 0.7297192642787996,
        "recall": 0.7491552375273306
    },
    "EndDate": {
        "tp": 924,
        "fp": 468,
        "fn": 586,
        "f1": 0.6368022053756031,
        "precision": 0.6637931034482759,
        "recall": 0.6119205298013245
    },
    "UnfrozeDate": {
        "tp": 0,
        "fp": 0,
        "fn": 18,
        "f1": 0,
        "precision": 0,
        "recall": 0
    },
    "CompanyName": {
        "tp": 9428,
        "fp": 386,
        "fn": 654,
        "f1": 0.9477281865701648,
        "precision": 0.9606684328510291,
        "recall": 0.9351319182701845
    },
    "HighestTradingPrice": {
        "tp": 1422,
        "fp": 705,
        "fn": 202,
        "f1": 0.758197813916289,
        "precision": 0.6685472496473907,
        "recall": 0.875615763546798
    },
    "LowestTradingPrice": {
        "tp": 511,
        "fp": 32,
        "fn": 529,
        "f1": 0.6456096020214782,
        "precision": 0.9410681399631676,
        "recall": 0.4913461538461538
    },
    "RepurchasedShares": {
        "tp": 1363,
        "fp": 245,
        "fn": 204,
        "f1": 0.8585826771653543,
        "precision": 0.847636815920398,
        "recall": 0.8698149329929802
    },
    "ClosingDate": {
        "tp": 1088,
        "fp": 731,
        "fn": 560,
        "f1": 0.6276319584655322,
        "precision": 0.5981308411214953,
        "recall": 0.6601941747572816
    },
    "RepurchaseAmount": {
        "tp": 1026,
        "fp": 172,
        "fn": 400,
        "f1": 0.7820121951219513,
        "precision": 0.8564273789649416,
        "recall": 0.7194950911640954
    },
    "TradedShares": {
        "tp": 887,
        "fp": 407,
        "fn": 247,
        "f1": 0.7306425041186161,
        "precision": 0.6854714064914992,
        "recall": 0.7821869488536155
    },
    "LaterHoldingShares": {
        "tp": 73,
        "fp": 159,
        "fn": 348,
        "f1": 0.22358346094946402,
        "precision": 0.3146551724137931,
        "recall": 0.17339667458432304
    },
    "AveragePrice": {
        "tp": 195,
        "fp": 71,
        "fn": 14,
        "f1": 0.8210526315789474,
        "precision": 0.7330827067669173,
        "recall": 0.9330143540669856
    },
    "Pledger": {
        "tp": 0,
        "fp": 0,
        "fn": 0,
        "f1": 0,
        "precision": 0,
        "recall": 0
    },
    "PledgedShares": {
        "tp": 2320,
        "fp": 924,
        "fn": 551,
        "f1": 0.7587898609975471,
        "precision": 0.7151664611590629,
        "recall": 0.8080808080808081
    },
    "Pledgee": {
        "tp": 1999,
        "fp": 155,
        "fn": 133,
        "f1": 0.9328044797013533,
        "precision": 0.9280408542246983,
        "recall": 0.9376172607879925
    },
    "TotalPledgedShares": {
        "tp": 1033,
        "fp": 419,
        "fn": 337,
        "f1": 0.7321048901488306,
        "precision": 0.7114325068870524,
        "recall": 0.754014598540146
    },
    "ReleasedDate": {
        "tp": 488,
        "fp": 487,
        "fn": 273,
        "f1": 0.5622119815668203,
        "precision": 0.5005128205128205,
        "recall": 0.6412614980289093
    },
    "StockCode": {
        "tp": 3226,
        "fp": 23,
        "fn": 22,
        "f1": 0.9930737263352316,
        "precision": 0.9929208987380732,
        "recall": 0.9932266009852216
    },
    "StockAbbr": {
        "tp": 4040,
        "fp": 523,
        "fn": 1055,
        "f1": 0.8366121350176021,
        "precision": 0.8853824238439623,
        "recall": 0.7929342492639843
    },
    "precision": 0.8224240131164081,
    "recall": 0.8227056448705933,
    "micro_f1": 0.8225648048870587,
    "macro_f1": 0.6739151381830868
}