{
    "EquityHolder": {
        "tp": 8277,
        "fp": 1476,
        "fn": 1336,
        "f1": 0.8547970670246824,
        "precision": 0.8486619501691787,
        "recall": 0.8610215333402684
    },
    "FrozeShares": {
        "tp": 74,
        "fp": 80,
        "fn": 224,
        "f1": 0.327433628318584,
        "precision": 0.4805194805194805,
        "recall": 0.2483221476510067
    },
    "LegalInstitution": {
        "tp": 441,
        "fp": 62,
        "fn": 61,
        "f1": 0.8776119402985074,
        "precision": 0.8767395626242545,
        "recall": 0.8784860557768924
    },
    "TotalHoldingShares": {
        "tp": 1681,
        "fp": 664,
        "fn": 478,
        "f1": 0.7464476021314386,
        "precision": 0.7168443496801705,
        "recall": 0.778601204261232
    },
    "TotalHoldingRatio": {
        "tp": 1416,
        "fp": 316,
        "fn": 309,
        "f1": 0.8192074052646803,
        "precision": 0.8175519630484989,
        "recall": 0.8208695652173913
    },
    "StartDate": {
        "tp": 3827,
        "fp": 1374,
        "fn": 1204,
        "f1": 0.7480453479280689,
        "precision": 0.7358200346087291,
        "recall": 0.7606837606837606
    },
    "EndDate": {
        "tp": 947,
        "fp": 542,
        "fn": 563,
        "f1": 0.6315438479493164,
        "precision": 0.6359973136333109,
        "recall": 0.6271523178807947
    },
    "UnfrozeDate": {
        "tp": 0,
        "fp": 0,
        "fn": 18,
        "f1": 0,
        "precision": 0,
        "recall": 0
    },
    "CompanyName": {
        "tp": 9285,
        "fp": 433,
        "fn": 797,
        "f1": 0.9378787878787879,
        "precision": 0.9554435068944227,
        "recall": 0.9209482245586194
    },
    "HighestTradingPrice": {
        "tp": 1464,
        "fp": 564,
        "fn": 160,
        "f1": 0.8017524644030668,
        "precision": 0.7218934911242604,
        "recall": 0.9014778325123153
    },
    "LowestTradingPrice": {
        "tp": 714,
        "fp": 54,
        "fn": 326,
        "f1": 0.7898230088495576,
        "precision": 0.9296875,
        "recall": 0.6865384615384615
    },
    "RepurchasedShares": {
        "tp": 1412,
        "fp": 261,
        "fn": 155,
        "f1": 0.8716049382716049,
        "precision": 0.8439928272564255,
        "recall": 0.9010848755583918
    },
    "ClosingDate": {
        "tp": 1035,
        "fp": 633,
        "fn": 613,
        "f1": 0.6242460796139927,
        "precision": 0.6205035971223022,
        "recall": 0.6280339805825242
    },
    "RepurchaseAmount": {
        "tp": 1171,
        "fp": 260,
        "fn": 255,
        "f1": 0.8197409870493525,
        "precision": 0.8183088749126485,
        "recall": 0.8211781206171108
    },
    "TradedShares": {
        "tp": 878,
        "fp": 420,
        "fn": 256,
        "f1": 0.7220394736842105,
        "precision": 0.6764252696456087,
        "recall": 0.7742504409171076
    },
    "LaterHoldingShares": {
        "tp": 87,
        "fp": 221,
        "fn": 334,
        "f1": 0.23868312757201648,
        "precision": 0.2824675324675325,
        "recall": 0.20665083135391923
    },
    "AveragePrice": {
        "tp": 196,
        "fp": 62,
        "fn": 13,
        "f1": 0.8394004282655247,
        "precision": 0.7596899224806202,
        "recall": 0.937799043062201
    },
    "Pledger": {
        "tp": 0,
        "fp": 0,
        "fn": 0,
        "f1": 0,
        "precision": 0,
        "recall": 0
    },
    "PledgedShares": {
        "tp": 2239,
        "fp": 916,
        "fn": 632,
        "f1": 0.7431131762363092,
        "precision": 0.7096671949286846,
        "recall": 0.7798676419366074
    },
    "Pledgee": {
        "tp": 2003,
        "fp": 155,
        "fn": 129,
        "f1": 0.9337995337995337,
        "precision": 0.928174235403151,
        "recall": 0.9394934333958724
    },
    "TotalPledgedShares": {
        "tp": 1122,
        "fp": 430,
        "fn": 248,
        "f1": 0.7679671457905543,
        "precision": 0.7229381443298969,
        "recall": 0.8189781021897811
    },
    "ReleasedDate": {
        "tp": 427,
        "fp": 352,
        "fn": 334,
        "f1": 0.5545454545454546,
        "precision": 0.5481386392811296,
        "recall": 0.5611038107752957
    },
    "StockCode": {
        "tp": 3229,
        "fp": 21,
        "fn": 19,
        "f1": 0.9938442597722377,
        "precision": 0.9935384615384616,
        "recall": 0.9941502463054187
    },
    "StockAbbr": {
        "tp": 4074,
        "fp": 571,
        "fn": 1021,
        "f1": 0.8365503080082136,
        "precision": 0.8770721205597417,
        "recall": 0.7996074582924436
    },
    "precision": 0.8233809472666739,
    "recall": 0.8290498161632183,
    "micro_f1": 0.8262056578356535,
    "macro_f1": 0.686669833860654
}