{
    "EquityHolder": {
        "tp": 8230,
        "fp": 1429,
        "fn": 1383,
        "f1": 0.8540888335408882,
        "precision": 0.8520550781654416,
        "recall": 0.8561323208155622
    },
    "FrozeShares": {
        "tp": 93,
        "fp": 105,
        "fn": 205,
        "f1": 0.37499999999999994,
        "precision": 0.4696969696969697,
        "recall": 0.31208053691275167
    },
    "LegalInstitution": {
        "tp": 439,
        "fp": 65,
        "fn": 63,
        "f1": 0.8727634194831014,
        "precision": 0.871031746031746,
        "recall": 0.8745019920318725
    },
    "TotalHoldingShares": {
        "tp": 1735,
        "fp": 731,
        "fn": 424,
        "f1": 0.7502702702702703,
        "precision": 0.7035685320356854,
        "recall": 0.8036127836961556
    },
    "TotalHoldingRatio": {
        "tp": 1410,
        "fp": 317,
        "fn": 315,
        "f1": 0.816917728852839,
        "precision": 0.8164447017950203,
        "recall": 0.8173913043478261
    },
    "StartDate": {
        "tp": 3740,
        "fp": 1424,
        "fn": 1291,
        "f1": 0.7336929867582148,
        "precision": 0.7242447714949651,
        "recall": 0.7433909759491155
    },
    "EndDate": {
        "tp": 1012,
        "fp": 678,
        "fn": 498,
        "f1": 0.6325,
        "precision": 0.5988165680473373,
        "recall": 0.6701986754966888
    },
    "UnfrozeDate": {
        "tp": 2,
        "fp": 3,
        "fn": 16,
        "f1": 0.1739130434782609,
        "precision": 0.4,
        "recall": 0.1111111111111111
    },
    "CompanyName": {
        "tp": 9302,
        "fp": 472,
        "fn": 780,
        "f1": 0.9369460112812248,
        "precision": 0.9517086146920402,
        "recall": 0.9226343979369173
    },
    "HighestTradingPrice": {
        "tp": 1374,
        "fp": 539,
        "fn": 250,
        "f1": 0.7769296013570822,
        "precision": 0.7182435964453737,
        "recall": 0.8460591133004927
    },
    "LowestTradingPrice": {
        "tp": 786,
        "fp": 108,
        "fn": 254,
        "f1": 0.8128231644260598,
        "precision": 0.8791946308724832,
        "recall": 0.7557692307692307
    },
    "RepurchasedShares": {
        "tp": 1438,
        "fp": 277,
        "fn": 129,
        "f1": 0.8762949421084705,
        "precision": 0.8384839650145772,
        "recall": 0.9176770899808552
    },
    "ClosingDate": {
        "tp": 1151,
        "fp": 780,
        "fn": 497,
        "f1": 0.6431964235820061,
        "precision": 0.5960642154324184,
        "recall": 0.6984223300970874
    },
    "RepurchaseAmount": {
        "tp": 1284,
        "fp": 303,
        "fn": 142,
        "f1": 0.8523066710919349,
        "precision": 0.8090737240075614,
        "recall": 0.9004207573632539
    },
    "TradedShares": {
        "tp": 842,
        "fp": 450,
        "fn": 292,
        "f1": 0.694146743610882,
        "precision": 0.651702786377709,
        "recall": 0.7425044091710759
    },
    "LaterHoldingShares": {
        "tp": 100,
        "fp": 240,
        "fn": 321,
        "f1": 0.2628120893561104,
        "precision": 0.29411764705882354,
        "recall": 0.2375296912114014
    },
    "AveragePrice": {
        "tp": 195,
        "fp": 60,
        "fn": 14,
        "f1": 0.8405172413793104,
        "precision": 0.7647058823529411,
        "recall": 0.9330143540669856
    },
    "Pledger": {
        "tp": 0,
        "fp": 0,
        "fn": 0,
        "f1": 0,
        "precision": 0,
        "recall": 0
    },
    "PledgedShares": {
        "tp": 2426,
        "fp": 993,
        "fn": 445,
        "f1": 0.7713831478537361,
        "precision": 0.7095642000584966,
        "recall": 0.8450017415534657
    },
    "Pledgee": {
        "tp": 2014,
        "fp": 166,
        "fn": 118,
        "f1": 0.9341372912801483,
        "precision": 0.9238532110091743,
        "recall": 0.9446529080675422
    },
    "TotalPledgedShares": {
        "tp": 1047,
        "fp": 349,
        "fn": 323,
        "f1": 0.7570498915401302,
        "precision": 0.75,
        "recall": 0.7642335766423358
    },
    "ReleasedDate": {
        "tp": 423,
        "fp": 465,
        "fn": 338,
        "f1": 0.5130382049727108,
        "precision": 0.47635135135135137,
        "recall": 0.5558475689881734
    },
    "StockCode": {
        "tp": 3236,
        "fp": 24,
        "fn": 12,
        "f1": 0.9944683466502766,
        "precision": 0.992638036809816,
        "recall": 0.9963054187192119
    },
    "StockAbbr": {
        "tp": 4107,
        "fp": 544,
        "fn": 988,
        "f1": 0.8428073055612558,
        "precision": 0.883035906256719,
        "recall": 0.8060843964671246
    },
    "precision": 0.8151050818865537,
    "recall": 0.8360247999423257,
    "micro_f1": 0.8254324151185138,
    "macro_f1": 0.6965834732681215
}