{
    "EquityHolder": {
        "tp": 8312,
        "fp": 1570,
        "fn": 1301,
        "f1": 0.8527314696075917,
        "precision": 0.8411252782837483,
        "recall": 0.8646624362841985
    },
    "FrozeShares": {
        "tp": 94,
        "fp": 126,
        "fn": 204,
        "f1": 0.36293436293436293,
        "precision": 0.42727272727272725,
        "recall": 0.31543624161073824
    },
    "LegalInstitution": {
        "tp": 443,
        "fp": 67,
        "fn": 59,
        "f1": 0.875494071146245,
        "precision": 0.8686274509803922,
        "recall": 0.8824701195219123
    },
    "TotalHoldingShares": {
        "tp": 1727,
        "fp": 664,
        "fn": 432,
        "f1": 0.7591208791208791,
        "precision": 0.7222919280635717,
        "recall": 0.7999073645206114
    },
    "TotalHoldingRatio": {
        "tp": 1407,
        "fp": 313,
        "fn": 318,
        "f1": 0.8168359941944849,
        "precision": 0.8180232558139535,
        "recall": 0.8156521739130435
    },
    "StartDate": {
        "tp": 3763,
        "fp": 1285,
        "fn": 1268,
        "f1": 0.7467010616132553,
        "precision": 0.7454437400950872,
        "recall": 0.7479626316835619
    },
    "EndDate": {
        "tp": 915,
        "fp": 541,
        "fn": 595,
        "f1": 0.6169925826028322,
        "precision": 0.6284340659340659,
        "recall": 0.6059602649006622
    },
    "UnfrozeDate": {
        "tp": 6,
        "fp": 14,
        "fn": 12,
        "f1": 0.3157894736842105,
        "precision": 0.3,
        "recall": 0.3333333333333333
    },
    "CompanyName": {
        "tp": 9348,
        "fp": 439,
        "fn": 734,
        "f1": 0.9409633096783934,
        "precision": 0.9551445795442934,
        "recall": 0.9271969847252529
    },
    "HighestTradingPrice": {
        "tp": 1464,
        "fp": 434,
        "fn": 160,
        "f1": 0.8313458262350938,
        "precision": 0.7713382507903056,
        "recall": 0.9014778325123153
    },
    "LowestTradingPrice": {
        "tp": 773,
        "fp": 88,
        "fn": 267,
        "f1": 0.8132561809573909,
        "precision": 0.8977932636469221,
        "recall": 0.7432692307692308
    },
    "RepurchasedShares": {
        "tp": 1386,
        "fp": 258,
        "fn": 181,
        "f1": 0.8632824665213329,
        "precision": 0.843065693430657,
        "recall": 0.8844926611359285
    },
    "ClosingDate": {
        "tp": 1187,
        "fp": 935,
        "fn": 461,
        "f1": 0.629708222811671,
        "precision": 0.55937794533459,
        "recall": 0.7202669902912622
    },
    "RepurchaseAmount": {
        "tp": 1162,
        "fp": 312,
        "fn": 264,
        "f1": 0.8013793103448276,
        "precision": 0.7883310719131614,
        "recall": 0.814866760168303
    },
    "TradedShares": {
        "tp": 729,
        "fp": 341,
        "fn": 405,
        "f1": 0.6615245009074411,
        "precision": 0.6813084112149532,
        "recall": 0.6428571428571429
    },
    "LaterHoldingShares": {
        "tp": 70,
        "fp": 213,
        "fn": 351,
        "f1": 0.19886363636363638,
        "precision": 0.24734982332155478,
        "recall": 0.166270783847981
    },
    "AveragePrice": {
        "tp": 193,
        "fp": 67,
        "fn": 16,
        "f1": 0.8230277185501066,
        "precision": 0.7423076923076923,
        "recall": 0.9234449760765551
    },
    "Pledger": {
        "tp": 0,
        "fp": 0,
        "fn": 0,
        "f1": 0,
        "precision": 0,
        "recall": 0
    },
    "PledgedShares": {
        "tp": 2313,
        "fp": 865,
        "fn": 558,
        "f1": 0.7647545048768393,
        "precision": 0.7278162366268093,
        "recall": 0.8056426332288401
    },
    "Pledgee": {
        "tp": 2003,
        "fp": 161,
        "fn": 129,
        "f1": 0.9324953445065177,
        "precision": 0.9256007393715342,
        "recall": 0.9394934333958724
    },
    "TotalPledgedShares": {
        "tp": 1004,
        "fp": 309,
        "fn": 366,
        "f1": 0.7484159522922103,
        "precision": 0.7646610814927647,
        "recall": 0.7328467153284671
    },
    "ReleasedDate": {
        "tp": 474,
        "fp": 483,
        "fn": 287,
        "f1": 0.5518044237485449,
        "precision": 0.4952978056426332,
        "recall": 0.6228646517739816
    },
    "StockCode": {
        "tp": 3231,
        "fp": 11,
        "fn": 17,
        "f1": 0.9956856702619413,
        "precision": 0.9966070326958667,
        "recall": 0.9947660098522167
    },
    "StockAbbr": {
        "tp": 3979,
        "fp": 532,
        "fn": 1116,
        "f1": 0.8284405579845929,
        "precision": 0.8820660607404123,
        "recall": 0.7809617271835132
    },
    "precision": 0.8209637392655014,
    "recall": 0.8287614447408261,
    "micro_f1": 0.8248441634153997,
    "macro_f1": 0.6971478133726835
}