{
    "EquityHolder": {
        "tp": 8327,
        "fp": 1480,
        "fn": 1286,
        "f1": 0.857569515962925,
        "precision": 0.84908738656062,
        "recall": 0.8662228232601685
    },
    "FrozeShares": {
        "tp": 65,
        "fp": 41,
        "fn": 233,
        "f1": 0.3217821782178218,
        "precision": 0.6132075471698113,
        "recall": 0.2181208053691275
    },
    "LegalInstitution": {
        "tp": 452,
        "fp": 63,
        "fn": 50,
        "f1": 0.888888888888889,
        "precision": 0.8776699029126214,
        "recall": 0.900398406374502
    },
    "TotalHoldingShares": {
        "tp": 1694,
        "fp": 758,
        "fn": 465,
        "f1": 0.7347646931251356,
        "precision": 0.6908646003262643,
        "recall": 0.7846225104214914
    },
    "TotalHoldingRatio": {
        "tp": 1399,
        "fp": 309,
        "fn": 326,
        "f1": 0.8150305854937372,
        "precision": 0.8190866510538641,
        "recall": 0.8110144927536231
    },
    "StartDate": {
        "tp": 3705,
        "fp": 1196,
        "fn": 1326,
        "f1": 0.7460732984293194,
        "precision": 0.7559681697612732,
        "recall": 0.7364341085271318
    },
    "EndDate": {
        "tp": 994,
        "fp": 521,
        "fn": 516,
        "f1": 0.6571900826446281,
        "precision": 0.6561056105610561,
        "recall": 0.6582781456953642
    },
    "UnfrozeDate": {
        "tp": 0,
        "fp": 0,
        "fn": 18,
        "f1": 0,
        "precision": 0,
        "recall": 0
    },
    "CompanyName": {
        "tp": 9427,
        "fp": 420,
        "fn": 655,
        "f1": 0.9460585077023432,
        "precision": 0.9573474154564842,
        "recall": 0.9350327316008729
    },
    "HighestTradingPrice": {
        "tp": 1529,
        "fp": 1088,
        "fn": 95,
        "f1": 0.7210563546333413,
        "precision": 0.5842567825754681,
        "recall": 0.9415024630541872
    },
    "LowestTradingPrice": {
        "tp": 188,
        "fp": 4,
        "fn": 852,
        "f1": 0.3051948051948052,
        "precision": 0.9791666666666666,
        "recall": 0.18076923076923077
    },
    "RepurchasedShares": {
        "tp": 1353,
        "fp": 238,
        "fn": 214,
        "f1": 0.8568714376187461,
        "precision": 0.8504085480829667,
        "recall": 0.8634333120612636
    },
    "ClosingDate": {
        "tp": 986,
        "fp": 691,
        "fn": 662,
        "f1": 0.5930827067669172,
        "precision": 0.5879546809779368,
        "recall": 0.5983009708737864
    },
    "RepurchaseAmount": {
        "tp": 1134,
        "fp": 223,
        "fn": 292,
        "f1": 0.8149478979518504,
        "precision": 0.8356669123065585,
        "recall": 0.7952314165497896
    },
    "TradedShares": {
        "tp": 858,
        "fp": 380,
        "fn": 276,
        "f1": 0.7234401349072512,
        "precision": 0.6930533117932148,
        "recall": 0.7566137566137566
    },
    "LaterHoldingShares": {
        "tp": 62,
        "fp": 137,
        "fn": 359,
        "f1": 0.2,
        "precision": 0.31155778894472363,
        "recall": 0.14726840855106887
    },
    "AveragePrice": {
        "tp": 199,
        "fp": 56,
        "fn": 10,
        "f1": 0.8577586206896552,
        "precision": 0.7803921568627451,
        "recall": 0.9521531100478469
    },
    "Pledger": {
        "tp": 0,
        "fp": 0,
        "fn": 0,
        "f1": 0,
        "precision": 0,
        "recall": 0
    },
    "PledgedShares": {
        "tp": 2418,
        "fp": 921,
        "fn": 453,
        "f1": 0.778743961352657,
        "precision": 0.7241689128481581,
        "recall": 0.8422152560083594
    },
    "Pledgee": {
        "tp": 1986,
        "fp": 161,
        "fn": 146,
        "f1": 0.9282542650151905,
        "precision": 0.9250116441546343,
        "recall": 0.9315196998123827
    },
    "TotalPledgedShares": {
        "tp": 1185,
        "fp": 473,
        "fn": 185,
        "f1": 0.7826948480845443,
        "precision": 0.7147165259348612,
        "recall": 0.864963503649635
    },
    "ReleasedDate": {
        "tp": 484,
        "fp": 453,
        "fn": 277,
        "f1": 0.5700824499411072,
        "precision": 0.5165421558164355,
        "recall": 0.6360052562417872
    },
    "StockCode": {
        "tp": 3227,
        "fp": 27,
        "fn": 21,
        "f1": 0.9926176561058135,
        "precision": 0.9917025199754149,
        "recall": 0.9935344827586207
    },
    "StockAbbr": {
        "tp": 3924,
        "fp": 571,
        "fn": 1171,
        "f1": 0.8183524504692388,
        "precision": 0.8729699666295885,
        "recall": 0.7701668302257115
    },
    "precision": 0.8170301216693246,
    "recall": 0.8217864609617187,
    "micro_f1": 0.8194013891509646,
    "macro_f1": 0.6629356391331632
}