{
    "EquityHolder": {
        "tp": 8316,
        "fp": 1374,
        "fn": 1297,
        "f1": 0.8616277262601668,
        "precision": 0.8582043343653251,
        "recall": 0.8650785394777905
    },
    "FrozeShares": {
        "tp": 24,
        "fp": 16,
        "fn": 274,
        "f1": 0.14201183431952663,
        "precision": 0.6,
        "recall": 0.08053691275167785
    },
    "LegalInstitution": {
        "tp": 452,
        "fp": 71,
        "fn": 50,
        "f1": 0.8819512195121951,
        "precision": 0.864244741873805,
        "recall": 0.900398406374502
    },
    "TotalHoldingShares": {
        "tp": 1718,
        "fp": 827,
        "fn": 441,
        "f1": 0.7304421768707483,
        "precision": 0.675049115913556,
        "recall": 0.7957387679481241
    },
    "TotalHoldingRatio": {
        "tp": 1405,
        "fp": 372,
        "fn": 320,
        "f1": 0.8023986293546544,
        "precision": 0.7906584130557118,
        "recall": 0.8144927536231884
    },
    "StartDate": {
        "tp": 3752,
        "fp": 1237,
        "fn": 1279,
        "f1": 0.7489021956087825,
        "precision": 0.7520545199438765,
        "recall": 0.7457761876366528
    },
    "EndDate": {
        "tp": 1022,
        "fp": 534,
        "fn": 488,
        "f1": 0.6666666666666666,
        "precision": 0.6568123393316195,
        "recall": 0.6768211920529801
    },
    "UnfrozeDate": {
        "tp": 0,
        "fp": 0,
        "fn": 18,
        "f1": 0,
        "precision": 0,
        "recall": 0
    },
    "CompanyName": {
        "tp": 9612,
        "fp": 388,
        "fn": 470,
        "f1": 0.9572751717956379,
        "precision": 0.9612,
        "recall": 0.9533822654235271
    },
    "HighestTradingPrice": {
        "tp": 1514,
        "fp": 1258,
        "fn": 110,
        "f1": 0.6888080072793449,
        "precision": 0.5461760461760462,
        "recall": 0.9322660098522167
    },
    "LowestTradingPrice": {
        "tp": 0,
        "fp": 0,
        "fn": 1040,
        "f1": 0,
        "precision": 0,
        "recall": 0
    },
    "RepurchasedShares": {
        "tp": 1363,
        "fp": 226,
        "fn": 204,
        "f1": 0.8637515842839036,
        "precision": 0.8577721837633732,
        "recall": 0.8698149329929802
    },
    "ClosingDate": {
        "tp": 1183,
        "fp": 546,
        "fn": 465,
        "f1": 0.7006218537163162,
        "precision": 0.6842105263157895,
        "recall": 0.7178398058252428
    },
    "RepurchaseAmount": {
        "tp": 1042,
        "fp": 150,
        "fn": 384,
        "f1": 0.7960275019098547,
        "precision": 0.8741610738255033,
        "recall": 0.7307152875175316
    },
    "TradedShares": {
        "tp": 837,
        "fp": 393,
        "fn": 297,
        "f1": 0.7081218274111676,
        "precision": 0.6804878048780488,
        "recall": 0.7380952380952381
    },
    "LaterHoldingShares": {
        "tp": 54,
        "fp": 129,
        "fn": 367,
        "f1": 0.17880794701986755,
        "precision": 0.29508196721311475,
        "recall": 0.12826603325415678
    },
    "AveragePrice": {
        "tp": 196,
        "fp": 78,
        "fn": 13,
        "f1": 0.8115942028985508,
        "precision": 0.7153284671532847,
        "recall": 0.937799043062201
    },
    "Pledger": {
        "tp": 0,
        "fp": 0,
        "fn": 0,
        "f1": 0,
        "precision": 0,
        "recall": 0
    },
    "PledgedShares": {
        "tp": 2478,
        "fp": 930,
        "fn": 393,
        "f1": 0.7892976588628762,
        "precision": 0.727112676056338,
        "recall": 0.8631138975966562
    },
    "Pledgee": {
        "tp": 2000,
        "fp": 166,
        "fn": 132,
        "f1": 0.9306654257794323,
        "precision": 0.9233610341643582,
        "recall": 0.9380863039399625
    },
    "TotalPledgedShares": {
        "tp": 1187,
        "fp": 461,
        "fn": 183,
        "f1": 0.7866136514247847,
        "precision": 0.7202669902912622,
        "recall": 0.8664233576642336
    },
    "ReleasedDate": {
        "tp": 481,
        "fp": 416,
        "fn": 280,
        "f1": 0.5802171290711702,
        "precision": 0.5362318840579711,
        "recall": 0.6320630749014454
    },
    "StockCode": {
        "tp": 3226,
        "fp": 20,
        "fn": 22,
        "f1": 0.9935324915306436,
        "precision": 0.9938385705483672,
        "recall": 0.9932266009852216
    },
    "StockAbbr": {
        "tp": 4032,
        "fp": 510,
        "fn": 1063,
        "f1": 0.8367749299574555,
        "precision": 0.8877146631439894,
        "recall": 0.7913640824337586
    },
    "precision": 0.8195942567326238,
    "recall": 0.8271573787037705,
    "micro_f1": 0.8233584499461787,
    "macro_f1": 0.644004576313906
}