{
    "EquityHolder": {
        "tp": 8117,
        "fp": 1357,
        "fn": 1496,
        "f1": 0.8505265363860218,
        "precision": 0.8567658855815917,
        "recall": 0.8443774055965879
    },
    "FrozeShares": {
        "tp": 65,
        "fp": 57,
        "fn": 233,
        "f1": 0.30952380952380953,
        "precision": 0.5327868852459017,
        "recall": 0.2181208053691275
    },
    "LegalInstitution": {
        "tp": 448,
        "fp": 67,
        "fn": 54,
        "f1": 0.8810226155358899,
        "precision": 0.8699029126213592,
        "recall": 0.8924302788844621
    },
    "TotalHoldingShares": {
        "tp": 1702,
        "fp": 820,
        "fn": 457,
        "f1": 0.7271950437940612,
        "precision": 0.6748612212529739,
        "recall": 0.7883279295970357
    },
    "TotalHoldingRatio": {
        "tp": 1388,
        "fp": 315,
        "fn": 337,
        "f1": 0.809801633605601,
        "precision": 0.8150322959483265,
        "recall": 0.8046376811594202
    },
    "StartDate": {
        "tp": 3695,
        "fp": 1185,
        "fn": 1336,
        "f1": 0.7456361618403793,
        "precision": 0.757172131147541,
        "recall": 0.7344464321208507
    },
    "EndDate": {
        "tp": 1017,
        "fp": 622,
        "fn": 493,
        "f1": 0.6459193394728485,
        "precision": 0.6205003050640635,
        "recall": 0.6735099337748345
    },
    "UnfrozeDate": {
        "tp": 0,
        "fp": 0,
        "fn": 18,
        "f1": 0,
        "precision": 0,
        "recall": 0
    },
    "CompanyName": {
        "tp": 9509,
        "fp": 396,
        "fn": 573,
        "f1": 0.9515184870165608,
        "precision": 0.960020191822312,
        "recall": 0.9431660384844277
    },
    "HighestTradingPrice": {
        "tp": 1463,
        "fp": 696,
        "fn": 161,
        "f1": 0.7734602167591859,
        "precision": 0.6776285317276517,
        "recall": 0.9008620689655172
    },
    "LowestTradingPrice": {
        "tp": 583,
        "fp": 34,
        "fn": 457,
        "f1": 0.703681351840676,
        "precision": 0.9448946515397083,
        "recall": 0.5605769230769231
    },
    "RepurchasedShares": {
        "tp": 1406,
        "fp": 246,
        "fn": 161,
        "f1": 0.8735632183908046,
        "precision": 0.851089588377724,
        "recall": 0.8972559029993619
    },
    "ClosingDate": {
        "tp": 969,
        "fp": 724,
        "fn": 679,
        "f1": 0.5800658485483389,
        "precision": 0.5723567631423508,
        "recall": 0.5879854368932039
    },
    "RepurchaseAmount": {
        "tp": 1186,
        "fp": 261,
        "fn": 240,
        "f1": 0.8256178210929344,
        "precision": 0.8196268140981341,
        "recall": 0.8316970546984572
    },
    "TradedShares": {
        "tp": 873,
        "fp": 417,
        "fn": 261,
        "f1": 0.7202970297029704,
        "precision": 0.6767441860465117,
        "recall": 0.7698412698412699
    },
    "LaterHoldingShares": {
        "tp": 72,
        "fp": 169,
        "fn": 349,
        "f1": 0.21752265861027192,
        "precision": 0.2987551867219917,
        "recall": 0.171021377672209
    },
    "AveragePrice": {
        "tp": 197,
        "fp": 62,
        "fn": 12,
        "f1": 0.8418803418803418,
        "precision": 0.7606177606177607,
        "recall": 0.9425837320574163
    },
    "Pledger": {
        "tp": 0,
        "fp": 0,
        "fn": 0,
        "f1": 0,
        "precision": 0,
        "recall": 0
    },
    "PledgedShares": {
        "tp": 2374,
        "fp": 896,
        "fn": 497,
        "f1": 0.7731639798078488,
        "precision": 0.7259938837920489,
        "recall": 0.8268895855102751
    },
    "Pledgee": {
        "tp": 2014,
        "fp": 153,
        "fn": 118,
        "f1": 0.9369620842056292,
        "precision": 0.9293954776188279,
        "recall": 0.9446529080675422
    },
    "TotalPledgedShares": {
        "tp": 1116,
        "fp": 424,
        "fn": 254,
        "f1": 0.7670103092783506,
        "precision": 0.7246753246753247,
        "recall": 0.8145985401459854
    },
    "ReleasedDate": {
        "tp": 476,
        "fp": 460,
        "fn": 285,
        "f1": 0.5609899823217441,
        "precision": 0.5085470085470085,
        "recall": 0.6254927726675427
    },
    "StockCode": {
        "tp": 3229,
        "fp": 27,
        "fn": 19,
        "f1": 0.9929274292742928,
        "precision": 0.9917076167076168,
        "recall": 0.9941502463054187
    },
    "StockAbbr": {
        "tp": 4139,
        "fp": 607,
        "fn": 956,
        "f1": 0.8411746773701859,
        "precision": 0.872102823430257,
        "recall": 0.8123650637880275
    },
    "precision": 0.8216229721771099,
    "recall": 0.8297527215052988,
    "micro_f1": 0.8256678353972937,
    "macro_f1": 0.6803941906774477
}