{
    "EquityHolder": {
        "tp": 8471,
        "fp": 1537,
        "fn": 1142,
        "f1": 0.863462616584272,
        "precision": 0.8464228617106315,
        "recall": 0.8812025382294809
    },
    "FrozeShares": {
        "tp": 48,
        "fp": 36,
        "fn": 250,
        "f1": 0.2513089005235602,
        "precision": 0.5714285714285714,
        "recall": 0.1610738255033557
    },
    "LegalInstitution": {
        "tp": 456,
        "fp": 68,
        "fn": 46,
        "f1": 0.8888888888888888,
        "precision": 0.8702290076335878,
        "recall": 0.9083665338645418
    },
    "TotalHoldingShares": {
        "tp": 1704,
        "fp": 747,
        "fn": 455,
        "f1": 0.7392624728850326,
        "precision": 0.6952264381884945,
        "recall": 0.7892542843909217
    },
    "TotalHoldingRatio": {
        "tp": 1367,
        "fp": 248,
        "fn": 358,
        "f1": 0.818562874251497,
        "precision": 0.8464396284829722,
        "recall": 0.792463768115942
    },
    "StartDate": {
        "tp": 3855,
        "fp": 1475,
        "fn": 1176,
        "f1": 0.7441366663449475,
        "precision": 0.723264540337711,
        "recall": 0.7662492546213476
    },
    "EndDate": {
        "tp": 964,
        "fp": 520,
        "fn": 546,
        "f1": 0.6439545758183033,
        "precision": 0.6495956873315364,
        "recall": 0.6384105960264901
    },
    "UnfrozeDate": {
        "tp": 0,
        "fp": 0,
        "fn": 18,
        "f1": 0,
        "precision": 0,
        "recall": 0
    },
    "CompanyName": {
        "tp": 9555,
        "fp": 359,
        "fn": 527,
        "f1": 0.9556911382276456,
        "precision": 0.9637885818035102,
        "recall": 0.9477286252727634
    },
    "HighestTradingPrice": {
        "tp": 1474,
        "fp": 1217,
        "fn": 150,
        "f1": 0.6831981460023174,
        "precision": 0.5477517651430694,
        "recall": 0.9076354679802956
    },
    "LowestTradingPrice": {
        "tp": 4,
        "fp": 0,
        "fn": 1036,
        "f1": 0.007662835249042146,
        "precision": 1.0,
        "recall": 0.0038461538461538464
    },
    "RepurchasedShares": {
        "tp": 1359,
        "fp": 223,
        "fn": 208,
        "f1": 0.8631311527469037,
        "precision": 0.859039190897598,
        "recall": 0.8672622846202935
    },
    "ClosingDate": {
        "tp": 1203,
        "fp": 718,
        "fn": 445,
        "f1": 0.6741384141216027,
        "precision": 0.6262363352420615,
        "recall": 0.7299757281553398
    },
    "RepurchaseAmount": {
        "tp": 1054,
        "fp": 189,
        "fn": 372,
        "f1": 0.7898089171974523,
        "precision": 0.8479485116653258,
        "recall": 0.7391304347826086
    },
    "TradedShares": {
        "tp": 801,
        "fp": 348,
        "fn": 333,
        "f1": 0.7017082785808149,
        "precision": 0.6971279373368147,
        "recall": 0.7063492063492064
    },
    "LaterHoldingShares": {
        "tp": 65,
        "fp": 121,
        "fn": 356,
        "f1": 0.214168039538715,
        "precision": 0.34946236559139787,
        "recall": 0.1543942992874109
    },
    "AveragePrice": {
        "tp": 196,
        "fp": 66,
        "fn": 13,
        "f1": 0.832271762208068,
        "precision": 0.7480916030534351,
        "recall": 0.937799043062201
    },
    "Pledger": {
        "tp": 0,
        "fp": 0,
        "fn": 0,
        "f1": 0,
        "precision": 0,
        "recall": 0
    },
    "PledgedShares": {
        "tp": 2440,
        "fp": 904,
        "fn": 431,
        "f1": 0.7851971037811745,
        "precision": 0.7296650717703349,
        "recall": 0.8498780912574017
    },
    "Pledgee": {
        "tp": 2005,
        "fp": 169,
        "fn": 127,
        "f1": 0.9312587087784486,
        "precision": 0.922263109475621,
        "recall": 0.9404315196998124
    },
    "TotalPledgedShares": {
        "tp": 1185,
        "fp": 457,
        "fn": 185,
        "f1": 0.7868525896414342,
        "precision": 0.7216808769792935,
        "recall": 0.864963503649635
    },
    "ReleasedDate": {
        "tp": 478,
        "fp": 451,
        "fn": 283,
        "f1": 0.565680473372781,
        "precision": 0.5145317545748116,
        "recall": 0.6281208935611038
    },
    "StockCode": {
        "tp": 3223,
        "fp": 25,
        "fn": 25,
        "f1": 0.9923029556650246,
        "precision": 0.9923029556650246,
        "recall": 0.9923029556650246
    },
    "StockAbbr": {
        "tp": 4168,
        "fp": 617,
        "fn": 927,
        "f1": 0.8437246963562754,
        "precision": 0.871055381400209,
        "recall": 0.8180569185475957
    },
    "precision": 0.8144776383242001,
    "recall": 0.8304195804195804,
    "micro_f1": 0.8223713566673211,
    "macro_f1": 0.6490155086151751
}