{
    "EquityHolder": {
        "tp": 8314,
        "fp": 1572,
        "fn": 1299,
        "f1": 0.8527616800861583,
        "precision": 0.8409872547036212,
        "recall": 0.8648704878809945
    },
    "FrozeShares": {
        "tp": 84,
        "fp": 105,
        "fn": 214,
        "f1": 0.3449691991786447,
        "precision": 0.4444444444444444,
        "recall": 0.28187919463087246
    },
    "LegalInstitution": {
        "tp": 444,
        "fp": 69,
        "fn": 58,
        "f1": 0.8748768472906404,
        "precision": 0.8654970760233918,
        "recall": 0.8844621513944223
    },
    "TotalHoldingShares": {
        "tp": 1715,
        "fp": 676,
        "fn": 444,
        "f1": 0.7538461538461537,
        "precision": 0.7172731074864074,
        "recall": 0.794349235757295
    },
    "TotalHoldingRatio": {
        "tp": 1394,
        "fp": 284,
        "fn": 331,
        "f1": 0.819277108433735,
        "precision": 0.8307508939213349,
        "recall": 0.8081159420289855
    },
    "StartDate": {
        "tp": 3909,
        "fp": 1611,
        "fn": 1122,
        "f1": 0.74097241967586,
        "precision": 0.7081521739130435,
        "recall": 0.7769827072152653
    },
    "EndDate": {
        "tp": 962,
        "fp": 584,
        "fn": 548,
        "f1": 0.6295811518324607,
        "precision": 0.6222509702457956,
        "recall": 0.6370860927152318
    },
    "UnfrozeDate": {
        "tp": 3,
        "fp": 1,
        "fn": 15,
        "f1": 0.27272727272727276,
        "precision": 0.75,
        "recall": 0.16666666666666666
    },
    "CompanyName": {
        "tp": 9567,
        "fp": 409,
        "fn": 515,
        "f1": 0.9539335925815137,
        "precision": 0.9590016038492382,
        "recall": 0.9489188653045031
    },
    "HighestTradingPrice": {
        "tp": 1398,
        "fp": 531,
        "fn": 226,
        "f1": 0.7869406135660005,
        "precision": 0.7247278382581649,
        "recall": 0.8608374384236454
    },
    "LowestTradingPrice": {
        "tp": 745,
        "fp": 72,
        "fn": 295,
        "f1": 0.8023694130317717,
        "precision": 0.9118727050183598,
        "recall": 0.7163461538461539
    },
    "RepurchasedShares": {
        "tp": 1272,
        "fp": 223,
        "fn": 295,
        "f1": 0.8308295231874593,
        "precision": 0.8508361204013378,
        "recall": 0.8117421825143587
    },
    "ClosingDate": {
        "tp": 963,
        "fp": 674,
        "fn": 685,
        "f1": 0.5863013698630136,
        "precision": 0.5882712278558339,
        "recall": 0.5843446601941747
    },
    "RepurchaseAmount": {
        "tp": 1152,
        "fp": 247,
        "fn": 274,
        "f1": 0.815575221238938,
        "precision": 0.823445318084346,
        "recall": 0.8078541374474053
    },
    "TradedShares": {
        "tp": 850,
        "fp": 410,
        "fn": 284,
        "f1": 0.7101086048454469,
        "precision": 0.6746031746031746,
        "recall": 0.7495590828924162
    },
    "LaterHoldingShares": {
        "tp": 56,
        "fp": 141,
        "fn": 365,
        "f1": 0.18122977346278318,
        "precision": 0.28426395939086296,
        "recall": 0.1330166270783848
    },
    "AveragePrice": {
        "tp": 190,
        "fp": 63,
        "fn": 19,
        "f1": 0.8225108225108225,
        "precision": 0.7509881422924901,
        "recall": 0.9090909090909091
    },
    "Pledger": {
        "tp": 0,
        "fp": 0,
        "fn": 0,
        "f1": 0,
        "precision": 0,
        "recall": 0
    },
    "PledgedShares": {
        "tp": 2319,
        "fp": 934,
        "fn": 552,
        "f1": 0.7573481384715872,
        "precision": 0.7128804180756225,
        "recall": 0.8077324973876698
    },
    "Pledgee": {
        "tp": 2005,
        "fp": 170,
        "fn": 127,
        "f1": 0.9310424889714418,
        "precision": 0.9218390804597701,
        "recall": 0.9404315196998124
    },
    "TotalPledgedShares": {
        "tp": 1017,
        "fp": 338,
        "fn": 353,
        "f1": 0.7464220183486239,
        "precision": 0.7505535055350554,
        "recall": 0.7423357664233576
    },
    "ReleasedDate": {
        "tp": 413,
        "fp": 369,
        "fn": 348,
        "f1": 0.5353208036292936,
        "precision": 0.5281329923273658,
        "recall": 0.5427069645203679
    },
    "StockCode": {
        "tp": 3233,
        "fp": 20,
        "fn": 15,
        "f1": 0.9946162128903245,
        "precision": 0.9938518290808485,
        "recall": 0.9953817733990148
    },
    "StockAbbr": {
        "tp": 4131,
        "fp": 575,
        "fn": 964,
        "f1": 0.8429752066115702,
        "precision": 0.8778155546111347,
        "recall": 0.8107948969578017
    },
    "precision": 0.8207208168783577,
    "recall": 0.8315189964674501,
    "micro_f1": 0.8260846210317105,
    "macro_f1": 0.6911056515117299
}