{
    "EquityHolder": {
        "tp": 8359,
        "fp": 1396,
        "fn": 1254,
        "f1": 0.8631763733994217,
        "precision": 0.8568939005638134,
        "recall": 0.8695516488089046
    },
    "FrozeShares": {
        "tp": 24,
        "fp": 19,
        "fn": 274,
        "f1": 0.1407624633431085,
        "precision": 0.5581395348837209,
        "recall": 0.08053691275167785
    },
    "LegalInstitution": {
        "tp": 450,
        "fp": 72,
        "fn": 52,
        "f1": 0.87890625,
        "precision": 0.8620689655172413,
        "recall": 0.896414342629482
    },
    "TotalHoldingShares": {
        "tp": 1700,
        "fp": 798,
        "fn": 459,
        "f1": 0.7300837449001504,
        "precision": 0.6805444355484388,
        "recall": 0.7874015748031497
    },
    "TotalHoldingRatio": {
        "tp": 1396,
        "fp": 291,
        "fn": 329,
        "f1": 0.8182883939038688,
        "precision": 0.8275044457617071,
        "recall": 0.8092753623188406
    },
    "StartDate": {
        "tp": 3862,
        "fp": 1372,
        "fn": 1169,
        "f1": 0.7524598149050171,
        "precision": 0.7378677875429882,
        "recall": 0.7676406281057444
    },
    "EndDate": {
        "tp": 1001,
        "fp": 526,
        "fn": 509,
        "f1": 0.6592031610141588,
        "precision": 0.6555337262606418,
        "recall": 0.6629139072847682
    },
    "UnfrozeDate": {
        "tp": 0,
        "fp": 0,
        "fn": 18,
        "f1": 0,
        "precision": 0,
        "recall": 0
    },
    "CompanyName": {
        "tp": 9608,
        "fp": 362,
        "fn": 474,
        "f1": 0.9583083981647715,
        "precision": 0.963691073219659,
        "recall": 0.9529855187462805
    },
    "HighestTradingPrice": {
        "tp": 1529,
        "fp": 1269,
        "fn": 95,
        "f1": 0.691542288557214,
        "precision": 0.5464617583988564,
        "recall": 0.9415024630541872
    },
    "LowestTradingPrice": {
        "tp": 0,
        "fp": 0,
        "fn": 1040,
        "f1": 0,
        "precision": 0,
        "recall": 0
    },
    "RepurchasedShares": {
        "tp": 1363,
        "fp": 216,
        "fn": 204,
        "f1": 0.866497139224412,
        "precision": 0.863204559848005,
        "recall": 0.8698149329929802
    },
    "ClosingDate": {
        "tp": 1247,
        "fp": 670,
        "fn": 401,
        "f1": 0.6995792426367461,
        "precision": 0.6504955659885238,
        "recall": 0.7566747572815534
    },
    "RepurchaseAmount": {
        "tp": 1074,
        "fp": 163,
        "fn": 352,
        "f1": 0.8066090874953061,
        "precision": 0.8682295877122069,
        "recall": 0.7531556802244039
    },
    "TradedShares": {
        "tp": 825,
        "fp": 366,
        "fn": 309,
        "f1": 0.7096774193548387,
        "precision": 0.6926952141057935,
        "recall": 0.7275132275132276
    },
    "LaterHoldingShares": {
        "tp": 63,
        "fp": 132,
        "fn": 358,
        "f1": 0.20454545454545453,
        "precision": 0.3230769230769231,
        "recall": 0.1496437054631829
    },
    "AveragePrice": {
        "tp": 196,
        "fp": 61,
        "fn": 13,
        "f1": 0.8412017167381974,
        "precision": 0.7626459143968871,
        "recall": 0.937799043062201
    },
    "Pledger": {
        "tp": 0,
        "fp": 0,
        "fn": 0,
        "f1": 0,
        "precision": 0,
        "recall": 0
    },
    "PledgedShares": {
        "tp": 2423,
        "fp": 891,
        "fn": 448,
        "f1": 0.783508488278092,
        "precision": 0.7311406155703077,
        "recall": 0.8439568094740508
    },
    "Pledgee": {
        "tp": 1993,
        "fp": 153,
        "fn": 139,
        "f1": 0.9317438055165965,
        "precision": 0.9287045666356011,
        "recall": 0.9348030018761726
    },
    "TotalPledgedShares": {
        "tp": 1192,
        "fp": 444,
        "fn": 178,
        "f1": 0.793080505655356,
        "precision": 0.7286063569682152,
        "recall": 0.8700729927007299
    },
    "ReleasedDate": {
        "tp": 466,
        "fp": 397,
        "fn": 295,
        "f1": 0.5738916256157636,
        "precision": 0.5399768250289687,
        "recall": 0.6123521681997371
    },
    "StockCode": {
        "tp": 3223,
        "fp": 27,
        "fn": 25,
        "f1": 0.991997537703909,
        "precision": 0.9916923076923077,
        "recall": 0.9923029556650246
    },
    "StockAbbr": {
        "tp": 4028,
        "fp": 545,
        "fn": 1067,
        "f1": 0.8332643773272652,
        "precision": 0.8808222173627815,
        "recall": 0.7905789990186457
    },
    "precision": 0.8190133826879271,
    "recall": 0.8294643500829068,
    "micro_f1": 0.8242057380278662,
    "macro_f1": 0.647013637011652
}