{
    "EquityHolder": {
        "tp": 8448,
        "fp": 1577,
        "fn": 1165,
        "f1": 0.8603727467155514,
        "precision": 0.8426932668329177,
        "recall": 0.8788099448663268
    },
    "FrozeShares": {
        "tp": 0,
        "fp": 0,
        "fn": 298,
        "f1": 0,
        "precision": 0,
        "recall": 0
    },
    "LegalInstitution": {
        "tp": 455,
        "fp": 86,
        "fn": 47,
        "f1": 0.87248322147651,
        "precision": 0.8410351201478743,
        "recall": 0.9063745019920318
    },
    "TotalHoldingShares": {
        "tp": 1695,
        "fp": 874,
        "fn": 464,
        "f1": 0.7170050761421319,
        "precision": 0.6597898014791748,
        "recall": 0.7850856878184345
    },
    "TotalHoldingRatio": {
        "tp": 1386,
        "fp": 447,
        "fn": 339,
        "f1": 0.7790893760539628,
        "precision": 0.7561374795417348,
        "recall": 0.8034782608695652
    },
    "StartDate": {
        "tp": 3589,
        "fp": 1282,
        "fn": 1442,
        "f1": 0.7249040597859019,
        "precision": 0.736809690002053,
        "recall": 0.7133770622142716
    },
    "EndDate": {
        "tp": 978,
        "fp": 544,
        "fn": 532,
        "f1": 0.6451187335092349,
        "precision": 0.6425755584756899,
        "recall": 0.6476821192052981
    },
    "UnfrozeDate": {
        "tp": 0,
        "fp": 0,
        "fn": 18,
        "f1": 0,
        "precision": 0,
        "recall": 0
    },
    "CompanyName": {
        "tp": 9724,
        "fp": 404,
        "fn": 358,
        "f1": 0.9622958931222168,
        "precision": 0.9601105845181674,
        "recall": 0.9644911723864312
    },
    "HighestTradingPrice": {
        "tp": 1575,
        "fp": 1494,
        "fn": 49,
        "f1": 0.6712124440656296,
        "precision": 0.5131964809384164,
        "recall": 0.9698275862068966
    },
    "LowestTradingPrice": {
        "tp": 0,
        "fp": 0,
        "fn": 1040,
        "f1": 0,
        "precision": 0,
        "recall": 0
    },
    "RepurchasedShares": {
        "tp": 1406,
        "fp": 282,
        "fn": 161,
        "f1": 0.8639016897081413,
        "precision": 0.8329383886255924,
        "recall": 0.8972559029993619
    },
    "ClosingDate": {
        "tp": 1109,
        "fp": 335,
        "fn": 539,
        "f1": 0.7173350582147479,
        "precision": 0.768005540166205,
        "recall": 0.6729368932038835
    },
    "RepurchaseAmount": {
        "tp": 797,
        "fp": 85,
        "fn": 629,
        "f1": 0.6906412478336222,
        "precision": 0.9036281179138322,
        "recall": 0.55890603085554
    },
    "TradedShares": {
        "tp": 785,
        "fp": 433,
        "fn": 349,
        "f1": 0.6675170068027212,
        "precision": 0.6444991789819376,
        "recall": 0.6922398589065256
    },
    "LaterHoldingShares": {
        "tp": 42,
        "fp": 114,
        "fn": 379,
        "f1": 0.14558058925476602,
        "precision": 0.2692307692307692,
        "recall": 0.0997624703087886
    },
    "AveragePrice": {
        "tp": 187,
        "fp": 75,
        "fn": 22,
        "f1": 0.7940552016985138,
        "precision": 0.7137404580152672,
        "recall": 0.8947368421052632
    },
    "Pledger": {
        "tp": 0,
        "fp": 0,
        "fn": 0,
        "f1": 0,
        "precision": 0,
        "recall": 0
    },
    "PledgedShares": {
        "tp": 2429,
        "fp": 970,
        "fn": 442,
        "f1": 0.7748006379585326,
        "precision": 0.7146219476316563,
        "recall": 0.8460466736328806
    },
    "Pledgee": {
        "tp": 1978,
        "fp": 177,
        "fn": 154,
        "f1": 0.9227898297177514,
        "precision": 0.9178654292343388,
        "recall": 0.9277673545966229
    },
    "TotalPledgedShares": {
        "tp": 1199,
        "fp": 567,
        "fn": 171,
        "f1": 0.7646683673469388,
        "precision": 0.6789354473386183,
        "recall": 0.8751824817518248
    },
    "ReleasedDate": {
        "tp": 465,
        "fp": 385,
        "fn": 296,
        "f1": 0.5772811918063314,
        "precision": 0.5470588235294118,
        "recall": 0.6110381077529566
    },
    "StockCode": {
        "tp": 3209,
        "fp": 28,
        "fn": 39,
        "f1": 0.989668465690054,
        "precision": 0.991350015446401,
        "recall": 0.9879926108374384
    },
    "StockAbbr": {
        "tp": 3952,
        "fp": 414,
        "fn": 1143,
        "f1": 0.8354296585984567,
        "precision": 0.9051763628034815,
        "recall": 0.7756624141315015
    },
    "precision": 0.8111323484753755,
    "recall": 0.8183980967486122,
    "micro_f1": 0.8147490243574216,
    "macro_f1": 0.6240062706459049
}