{
    "EquityHolder": {
        "tp": 8437,
        "fp": 1566,
        "fn": 1176,
        "f1": 0.860216150081566,
        "precision": 0.8434469659102269,
        "recall": 0.8776656610839488
    },
    "FrozeShares": {
        "tp": 57,
        "fp": 48,
        "fn": 241,
        "f1": 0.28287841191067,
        "precision": 0.5428571428571428,
        "recall": 0.1912751677852349
    },
    "LegalInstitution": {
        "tp": 453,
        "fp": 67,
        "fn": 49,
        "f1": 0.8864970645792563,
        "precision": 0.8711538461538462,
        "recall": 0.9023904382470119
    },
    "TotalHoldingShares": {
        "tp": 1789,
        "fp": 988,
        "fn": 370,
        "f1": 0.7248784440842787,
        "precision": 0.6442203817068779,
        "recall": 0.8286243631310792
    },
    "TotalHoldingRatio": {
        "tp": 1483,
        "fp": 503,
        "fn": 242,
        "f1": 0.7992454863918083,
        "precision": 0.7467270896273918,
        "recall": 0.8597101449275363
    },
    "StartDate": {
        "tp": 3769,
        "fp": 1227,
        "fn": 1262,
        "f1": 0.7517702204049068,
        "precision": 0.7544035228182546,
        "recall": 0.7491552375273306
    },
    "EndDate": {
        "tp": 1037,
        "fp": 573,
        "fn": 473,
        "f1": 0.6647435897435898,
        "precision": 0.6440993788819875,
        "recall": 0.6867549668874172
    },
    "UnfrozeDate": {
        "tp": 0,
        "fp": 0,
        "fn": 18,
        "f1": 0,
        "precision": 0,
        "recall": 0
    },
    "CompanyName": {
        "tp": 9467,
        "fp": 423,
        "fn": 615,
        "f1": 0.9480272381333867,
        "precision": 0.9572295247724975,
        "recall": 0.9390001983733386
    },
    "HighestTradingPrice": {
        "tp": 1500,
        "fp": 949,
        "fn": 124,
        "f1": 0.7365578197888535,
        "precision": 0.6124948958758677,
        "recall": 0.9236453201970444
    },
    "LowestTradingPrice": {
        "tp": 323,
        "fp": 15,
        "fn": 717,
        "f1": 0.4687953555878085,
        "precision": 0.9556213017751479,
        "recall": 0.3105769230769231
    },
    "RepurchasedShares": {
        "tp": 1392,
        "fp": 227,
        "fn": 175,
        "f1": 0.8738229755178908,
        "precision": 0.8597899938233478,
        "recall": 0.8883216336949585
    },
    "ClosingDate": {
        "tp": 998,
        "fp": 695,
        "fn": 650,
        "f1": 0.5974259203831188,
        "precision": 0.5894861193148258,
        "recall": 0.6055825242718447
    },
    "RepurchaseAmount": {
        "tp": 1116,
        "fp": 228,
        "fn": 310,
        "f1": 0.8057761732851986,
        "precision": 0.8303571428571429,
        "recall": 0.782608695652174
    },
    "TradedShares": {
        "tp": 883,
        "fp": 418,
        "fn": 251,
        "f1": 0.7252566735112936,
        "precision": 0.6787086856264412,
        "recall": 0.7786596119929453
    },
    "LaterHoldingShares": {
        "tp": 86,
        "fp": 188,
        "fn": 335,
        "f1": 0.24748201438848924,
        "precision": 0.31386861313868614,
        "recall": 0.2042755344418052
    },
    "AveragePrice": {
        "tp": 198,
        "fp": 67,
        "fn": 11,
        "f1": 0.8354430379746834,
        "precision": 0.7471698113207547,
        "recall": 0.9473684210526315
    },
    "Pledger": {
        "tp": 0,
        "fp": 0,
        "fn": 0,
        "f1": 0,
        "precision": 0,
        "recall": 0
    },
    "PledgedShares": {
        "tp": 2278,
        "fp": 936,
        "fn": 593,
        "f1": 0.7487263763352507,
        "precision": 0.7087741132545116,
        "recall": 0.7934517589690003
    },
    "Pledgee": {
        "tp": 2000,
        "fp": 160,
        "fn": 132,
        "f1": 0.9319664492078286,
        "precision": 0.9259259259259259,
        "recall": 0.9380863039399625
    },
    "TotalPledgedShares": {
        "tp": 1065,
        "fp": 420,
        "fn": 305,
        "f1": 0.746059544658494,
        "precision": 0.7171717171717171,
        "recall": 0.7773722627737226
    },
    "ReleasedDate": {
        "tp": 473,
        "fp": 404,
        "fn": 288,
        "f1": 0.5775335775335776,
        "precision": 0.5393386545039909,
        "recall": 0.621550591327201
    },
    "StockCode": {
        "tp": 3229,
        "fp": 26,
        "fn": 19,
        "f1": 0.9930801168691373,
        "precision": 0.9920122887864823,
        "recall": 0.9941502463054187
    },
    "StockAbbr": {
        "tp": 4107,
        "fp": 603,
        "fn": 988,
        "f1": 0.8377358490566038,
        "precision": 0.8719745222929937,
        "recall": 0.8060843964671246
    },
    "precision": 0.8113098064039669,
    "recall": 0.831591089323048,
    "micro_f1": 0.8213252636731788,
    "macro_f1": 0.6684966037261538
}