{
    "EquityHolder": {
        "tp": 8310,
        "fp": 1381,
        "fn": 1303,
        "f1": 0.8609614587650228,
        "precision": 0.8574966463729233,
        "recall": 0.8644543846874024
    },
    "FrozeShares": {
        "tp": 6,
        "fp": 4,
        "fn": 292,
        "f1": 0.03896103896103896,
        "precision": 0.6,
        "recall": 0.020134228187919462
    },
    "LegalInstitution": {
        "tp": 451,
        "fp": 74,
        "fn": 51,
        "f1": 0.878286270691334,
        "precision": 0.8590476190476191,
        "recall": 0.898406374501992
    },
    "TotalHoldingShares": {
        "tp": 1703,
        "fp": 831,
        "fn": 456,
        "f1": 0.7257617728531855,
        "precision": 0.6720599842146804,
        "recall": 0.7887911069939787
    },
    "TotalHoldingRatio": {
        "tp": 1387,
        "fp": 358,
        "fn": 338,
        "f1": 0.7994236311239193,
        "precision": 0.7948424068767909,
        "recall": 0.8040579710144927
    },
    "StartDate": {
        "tp": 3740,
        "fp": 1214,
        "fn": 1291,
        "f1": 0.7491236855282926,
        "precision": 0.7549454985870004,
        "recall": 0.7433909759491155
    },
    "EndDate": {
        "tp": 1025,
        "fp": 559,
        "fn": 485,
        "f1": 0.6625727213962508,
        "precision": 0.6470959595959596,
        "recall": 0.6788079470198676
    },
    "UnfrozeDate": {
        "tp": 0,
        "fp": 0,
        "fn": 18,
        "f1": 0,
        "precision": 0,
        "recall": 0
    },
    "CompanyName": {
        "tp": 9592,
        "fp": 483,
        "fn": 490,
        "f1": 0.9517289279158605,
        "precision": 0.9520595533498759,
        "recall": 0.9513985320372942
    },
    "HighestTradingPrice": {
        "tp": 1552,
        "fp": 1273,
        "fn": 72,
        "f1": 0.6976848730051697,
        "precision": 0.5493805309734513,
        "recall": 0.9556650246305419
    },
    "LowestTradingPrice": {
        "tp": 0,
        "fp": 0,
        "fn": 1040,
        "f1": 0,
        "precision": 0,
        "recall": 0
    },
    "RepurchasedShares": {
        "tp": 1378,
        "fp": 248,
        "fn": 189,
        "f1": 0.8631381146257437,
        "precision": 0.8474784747847478,
        "recall": 0.8793873643905552
    },
    "ClosingDate": {
        "tp": 1202,
        "fp": 526,
        "fn": 446,
        "f1": 0.712085308056872,
        "precision": 0.6956018518518519,
        "recall": 0.7293689320388349
    },
    "RepurchaseAmount": {
        "tp": 1073,
        "fp": 147,
        "fn": 353,
        "f1": 0.8110355253212396,
        "precision": 0.8795081967213115,
        "recall": 0.7524544179523142
    },
    "TradedShares": {
        "tp": 847,
        "fp": 404,
        "fn": 287,
        "f1": 0.710272536687631,
        "precision": 0.6770583533173461,
        "recall": 0.7469135802469136
    },
    "LaterHoldingShares": {
        "tp": 52,
        "fp": 122,
        "fn": 369,
        "f1": 0.17478991596638654,
        "precision": 0.2988505747126437,
        "recall": 0.12351543942992874
    },
    "AveragePrice": {
        "tp": 192,
        "fp": 79,
        "fn": 17,
        "f1": 0.7999999999999999,
        "precision": 0.7084870848708487,
        "recall": 0.9186602870813397
    },
    "Pledger": {
        "tp": 0,
        "fp": 0,
        "fn": 0,
        "f1": 0,
        "precision": 0,
        "recall": 0
    },
    "PledgedShares": {
        "tp": 2495,
        "fp": 951,
        "fn": 376,
        "f1": 0.7899319297134715,
        "precision": 0.7240278583865352,
        "recall": 0.869035179380007
    },
    "Pledgee": {
        "tp": 1997,
        "fp": 184,
        "fn": 135,
        "f1": 0.9260375608625088,
        "precision": 0.9156350298028427,
        "recall": 0.9366791744840526
    },
    "TotalPledgedShares": {
        "tp": 1179,
        "fp": 491,
        "fn": 191,
        "f1": 0.7756578947368422,
        "precision": 0.7059880239520958,
        "recall": 0.8605839416058394
    },
    "ReleasedDate": {
        "tp": 472,
        "fp": 383,
        "fn": 289,
        "f1": 0.5841584158415841,
        "precision": 0.552046783625731,
        "recall": 0.6202365308804205
    },
    "StockCode": {
        "tp": 3219,
        "fp": 28,
        "fn": 29,
        "f1": 0.9912240184757507,
        "precision": 0.9913766553741915,
        "recall": 0.9910714285714286
    },
    "StockAbbr": {
        "tp": 4064,
        "fp": 505,
        "fn": 1031,
        "f1": 0.8410596026490067,
        "precision": 0.8894725322827752,
        "recall": 0.7976447497546615
    },
    "precision": 0.8176429753831367,
    "recall": 0.8279143536875495,
    "micro_f1": 0.8227466081583307,
    "macro_f1": 0.6393289667990465
}