{
    "EquityHolder": {
        "tp": 8321,
        "fp": 1566,
        "fn": 1292,
        "f1": 0.8534358974358975,
        "precision": 0.8416101952058258,
        "recall": 0.8655986684697805
    },
    "FrozeShares": {
        "tp": 95,
        "fp": 137,
        "fn": 203,
        "f1": 0.3584905660377358,
        "precision": 0.40948275862068967,
        "recall": 0.3187919463087248
    },
    "LegalInstitution": {
        "tp": 444,
        "fp": 79,
        "fn": 58,
        "f1": 0.866341463414634,
        "precision": 0.8489483747609943,
        "recall": 0.8844621513944223
    },
    "TotalHoldingShares": {
        "tp": 1709,
        "fp": 674,
        "fn": 450,
        "f1": 0.7525319242624395,
        "precision": 0.717163239613932,
        "recall": 0.7915701713756369
    },
    "TotalHoldingRatio": {
        "tp": 1392,
        "fp": 280,
        "fn": 333,
        "f1": 0.8195466588166029,
        "precision": 0.8325358851674641,
        "recall": 0.8069565217391305
    },
    "StartDate": {
        "tp": 3747,
        "fp": 1362,
        "fn": 1284,
        "f1": 0.7390532544378697,
        "precision": 0.7334116265413976,
        "recall": 0.7447823494335122
    },
    "EndDate": {
        "tp": 977,
        "fp": 725,
        "fn": 533,
        "f1": 0.6083437110834371,
        "precision": 0.5740305522914219,
        "recall": 0.6470198675496689
    },
    "UnfrozeDate": {
        "tp": 6,
        "fp": 13,
        "fn": 12,
        "f1": 0.3243243243243243,
        "precision": 0.3157894736842105,
        "recall": 0.3333333333333333
    },
    "CompanyName": {
        "tp": 9525,
        "fp": 415,
        "fn": 557,
        "f1": 0.9514534012586155,
        "precision": 0.9582494969818913,
        "recall": 0.944753025193414
    },
    "HighestTradingPrice": {
        "tp": 1410,
        "fp": 440,
        "fn": 214,
        "f1": 0.8117443868739206,
        "precision": 0.7621621621621621,
        "recall": 0.8682266009852216
    },
    "LowestTradingPrice": {
        "tp": 833,
        "fp": 113,
        "fn": 207,
        "f1": 0.838872104733132,
        "precision": 0.8805496828752643,
        "recall": 0.8009615384615385
    },
    "RepurchasedShares": {
        "tp": 1432,
        "fp": 248,
        "fn": 135,
        "f1": 0.8820449645826918,
        "precision": 0.8523809523809524,
        "recall": 0.9138481174218251
    },
    "ClosingDate": {
        "tp": 1204,
        "fp": 851,
        "fn": 444,
        "f1": 0.6502835538752362,
        "precision": 0.5858880778588808,
        "recall": 0.7305825242718447
    },
    "RepurchaseAmount": {
        "tp": 1237,
        "fp": 305,
        "fn": 189,
        "f1": 0.8335579514824799,
        "precision": 0.8022049286640727,
        "recall": 0.8674614305750351
    },
    "TradedShares": {
        "tp": 857,
        "fp": 468,
        "fn": 277,
        "f1": 0.6970313135420902,
        "precision": 0.6467924528301887,
        "recall": 0.7557319223985891
    },
    "LaterHoldingShares": {
        "tp": 97,
        "fp": 281,
        "fn": 324,
        "f1": 0.2428035043804756,
        "precision": 0.2566137566137566,
        "recall": 0.23040380047505937
    },
    "AveragePrice": {
        "tp": 190,
        "fp": 61,
        "fn": 19,
        "f1": 0.8260869565217391,
        "precision": 0.7569721115537849,
        "recall": 0.9090909090909091
    },
    "Pledger": {
        "tp": 0,
        "fp": 0,
        "fn": 0,
        "f1": 0,
        "precision": 0,
        "recall": 0
    },
    "PledgedShares": {
        "tp": 2426,
        "fp": 1027,
        "fn": 445,
        "f1": 0.767235926628716,
        "precision": 0.7025774688676513,
        "recall": 0.8450017415534657
    },
    "Pledgee": {
        "tp": 2014,
        "fp": 193,
        "fn": 118,
        "f1": 0.9283244987324268,
        "precision": 0.9125509741730856,
        "recall": 0.9446529080675422
    },
    "TotalPledgedShares": {
        "tp": 1020,
        "fp": 353,
        "fn": 350,
        "f1": 0.7437112650382792,
        "precision": 0.7428987618353969,
        "recall": 0.7445255474452555
    },
    "ReleasedDate": {
        "tp": 451,
        "fp": 501,
        "fn": 310,
        "f1": 0.5265615878575598,
        "precision": 0.4737394957983193,
        "recall": 0.5926412614980289
    },
    "StockCode": {
        "tp": 3238,
        "fp": 13,
        "fn": 10,
        "f1": 0.9964609939990768,
        "precision": 0.996001230390649,
        "recall": 0.9969211822660099
    },
    "StockAbbr": {
        "tp": 4108,
        "fp": 623,
        "fn": 987,
        "f1": 0.83614899246896,
        "precision": 0.8683153667300783,
        "recall": 0.8062806673209029
    },
    "precision": 0.8132994552827135,
    "recall": 0.8422788551654531,
    "micro_f1": 0.8275355261410422,
    "macro_f1": 0.702266216741181
}