{
    "EquityHolder": {
        "tp": 8262,
        "fp": 1416,
        "fn": 1351,
        "f1": 0.8565652376756,
        "precision": 0.8536887786732796,
        "recall": 0.8594611463642984
    },
    "FrozeShares": {
        "tp": 54,
        "fp": 37,
        "fn": 244,
        "f1": 0.27763496143958866,
        "precision": 0.5934065934065934,
        "recall": 0.18120805369127516
    },
    "LegalInstitution": {
        "tp": 446,
        "fp": 69,
        "fn": 56,
        "f1": 0.8770894788593904,
        "precision": 0.8660194174757282,
        "recall": 0.8884462151394422
    },
    "TotalHoldingShares": {
        "tp": 1716,
        "fp": 786,
        "fn": 443,
        "f1": 0.7363226775370093,
        "precision": 0.6858513189448441,
        "recall": 0.7948124131542381
    },
    "TotalHoldingRatio": {
        "tp": 1428,
        "fp": 355,
        "fn": 297,
        "f1": 0.814139110604333,
        "precision": 0.8008973639932697,
        "recall": 0.8278260869565217
    },
    "StartDate": {
        "tp": 3671,
        "fp": 1200,
        "fn": 1360,
        "f1": 0.741466370430216,
        "precision": 0.7536440156025457,
        "recall": 0.7296760087457762
    },
    "EndDate": {
        "tp": 957,
        "fp": 478,
        "fn": 553,
        "f1": 0.6499151103565365,
        "precision": 0.6668989547038328,
        "recall": 0.633774834437086
    },
    "UnfrozeDate": {
        "tp": 0,
        "fp": 0,
        "fn": 18,
        "f1": 0,
        "precision": 0,
        "recall": 0
    },
    "CompanyName": {
        "tp": 9368,
        "fp": 410,
        "fn": 714,
        "f1": 0.9434038267875126,
        "precision": 0.9580691347923911,
        "recall": 0.9291807181114858
    },
    "HighestTradingPrice": {
        "tp": 1481,
        "fp": 1151,
        "fn": 143,
        "f1": 0.6959586466165414,
        "precision": 0.5626899696048632,
        "recall": 0.9119458128078818
    },
    "LowestTradingPrice": {
        "tp": 98,
        "fp": 4,
        "fn": 942,
        "f1": 0.17162872154115585,
        "precision": 0.9607843137254902,
        "recall": 0.09423076923076923
    },
    "RepurchasedShares": {
        "tp": 1381,
        "fp": 227,
        "fn": 186,
        "f1": 0.8699212598425197,
        "precision": 0.8588308457711443,
        "recall": 0.8813018506700702
    },
    "ClosingDate": {
        "tp": 987,
        "fp": 728,
        "fn": 661,
        "f1": 0.5869759143621767,
        "precision": 0.5755102040816327,
        "recall": 0.5989077669902912
    },
    "RepurchaseAmount": {
        "tp": 1125,
        "fp": 252,
        "fn": 301,
        "f1": 0.8027113806635747,
        "precision": 0.8169934640522876,
        "recall": 0.7889200561009818
    },
    "TradedShares": {
        "tp": 846,
        "fp": 392,
        "fn": 288,
        "f1": 0.7133220910623946,
        "precision": 0.6833602584814217,
        "recall": 0.746031746031746
    },
    "LaterHoldingShares": {
        "tp": 69,
        "fp": 144,
        "fn": 352,
        "f1": 0.21766561514195584,
        "precision": 0.323943661971831,
        "recall": 0.16389548693586697
    },
    "AveragePrice": {
        "tp": 197,
        "fp": 53,
        "fn": 12,
        "f1": 0.8583877995642702,
        "precision": 0.788,
        "recall": 0.9425837320574163
    },
    "Pledger": {
        "tp": 0,
        "fp": 0,
        "fn": 0,
        "f1": 0,
        "precision": 0,
        "recall": 0
    },
    "PledgedShares": {
        "tp": 2394,
        "fp": 927,
        "fn": 477,
        "f1": 0.7732558139534884,
        "precision": 0.7208672086720868,
        "recall": 0.8338557993730408
    },
    "Pledgee": {
        "tp": 1998,
        "fp": 163,
        "fn": 134,
        "f1": 0.9308176100628931,
        "precision": 0.9245719574271171,
        "recall": 0.9371482176360225
    },
    "TotalPledgedShares": {
        "tp": 1111,
        "fp": 429,
        "fn": 259,
        "f1": 0.763573883161512,
        "precision": 0.7214285714285714,
        "recall": 0.810948905109489
    },
    "ReleasedDate": {
        "tp": 483,
        "fp": 465,
        "fn": 278,
        "f1": 0.5652428320655354,
        "precision": 0.509493670886076,
        "recall": 0.6346911957950065
    },
    "StockCode": {
        "tp": 3226,
        "fp": 26,
        "fn": 22,
        "f1": 0.9926153846153847,
        "precision": 0.9920049200492005,
        "recall": 0.9932266009852216
    },
    "StockAbbr": {
        "tp": 3974,
        "fp": 546,
        "fn": 1121,
        "f1": 0.8266250650026002,
        "precision": 0.8792035398230088,
        "recall": 0.7799803729146222
    },
    "precision": 0.8152710246713488,
    "recall": 0.8159469396582799,
    "micro_f1": 0.8156088421280199,
    "macro_f1": 0.6527182829727578
}