{
    "EquityHolder": {
        "tp": 8374,
        "fp": 1571,
        "fn": 1239,
        "f1": 0.8563247775846201,
        "precision": 0.8420311714429362,
        "recall": 0.8711120357848746
    },
    "FrozeShares": {
        "tp": 95,
        "fp": 116,
        "fn": 203,
        "f1": 0.3732809430255402,
        "precision": 0.45023696682464454,
        "recall": 0.3187919463087248
    },
    "LegalInstitution": {
        "tp": 443,
        "fp": 66,
        "fn": 59,
        "f1": 0.8763600395647874,
        "precision": 0.8703339882121808,
        "recall": 0.8824701195219123
    },
    "TotalHoldingShares": {
        "tp": 1682,
        "fp": 625,
        "fn": 477,
        "f1": 0.7532467532467534,
        "precision": 0.729085392284352,
        "recall": 0.779064381658175
    },
    "TotalHoldingRatio": {
        "tp": 1386,
        "fp": 276,
        "fn": 339,
        "f1": 0.8184233835252436,
        "precision": 0.8339350180505415,
        "recall": 0.8034782608695652
    },
    "StartDate": {
        "tp": 3784,
        "fp": 1382,
        "fn": 1247,
        "f1": 0.7421790722761596,
        "precision": 0.7324816105303911,
        "recall": 0.7521367521367521
    },
    "EndDate": {
        "tp": 948,
        "fp": 643,
        "fn": 562,
        "f1": 0.6114156723637537,
        "precision": 0.5958516656191075,
        "recall": 0.6278145695364239
    },
    "UnfrozeDate": {
        "tp": 5,
        "fp": 13,
        "fn": 13,
        "f1": 0.2777777777777778,
        "precision": 0.2777777777777778,
        "recall": 0.2777777777777778
    },
    "CompanyName": {
        "tp": 9356,
        "fp": 418,
        "fn": 726,
        "f1": 0.9423851732473811,
        "precision": 0.9572334765704932,
        "recall": 0.9279904780797461
    },
    "HighestTradingPrice": {
        "tp": 1441,
        "fp": 445,
        "fn": 183,
        "f1": 0.8210826210826211,
        "precision": 0.764050901378579,
        "recall": 0.8873152709359606
    },
    "LowestTradingPrice": {
        "tp": 824,
        "fp": 139,
        "fn": 216,
        "f1": 0.8227658512231651,
        "precision": 0.8556593977154725,
        "recall": 0.7923076923076923
    },
    "RepurchasedShares": {
        "tp": 1401,
        "fp": 245,
        "fn": 166,
        "f1": 0.8720821661998133,
        "precision": 0.8511543134872418,
        "recall": 0.8940650925335035
    },
    "ClosingDate": {
        "tp": 1024,
        "fp": 789,
        "fn": 624,
        "f1": 0.5917364923432534,
        "precision": 0.5648097076668506,
        "recall": 0.6213592233009708
    },
    "RepurchaseAmount": {
        "tp": 1220,
        "fp": 290,
        "fn": 206,
        "f1": 0.8310626702997275,
        "precision": 0.8079470198675497,
        "recall": 0.8555399719495091
    },
    "TradedShares": {
        "tp": 804,
        "fp": 427,
        "fn": 330,
        "f1": 0.6799154334038054,
        "precision": 0.6531275385865151,
        "recall": 0.708994708994709
    },
    "LaterHoldingShares": {
        "tp": 87,
        "fp": 223,
        "fn": 334,
        "f1": 0.23803009575923392,
        "precision": 0.2806451612903226,
        "recall": 0.20665083135391923
    },
    "AveragePrice": {
        "tp": 190,
        "fp": 60,
        "fn": 19,
        "f1": 0.8278867102396515,
        "precision": 0.76,
        "recall": 0.9090909090909091
    },
    "Pledger": {
        "tp": 0,
        "fp": 0,
        "fn": 0,
        "f1": 0,
        "precision": 0,
        "recall": 0
    },
    "PledgedShares": {
        "tp": 2225,
        "fp": 848,
        "fn": 646,
        "f1": 0.7486541049798117,
        "precision": 0.7240481614057924,
        "recall": 0.7749912922326715
    },
    "Pledgee": {
        "tp": 2012,
        "fp": 173,
        "fn": 120,
        "f1": 0.9321287931433866,
        "precision": 0.9208237986270023,
        "recall": 0.9437148217636022
    },
    "TotalPledgedShares": {
        "tp": 985,
        "fp": 320,
        "fn": 385,
        "f1": 0.7364485981308411,
        "precision": 0.7547892720306514,
        "recall": 0.718978102189781
    },
    "ReleasedDate": {
        "tp": 415,
        "fp": 464,
        "fn": 346,
        "f1": 0.5060975609756098,
        "precision": 0.472127417519909,
        "recall": 0.545335085413929
    },
    "StockCode": {
        "tp": 3233,
        "fp": 6,
        "fn": 15,
        "f1": 0.9967627562817943,
        "precision": 0.998147576412473,
        "recall": 0.9953817733990148
    },
    "StockAbbr": {
        "tp": 4009,
        "fp": 605,
        "fn": 1086,
        "f1": 0.8258317025440314,
        "precision": 0.8688773298656264,
        "recall": 0.7868498527968597
    },
    "precision": 0.8191381246991282,
    "recall": 0.8280405161848461,
    "micro_f1": 0.8235652633748914,
    "macro_f1": 0.6950782978841153
}