{
    "EquityHolder": {
        "tp": 8183,
        "fp": 1471,
        "fn": 1430,
        "f1": 0.8494316707323403,
        "precision": 0.8476279262481873,
        "recall": 0.8512431082908561
    },
    "FrozeShares": {
        "tp": 101,
        "fp": 116,
        "fn": 197,
        "f1": 0.39223300970873787,
        "precision": 0.46543778801843316,
        "recall": 0.3389261744966443
    },
    "LegalInstitution": {
        "tp": 442,
        "fp": 67,
        "fn": 60,
        "f1": 0.8743818001978239,
        "precision": 0.8683693516699411,
        "recall": 0.8804780876494024
    },
    "TotalHoldingShares": {
        "tp": 1692,
        "fp": 647,
        "fn": 467,
        "f1": 0.7523343708314807,
        "precision": 0.7233860624198375,
        "recall": 0.7836961556276054
    },
    "TotalHoldingRatio": {
        "tp": 1424,
        "fp": 355,
        "fn": 301,
        "f1": 0.8127853881278538,
        "precision": 0.8004496908375491,
        "recall": 0.8255072463768116
    },
    "StartDate": {
        "tp": 3769,
        "fp": 1294,
        "fn": 1262,
        "f1": 0.74678026550426,
        "precision": 0.7444203041674896,
        "recall": 0.7491552375273306
    },
    "EndDate": {
        "tp": 969,
        "fp": 678,
        "fn": 541,
        "f1": 0.6138739309471017,
        "precision": 0.5883424408014571,
        "recall": 0.6417218543046358
    },
    "UnfrozeDate": {
        "tp": 4,
        "fp": 8,
        "fn": 14,
        "f1": 0.26666666666666666,
        "precision": 0.3333333333333333,
        "recall": 0.2222222222222222
    },
    "CompanyName": {
        "tp": 9474,
        "fp": 403,
        "fn": 608,
        "f1": 0.9493461596272358,
        "precision": 0.9591981370861598,
        "recall": 0.9396945050585201
    },
    "HighestTradingPrice": {
        "tp": 1402,
        "fp": 411,
        "fn": 222,
        "f1": 0.8158277567646203,
        "precision": 0.773303916161059,
        "recall": 0.8633004926108374
    },
    "LowestTradingPrice": {
        "tp": 835,
        "fp": 146,
        "fn": 205,
        "f1": 0.8263236021771401,
        "precision": 0.8511722731906218,
        "recall": 0.8028846153846154
    },
    "RepurchasedShares": {
        "tp": 1371,
        "fp": 237,
        "fn": 196,
        "f1": 0.8636220472440945,
        "precision": 0.8526119402985075,
        "recall": 0.8749202297383536
    },
    "ClosingDate": {
        "tp": 1151,
        "fp": 856,
        "fn": 497,
        "f1": 0.6298221614227086,
        "precision": 0.5734927752864972,
        "recall": 0.6984223300970874
    },
    "RepurchaseAmount": {
        "tp": 1236,
        "fp": 303,
        "fn": 190,
        "f1": 0.8337268128161889,
        "precision": 0.8031189083820662,
        "recall": 0.8667601683029453
    },
    "TradedShares": {
        "tp": 788,
        "fp": 364,
        "fn": 346,
        "f1": 0.689413823272091,
        "precision": 0.6840277777777778,
        "recall": 0.6948853615520282
    },
    "LaterHoldingShares": {
        "tp": 76,
        "fp": 212,
        "fn": 345,
        "f1": 0.21438645980253876,
        "precision": 0.2638888888888889,
        "recall": 0.18052256532066507
    },
    "AveragePrice": {
        "tp": 192,
        "fp": 80,
        "fn": 17,
        "f1": 0.7983367983367984,
        "precision": 0.7058823529411765,
        "recall": 0.9186602870813397
    },
    "Pledger": {
        "tp": 0,
        "fp": 0,
        "fn": 0,
        "f1": 0,
        "precision": 0,
        "recall": 0
    },
    "PledgedShares": {
        "tp": 2314,
        "fp": 881,
        "fn": 557,
        "f1": 0.7629409825255524,
        "precision": 0.7242566510172144,
        "recall": 0.8059909439219785
    },
    "Pledgee": {
        "tp": 2013,
        "fp": 176,
        "fn": 119,
        "f1": 0.9317287664892385,
        "precision": 0.9195979899497487,
        "recall": 0.9441838649155723
    },
    "TotalPledgedShares": {
        "tp": 1049,
        "fp": 399,
        "fn": 321,
        "f1": 0.7444996451383961,
        "precision": 0.7244475138121547,
        "recall": 0.7656934306569343
    },
    "ReleasedDate": {
        "tp": 428,
        "fp": 444,
        "fn": 333,
        "f1": 0.5241886099203918,
        "precision": 0.4908256880733945,
        "recall": 0.5624178712220762
    },
    "StockCode": {
        "tp": 3235,
        "fp": 8,
        "fn": 13,
        "f1": 0.9967647511939609,
        "precision": 0.9975331483194573,
        "recall": 0.9959975369458128
    },
    "StockAbbr": {
        "tp": 4127,
        "fp": 708,
        "fn": 968,
        "f1": 0.8312185297079556,
        "precision": 0.8535677352637022,
        "recall": 0.8100098135426889
    },
    "precision": 0.8184615928827889,
    "recall": 0.8340242231994809,
    "micro_f1": 0.8261696258803995,
    "macro_f1": 0.6966930837147992
}