{
    "EquityHolder": {
        "tp": 8263,
        "fp": 1520,
        "fn": 1350,
        "f1": 0.8520313466694163,
        "precision": 0.8446284370847388,
        "recall": 0.8595651721626963
    },
    "FrozeShares": {
        "tp": 86,
        "fp": 120,
        "fn": 212,
        "f1": 0.34126984126984133,
        "precision": 0.4174757281553398,
        "recall": 0.28859060402684567
    },
    "LegalInstitution": {
        "tp": 441,
        "fp": 59,
        "fn": 61,
        "f1": 0.8802395209580839,
        "precision": 0.882,
        "recall": 0.8784860557768924
    },
    "TotalHoldingShares": {
        "tp": 1774,
        "fp": 729,
        "fn": 385,
        "f1": 0.7610467610467611,
        "precision": 0.7087495005992809,
        "recall": 0.8216767021769338
    },
    "TotalHoldingRatio": {
        "tp": 1421,
        "fp": 334,
        "fn": 304,
        "f1": 0.8166666666666667,
        "precision": 0.8096866096866097,
        "recall": 0.823768115942029
    },
    "StartDate": {
        "tp": 3830,
        "fp": 1492,
        "fn": 1201,
        "f1": 0.7398821597604559,
        "precision": 0.7196542653137918,
        "recall": 0.761280063605645
    },
    "EndDate": {
        "tp": 1032,
        "fp": 789,
        "fn": 478,
        "f1": 0.6196337436205345,
        "precision": 0.5667215815485996,
        "recall": 0.6834437086092715
    },
    "UnfrozeDate": {
        "tp": 3,
        "fp": 9,
        "fn": 15,
        "f1": 0.2,
        "precision": 0.25,
        "recall": 0.16666666666666666
    },
    "CompanyName": {
        "tp": 9469,
        "fp": 435,
        "fn": 613,
        "f1": 0.9475632943060142,
        "precision": 0.956078352180937,
        "recall": 0.9391985717119619
    },
    "HighestTradingPrice": {
        "tp": 1420,
        "fp": 517,
        "fn": 204,
        "f1": 0.7975287840494243,
        "precision": 0.73309241094476,
        "recall": 0.874384236453202
    },
    "LowestTradingPrice": {
        "tp": 778,
        "fp": 92,
        "fn": 262,
        "f1": 0.8146596858638743,
        "precision": 0.8942528735632184,
        "recall": 0.7480769230769231
    },
    "RepurchasedShares": {
        "tp": 1416,
        "fp": 265,
        "fn": 151,
        "f1": 0.8719211822660099,
        "precision": 0.842355740630577,
        "recall": 0.9036375239310785
    },
    "ClosingDate": {
        "tp": 1171,
        "fp": 874,
        "fn": 477,
        "f1": 0.6341727592743028,
        "precision": 0.5726161369193155,
        "recall": 0.7105582524271845
    },
    "RepurchaseAmount": {
        "tp": 1242,
        "fp": 300,
        "fn": 184,
        "f1": 0.8369272237196766,
        "precision": 0.8054474708171206,
        "recall": 0.8709677419354839
    },
    "TradedShares": {
        "tp": 853,
        "fp": 461,
        "fn": 281,
        "f1": 0.6968954248366013,
        "precision": 0.6491628614916286,
        "recall": 0.7522045855379189
    },
    "LaterHoldingShares": {
        "tp": 86,
        "fp": 223,
        "fn": 335,
        "f1": 0.23561643835616436,
        "precision": 0.2783171521035599,
        "recall": 0.2042755344418052
    },
    "AveragePrice": {
        "tp": 191,
        "fp": 69,
        "fn": 18,
        "f1": 0.8144989339019191,
        "precision": 0.7346153846153847,
        "recall": 0.9138755980861244
    },
    "Pledger": {
        "tp": 0,
        "fp": 0,
        "fn": 0,
        "f1": 0,
        "precision": 0,
        "recall": 0
    },
    "PledgedShares": {
        "tp": 2258,
        "fp": 867,
        "fn": 613,
        "f1": 0.7531687791861241,
        "precision": 0.72256,
        "recall": 0.7864855451062348
    },
    "Pledgee": {
        "tp": 2000,
        "fp": 157,
        "fn": 132,
        "f1": 0.932618325950105,
        "precision": 0.9272137227630969,
        "recall": 0.9380863039399625
    },
    "TotalPledgedShares": {
        "tp": 1121,
        "fp": 446,
        "fn": 249,
        "f1": 0.7633639768471229,
        "precision": 0.7153797064454371,
        "recall": 0.8182481751824817
    },
    "ReleasedDate": {
        "tp": 448,
        "fp": 501,
        "fn": 313,
        "f1": 0.5239766081871345,
        "precision": 0.4720758693361433,
        "recall": 0.5886990801576872
    },
    "StockCode": {
        "tp": 3233,
        "fp": 9,
        "fn": 15,
        "f1": 0.9963020030816641,
        "precision": 0.9972239358420728,
        "recall": 0.9953817733990148
    },
    "StockAbbr": {
        "tp": 4022,
        "fp": 548,
        "fn": 1073,
        "f1": 0.8322814278323849,
        "precision": 0.8800875273522976,
        "recall": 0.7894013738959764
    },
    "precision": 0.8114825530728205,
    "recall": 0.8391247927330402,
    "micro_f1": 0.8250722146414078,
    "macro_f1": 0.6942610369854285
}