{
    "EquityHolder": {
        "tp": 8357,
        "fp": 1599,
        "fn": 1256,
        "f1": 0.8541059839542133,
        "precision": 0.8393933306548815,
        "recall": 0.8693435972121086
    },
    "FrozeShares": {
        "tp": 94,
        "fp": 136,
        "fn": 204,
        "f1": 0.3560606060606061,
        "precision": 0.40869565217391307,
        "recall": 0.31543624161073824
    },
    "LegalInstitution": {
        "tp": 440,
        "fp": 71,
        "fn": 62,
        "f1": 0.8687068114511352,
        "precision": 0.8610567514677103,
        "recall": 0.8764940239043825
    },
    "TotalHoldingShares": {
        "tp": 1797,
        "fp": 884,
        "fn": 362,
        "f1": 0.7425619834710744,
        "precision": 0.670272286460276,
        "recall": 0.8323297823066235
    },
    "TotalHoldingRatio": {
        "tp": 1478,
        "fp": 441,
        "fn": 247,
        "f1": 0.8111964873765094,
        "precision": 0.7701928087545596,
        "recall": 0.8568115942028985
    },
    "StartDate": {
        "tp": 3858,
        "fp": 1583,
        "fn": 1173,
        "f1": 0.7368220015278838,
        "precision": 0.7090608344054402,
        "recall": 0.7668455575432319
    },
    "EndDate": {
        "tp": 989,
        "fp": 662,
        "fn": 521,
        "f1": 0.6257513445112307,
        "precision": 0.5990308903694731,
        "recall": 0.6549668874172185
    },
    "UnfrozeDate": {
        "tp": 3,
        "fp": 3,
        "fn": 15,
        "f1": 0.25,
        "precision": 0.5,
        "recall": 0.16666666666666666
    },
    "CompanyName": {
        "tp": 9604,
        "fp": 438,
        "fn": 478,
        "f1": 0.9544822102961636,
        "precision": 0.9563831905994822,
        "recall": 0.9525887720690339
    },
    "HighestTradingPrice": {
        "tp": 1492,
        "fp": 507,
        "fn": 132,
        "f1": 0.823626828595087,
        "precision": 0.7463731865932967,
        "recall": 0.9187192118226601
    },
    "LowestTradingPrice": {
        "tp": 736,
        "fp": 72,
        "fn": 304,
        "f1": 0.7965367965367967,
        "precision": 0.9108910891089109,
        "recall": 0.7076923076923077
    },
    "RepurchasedShares": {
        "tp": 1317,
        "fp": 250,
        "fn": 250,
        "f1": 0.8404594767070837,
        "precision": 0.8404594767070837,
        "recall": 0.8404594767070837
    },
    "ClosingDate": {
        "tp": 1062,
        "fp": 692,
        "fn": 586,
        "f1": 0.6243386243386243,
        "precision": 0.6054732041049031,
        "recall": 0.6444174757281553
    },
    "RepurchaseAmount": {
        "tp": 1197,
        "fp": 277,
        "fn": 229,
        "f1": 0.8255172413793103,
        "precision": 0.8120759837177748,
        "recall": 0.8394109396914446
    },
    "TradedShares": {
        "tp": 849,
        "fp": 438,
        "fn": 285,
        "f1": 0.7013630731102851,
        "precision": 0.6596736596736597,
        "recall": 0.7486772486772487
    },
    "LaterHoldingShares": {
        "tp": 91,
        "fp": 215,
        "fn": 330,
        "f1": 0.25034387895460797,
        "precision": 0.2973856209150327,
        "recall": 0.2161520190023753
    },
    "AveragePrice": {
        "tp": 195,
        "fp": 63,
        "fn": 14,
        "f1": 0.835117773019272,
        "precision": 0.7558139534883721,
        "recall": 0.9330143540669856
    },
    "Pledger": {
        "tp": 0,
        "fp": 0,
        "fn": 0,
        "f1": 0,
        "precision": 0,
        "recall": 0
    },
    "PledgedShares": {
        "tp": 2358,
        "fp": 956,
        "fn": 513,
        "f1": 0.7624898949070331,
        "precision": 0.7115268557634279,
        "recall": 0.8213166144200627
    },
    "Pledgee": {
        "tp": 2001,
        "fp": 167,
        "fn": 131,
        "f1": 0.9306976744186046,
        "precision": 0.9229704797047971,
        "recall": 0.9385553470919324
    },
    "TotalPledgedShares": {
        "tp": 1058,
        "fp": 359,
        "fn": 312,
        "f1": 0.7592393254395408,
        "precision": 0.7466478475652788,
        "recall": 0.7722627737226277
    },
    "ReleasedDate": {
        "tp": 442,
        "fp": 541,
        "fn": 319,
        "f1": 0.5068807339449541,
        "precision": 0.4496439471007121,
        "recall": 0.580814717477004
    },
    "StockCode": {
        "tp": 3236,
        "fp": 18,
        "fn": 12,
        "f1": 0.9953860350661334,
        "precision": 0.9944683466502766,
        "recall": 0.9963054187192119
    },
    "StockAbbr": {
        "tp": 4068,
        "fp": 544,
        "fn": 1027,
        "f1": 0.8381580302874215,
        "precision": 0.8820468343451865,
        "recall": 0.7984298331697743
    },
    "precision": 0.8106110552066345,
    "recall": 0.8420805998125586,
    "micro_f1": 0.8260462155902477,
    "macro_f1": 0.6954101173063988
}