{
    "EquityHolder": {
        "tp": 8237,
        "fp": 1472,
        "fn": 1376,
        "f1": 0.8526032501811407,
        "precision": 0.8483880935214749,
        "recall": 0.8568605014043483
    },
    "FrozeShares": {
        "tp": 92,
        "fp": 132,
        "fn": 206,
        "f1": 0.35249042145593873,
        "precision": 0.4107142857142857,
        "recall": 0.3087248322147651
    },
    "LegalInstitution": {
        "tp": 443,
        "fp": 71,
        "fn": 59,
        "f1": 0.8720472440944882,
        "precision": 0.8618677042801557,
        "recall": 0.8824701195219123
    },
    "TotalHoldingShares": {
        "tp": 1737,
        "fp": 756,
        "fn": 422,
        "f1": 0.7467755803955288,
        "precision": 0.6967509025270758,
        "recall": 0.8045391384900417
    },
    "TotalHoldingRatio": {
        "tp": 1467,
        "fp": 496,
        "fn": 258,
        "f1": 0.7955531453362258,
        "precision": 0.7473255221599593,
        "recall": 0.8504347826086956
    },
    "StartDate": {
        "tp": 3796,
        "fp": 1625,
        "fn": 1235,
        "f1": 0.72636815920398,
        "precision": 0.7002398081534772,
        "recall": 0.7545219638242894
    },
    "EndDate": {
        "tp": 1039,
        "fp": 806,
        "fn": 471,
        "f1": 0.6193740685543965,
        "precision": 0.5631436314363144,
        "recall": 0.6880794701986755
    },
    "UnfrozeDate": {
        "tp": 6,
        "fp": 16,
        "fn": 12,
        "f1": 0.3,
        "precision": 0.2727272727272727,
        "recall": 0.3333333333333333
    },
    "CompanyName": {
        "tp": 9482,
        "fp": 425,
        "fn": 600,
        "f1": 0.9487217969883436,
        "precision": 0.957101039668921,
        "recall": 0.9404879984130133
    },
    "HighestTradingPrice": {
        "tp": 1459,
        "fp": 445,
        "fn": 165,
        "f1": 0.8270975056689343,
        "precision": 0.7662815126050421,
        "recall": 0.8983990147783252
    },
    "LowestTradingPrice": {
        "tp": 795,
        "fp": 113,
        "fn": 245,
        "f1": 0.8162217659137577,
        "precision": 0.8755506607929515,
        "recall": 0.7644230769230769
    },
    "RepurchasedShares": {
        "tp": 1390,
        "fp": 231,
        "fn": 177,
        "f1": 0.8720200752823086,
        "precision": 0.8574953732264035,
        "recall": 0.8870453095086152
    },
    "ClosingDate": {
        "tp": 1057,
        "fp": 761,
        "fn": 591,
        "f1": 0.609924985574149,
        "precision": 0.5814081408140814,
        "recall": 0.6413834951456311
    },
    "RepurchaseAmount": {
        "tp": 1230,
        "fp": 299,
        "fn": 196,
        "f1": 0.83248730964467,
        "precision": 0.8044473512099412,
        "recall": 0.8625525946704067
    },
    "TradedShares": {
        "tp": 831,
        "fp": 425,
        "fn": 303,
        "f1": 0.695397489539749,
        "precision": 0.6616242038216561,
        "recall": 0.7328042328042328
    },
    "LaterHoldingShares": {
        "tp": 89,
        "fp": 236,
        "fn": 332,
        "f1": 0.2386058981233244,
        "precision": 0.27384615384615385,
        "recall": 0.21140142517814728
    },
    "AveragePrice": {
        "tp": 190,
        "fp": 69,
        "fn": 19,
        "f1": 0.811965811965812,
        "precision": 0.7335907335907336,
        "recall": 0.9090909090909091
    },
    "Pledger": {
        "tp": 0,
        "fp": 0,
        "fn": 0,
        "f1": 0,
        "precision": 0,
        "recall": 0
    },
    "PledgedShares": {
        "tp": 2292,
        "fp": 928,
        "fn": 579,
        "f1": 0.7525857823017567,
        "precision": 0.7118012422360248,
        "recall": 0.7983281086729362
    },
    "Pledgee": {
        "tp": 2020,
        "fp": 181,
        "fn": 112,
        "f1": 0.9323794138010615,
        "precision": 0.9177646524307133,
        "recall": 0.9474671669793621
    },
    "TotalPledgedShares": {
        "tp": 1074,
        "fp": 389,
        "fn": 296,
        "f1": 0.7582068478644547,
        "precision": 0.734107997265892,
        "recall": 0.7839416058394161
    },
    "ReleasedDate": {
        "tp": 456,
        "fp": 501,
        "fn": 305,
        "f1": 0.5308498253783469,
        "precision": 0.47648902821316613,
        "recall": 0.5992115637319316
    },
    "StockCode": {
        "tp": 3234,
        "fp": 10,
        "fn": 14,
        "f1": 0.9963031423290204,
        "precision": 0.9969173859432799,
        "recall": 0.9956896551724138
    },
    "StockAbbr": {
        "tp": 4086,
        "fp": 552,
        "fn": 1009,
        "f1": 0.8396177951299703,
        "precision": 0.8809831824062095,
        "recall": 0.8019627085377822
    },
    "precision": 0.8095611148830975,
    "recall": 0.838115492754668,
    "micro_f1": 0.823590878901926,
    "macro_f1": 0.6969832214469731
}