{
    "EquityHolder": {
        "tp": 8442,
        "fp": 1508,
        "fn": 1171,
        "f1": 0.8630578132188315,
        "precision": 0.8484422110552764,
        "recall": 0.8781857900759389
    },
    "FrozeShares": {
        "tp": 38,
        "fp": 28,
        "fn": 260,
        "f1": 0.2087912087912088,
        "precision": 0.5757575757575758,
        "recall": 0.12751677852348994
    },
    "LegalInstitution": {
        "tp": 457,
        "fp": 66,
        "fn": 45,
        "f1": 0.8917073170731707,
        "precision": 0.8738049713193117,
        "recall": 0.9103585657370518
    },
    "TotalHoldingShares": {
        "tp": 1693,
        "fp": 776,
        "fn": 466,
        "f1": 0.7316335350043217,
        "precision": 0.6857027136492507,
        "recall": 0.7841593330245484
    },
    "TotalHoldingRatio": {
        "tp": 1397,
        "fp": 298,
        "fn": 328,
        "f1": 0.8169590643274853,
        "precision": 0.824188790560472,
        "recall": 0.8098550724637681
    },
    "StartDate": {
        "tp": 3765,
        "fp": 1254,
        "fn": 1266,
        "f1": 0.7492537313432835,
        "precision": 0.7501494321578004,
        "recall": 0.7483601669648181
    },
    "EndDate": {
        "tp": 1037,
        "fp": 594,
        "fn": 473,
        "f1": 0.6602992677491245,
        "precision": 0.635806253832005,
        "recall": 0.6867549668874172
    },
    "UnfrozeDate": {
        "tp": 0,
        "fp": 0,
        "fn": 18,
        "f1": 0,
        "precision": 0,
        "recall": 0
    },
    "CompanyName": {
        "tp": 9161,
        "fp": 505,
        "fn": 921,
        "f1": 0.9277901559651611,
        "precision": 0.9477550175874199,
        "recall": 0.9086490775639754
    },
    "HighestTradingPrice": {
        "tp": 1529,
        "fp": 1278,
        "fn": 95,
        "f1": 0.690137666440984,
        "precision": 0.5447096544353403,
        "recall": 0.9415024630541872
    },
    "LowestTradingPrice": {
        "tp": 0,
        "fp": 0,
        "fn": 1040,
        "f1": 0,
        "precision": 0,
        "recall": 0
    },
    "RepurchasedShares": {
        "tp": 1395,
        "fp": 238,
        "fn": 172,
        "f1": 0.871875,
        "precision": 0.8542559706062461,
        "recall": 0.8902361199744735
    },
    "ClosingDate": {
        "tp": 1214,
        "fp": 644,
        "fn": 434,
        "f1": 0.6925270964061607,
        "precision": 0.6533907427341227,
        "recall": 0.7366504854368932
    },
    "RepurchaseAmount": {
        "tp": 1075,
        "fp": 183,
        "fn": 351,
        "f1": 0.801043219076006,
        "precision": 0.8545310015898251,
        "recall": 0.7538569424964937
    },
    "TradedShares": {
        "tp": 877,
        "fp": 404,
        "fn": 257,
        "f1": 0.7262939958592134,
        "precision": 0.6846213895394223,
        "recall": 0.7733686067019401
    },
    "LaterHoldingShares": {
        "tp": 68,
        "fp": 141,
        "fn": 353,
        "f1": 0.21587301587301586,
        "precision": 0.3253588516746411,
        "recall": 0.16152019002375298
    },
    "AveragePrice": {
        "tp": 197,
        "fp": 72,
        "fn": 12,
        "f1": 0.8242677824267782,
        "precision": 0.7323420074349443,
        "recall": 0.9425837320574163
    },
    "Pledger": {
        "tp": 0,
        "fp": 0,
        "fn": 0,
        "f1": 0,
        "precision": 0,
        "recall": 0
    },
    "PledgedShares": {
        "tp": 2495,
        "fp": 909,
        "fn": 376,
        "f1": 0.7952191235059761,
        "precision": 0.7329612220916569,
        "recall": 0.869035179380007
    },
    "Pledgee": {
        "tp": 1995,
        "fp": 160,
        "fn": 137,
        "f1": 0.9307207837648706,
        "precision": 0.925754060324826,
        "recall": 0.9357410881801126
    },
    "TotalPledgedShares": {
        "tp": 1115,
        "fp": 433,
        "fn": 255,
        "f1": 0.7642220699108979,
        "precision": 0.7202842377260982,
        "recall": 0.8138686131386861
    },
    "ReleasedDate": {
        "tp": 457,
        "fp": 368,
        "fn": 304,
        "f1": 0.5762925598991173,
        "precision": 0.553939393939394,
        "recall": 0.6005256241787122
    },
    "StockCode": {
        "tp": 3227,
        "fp": 27,
        "fn": 21,
        "f1": 0.9926176561058135,
        "precision": 0.9917025199754149,
        "recall": 0.9935344827586207
    },
    "StockAbbr": {
        "tp": 4055,
        "fp": 576,
        "fn": 1040,
        "f1": 0.833847419288505,
        "precision": 0.8756208162383934,
        "recall": 0.7958783120706575
    },
    "precision": 0.813680967391498,
    "recall": 0.8234626198543724,
    "micro_f1": 0.8185425717740852,
    "macro_f1": 0.64851789508458
}