{
    "EquityHolder": {
        "tp": 8292,
        "fp": 1536,
        "fn": 1321,
        "f1": 0.8530425389640451,
        "precision": 0.8437118437118437,
        "recall": 0.8625819203162385
    },
    "FrozeShares": {
        "tp": 68,
        "fp": 64,
        "fn": 230,
        "f1": 0.31627906976744186,
        "precision": 0.5151515151515151,
        "recall": 0.22818791946308725
    },
    "LegalInstitution": {
        "tp": 441,
        "fp": 70,
        "fn": 61,
        "f1": 0.8706811451135242,
        "precision": 0.863013698630137,
        "recall": 0.8784860557768924
    },
    "TotalHoldingShares": {
        "tp": 1710,
        "fp": 725,
        "fn": 449,
        "f1": 0.7444492816717457,
        "precision": 0.702258726899384,
        "recall": 0.7920333487725799
    },
    "TotalHoldingRatio": {
        "tp": 1393,
        "fp": 290,
        "fn": 332,
        "f1": 0.8174882629107982,
        "precision": 0.827688651218063,
        "recall": 0.807536231884058
    },
    "StartDate": {
        "tp": 3678,
        "fp": 1191,
        "fn": 1353,
        "f1": 0.743030303030303,
        "precision": 0.7553912507701787,
        "recall": 0.731067382230173
    },
    "EndDate": {
        "tp": 897,
        "fp": 601,
        "fn": 613,
        "f1": 0.5964095744680851,
        "precision": 0.5987983978638184,
        "recall": 0.5940397350993377
    },
    "UnfrozeDate": {
        "tp": 0,
        "fp": 0,
        "fn": 18,
        "f1": 0,
        "precision": 0,
        "recall": 0
    },
    "CompanyName": {
        "tp": 9313,
        "fp": 406,
        "fn": 769,
        "f1": 0.940659562648351,
        "precision": 0.9582261549542134,
        "recall": 0.9237254512993454
    },
    "HighestTradingPrice": {
        "tp": 1474,
        "fp": 596,
        "fn": 150,
        "f1": 0.7980508933405523,
        "precision": 0.7120772946859903,
        "recall": 0.9076354679802956
    },
    "LowestTradingPrice": {
        "tp": 687,
        "fp": 52,
        "fn": 353,
        "f1": 0.7723440134907251,
        "precision": 0.9296346414073072,
        "recall": 0.6605769230769231
    },
    "RepurchasedShares": {
        "tp": 1321,
        "fp": 243,
        "fn": 246,
        "f1": 0.8438198658575535,
        "precision": 0.8446291560102301,
        "recall": 0.8430121250797703
    },
    "ClosingDate": {
        "tp": 767,
        "fp": 717,
        "fn": 881,
        "f1": 0.4897828863346105,
        "precision": 0.5168463611859838,
        "recall": 0.4654126213592233
    },
    "RepurchaseAmount": {
        "tp": 1068,
        "fp": 223,
        "fn": 358,
        "f1": 0.7861612072138389,
        "precision": 0.8272656855151046,
        "recall": 0.7489481065918654
    },
    "TradedShares": {
        "tp": 801,
        "fp": 368,
        "fn": 333,
        "f1": 0.6956144159791576,
        "precision": 0.6852010265183918,
        "recall": 0.7063492063492064
    },
    "LaterHoldingShares": {
        "tp": 61,
        "fp": 138,
        "fn": 360,
        "f1": 0.1967741935483871,
        "precision": 0.3065326633165829,
        "recall": 0.14489311163895488
    },
    "AveragePrice": {
        "tp": 193,
        "fp": 69,
        "fn": 16,
        "f1": 0.8195329087048832,
        "precision": 0.7366412213740458,
        "recall": 0.9234449760765551
    },
    "Pledger": {
        "tp": 0,
        "fp": 0,
        "fn": 0,
        "f1": 0,
        "precision": 0,
        "recall": 0
    },
    "PledgedShares": {
        "tp": 2323,
        "fp": 904,
        "fn": 548,
        "f1": 0.7618891439816333,
        "precision": 0.7198636504493338,
        "recall": 0.8091257401602229
    },
    "Pledgee": {
        "tp": 2015,
        "fp": 162,
        "fn": 117,
        "f1": 0.935251798561151,
        "precision": 0.9255856683509417,
        "recall": 0.9451219512195121
    },
    "TotalPledgedShares": {
        "tp": 1136,
        "fp": 435,
        "fn": 234,
        "f1": 0.7725263515810948,
        "precision": 0.7231063017186505,
        "recall": 0.8291970802919708
    },
    "ReleasedDate": {
        "tp": 413,
        "fp": 322,
        "fn": 348,
        "f1": 0.5521390374331551,
        "precision": 0.5619047619047619,
        "recall": 0.5427069645203679
    },
    "StockCode": {
        "tp": 3228,
        "fp": 22,
        "fn": 20,
        "f1": 0.9935364727608494,
        "precision": 0.9932307692307693,
        "recall": 0.9938423645320197
    },
    "StockAbbr": {
        "tp": 3879,
        "fp": 630,
        "fn": 1216,
        "f1": 0.8077884214910455,
        "precision": 0.8602794411177644,
        "recall": 0.7613346418056919
    },
    "precision": 0.8222206037653399,
    "recall": 0.8138922932737366,
    "micro_f1": 0.8180352517073347,
    "macro_f1": 0.671135472868872
}