{
    "EquityHolder": {
        "tp": 8259,
        "fp": 1420,
        "fn": 1354,
        "f1": 0.8562098279079411,
        "precision": 0.8532906291972311,
        "recall": 0.8591490689691044
    },
    "FrozeShares": {
        "tp": 94,
        "fp": 97,
        "fn": 204,
        "f1": 0.38445807770961143,
        "precision": 0.49214659685863876,
        "recall": 0.31543624161073824
    },
    "LegalInstitution": {
        "tp": 444,
        "fp": 64,
        "fn": 58,
        "f1": 0.8792079207920793,
        "precision": 0.8740157480314961,
        "recall": 0.8844621513944223
    },
    "TotalHoldingShares": {
        "tp": 1717,
        "fp": 724,
        "fn": 442,
        "f1": 0.7465217391304348,
        "precision": 0.7034002458009013,
        "recall": 0.7952755905511811
    },
    "TotalHoldingRatio": {
        "tp": 1421,
        "fp": 336,
        "fn": 304,
        "f1": 0.8161975875933372,
        "precision": 0.8087649402390438,
        "recall": 0.823768115942029
    },
    "StartDate": {
        "tp": 3733,
        "fp": 1327,
        "fn": 1298,
        "f1": 0.7398672084035279,
        "precision": 0.7377470355731225,
        "recall": 0.7419996024647187
    },
    "EndDate": {
        "tp": 936,
        "fp": 505,
        "fn": 574,
        "f1": 0.6343612334801763,
        "precision": 0.6495489243580846,
        "recall": 0.6198675496688741
    },
    "UnfrozeDate": {
        "tp": 1,
        "fp": 0,
        "fn": 17,
        "f1": 0.10526315789473684,
        "precision": 1.0,
        "recall": 0.05555555555555555
    },
    "CompanyName": {
        "tp": 9439,
        "fp": 436,
        "fn": 643,
        "f1": 0.9459337575787944,
        "precision": 0.9558481012658228,
        "recall": 0.9362229716326126
    },
    "HighestTradingPrice": {
        "tp": 1459,
        "fp": 557,
        "fn": 165,
        "f1": 0.8016483516483516,
        "precision": 0.7237103174603174,
        "recall": 0.8983990147783252
    },
    "LowestTradingPrice": {
        "tp": 717,
        "fp": 68,
        "fn": 323,
        "f1": 0.7857534246575343,
        "precision": 0.913375796178344,
        "recall": 0.6894230769230769
    },
    "RepurchasedShares": {
        "tp": 1374,
        "fp": 245,
        "fn": 193,
        "f1": 0.8625235404896421,
        "precision": 0.8486720197652872,
        "recall": 0.8768347160178686
    },
    "ClosingDate": {
        "tp": 842,
        "fp": 705,
        "fn": 806,
        "f1": 0.5270735524256651,
        "precision": 0.5442792501616031,
        "recall": 0.5109223300970874
    },
    "RepurchaseAmount": {
        "tp": 1167,
        "fp": 259,
        "fn": 259,
        "f1": 0.8183730715287518,
        "precision": 0.8183730715287517,
        "recall": 0.8183730715287517
    },
    "TradedShares": {
        "tp": 849,
        "fp": 401,
        "fn": 285,
        "f1": 0.7122483221476511,
        "precision": 0.6792,
        "recall": 0.7486772486772487
    },
    "LaterHoldingShares": {
        "tp": 74,
        "fp": 163,
        "fn": 347,
        "f1": 0.22492401215805474,
        "precision": 0.31223628691983124,
        "recall": 0.17577197149643706
    },
    "AveragePrice": {
        "tp": 189,
        "fp": 64,
        "fn": 20,
        "f1": 0.8181818181818181,
        "precision": 0.7470355731225297,
        "recall": 0.9043062200956937
    },
    "Pledger": {
        "tp": 0,
        "fp": 0,
        "fn": 0,
        "f1": 0,
        "precision": 0,
        "recall": 0
    },
    "PledgedShares": {
        "tp": 2411,
        "fp": 975,
        "fn": 460,
        "f1": 0.7706568643119706,
        "precision": 0.7120496160661548,
        "recall": 0.8397770811563915
    },
    "Pledgee": {
        "tp": 2009,
        "fp": 164,
        "fn": 123,
        "f1": 0.9333333333333333,
        "precision": 0.9245283018867925,
        "recall": 0.9423076923076923
    },
    "TotalPledgedShares": {
        "tp": 981,
        "fp": 319,
        "fn": 389,
        "f1": 0.7348314606741573,
        "precision": 0.7546153846153846,
        "recall": 0.7160583941605839
    },
    "ReleasedDate": {
        "tp": 465,
        "fp": 414,
        "fn": 296,
        "f1": 0.5670731707317073,
        "precision": 0.5290102389078498,
        "recall": 0.6110381077529566
    },
    "StockCode": {
        "tp": 3232,
        "fp": 22,
        "fn": 16,
        "f1": 0.9941556444171024,
        "precision": 0.9932390903503381,
        "recall": 0.9950738916256158
    },
    "StockAbbr": {
        "tp": 4058,
        "fp": 571,
        "fn": 1037,
        "f1": 0.8346359522830111,
        "precision": 0.8766472240224671,
        "recall": 0.7964671246319921
    },
    "precision": 0.8234333207675876,
    "recall": 0.8267428447840819,
    "micro_f1": 0.8250847640546447,
    "macro_f1": 0.6872263762283078
}