{
    "EquityHolder": {
        "tp": 8389,
        "fp": 1457,
        "fn": 1224,
        "f1": 0.8622231358240402,
        "precision": 0.8520211253300832,
        "recall": 0.8726724227608447
    },
    "FrozeShares": {
        "tp": 1,
        "fp": 0,
        "fn": 297,
        "f1": 0.006688963210702341,
        "precision": 1.0,
        "recall": 0.003355704697986577
    },
    "LegalInstitution": {
        "tp": 454,
        "fp": 79,
        "fn": 48,
        "f1": 0.8772946859903381,
        "precision": 0.851782363977486,
        "recall": 0.9043824701195219
    },
    "TotalHoldingShares": {
        "tp": 1686,
        "fp": 804,
        "fn": 473,
        "f1": 0.7253172725317273,
        "precision": 0.6771084337349398,
        "recall": 0.7809170912459472
    },
    "TotalHoldingRatio": {
        "tp": 1372,
        "fp": 363,
        "fn": 353,
        "f1": 0.793063583815029,
        "precision": 0.7907780979827089,
        "recall": 0.7953623188405797
    },
    "StartDate": {
        "tp": 3643,
        "fp": 1120,
        "fn": 1388,
        "f1": 0.7439248519501735,
        "precision": 0.764854083560781,
        "recall": 0.7241105148081892
    },
    "EndDate": {
        "tp": 1040,
        "fp": 621,
        "fn": 470,
        "f1": 0.6559444970040997,
        "precision": 0.6261288380493678,
        "recall": 0.6887417218543046
    },
    "UnfrozeDate": {
        "tp": 0,
        "fp": 0,
        "fn": 18,
        "f1": 0,
        "precision": 0,
        "recall": 0
    },
    "CompanyName": {
        "tp": 9778,
        "fp": 407,
        "fn": 304,
        "f1": 0.9649183401588791,
        "precision": 0.9600392734413353,
        "recall": 0.9698472525292601
    },
    "HighestTradingPrice": {
        "tp": 1540,
        "fp": 1286,
        "fn": 84,
        "f1": 0.6921348314606742,
        "precision": 0.5449398443029017,
        "recall": 0.9482758620689655
    },
    "LowestTradingPrice": {
        "tp": 0,
        "fp": 0,
        "fn": 1040,
        "f1": 0,
        "precision": 0,
        "recall": 0
    },
    "RepurchasedShares": {
        "tp": 1349,
        "fp": 249,
        "fn": 218,
        "f1": 0.8524486571879937,
        "precision": 0.844180225281602,
        "recall": 0.8608806636885769
    },
    "ClosingDate": {
        "tp": 1184,
        "fp": 445,
        "fn": 464,
        "f1": 0.7226121452548062,
        "precision": 0.7268262737875998,
        "recall": 0.7184466019417476
    },
    "RepurchaseAmount": {
        "tp": 969,
        "fp": 106,
        "fn": 457,
        "f1": 0.774890043982407,
        "precision": 0.9013953488372093,
        "recall": 0.679523141654979
    },
    "TradedShares": {
        "tp": 827,
        "fp": 373,
        "fn": 307,
        "f1": 0.7086546700942588,
        "precision": 0.6891666666666667,
        "recall": 0.7292768959435626
    },
    "LaterHoldingShares": {
        "tp": 45,
        "fp": 104,
        "fn": 376,
        "f1": 0.15789473684210525,
        "precision": 0.30201342281879195,
        "recall": 0.10688836104513064
    },
    "AveragePrice": {
        "tp": 193,
        "fp": 75,
        "fn": 16,
        "f1": 0.809224318658281,
        "precision": 0.7201492537313433,
        "recall": 0.9234449760765551
    },
    "Pledger": {
        "tp": 0,
        "fp": 0,
        "fn": 0,
        "f1": 0,
        "precision": 0,
        "recall": 0
    },
    "PledgedShares": {
        "tp": 2438,
        "fp": 952,
        "fn": 433,
        "f1": 0.778789330777831,
        "precision": 0.719174041297935,
        "recall": 0.8491814698711251
    },
    "Pledgee": {
        "tp": 1994,
        "fp": 186,
        "fn": 138,
        "f1": 0.924860853432282,
        "precision": 0.9146788990825688,
        "recall": 0.9352720450281425
    },
    "TotalPledgedShares": {
        "tp": 1175,
        "fp": 487,
        "fn": 195,
        "f1": 0.775065963060686,
        "precision": 0.7069795427196149,
        "recall": 0.8576642335766423
    },
    "ReleasedDate": {
        "tp": 471,
        "fp": 414,
        "fn": 290,
        "f1": 0.5722964763061968,
        "precision": 0.5322033898305085,
        "recall": 0.6189224704336399
    },
    "StockCode": {
        "tp": 3216,
        "fp": 27,
        "fn": 32,
        "f1": 0.9909104914496996,
        "precision": 0.9916743755781684,
        "recall": 0.9901477832512315
    },
    "StockAbbr": {
        "tp": 4021,
        "fp": 502,
        "fn": 1074,
        "f1": 0.8361405697650239,
        "precision": 0.8890117178863586,
        "recall": 0.7892051030421983
    },
    "precision": 0.8199025822857348,
    "recall": 0.8251928483887246,
    "micro_f1": 0.8225392091694663,
    "macro_f1": 0.6343874341148849
}