{
    "EquityHolder": {
        "tp": 8317,
        "fp": 1540,
        "fn": 1296,
        "f1": 0.8543400102722137,
        "precision": 0.8437658516790099,
        "recall": 0.8651825652761885
    },
    "FrozeShares": {
        "tp": 80,
        "fp": 118,
        "fn": 218,
        "f1": 0.3225806451612903,
        "precision": 0.40404040404040403,
        "recall": 0.2684563758389262
    },
    "LegalInstitution": {
        "tp": 446,
        "fp": 60,
        "fn": 56,
        "f1": 0.884920634920635,
        "precision": 0.8814229249011858,
        "recall": 0.8884462151394422
    },
    "TotalHoldingShares": {
        "tp": 1773,
        "fp": 771,
        "fn": 386,
        "f1": 0.7539868169253667,
        "precision": 0.6969339622641509,
        "recall": 0.8212135247799908
    },
    "TotalHoldingRatio": {
        "tp": 1448,
        "fp": 361,
        "fn": 277,
        "f1": 0.8194680249009622,
        "precision": 0.8004422332780542,
        "recall": 0.8394202898550724
    },
    "StartDate": {
        "tp": 3883,
        "fp": 1646,
        "fn": 1148,
        "f1": 0.7354166666666666,
        "precision": 0.7022969795623079,
        "recall": 0.7718147485589346
    },
    "EndDate": {
        "tp": 939,
        "fp": 571,
        "fn": 571,
        "f1": 0.6218543046357616,
        "precision": 0.6218543046357616,
        "recall": 0.6218543046357616
    },
    "UnfrozeDate": {
        "tp": 3,
        "fp": 3,
        "fn": 15,
        "f1": 0.25,
        "precision": 0.5,
        "recall": 0.16666666666666666
    },
    "CompanyName": {
        "tp": 9513,
        "fp": 408,
        "fn": 569,
        "f1": 0.9511573264010398,
        "precision": 0.958875113395827,
        "recall": 0.9435627851616742
    },
    "HighestTradingPrice": {
        "tp": 1430,
        "fp": 458,
        "fn": 194,
        "f1": 0.8143507972665148,
        "precision": 0.7574152542372882,
        "recall": 0.8805418719211823
    },
    "LowestTradingPrice": {
        "tp": 776,
        "fp": 97,
        "fn": 264,
        "f1": 0.8112911657083115,
        "precision": 0.8888888888888888,
        "recall": 0.7461538461538462
    },
    "RepurchasedShares": {
        "tp": 1237,
        "fp": 257,
        "fn": 330,
        "f1": 0.8082326037242731,
        "precision": 0.8279785809906292,
        "recall": 0.7894065092533503
    },
    "ClosingDate": {
        "tp": 985,
        "fp": 615,
        "fn": 663,
        "f1": 0.6065270935960592,
        "precision": 0.615625,
        "recall": 0.5976941747572816
    },
    "RepurchaseAmount": {
        "tp": 1171,
        "fp": 289,
        "fn": 255,
        "f1": 0.8115038115038116,
        "precision": 0.802054794520548,
        "recall": 0.8211781206171108
    },
    "TradedShares": {
        "tp": 783,
        "fp": 388,
        "fn": 351,
        "f1": 0.6793926247288503,
        "precision": 0.6686592655849701,
        "recall": 0.6904761904761905
    },
    "LaterHoldingShares": {
        "tp": 80,
        "fp": 248,
        "fn": 341,
        "f1": 0.2136181575433912,
        "precision": 0.24390243902439024,
        "recall": 0.19002375296912113
    },
    "AveragePrice": {
        "tp": 191,
        "fp": 63,
        "fn": 18,
        "f1": 0.8250539956803455,
        "precision": 0.7519685039370079,
        "recall": 0.9138755980861244
    },
    "Pledger": {
        "tp": 0,
        "fp": 0,
        "fn": 0,
        "f1": 0,
        "precision": 0,
        "recall": 0
    },
    "PledgedShares": {
        "tp": 2191,
        "fp": 901,
        "fn": 680,
        "f1": 0.7348650008385041,
        "precision": 0.7086028460543338,
        "recall": 0.76314872866597
    },
    "Pledgee": {
        "tp": 2008,
        "fp": 165,
        "fn": 124,
        "f1": 0.9328687572590012,
        "precision": 0.9240681086056144,
        "recall": 0.9418386491557224
    },
    "TotalPledgedShares": {
        "tp": 1046,
        "fp": 355,
        "fn": 324,
        "f1": 0.7549621075424033,
        "precision": 0.7466095645967167,
        "recall": 0.7635036496350365
    },
    "ReleasedDate": {
        "tp": 427,
        "fp": 402,
        "fn": 334,
        "f1": 0.5371069182389937,
        "precision": 0.5150784077201448,
        "recall": 0.5611038107752957
    },
    "StockCode": {
        "tp": 3236,
        "fp": 6,
        "fn": 12,
        "f1": 0.9972265023112482,
        "precision": 0.9981492905613819,
        "recall": 0.9963054187192119
    },
    "StockAbbr": {
        "tp": 4043,
        "fp": 528,
        "fn": 1052,
        "f1": 0.8365404510655907,
        "precision": 0.8844891708597681,
        "recall": 0.793523061825319
    },
    "precision": 0.817797212741752,
    "recall": 0.8291759786605147,
    "micro_f1": 0.8234472883479507,
    "macro_f1": 0.6898860173704682
}