{
    "EquityHolder": {
        "tp": 8064,
        "fp": 1947,
        "fn": 1549,
        "f1": 0.8218507949449653,
        "precision": 0.8055139346718609,
        "recall": 0.8388640382814938
    },
    "FrozeShares": {
        "tp": 0,
        "fp": 0,
        "fn": 298,
        "f1": 0,
        "precision": 0,
        "recall": 0
    },
    "LegalInstitution": {
        "tp": 404,
        "fp": 85,
        "fn": 98,
        "f1": 0.8153380423814328,
        "precision": 0.8261758691206544,
        "recall": 0.8047808764940239
    },
    "TotalHoldingShares": {
        "tp": 1669,
        "fp": 458,
        "fn": 490,
        "f1": 0.7788147456836211,
        "precision": 0.7846732487070992,
        "recall": 0.7730430754979157
    },
    "TotalHoldingRatio": {
        "tp": 1390,
        "fp": 297,
        "fn": 335,
        "f1": 0.8147713950762017,
        "precision": 0.8239478363959691,
        "recall": 0.8057971014492754
    },
    "StartDate": {
        "tp": 3251,
        "fp": 934,
        "fn": 1780,
        "f1": 0.7055121527777778,
        "precision": 0.7768219832735962,
        "recall": 0.6461935996819718
    },
    "EndDate": {
        "tp": 924,
        "fp": 562,
        "fn": 586,
        "f1": 0.616822429906542,
        "precision": 0.6218034993270525,
        "recall": 0.6119205298013245
    },
    "UnfrozeDate": {
        "tp": 0,
        "fp": 0,
        "fn": 18,
        "f1": 0,
        "precision": 0,
        "recall": 0
    },
    "CompanyName": {
        "tp": 9634,
        "fp": 358,
        "fn": 448,
        "f1": 0.9598485603267909,
        "precision": 0.9641713370696557,
        "recall": 0.9555643721483833
    },
    "HighestTradingPrice": {
        "tp": 1554,
        "fp": 1064,
        "fn": 70,
        "f1": 0.7326732673267327,
        "precision": 0.5935828877005348,
        "recall": 0.9568965517241379
    },
    "LowestTradingPrice": {
        "tp": 148,
        "fp": 1,
        "fn": 892,
        "f1": 0.24894869638351552,
        "precision": 0.9932885906040269,
        "recall": 0.1423076923076923
    },
    "RepurchasedShares": {
        "tp": 1462,
        "fp": 247,
        "fn": 105,
        "f1": 0.8925518925518925,
        "precision": 0.8554710356933879,
        "recall": 0.9329929802169751
    },
    "ClosingDate": {
        "tp": 792,
        "fp": 330,
        "fn": 856,
        "f1": 0.5718411552346571,
        "precision": 0.7058823529411765,
        "recall": 0.48058252427184467
    },
    "RepurchaseAmount": {
        "tp": 933,
        "fp": 84,
        "fn": 493,
        "f1": 0.7638149815800246,
        "precision": 0.9174041297935103,
        "recall": 0.6542776998597476
    },
    "TradedShares": {
        "tp": 723,
        "fp": 227,
        "fn": 411,
        "f1": 0.6938579654510556,
        "precision": 0.7610526315789473,
        "recall": 0.6375661375661376
    },
    "LaterHoldingShares": {
        "tp": 102,
        "fp": 432,
        "fn": 319,
        "f1": 0.2136125654450262,
        "precision": 0.19101123595505617,
        "recall": 0.24228028503562946
    },
    "AveragePrice": {
        "tp": 187,
        "fp": 36,
        "fn": 22,
        "f1": 0.8657407407407407,
        "precision": 0.8385650224215246,
        "recall": 0.8947368421052632
    },
    "Pledger": {
        "tp": 0,
        "fp": 0,
        "fn": 0,
        "f1": 0,
        "precision": 0,
        "recall": 0
    },
    "PledgedShares": {
        "tp": 2305,
        "fp": 819,
        "fn": 566,
        "f1": 0.7689741451209341,
        "precision": 0.7378361075544174,
        "recall": 0.8028561476837339
    },
    "Pledgee": {
        "tp": 1926,
        "fp": 159,
        "fn": 206,
        "f1": 0.9134455774247096,
        "precision": 0.9237410071942446,
        "recall": 0.9033771106941839
    },
    "TotalPledgedShares": {
        "tp": 520,
        "fp": 689,
        "fn": 850,
        "f1": 0.4032570763861961,
        "precision": 0.43010752688172044,
        "recall": 0.3795620437956204
    },
    "ReleasedDate": {
        "tp": 339,
        "fp": 309,
        "fn": 422,
        "f1": 0.48119233498935415,
        "precision": 0.5231481481481481,
        "recall": 0.4454664914586071
    },
    "StockCode": {
        "tp": 3235,
        "fp": 18,
        "fn": 13,
        "f1": 0.995231502845716,
        "precision": 0.9944666461727636,
        "recall": 0.9959975369458128
    },
    "StockAbbr": {
        "tp": 3942,
        "fp": 829,
        "fn": 1153,
        "f1": 0.7991080478410704,
        "precision": 0.8262418780129952,
        "recall": 0.7736997055937194
    },
    "precision": 0.814849500833505,
    "recall": 0.7840818974839593,
    "micro_f1": 0.7991696747586639,
    "macro_f1": 0.6190503362674566
}