{
    "EquityHolder": {
        "tp": 8259,
        "fp": 1702,
        "fn": 1354,
        "f1": 0.8438745274343518,
        "precision": 0.8291336211223773,
        "recall": 0.8591490689691044
    },
    "FrozeShares": {
        "tp": 68,
        "fp": 63,
        "fn": 230,
        "f1": 0.31701631701631705,
        "precision": 0.5190839694656488,
        "recall": 0.22818791946308725
    },
    "LegalInstitution": {
        "tp": 416,
        "fp": 56,
        "fn": 86,
        "f1": 0.8542094455852156,
        "precision": 0.8813559322033898,
        "recall": 0.8286852589641435
    },
    "TotalHoldingShares": {
        "tp": 1675,
        "fp": 324,
        "fn": 484,
        "f1": 0.8056758056758055,
        "precision": 0.8379189594797398,
        "recall": 0.7758221398795738
    },
    "TotalHoldingRatio": {
        "tp": 1288,
        "fp": 156,
        "fn": 437,
        "f1": 0.8128747238876618,
        "precision": 0.8919667590027701,
        "recall": 0.7466666666666667
    },
    "StartDate": {
        "tp": 3953,
        "fp": 1768,
        "fn": 1078,
        "f1": 0.7353050595238096,
        "precision": 0.6909631183359553,
        "recall": 0.785728483402902
    },
    "EndDate": {
        "tp": 1024,
        "fp": 613,
        "fn": 486,
        "f1": 0.6507785192246585,
        "precision": 0.6255345143555284,
        "recall": 0.6781456953642384
    },
    "UnfrozeDate": {
        "tp": 0,
        "fp": 0,
        "fn": 18,
        "f1": 0,
        "precision": 0,
        "recall": 0
    },
    "CompanyName": {
        "tp": 9328,
        "fp": 471,
        "fn": 754,
        "f1": 0.93838338111765,
        "precision": 0.9519338708031432,
        "recall": 0.92521325133902
    },
    "HighestTradingPrice": {
        "tp": 1478,
        "fp": 236,
        "fn": 146,
        "f1": 0.8855602156980228,
        "precision": 0.8623103850641773,
        "recall": 0.9100985221674877
    },
    "LowestTradingPrice": {
        "tp": 900,
        "fp": 29,
        "fn": 140,
        "f1": 0.9141696292534282,
        "precision": 0.9687836383207751,
        "recall": 0.8653846153846154
    },
    "RepurchasedShares": {
        "tp": 1416,
        "fp": 183,
        "fn": 151,
        "f1": 0.8945041061276059,
        "precision": 0.8855534709193246,
        "recall": 0.9036375239310785
    },
    "ClosingDate": {
        "tp": 1240,
        "fp": 850,
        "fn": 408,
        "f1": 0.6634563937934724,
        "precision": 0.5933014354066986,
        "recall": 0.7524271844660194
    },
    "RepurchaseAmount": {
        "tp": 1126,
        "fp": 209,
        "fn": 300,
        "f1": 0.8156465048895328,
        "precision": 0.8434456928838951,
        "recall": 0.7896213183730715
    },
    "TradedShares": {
        "tp": 841,
        "fp": 319,
        "fn": 293,
        "f1": 0.7332170880557978,
        "precision": 0.725,
        "recall": 0.7416225749559083
    },
    "LaterHoldingShares": {
        "tp": 67,
        "fp": 101,
        "fn": 354,
        "f1": 0.22750424448217318,
        "precision": 0.39880952380952384,
        "recall": 0.15914489311163896
    },
    "AveragePrice": {
        "tp": 186,
        "fp": 42,
        "fn": 23,
        "f1": 0.8512585812356979,
        "precision": 0.8157894736842105,
        "recall": 0.8899521531100478
    },
    "Pledger": {
        "tp": 0,
        "fp": 0,
        "fn": 0,
        "f1": 0,
        "precision": 0,
        "recall": 0
    },
    "PledgedShares": {
        "tp": 2214,
        "fp": 822,
        "fn": 657,
        "f1": 0.7496190959878111,
        "precision": 0.7292490118577075,
        "recall": 0.7711598746081505
    },
    "Pledgee": {
        "tp": 1914,
        "fp": 173,
        "fn": 218,
        "f1": 0.9073240104290116,
        "precision": 0.9171058936272161,
        "recall": 0.8977485928705441
    },
    "TotalPledgedShares": {
        "tp": 967,
        "fp": 334,
        "fn": 403,
        "f1": 0.724073380756271,
        "precision": 0.7432744043043813,
        "recall": 0.7058394160583942
    },
    "ReleasedDate": {
        "tp": 373,
        "fp": 334,
        "fn": 388,
        "f1": 0.508174386920981,
        "precision": 0.5275813295615276,
        "recall": 0.49014454664914586
    },
    "StockCode": {
        "tp": 3229,
        "fp": 12,
        "fn": 19,
        "f1": 0.9952226845430727,
        "precision": 0.9962974390620178,
        "recall": 0.9941502463054187
    },
    "StockAbbr": {
        "tp": 3848,
        "fp": 700,
        "fn": 1247,
        "f1": 0.7980918801202945,
        "precision": 0.8460861917326298,
        "recall": 0.7552502453385672
    },
    "precision": 0.8282857504475021,
    "recall": 0.8256434287362122,
    "micro_f1": 0.8269624789017158,
    "macro_f1": 0.6927474992399434
}