{
    "EquityHolder": {
        "tp": 8011,
        "fp": 1827,
        "fn": 1602,
        "f1": 0.8237108631946943,
        "precision": 0.8142915226672088,
        "recall": 0.8333506709663997
    },
    "FrozeShares": {
        "tp": 103,
        "fp": 98,
        "fn": 195,
        "f1": 0.4128256513026052,
        "precision": 0.5124378109452736,
        "recall": 0.34563758389261745
    },
    "LegalInstitution": {
        "tp": 414,
        "fp": 55,
        "fn": 88,
        "f1": 0.8527291452111226,
        "precision": 0.8827292110874201,
        "recall": 0.8247011952191236
    },
    "TotalHoldingShares": {
        "tp": 1792,
        "fp": 552,
        "fn": 367,
        "f1": 0.7959138352209638,
        "precision": 0.764505119453925,
        "recall": 0.8300138953219083
    },
    "TotalHoldingRatio": {
        "tp": 1441,
        "fp": 283,
        "fn": 284,
        "f1": 0.8356045230501595,
        "precision": 0.83584686774942,
        "recall": 0.8353623188405798
    },
    "StartDate": {
        "tp": 3706,
        "fp": 1052,
        "fn": 1325,
        "f1": 0.7571764225150679,
        "precision": 0.7788986969314838,
        "recall": 0.7366328761677599
    },
    "EndDate": {
        "tp": 965,
        "fp": 473,
        "fn": 545,
        "f1": 0.6546811397557667,
        "precision": 0.6710709318497914,
        "recall": 0.6390728476821192
    },
    "UnfrozeDate": {
        "tp": 0,
        "fp": 0,
        "fn": 18,
        "f1": 0,
        "precision": 0,
        "recall": 0
    },
    "CompanyName": {
        "tp": 9509,
        "fp": 376,
        "fn": 573,
        "f1": 0.9524715781038714,
        "precision": 0.961962569549823,
        "recall": 0.9431660384844277
    },
    "HighestTradingPrice": {
        "tp": 1515,
        "fp": 196,
        "fn": 109,
        "f1": 0.9085457271364318,
        "precision": 0.8854471069549971,
        "recall": 0.9328817733990148
    },
    "LowestTradingPrice": {
        "tp": 932,
        "fp": 66,
        "fn": 108,
        "f1": 0.914622178606477,
        "precision": 0.9338677354709419,
        "recall": 0.8961538461538462
    },
    "RepurchasedShares": {
        "tp": 1280,
        "fp": 202,
        "fn": 287,
        "f1": 0.8396195473925878,
        "precision": 0.863697705802969,
        "recall": 0.816847479259732
    },
    "ClosingDate": {
        "tp": 873,
        "fp": 304,
        "fn": 775,
        "f1": 0.6180530973451327,
        "precision": 0.7417162276975361,
        "recall": 0.5297330097087378
    },
    "RepurchaseAmount": {
        "tp": 818,
        "fp": 219,
        "fn": 608,
        "f1": 0.6642306130734875,
        "precision": 0.7888138862102217,
        "recall": 0.573632538569425
    },
    "TradedShares": {
        "tp": 820,
        "fp": 246,
        "fn": 314,
        "f1": 0.7454545454545454,
        "precision": 0.7692307692307693,
        "recall": 0.7231040564373897
    },
    "LaterHoldingShares": {
        "tp": 67,
        "fp": 168,
        "fn": 354,
        "f1": 0.20426829268292682,
        "precision": 0.2851063829787234,
        "recall": 0.15914489311163896
    },
    "AveragePrice": {
        "tp": 195,
        "fp": 52,
        "fn": 14,
        "f1": 0.8552631578947368,
        "precision": 0.7894736842105263,
        "recall": 0.9330143540669856
    },
    "Pledger": {
        "tp": 0,
        "fp": 0,
        "fn": 0,
        "f1": 0,
        "precision": 0,
        "recall": 0
    },
    "PledgedShares": {
        "tp": 2210,
        "fp": 861,
        "fn": 661,
        "f1": 0.7438572871087176,
        "precision": 0.719635297948551,
        "recall": 0.7697666318355973
    },
    "Pledgee": {
        "tp": 1984,
        "fp": 184,
        "fn": 148,
        "f1": 0.9227906976744187,
        "precision": 0.915129151291513,
        "recall": 0.9305816135084428
    },
    "TotalPledgedShares": {
        "tp": 940,
        "fp": 328,
        "fn": 430,
        "f1": 0.7126611068991661,
        "precision": 0.7413249211356467,
        "recall": 0.6861313868613139
    },
    "ReleasedDate": {
        "tp": 336,
        "fp": 279,
        "fn": 425,
        "f1": 0.4883720930232558,
        "precision": 0.5463414634146342,
        "recall": 0.44152431011826543
    },
    "StockCode": {
        "tp": 3236,
        "fp": 19,
        "fn": 12,
        "f1": 0.9952329693987391,
        "precision": 0.9941628264208909,
        "recall": 0.9963054187192119
    },
    "StockAbbr": {
        "tp": 4039,
        "fp": 549,
        "fn": 1056,
        "f1": 0.8342455850459568,
        "precision": 0.8803400174367916,
        "recall": 0.7927379784102061
    },
    "precision": 0.8434157722818478,
    "recall": 0.8143969432629227,
    "micro_f1": 0.8286523808213904,
    "macro_f1": 0.6888470857121178
}