{
    "EquityHolder": {
        "tp": 7593,
        "fp": 1534,
        "fn": 2020,
        "f1": 0.8103521878335112,
        "precision": 0.831927248822176,
        "recall": 0.7898678872360345
    },
    "FrozeShares": {
        "tp": 0,
        "fp": 2,
        "fn": 298,
        "f1": 0,
        "precision": 0,
        "recall": 0
    },
    "LegalInstitution": {
        "tp": 372,
        "fp": 70,
        "fn": 130,
        "f1": 0.7881355932203391,
        "precision": 0.8416289592760181,
        "recall": 0.7410358565737052
    },
    "TotalHoldingShares": {
        "tp": 1754,
        "fp": 662,
        "fn": 405,
        "f1": 0.7667759562841531,
        "precision": 0.7259933774834437,
        "recall": 0.8124131542380731
    },
    "TotalHoldingRatio": {
        "tp": 1413,
        "fp": 378,
        "fn": 312,
        "f1": 0.8037542662116042,
        "precision": 0.7889447236180904,
        "recall": 0.8191304347826087
    },
    "StartDate": {
        "tp": 3048,
        "fp": 835,
        "fn": 1983,
        "f1": 0.6838680726946376,
        "precision": 0.7849600824105073,
        "recall": 0.6058437686344663
    },
    "EndDate": {
        "tp": 908,
        "fp": 491,
        "fn": 602,
        "f1": 0.6242695084221382,
        "precision": 0.6490350250178699,
        "recall": 0.6013245033112583
    },
    "UnfrozeDate": {
        "tp": 0,
        "fp": 0,
        "fn": 18,
        "f1": 0,
        "precision": 0,
        "recall": 0
    },
    "CompanyName": {
        "tp": 9726,
        "fp": 310,
        "fn": 356,
        "f1": 0.9668953176260067,
        "precision": 0.9691111996811479,
        "recall": 0.9646895457250545
    },
    "HighestTradingPrice": {
        "tp": 990,
        "fp": 633,
        "fn": 634,
        "f1": 0.6097936556821681,
        "precision": 0.609981515711645,
        "recall": 0.6096059113300493
    },
    "LowestTradingPrice": {
        "tp": 899,
        "fp": 203,
        "fn": 141,
        "f1": 0.8394024276377218,
        "precision": 0.8157894736842105,
        "recall": 0.864423076923077
    },
    "RepurchasedShares": {
        "tp": 1415,
        "fp": 272,
        "fn": 152,
        "f1": 0.8696988322065152,
        "precision": 0.8387670420865442,
        "recall": 0.9029993618379069
    },
    "ClosingDate": {
        "tp": 810,
        "fp": 262,
        "fn": 838,
        "f1": 0.5955882352941176,
        "precision": 0.7555970149253731,
        "recall": 0.49150485436893204
    },
    "RepurchaseAmount": {
        "tp": 1094,
        "fp": 183,
        "fn": 332,
        "f1": 0.8094709581945986,
        "precision": 0.8566953797963978,
        "recall": 0.7671809256661991
    },
    "TradedShares": {
        "tp": 832,
        "fp": 313,
        "fn": 302,
        "f1": 0.7301448003510311,
        "precision": 0.7266375545851529,
        "recall": 0.7336860670194003
    },
    "LaterHoldingShares": {
        "tp": 44,
        "fp": 83,
        "fn": 377,
        "f1": 0.16058394160583941,
        "precision": 0.3464566929133858,
        "recall": 0.10451306413301663
    },
    "AveragePrice": {
        "tp": 197,
        "fp": 74,
        "fn": 12,
        "f1": 0.8208333333333333,
        "precision": 0.7269372693726938,
        "recall": 0.9425837320574163
    },
    "Pledger": {
        "tp": 0,
        "fp": 0,
        "fn": 0,
        "f1": 0,
        "precision": 0,
        "recall": 0
    },
    "PledgedShares": {
        "tp": 2523,
        "fp": 955,
        "fn": 348,
        "f1": 0.7947708300519766,
        "precision": 0.7254169062679701,
        "recall": 0.8787878787878788
    },
    "Pledgee": {
        "tp": 1915,
        "fp": 205,
        "fn": 217,
        "f1": 0.900752587017874,
        "precision": 0.9033018867924528,
        "recall": 0.898217636022514
    },
    "TotalPledgedShares": {
        "tp": 1185,
        "fp": 490,
        "fn": 185,
        "f1": 0.7783251231527093,
        "precision": 0.7074626865671642,
        "recall": 0.864963503649635
    },
    "ReleasedDate": {
        "tp": 428,
        "fp": 960,
        "fn": 333,
        "f1": 0.398324802233597,
        "precision": 0.30835734870317005,
        "recall": 0.5624178712220762
    },
    "StockCode": {
        "tp": 3235,
        "fp": 16,
        "fn": 13,
        "f1": 0.9955377750423142,
        "precision": 0.9950784374038757,
        "recall": 0.9959975369458128
    },
    "StockAbbr": {
        "tp": 3482,
        "fp": 613,
        "fn": 1613,
        "f1": 0.7577801958650707,
        "precision": 0.8503052503052503,
        "recall": 0.683415112855741
    },
    "precision": 0.821296833748385,
    "recall": 0.7905522312738807,
    "micro_f1": 0.8056313193927873,
    "macro_f1": 0.6460440999983855
}