{
    "EquityHolder": {
        "tp": 6973,
        "fp": 1981,
        "fn": 2640,
        "f1": 0.7511175741907685,
        "precision": 0.7787580969399152,
        "recall": 0.7253718922292729
    },
    "FrozeShares": {
        "tp": 0,
        "fp": 0,
        "fn": 298,
        "f1": 0,
        "precision": 0,
        "recall": 0
    },
    "LegalInstitution": {
        "tp": 0,
        "fp": 0,
        "fn": 502,
        "f1": 0,
        "precision": 0,
        "recall": 0
    },
    "TotalHoldingShares": {
        "tp": 1421,
        "fp": 743,
        "fn": 738,
        "f1": 0.6574138329863521,
        "precision": 0.6566543438077634,
        "recall": 0.6581750810560445
    },
    "TotalHoldingRatio": {
        "tp": 744,
        "fp": 170,
        "fn": 981,
        "f1": 0.5638499431602879,
        "precision": 0.8140043763676149,
        "recall": 0.43130434782608695
    },
    "StartDate": {
        "tp": 3426,
        "fp": 3151,
        "fn": 1605,
        "f1": 0.5902825637491386,
        "precision": 0.5209061882317166,
        "recall": 0.6809779367918902
    },
    "EndDate": {
        "tp": 449,
        "fp": 437,
        "fn": 1061,
        "f1": 0.3747913188647746,
        "precision": 0.5067720090293454,
        "recall": 0.29735099337748344
    },
    "UnfrozeDate": {
        "tp": 0,
        "fp": 0,
        "fn": 18,
        "f1": 0,
        "precision": 0,
        "recall": 0
    },
    "CompanyName": {
        "tp": 8322,
        "fp": 902,
        "fn": 1760,
        "f1": 0.8621154045374495,
        "precision": 0.9022116218560278,
        "recall": 0.8254314620115056
    },
    "HighestTradingPrice": {
        "tp": 774,
        "fp": 779,
        "fn": 850,
        "f1": 0.48725212464589235,
        "precision": 0.4983902124919511,
        "recall": 0.4766009852216749
    },
    "LowestTradingPrice": {
        "tp": 0,
        "fp": 0,
        "fn": 1040,
        "f1": 0,
        "precision": 0,
        "recall": 0
    },
    "RepurchasedShares": {
        "tp": 0,
        "fp": 0,
        "fn": 1567,
        "f1": 0,
        "precision": 0,
        "recall": 0
    },
    "ClosingDate": {
        "tp": 0,
        "fp": 0,
        "fn": 1648,
        "f1": 0,
        "precision": 0,
        "recall": 0
    },
    "RepurchaseAmount": {
        "tp": 0,
        "fp": 0,
        "fn": 1426,
        "f1": 0,
        "precision": 0,
        "recall": 0
    },
    "TradedShares": {
        "tp": 286,
        "fp": 376,
        "fn": 848,
        "f1": 0.3184855233853007,
        "precision": 0.43202416918429004,
        "recall": 0.25220458553791886
    },
    "LaterHoldingShares": {
        "tp": 0,
        "fp": 0,
        "fn": 421,
        "f1": 0,
        "precision": 0,
        "recall": 0
    },
    "AveragePrice": {
        "tp": 62,
        "fp": 723,
        "fn": 147,
        "f1": 0.12474849094567404,
        "precision": 0.07898089171974522,
        "recall": 0.2966507177033493
    },
    "Pledger": {
        "tp": 0,
        "fp": 0,
        "fn": 0,
        "f1": 0,
        "precision": 0,
        "recall": 0
    },
    "PledgedShares": {
        "tp": 2313,
        "fp": 1760,
        "fn": 558,
        "f1": 0.6661866359447005,
        "precision": 0.567886079057206,
        "recall": 0.8056426332288401
    },
    "Pledgee": {
        "tp": 1682,
        "fp": 210,
        "fn": 450,
        "f1": 0.8359840954274353,
        "precision": 0.8890063424947146,
        "recall": 0.7889305816135085
    },
    "TotalPledgedShares": {
        "tp": 761,
        "fp": 582,
        "fn": 609,
        "f1": 0.561002580169554,
        "precision": 0.5666418466120625,
        "recall": 0.5554744525547445
    },
    "ReleasedDate": {
        "tp": 4,
        "fp": 84,
        "fn": 757,
        "f1": 0.009422850412249707,
        "precision": 0.045454545454545456,
        "recall": 0.005256241787122208
    },
    "StockCode": {
        "tp": 3199,
        "fp": 185,
        "fn": 49,
        "f1": 0.9647165259348613,
        "precision": 0.9453309692671394,
        "recall": 0.9849137931034483
    },
    "StockAbbr": {
        "tp": 1987,
        "fp": 935,
        "fn": 3108,
        "f1": 0.4956966446301609,
        "precision": 0.6800136892539357,
        "recall": 0.3899901864573111
    },
    "precision": 0.7133924836529358,
    "recall": 0.5840061999855815,
    "micro_f1": 0.6422476586888659,
    "macro_f1": 0.34429442120769155
}