{
    "EquityHolder": {
        "tp": 7542,
        "fp": 1830,
        "fn": 2071,
        "f1": 0.7945219910455623,
        "precision": 0.8047375160051217,
        "recall": 0.7845625715177365
    },
    "FrozeShares": {
        "tp": 0,
        "fp": 0,
        "fn": 298,
        "f1": 0,
        "precision": 0,
        "recall": 0
    },
    "LegalInstitution": {
        "tp": 380,
        "fp": 72,
        "fn": 122,
        "f1": 0.7966457023060796,
        "precision": 0.8407079646017699,
        "recall": 0.7569721115537849
    },
    "TotalHoldingShares": {
        "tp": 1844,
        "fp": 730,
        "fn": 315,
        "f1": 0.7792098035072893,
        "precision": 0.7163947163947164,
        "recall": 0.8540991199629459
    },
    "TotalHoldingRatio": {
        "tp": 1416,
        "fp": 334,
        "fn": 309,
        "f1": 0.8149640287769785,
        "precision": 0.8091428571428572,
        "recall": 0.8208695652173913
    },
    "StartDate": {
        "tp": 3921,
        "fp": 1755,
        "fn": 1110,
        "f1": 0.7324180442701037,
        "precision": 0.6908033826638478,
        "recall": 0.7793679189028027
    },
    "EndDate": {
        "tp": 999,
        "fp": 559,
        "fn": 511,
        "f1": 0.6512385919165581,
        "precision": 0.641206675224647,
        "recall": 0.66158940397351
    },
    "UnfrozeDate": {
        "tp": 0,
        "fp": 0,
        "fn": 18,
        "f1": 0,
        "precision": 0,
        "recall": 0
    },
    "CompanyName": {
        "tp": 9662,
        "fp": 376,
        "fn": 420,
        "f1": 0.9604373757455268,
        "precision": 0.9625423391113768,
        "recall": 0.9583415988891093
    },
    "HighestTradingPrice": {
        "tp": 1235,
        "fp": 257,
        "fn": 389,
        "f1": 0.7926829268292682,
        "precision": 0.8277479892761395,
        "recall": 0.7604679802955665
    },
    "LowestTradingPrice": {
        "tp": 866,
        "fp": 185,
        "fn": 174,
        "f1": 0.8283118125298901,
        "precision": 0.8239771646051379,
        "recall": 0.8326923076923077
    },
    "RepurchasedShares": {
        "tp": 1109,
        "fp": 167,
        "fn": 458,
        "f1": 0.7801618009145269,
        "precision": 0.8691222570532915,
        "recall": 0.7077217613273772
    },
    "ClosingDate": {
        "tp": 1141,
        "fp": 360,
        "fn": 507,
        "f1": 0.7246744998412193,
        "precision": 0.760159893404397,
        "recall": 0.6923543689320388
    },
    "RepurchaseAmount": {
        "tp": 774,
        "fp": 157,
        "fn": 652,
        "f1": 0.6567670767925328,
        "precision": 0.8313641245972073,
        "recall": 0.5427769985974754
    },
    "TradedShares": {
        "tp": 924,
        "fp": 484,
        "fn": 210,
        "f1": 0.7269866247049567,
        "precision": 0.65625,
        "recall": 0.8148148148148148
    },
    "LaterHoldingShares": {
        "tp": 44,
        "fp": 139,
        "fn": 377,
        "f1": 0.1456953642384106,
        "precision": 0.24043715846994534,
        "recall": 0.10451306413301663
    },
    "AveragePrice": {
        "tp": 195,
        "fp": 36,
        "fn": 14,
        "f1": 0.8863636363636364,
        "precision": 0.8441558441558441,
        "recall": 0.9330143540669856
    },
    "Pledger": {
        "tp": 0,
        "fp": 0,
        "fn": 0,
        "f1": 0,
        "precision": 0,
        "recall": 0
    },
    "PledgedShares": {
        "tp": 2469,
        "fp": 852,
        "fn": 402,
        "f1": 0.7974806201550387,
        "precision": 0.7434507678410117,
        "recall": 0.8599791013584117
    },
    "Pledgee": {
        "tp": 1917,
        "fp": 233,
        "fn": 215,
        "f1": 0.8953759925268566,
        "precision": 0.8916279069767442,
        "recall": 0.899155722326454
    },
    "TotalPledgedShares": {
        "tp": 1170,
        "fp": 483,
        "fn": 200,
        "f1": 0.774065497849818,
        "precision": 0.7078039927404719,
        "recall": 0.8540145985401459
    },
    "ReleasedDate": {
        "tp": 370,
        "fp": 378,
        "fn": 391,
        "f1": 0.4903909874088801,
        "precision": 0.4946524064171123,
        "recall": 0.48620236530880423
    },
    "StockCode": {
        "tp": 3234,
        "fp": 10,
        "fn": 14,
        "f1": 0.9963031423290204,
        "precision": 0.9969173859432799,
        "recall": 0.9956896551724138
    },
    "StockAbbr": {
        "tp": 3679,
        "fp": 496,
        "fn": 1416,
        "f1": 0.7937432578209277,
        "precision": 0.8811976047904192,
        "recall": 0.722080471050049
    },
    "precision": 0.8194180782710281,
    "recall": 0.8090800951625694,
    "micro_f1": 0.814216273080132,
    "macro_f1": 0.6591016157447117
}