{
    "EquityHolder": {
        "tp": 7933,
        "fp": 1873,
        "fn": 1680,
        "f1": 0.8170348627632731,
        "precision": 0.8089944931674485,
        "recall": 0.8252366586913554
    },
    "FrozeShares": {
        "tp": 41,
        "fp": 50,
        "fn": 257,
        "f1": 0.21079691516709512,
        "precision": 0.45054945054945056,
        "recall": 0.13758389261744966
    },
    "LegalInstitution": {
        "tp": 419,
        "fp": 96,
        "fn": 83,
        "f1": 0.8239921337266469,
        "precision": 0.8135922330097087,
        "recall": 0.8346613545816733
    },
    "TotalHoldingShares": {
        "tp": 1759,
        "fp": 539,
        "fn": 400,
        "f1": 0.7893201705182858,
        "precision": 0.7654482158398608,
        "recall": 0.8147290412227883
    },
    "TotalHoldingRatio": {
        "tp": 1370,
        "fp": 186,
        "fn": 355,
        "f1": 0.8351112465711674,
        "precision": 0.8804627249357326,
        "recall": 0.7942028985507247
    },
    "StartDate": {
        "tp": 3857,
        "fp": 1314,
        "fn": 1174,
        "f1": 0.7561262497549499,
        "precision": 0.7458905434152001,
        "recall": 0.7666467899026038
    },
    "EndDate": {
        "tp": 1025,
        "fp": 510,
        "fn": 485,
        "f1": 0.6732348111658456,
        "precision": 0.6677524429967426,
        "recall": 0.6788079470198676
    },
    "UnfrozeDate": {
        "tp": 0,
        "fp": 0,
        "fn": 18,
        "f1": 0,
        "precision": 0,
        "recall": 0
    },
    "CompanyName": {
        "tp": 8741,
        "fp": 582,
        "fn": 1341,
        "f1": 0.9009018294254059,
        "precision": 0.9375737423576103,
        "recall": 0.8669906764530847
    },
    "HighestTradingPrice": {
        "tp": 1410,
        "fp": 214,
        "fn": 214,
        "f1": 0.8682266009852216,
        "precision": 0.8682266009852216,
        "recall": 0.8682266009852216
    },
    "LowestTradingPrice": {
        "tp": 917,
        "fp": 107,
        "fn": 123,
        "f1": 0.8885658914728682,
        "precision": 0.8955078125,
        "recall": 0.8817307692307692
    },
    "RepurchasedShares": {
        "tp": 1244,
        "fp": 144,
        "fn": 323,
        "f1": 0.8419627749576988,
        "precision": 0.8962536023054755,
        "recall": 0.793873643905552
    },
    "ClosingDate": {
        "tp": 608,
        "fp": 315,
        "fn": 1040,
        "f1": 0.47296771684169586,
        "precision": 0.6587215601300108,
        "recall": 0.36893203883495146
    },
    "RepurchaseAmount": {
        "tp": 933,
        "fp": 145,
        "fn": 493,
        "f1": 0.7452076677316293,
        "precision": 0.865491651205937,
        "recall": 0.6542776998597476
    },
    "TradedShares": {
        "tp": 888,
        "fp": 303,
        "fn": 246,
        "f1": 0.7638709677419354,
        "precision": 0.7455919395465995,
        "recall": 0.783068783068783
    },
    "LaterHoldingShares": {
        "tp": 75,
        "fp": 109,
        "fn": 346,
        "f1": 0.24793388429752067,
        "precision": 0.4076086956521739,
        "recall": 0.17814726840855108
    },
    "AveragePrice": {
        "tp": 196,
        "fp": 40,
        "fn": 13,
        "f1": 0.8808988764044944,
        "precision": 0.8305084745762712,
        "recall": 0.937799043062201
    },
    "Pledger": {
        "tp": 0,
        "fp": 0,
        "fn": 0,
        "f1": 0,
        "precision": 0,
        "recall": 0
    },
    "PledgedShares": {
        "tp": 2452,
        "fp": 1045,
        "fn": 419,
        "f1": 0.7701005025125628,
        "precision": 0.7011724335144409,
        "recall": 0.854057819575061
    },
    "Pledgee": {
        "tp": 1969,
        "fp": 187,
        "fn": 163,
        "f1": 0.9183768656716419,
        "precision": 0.9132653061224489,
        "recall": 0.9235459662288931
    },
    "TotalPledgedShares": {
        "tp": 1016,
        "fp": 290,
        "fn": 354,
        "f1": 0.7593423019431988,
        "precision": 0.777947932618683,
        "recall": 0.7416058394160584
    },
    "ReleasedDate": {
        "tp": 369,
        "fp": 261,
        "fn": 392,
        "f1": 0.5305535585909418,
        "precision": 0.5857142857142857,
        "recall": 0.48488830486202367
    },
    "StockCode": {
        "tp": 3233,
        "fp": 13,
        "fn": 15,
        "f1": 0.9956883276870958,
        "precision": 0.9959950708564387,
        "recall": 0.9953817733990148
    },
    "StockAbbr": {
        "tp": 3773,
        "fp": 529,
        "fn": 1322,
        "f1": 0.8030222411407896,
        "precision": 0.8770339377033938,
        "recall": 0.7405299313052012
    },
    "precision": 0.833232856066315,
    "recall": 0.7971307043471992,
    "micro_f1": 0.8147820640359604,
    "macro_f1": 0.6788848498779987
}