{
    "EquityHolder": {
        "tp": 7906,
        "fp": 1302,
        "fn": 1707,
        "f1": 0.8401253918495297,
        "precision": 0.858601216333623,
        "recall": 0.8224279621346093
    },
    "FrozeShares": {
        "tp": 41,
        "fp": 75,
        "fn": 257,
        "f1": 0.19806763285024157,
        "precision": 0.35344827586206895,
        "recall": 0.13758389261744966
    },
    "LegalInstitution": {
        "tp": 411,
        "fp": 64,
        "fn": 91,
        "f1": 0.8413510747185262,
        "precision": 0.8652631578947368,
        "recall": 0.8187250996015937
    },
    "TotalHoldingShares": {
        "tp": 1741,
        "fp": 425,
        "fn": 418,
        "f1": 0.8050867052023121,
        "precision": 0.8037857802400739,
        "recall": 0.8063918480778138
    },
    "TotalHoldingRatio": {
        "tp": 1305,
        "fp": 145,
        "fn": 420,
        "f1": 0.8220472440944881,
        "precision": 0.9,
        "recall": 0.7565217391304347
    },
    "StartDate": {
        "tp": 3956,
        "fp": 1555,
        "fn": 1075,
        "f1": 0.7505217226332763,
        "precision": 0.7178370531663945,
        "recall": 0.7863247863247863
    },
    "EndDate": {
        "tp": 1101,
        "fp": 707,
        "fn": 409,
        "f1": 0.6636528028933092,
        "precision": 0.6089601769911505,
        "recall": 0.7291390728476821
    },
    "UnfrozeDate": {
        "tp": 0,
        "fp": 0,
        "fn": 18,
        "f1": 0,
        "precision": 0,
        "recall": 0
    },
    "CompanyName": {
        "tp": 9352,
        "fp": 389,
        "fn": 730,
        "f1": 0.9435504212278666,
        "precision": 0.9600657016733395,
        "recall": 0.9275937314024995
    },
    "HighestTradingPrice": {
        "tp": 1510,
        "fp": 304,
        "fn": 114,
        "f1": 0.8784176847004073,
        "precision": 0.8324145534729879,
        "recall": 0.9298029556650246
    },
    "LowestTradingPrice": {
        "tp": 857,
        "fp": 68,
        "fn": 183,
        "f1": 0.872264631043257,
        "precision": 0.9264864864864865,
        "recall": 0.8240384615384615
    },
    "RepurchasedShares": {
        "tp": 1480,
        "fp": 231,
        "fn": 87,
        "f1": 0.9029896278218426,
        "precision": 0.8649912331969608,
        "recall": 0.9444798978940651
    },
    "ClosingDate": {
        "tp": 1131,
        "fp": 784,
        "fn": 517,
        "f1": 0.6348582655065955,
        "precision": 0.5906005221932115,
        "recall": 0.6862864077669902
    },
    "RepurchaseAmount": {
        "tp": 1137,
        "fp": 165,
        "fn": 289,
        "f1": 0.8335777126099707,
        "precision": 0.8732718894009217,
        "recall": 0.7973352033660589
    },
    "TradedShares": {
        "tp": 847,
        "fp": 359,
        "fn": 287,
        "f1": 0.7239316239316239,
        "precision": 0.7023217247097844,
        "recall": 0.7469135802469136
    },
    "LaterHoldingShares": {
        "tp": 153,
        "fp": 334,
        "fn": 268,
        "f1": 0.33700440528634357,
        "precision": 0.3141683778234086,
        "recall": 0.36342042755344417
    },
    "AveragePrice": {
        "tp": 185,
        "fp": 45,
        "fn": 24,
        "f1": 0.8428246013667425,
        "precision": 0.8043478260869565,
        "recall": 0.8851674641148325
    },
    "Pledger": {
        "tp": 0,
        "fp": 0,
        "fn": 0,
        "f1": 0,
        "precision": 0,
        "recall": 0
    },
    "PledgedShares": {
        "tp": 2281,
        "fp": 918,
        "fn": 590,
        "f1": 0.7515650741350905,
        "precision": 0.7130353235386058,
        "recall": 0.7944966910484151
    },
    "Pledgee": {
        "tp": 1900,
        "fp": 150,
        "fn": 232,
        "f1": 0.9086561453849834,
        "precision": 0.926829268292683,
        "recall": 0.8911819887429644
    },
    "TotalPledgedShares": {
        "tp": 1034,
        "fp": 429,
        "fn": 336,
        "f1": 0.7299682315566538,
        "precision": 0.706766917293233,
        "recall": 0.7547445255474453
    },
    "ReleasedDate": {
        "tp": 368,
        "fp": 269,
        "fn": 393,
        "f1": 0.5264663805436338,
        "precision": 0.5777080062794349,
        "recall": 0.4835742444152431
    },
    "StockCode": {
        "tp": 3234,
        "fp": 9,
        "fn": 14,
        "f1": 0.9964566322600524,
        "precision": 0.9972247918593895,
        "recall": 0.9956896551724138
    },
    "StockAbbr": {
        "tp": 4144,
        "fp": 676,
        "fn": 951,
        "f1": 0.8359051941502774,
        "precision": 0.8597510373443984,
        "recall": 0.8133464180569185
    },
    "precision": 0.8305063359590461,
    "recall": 0.8304015572056809,
    "micro_f1": 0.8304539432773677,
    "macro_f1": 0.6933037169069594
}