{
    "EquityHolder": {
        "tp": 8173,
        "fp": 1748,
        "fn": 1440,
        "f1": 0.8367973789290468,
        "precision": 0.8238080838625138,
        "recall": 0.8502028503068761
    },
    "FrozeShares": {
        "tp": 65,
        "fp": 84,
        "fn": 233,
        "f1": 0.29082774049217003,
        "precision": 0.436241610738255,
        "recall": 0.2181208053691275
    },
    "LegalInstitution": {
        "tp": 308,
        "fp": 70,
        "fn": 194,
        "f1": 0.7,
        "precision": 0.8148148148148148,
        "recall": 0.6135458167330677
    },
    "TotalHoldingShares": {
        "tp": 1823,
        "fp": 698,
        "fn": 336,
        "f1": 0.7790598290598291,
        "precision": 0.7231257437524792,
        "recall": 0.8443723946271422
    },
    "TotalHoldingRatio": {
        "tp": 1504,
        "fp": 414,
        "fn": 221,
        "f1": 0.8256931100741147,
        "precision": 0.7841501564129302,
        "recall": 0.8718840579710145
    },
    "StartDate": {
        "tp": 3759,
        "fp": 1337,
        "fn": 1272,
        "f1": 0.7423718771600673,
        "precision": 0.7376373626373627,
        "recall": 0.7471675611210495
    },
    "EndDate": {
        "tp": 965,
        "fp": 444,
        "fn": 545,
        "f1": 0.6611853374443303,
        "precision": 0.6848828956706884,
        "recall": 0.6390728476821192
    },
    "UnfrozeDate": {
        "tp": 0,
        "fp": 0,
        "fn": 18,
        "f1": 0,
        "precision": 0,
        "recall": 0
    },
    "CompanyName": {
        "tp": 8753,
        "fp": 796,
        "fn": 1329,
        "f1": 0.8917528398960827,
        "precision": 0.9166404859147554,
        "recall": 0.8681809164848244
    },
    "HighestTradingPrice": {
        "tp": 1384,
        "fp": 208,
        "fn": 240,
        "f1": 0.8606965174129352,
        "precision": 0.8693467336683417,
        "recall": 0.8522167487684729
    },
    "LowestTradingPrice": {
        "tp": 910,
        "fp": 112,
        "fn": 130,
        "f1": 0.8826382153249274,
        "precision": 0.8904109589041096,
        "recall": 0.875
    },
    "RepurchasedShares": {
        "tp": 1339,
        "fp": 173,
        "fn": 228,
        "f1": 0.8697629100357259,
        "precision": 0.8855820105820106,
        "recall": 0.8544990427568603
    },
    "ClosingDate": {
        "tp": 923,
        "fp": 515,
        "fn": 725,
        "f1": 0.5981853532080362,
        "precision": 0.6418636995827538,
        "recall": 0.5600728155339806
    },
    "RepurchaseAmount": {
        "tp": 949,
        "fp": 109,
        "fn": 477,
        "f1": 0.7640901771336555,
        "precision": 0.8969754253308129,
        "recall": 0.6654978962131838
    },
    "TradedShares": {
        "tp": 865,
        "fp": 286,
        "fn": 269,
        "f1": 0.7571115973741795,
        "precision": 0.7515204170286707,
        "recall": 0.7627865961199295
    },
    "LaterHoldingShares": {
        "tp": 96,
        "fp": 221,
        "fn": 325,
        "f1": 0.2601626016260163,
        "precision": 0.3028391167192429,
        "recall": 0.22802850356294538
    },
    "AveragePrice": {
        "tp": 196,
        "fp": 45,
        "fn": 13,
        "f1": 0.8711111111111111,
        "precision": 0.8132780082987552,
        "recall": 0.937799043062201
    },
    "Pledger": {
        "tp": 0,
        "fp": 0,
        "fn": 0,
        "f1": 0,
        "precision": 0,
        "recall": 0
    },
    "PledgedShares": {
        "tp": 2520,
        "fp": 918,
        "fn": 351,
        "f1": 0.7988587731811697,
        "precision": 0.7329842931937173,
        "recall": 0.877742946708464
    },
    "Pledgee": {
        "tp": 1983,
        "fp": 223,
        "fn": 149,
        "f1": 0.9142461964038727,
        "precision": 0.8989120580235721,
        "recall": 0.9301125703564728
    },
    "TotalPledgedShares": {
        "tp": 1193,
        "fp": 456,
        "fn": 177,
        "f1": 0.790327923153362,
        "precision": 0.7234687689508793,
        "recall": 0.8708029197080291
    },
    "ReleasedDate": {
        "tp": 407,
        "fp": 328,
        "fn": 354,
        "f1": 0.5441176470588236,
        "precision": 0.5537414965986395,
        "recall": 0.5348226018396847
    },
    "StockCode": {
        "tp": 3233,
        "fp": 20,
        "fn": 15,
        "f1": 0.9946162128903245,
        "precision": 0.9938518290808485,
        "recall": 0.9953817733990148
    },
    "StockAbbr": {
        "tp": 3568,
        "fp": 615,
        "fn": 1527,
        "f1": 0.7691312782927354,
        "precision": 0.85297633277552,
        "recall": 0.7002944062806673
    },
    "precision": 0.8205933937445191,
    "recall": 0.809530675510057,
    "micro_f1": 0.8150244964616221,
    "macro_f1": 0.6834476928026049
}