{
    "EquityHolder": {
        "tp": 8235,
        "fp": 1415,
        "fn": 1378,
        "f1": 0.8550070082541661,
        "precision": 0.8533678756476684,
        "recall": 0.8566524498075523
    },
    "FrozeShares": {
        "tp": 25,
        "fp": 61,
        "fn": 273,
        "f1": 0.13020833333333334,
        "precision": 0.29069767441860467,
        "recall": 0.08389261744966443
    },
    "LegalInstitution": {
        "tp": 452,
        "fp": 75,
        "fn": 50,
        "f1": 0.8785228377065113,
        "precision": 0.857685009487666,
        "recall": 0.900398406374502
    },
    "TotalHoldingShares": {
        "tp": 1769,
        "fp": 692,
        "fn": 390,
        "f1": 0.7658008658008658,
        "precision": 0.7188134904510362,
        "recall": 0.8193608151922186
    },
    "TotalHoldingRatio": {
        "tp": 1475,
        "fp": 373,
        "fn": 250,
        "f1": 0.8256367198432689,
        "precision": 0.7981601731601732,
        "recall": 0.855072463768116
    },
    "StartDate": {
        "tp": 3849,
        "fp": 1238,
        "fn": 1182,
        "f1": 0.76082229689662,
        "precision": 0.7566345586789857,
        "recall": 0.7650566487775791
    },
    "EndDate": {
        "tp": 1007,
        "fp": 530,
        "fn": 503,
        "f1": 0.6609780111585165,
        "precision": 0.6551724137931034,
        "recall": 0.666887417218543
    },
    "UnfrozeDate": {
        "tp": 2,
        "fp": 1,
        "fn": 16,
        "f1": 0.1904761904761905,
        "precision": 0.6666666666666666,
        "recall": 0.1111111111111111
    },
    "CompanyName": {
        "tp": 9459,
        "fp": 500,
        "fn": 623,
        "f1": 0.9439648720123747,
        "precision": 0.949794156039763,
        "recall": 0.9382067050188455
    },
    "HighestTradingPrice": {
        "tp": 1279,
        "fp": 335,
        "fn": 345,
        "f1": 0.7899938233477456,
        "precision": 0.7924411400247832,
        "recall": 0.7875615763546798
    },
    "LowestTradingPrice": {
        "tp": 905,
        "fp": 141,
        "fn": 135,
        "f1": 0.8676893576222434,
        "precision": 0.8652007648183556,
        "recall": 0.8701923076923077
    },
    "RepurchasedShares": {
        "tp": 1271,
        "fp": 198,
        "fn": 296,
        "f1": 0.8372859025032938,
        "precision": 0.865214431586113,
        "recall": 0.811104020421187
    },
    "ClosingDate": {
        "tp": 1041,
        "fp": 462,
        "fn": 607,
        "f1": 0.6607426213900349,
        "precision": 0.6926147704590818,
        "recall": 0.6316747572815534
    },
    "RepurchaseAmount": {
        "tp": 1098,
        "fp": 122,
        "fn": 328,
        "f1": 0.8299319727891157,
        "precision": 0.9,
        "recall": 0.7699859747545582
    },
    "TradedShares": {
        "tp": 841,
        "fp": 443,
        "fn": 293,
        "f1": 0.695616211745244,
        "precision": 0.6549844236760125,
        "recall": 0.7416225749559083
    },
    "LaterHoldingShares": {
        "tp": 95,
        "fp": 264,
        "fn": 326,
        "f1": 0.2435897435897436,
        "precision": 0.2646239554317549,
        "recall": 0.22565320665083136
    },
    "AveragePrice": {
        "tp": 192,
        "fp": 80,
        "fn": 17,
        "f1": 0.7983367983367984,
        "precision": 0.7058823529411765,
        "recall": 0.9186602870813397
    },
    "Pledger": {
        "tp": 0,
        "fp": 0,
        "fn": 0,
        "f1": 0,
        "precision": 0,
        "recall": 0
    },
    "PledgedShares": {
        "tp": 2453,
        "fp": 897,
        "fn": 418,
        "f1": 0.7886191930557788,
        "precision": 0.7322388059701492,
        "recall": 0.8544061302681992
    },
    "Pledgee": {
        "tp": 1990,
        "fp": 168,
        "fn": 142,
        "f1": 0.9277389277389277,
        "precision": 0.9221501390176089,
        "recall": 0.9333958724202627
    },
    "TotalPledgedShares": {
        "tp": 1111,
        "fp": 288,
        "fn": 259,
        "f1": 0.8024557602022391,
        "precision": 0.7941386704789135,
        "recall": 0.810948905109489
    },
    "ReleasedDate": {
        "tp": 438,
        "fp": 336,
        "fn": 323,
        "f1": 0.5706840390879478,
        "precision": 0.5658914728682171,
        "recall": 0.5755584756898817
    },
    "StockCode": {
        "tp": 3236,
        "fp": 5,
        "fn": 12,
        "f1": 0.9973801818462013,
        "precision": 0.9984572662758407,
        "recall": 0.9963054187192119
    },
    "StockAbbr": {
        "tp": 4011,
        "fp": 528,
        "fn": 1084,
        "f1": 0.8326759393813578,
        "precision": 0.8836748182419035,
        "recall": 0.7872423945044161
    },
    "precision": 0.8347596865633915,
    "recall": 0.8332852714296013,
    "micro_f1": 0.8340218273653828,
    "macro_f1": 0.693923233671605
}