{
    "EquityHolder": {
        "tp": 7991,
        "fp": 1443,
        "fn": 1622,
        "f1": 0.8390822701737807,
        "precision": 0.8470426118295526,
        "recall": 0.8312701549984396
    },
    "FrozeShares": {
        "tp": 0,
        "fp": 0,
        "fn": 298,
        "f1": 0,
        "precision": 0,
        "recall": 0
    },
    "LegalInstitution": {
        "tp": 427,
        "fp": 49,
        "fn": 75,
        "f1": 0.8732106339468303,
        "precision": 0.8970588235294118,
        "recall": 0.850597609561753
    },
    "TotalHoldingShares": {
        "tp": 1555,
        "fp": 434,
        "fn": 604,
        "f1": 0.7497589199614272,
        "precision": 0.7817998994469583,
        "recall": 0.7202408522464103
    },
    "TotalHoldingRatio": {
        "tp": 1218,
        "fp": 222,
        "fn": 507,
        "f1": 0.7696682464454977,
        "precision": 0.8458333333333333,
        "recall": 0.7060869565217391
    },
    "StartDate": {
        "tp": 4103,
        "fp": 2282,
        "fn": 928,
        "f1": 0.7188156972669938,
        "precision": 0.6425998433829287,
        "recall": 0.8155436294971179
    },
    "EndDate": {
        "tp": 787,
        "fp": 460,
        "fn": 723,
        "f1": 0.5709104098657961,
        "precision": 0.6311146752205292,
        "recall": 0.5211920529801325
    },
    "UnfrozeDate": {
        "tp": 0,
        "fp": 0,
        "fn": 18,
        "f1": 0,
        "precision": 0,
        "recall": 0
    },
    "CompanyName": {
        "tp": 9893,
        "fp": 275,
        "fn": 189,
        "f1": 0.9770864197530864,
        "precision": 0.9729543666404405,
        "recall": 0.9812537195000992
    },
    "HighestTradingPrice": {
        "tp": 0,
        "fp": 2320,
        "fn": 1624,
        "f1": 0,
        "precision": 0,
        "recall": 0
    },
    "LowestTradingPrice": {
        "tp": 0,
        "fp": 0,
        "fn": 1040,
        "f1": 0,
        "precision": 0,
        "recall": 0
    },
    "RepurchasedShares": {
        "tp": 425,
        "fp": 87,
        "fn": 1142,
        "f1": 0.4088504088504088,
        "precision": 0.830078125,
        "recall": 0.27121888959795787
    },
    "ClosingDate": {
        "tp": 0,
        "fp": 0,
        "fn": 1648,
        "f1": 0,
        "precision": 0,
        "recall": 0
    },
    "RepurchaseAmount": {
        "tp": 0,
        "fp": 0,
        "fn": 1426,
        "f1": 0,
        "precision": 0,
        "recall": 0
    },
    "TradedShares": {
        "tp": 732,
        "fp": 356,
        "fn": 402,
        "f1": 0.6588658865886589,
        "precision": 0.6727941176470589,
        "recall": 0.6455026455026455
    },
    "LaterHoldingShares": {
        "tp": 0,
        "fp": 1,
        "fn": 421,
        "f1": 0,
        "precision": 0,
        "recall": 0
    },
    "AveragePrice": {
        "tp": 143,
        "fp": 48,
        "fn": 66,
        "f1": 0.715,
        "precision": 0.7486910994764397,
        "recall": 0.6842105263157895
    },
    "Pledger": {
        "tp": 0,
        "fp": 0,
        "fn": 0,
        "f1": 0,
        "precision": 0,
        "recall": 0
    },
    "PledgedShares": {
        "tp": 2594,
        "fp": 1404,
        "fn": 277,
        "f1": 0.7552773329451158,
        "precision": 0.6488244122061031,
        "recall": 0.9035179380006966
    },
    "Pledgee": {
        "tp": 1983,
        "fp": 260,
        "fn": 149,
        "f1": 0.9065142857142857,
        "precision": 0.884083816317432,
        "recall": 0.9301125703564728
    },
    "TotalPledgedShares": {
        "tp": 1000,
        "fp": 397,
        "fn": 370,
        "f1": 0.7228044813877847,
        "precision": 0.7158196134574087,
        "recall": 0.7299270072992701
    },
    "ReleasedDate": {
        "tp": 254,
        "fp": 210,
        "fn": 507,
        "f1": 0.4146938775510204,
        "precision": 0.5474137931034483,
        "recall": 0.33377135348226017
    },
    "StockCode": {
        "tp": 3202,
        "fp": 34,
        "fn": 46,
        "f1": 0.9876619370758791,
        "precision": 0.9894932014833128,
        "recall": 0.9858374384236454
    },
    "StockAbbr": {
        "tp": 3433,
        "fp": 145,
        "fn": 1662,
        "f1": 0.7916522541219879,
        "precision": 0.9594745667970933,
        "recall": 0.6737978410206085
    },
    "precision": 0.7921542049554487,
    "recall": 0.7162425203662317,
    "micro_f1": 0.7522881941486593,
    "macro_f1": 0.49416054423535644
}