{
    "EquityHolder": {
        "tp": 7981,
        "fp": 1104,
        "fn": 1632,
        "f1": 0.8536741897529148,
        "precision": 0.8784810126582279,
        "recall": 0.8302298970144596
    },
    "FrozeShares": {
        "tp": 86,
        "fp": 91,
        "fn": 212,
        "f1": 0.3621052631578947,
        "precision": 0.4858757062146893,
        "recall": 0.28859060402684567
    },
    "LegalInstitution": {
        "tp": 438,
        "fp": 67,
        "fn": 64,
        "f1": 0.8699106256206554,
        "precision": 0.8673267326732673,
        "recall": 0.8725099601593626
    },
    "TotalHoldingShares": {
        "tp": 1601,
        "fp": 444,
        "fn": 558,
        "f1": 0.7616555661274976,
        "precision": 0.7828850855745721,
        "recall": 0.7415470125057897
    },
    "TotalHoldingRatio": {
        "tp": 1260,
        "fp": 222,
        "fn": 465,
        "f1": 0.7857811038353602,
        "precision": 0.8502024291497976,
        "recall": 0.7304347826086957
    },
    "StartDate": {
        "tp": 3637,
        "fp": 1339,
        "fn": 1394,
        "f1": 0.7268911761766763,
        "precision": 0.7309083601286174,
        "recall": 0.7229179089644205
    },
    "EndDate": {
        "tp": 893,
        "fp": 406,
        "fn": 617,
        "f1": 0.6358134567461731,
        "precision": 0.6874518860662048,
        "recall": 0.5913907284768212
    },
    "UnfrozeDate": {
        "tp": 2,
        "fp": 2,
        "fn": 16,
        "f1": 0.1818181818181818,
        "precision": 0.5,
        "recall": 0.1111111111111111
    },
    "CompanyName": {
        "tp": 9612,
        "fp": 312,
        "fn": 470,
        "f1": 0.9609117264820555,
        "precision": 0.9685610640870617,
        "recall": 0.9533822654235271
    },
    "HighestTradingPrice": {
        "tp": 1333,
        "fp": 296,
        "fn": 291,
        "f1": 0.8195511835229019,
        "precision": 0.8182934315531001,
        "recall": 0.8208128078817734
    },
    "LowestTradingPrice": {
        "tp": 931,
        "fp": 99,
        "fn": 109,
        "f1": 0.8995169082125604,
        "precision": 0.903883495145631,
        "recall": 0.8951923076923077
    },
    "RepurchasedShares": {
        "tp": 1453,
        "fp": 241,
        "fn": 114,
        "f1": 0.8911376878258203,
        "precision": 0.8577331759149941,
        "recall": 0.9272495213784301
    },
    "ClosingDate": {
        "tp": 1121,
        "fp": 615,
        "fn": 527,
        "f1": 0.6625295508274232,
        "precision": 0.6457373271889401,
        "recall": 0.6802184466019418
    },
    "RepurchaseAmount": {
        "tp": 1159,
        "fp": 252,
        "fn": 267,
        "f1": 0.8170602749383151,
        "precision": 0.8214032600992204,
        "recall": 0.8127629733520336
    },
    "TradedShares": {
        "tp": 813,
        "fp": 342,
        "fn": 321,
        "f1": 0.7103538663171691,
        "precision": 0.7038961038961039,
        "recall": 0.716931216931217
    },
    "LaterHoldingShares": {
        "tp": 97,
        "fp": 249,
        "fn": 324,
        "f1": 0.2529335071707953,
        "precision": 0.28034682080924855,
        "recall": 0.23040380047505937
    },
    "AveragePrice": {
        "tp": 196,
        "fp": 45,
        "fn": 13,
        "f1": 0.8711111111111111,
        "precision": 0.8132780082987552,
        "recall": 0.937799043062201
    },
    "Pledger": {
        "tp": 0,
        "fp": 0,
        "fn": 0,
        "f1": 0,
        "precision": 0,
        "recall": 0
    },
    "PledgedShares": {
        "tp": 2285,
        "fp": 814,
        "fn": 586,
        "f1": 0.7654941373534339,
        "precision": 0.7373346240722813,
        "recall": 0.7958899338209683
    },
    "Pledgee": {
        "tp": 2001,
        "fp": 179,
        "fn": 131,
        "f1": 0.9281076066790354,
        "precision": 0.9178899082568808,
        "recall": 0.9385553470919324
    },
    "TotalPledgedShares": {
        "tp": 1182,
        "fp": 369,
        "fn": 188,
        "f1": 0.8093118794933242,
        "precision": 0.7620889748549323,
        "recall": 0.8627737226277372
    },
    "ReleasedDate": {
        "tp": 502,
        "fp": 722,
        "fn": 259,
        "f1": 0.505793450881612,
        "precision": 0.41013071895424835,
        "recall": 0.6596583442838371
    },
    "StockCode": {
        "tp": 3236,
        "fp": 13,
        "fn": 12,
        "f1": 0.9961520701862399,
        "precision": 0.9959987688519545,
        "recall": 0.9963054187192119
    },
    "StockAbbr": {
        "tp": 4078,
        "fp": 583,
        "fn": 1017,
        "f1": 0.8359983599835998,
        "precision": 0.8749195451619824,
        "recall": 0.8003925417075565
    },
    "precision": 0.8390216258706104,
    "recall": 0.827211448345469,
    "micro_f1": 0.8330746821312859,
    "macro_f1": 0.704317203509198
}