{
    "EquityHolder": {
        "tp": 8865,
        "fp": 1599,
        "fn": 748,
        "f1": 0.8831000647507098,
        "precision": 0.8471903669724771,
        "recall": 0.922188702798294
    },
    "FrozeShares": {
        "tp": 107,
        "fp": 99,
        "fn": 191,
        "f1": 0.4246031746031746,
        "precision": 0.5194174757281553,
        "recall": 0.35906040268456374
    },
    "LegalInstitution": {
        "tp": 442,
        "fp": 69,
        "fn": 60,
        "f1": 0.8726554787759131,
        "precision": 0.8649706457925636,
        "recall": 0.8804780876494024
    },
    "TotalHoldingShares": {
        "tp": 1759,
        "fp": 957,
        "fn": 400,
        "f1": 0.7216410256410256,
        "precision": 0.6476435935198822,
        "recall": 0.8147290412227883
    },
    "TotalHoldingRatio": {
        "tp": 1374,
        "fp": 380,
        "fn": 351,
        "f1": 0.7898821500431158,
        "precision": 0.7833523375142531,
        "recall": 0.7965217391304348
    },
    "StartDate": {
        "tp": 3933,
        "fp": 1374,
        "fn": 1098,
        "f1": 0.7608821822402786,
        "precision": 0.7410966647823629,
        "recall": 0.7817531305903399
    },
    "EndDate": {
        "tp": 915,
        "fp": 443,
        "fn": 595,
        "f1": 0.6380753138075315,
        "precision": 0.6737849779086893,
        "recall": 0.6059602649006622
    },
    "UnfrozeDate": {
        "tp": 0,
        "fp": 0,
        "fn": 18,
        "f1": 0,
        "precision": 0,
        "recall": 0
    },
    "CompanyName": {
        "tp": 9901,
        "fp": 318,
        "fn": 181,
        "f1": 0.9754199300527068,
        "precision": 0.9688814952539387,
        "recall": 0.9820472128545923
    },
    "HighestTradingPrice": {
        "tp": 1182,
        "fp": 1227,
        "fn": 442,
        "f1": 0.5861641457971734,
        "precision": 0.49066002490660027,
        "recall": 0.7278325123152709
    },
    "LowestTradingPrice": {
        "tp": 420,
        "fp": 22,
        "fn": 620,
        "f1": 0.5668016194331983,
        "precision": 0.9502262443438914,
        "recall": 0.40384615384615385
    },
    "RepurchasedShares": {
        "tp": 1464,
        "fp": 312,
        "fn": 103,
        "f1": 0.8758600059826503,
        "precision": 0.8243243243243243,
        "recall": 0.9342693044033185
    },
    "ClosingDate": {
        "tp": 1319,
        "fp": 1123,
        "fn": 329,
        "f1": 0.6449877750611248,
        "precision": 0.5401310401310402,
        "recall": 0.8003640776699029
    },
    "RepurchaseAmount": {
        "tp": 1310,
        "fp": 352,
        "fn": 116,
        "f1": 0.8484455958549222,
        "precision": 0.7882069795427196,
        "recall": 0.9186535764375876
    },
    "TradedShares": {
        "tp": 756,
        "fp": 384,
        "fn": 378,
        "f1": 0.6649076517150395,
        "precision": 0.6631578947368421,
        "recall": 0.6666666666666666
    },
    "LaterHoldingShares": {
        "tp": 82,
        "fp": 177,
        "fn": 339,
        "f1": 0.24117647058823527,
        "precision": 0.3166023166023166,
        "recall": 0.19477434679334918
    },
    "AveragePrice": {
        "tp": 204,
        "fp": 95,
        "fn": 5,
        "f1": 0.8031496062992125,
        "precision": 0.6822742474916388,
        "recall": 0.9760765550239234
    },
    "Pledger": {
        "tp": 0,
        "fp": 0,
        "fn": 0,
        "f1": 0,
        "precision": 0,
        "recall": 0
    },
    "PledgedShares": {
        "tp": 2474,
        "fp": 897,
        "fn": 397,
        "f1": 0.7926946491509131,
        "precision": 0.7339068525660042,
        "recall": 0.8617206548241031
    },
    "Pledgee": {
        "tp": 1971,
        "fp": 385,
        "fn": 161,
        "f1": 0.8783422459893049,
        "precision": 0.8365874363327674,
        "recall": 0.9244840525328331
    },
    "TotalPledgedShares": {
        "tp": 1184,
        "fp": 402,
        "fn": 186,
        "f1": 0.8010825439783491,
        "precision": 0.7465321563682219,
        "recall": 0.8642335766423358
    },
    "ReleasedDate": {
        "tp": 434,
        "fp": 451,
        "fn": 327,
        "f1": 0.5273390036452005,
        "precision": 0.4903954802259887,
        "recall": 0.5703022339027596
    },
    "StockCode": {
        "tp": 3231,
        "fp": 14,
        "fn": 17,
        "f1": 0.9952256275989527,
        "precision": 0.9956856702619414,
        "recall": 0.9947660098522167
    },
    "StockAbbr": {
        "tp": 4030,
        "fp": 842,
        "fn": 1065,
        "f1": 0.8086686064011237,
        "precision": 0.827175697865353,
        "recall": 0.7909715407262021
    },
    "micro_f1": 0.8253008373779005,
    "macro_f1": 0.6708793694754106
}