{
    "EquityHolder": {
        "tp": 8790,
        "fp": 1883,
        "fn": 823,
        "f1": 0.8666075125702455,
        "precision": 0.8235735032324557,
        "recall": 0.9143867679184438
    },
    "FrozeShares": {
        "tp": 130,
        "fp": 156,
        "fn": 168,
        "f1": 0.4452054794520548,
        "precision": 0.45454545454545453,
        "recall": 0.436241610738255
    },
    "LegalInstitution": {
        "tp": 462,
        "fp": 150,
        "fn": 40,
        "f1": 0.8294434470377019,
        "precision": 0.7549019607843137,
        "recall": 0.9203187250996016
    },
    "TotalHoldingShares": {
        "tp": 1706,
        "fp": 524,
        "fn": 453,
        "f1": 0.7773980405559354,
        "precision": 0.7650224215246637,
        "recall": 0.7901806391848077
    },
    "TotalHoldingRatio": {
        "tp": 1394,
        "fp": 252,
        "fn": 331,
        "f1": 0.827054286561851,
        "precision": 0.8469015795868773,
        "recall": 0.8081159420289855
    },
    "StartDate": {
        "tp": 3616,
        "fp": 784,
        "fn": 1415,
        "f1": 0.7668327854946453,
        "precision": 0.8218181818181818,
        "recall": 0.7187437885112303
    },
    "EndDate": {
        "tp": 1077,
        "fp": 693,
        "fn": 433,
        "f1": 0.6567073170731708,
        "precision": 0.6084745762711864,
        "recall": 0.7132450331125828
    },
    "UnfrozeDate": {
        "tp": 0,
        "fp": 0,
        "fn": 18,
        "f1": 0,
        "precision": 0,
        "recall": 0
    },
    "CompanyName": {
        "tp": 9640,
        "fp": 556,
        "fn": 442,
        "f1": 0.9507841009961534,
        "precision": 0.9454688112985484,
        "recall": 0.9561594921642531
    },
    "HighestTradingPrice": {
        "tp": 1464,
        "fp": 840,
        "fn": 160,
        "f1": 0.7454175152749491,
        "precision": 0.6354166666666666,
        "recall": 0.9014778325123153
    },
    "LowestTradingPrice": {
        "tp": 535,
        "fp": 13,
        "fn": 505,
        "f1": 0.6738035264483626,
        "precision": 0.9762773722627737,
        "recall": 0.5144230769230769
    },
    "RepurchasedShares": {
        "tp": 1256,
        "fp": 322,
        "fn": 311,
        "f1": 0.7987281399046106,
        "precision": 0.7959442332065906,
        "recall": 0.801531589023612
    },
    "ClosingDate": {
        "tp": 1033,
        "fp": 548,
        "fn": 615,
        "f1": 0.639826571694023,
        "precision": 0.6533839342188489,
        "recall": 0.6268203883495146
    },
    "RepurchaseAmount": {
        "tp": 961,
        "fp": 214,
        "fn": 465,
        "f1": 0.7389465590157631,
        "precision": 0.8178723404255319,
        "recall": 0.6739130434782609
    },
    "TradedShares": {
        "tp": 822,
        "fp": 331,
        "fn": 312,
        "f1": 0.7188456493222563,
        "precision": 0.7129228100607112,
        "recall": 0.7248677248677249
    },
    "LaterHoldingShares": {
        "tp": 101,
        "fp": 292,
        "fn": 320,
        "f1": 0.24815724815724816,
        "precision": 0.25699745547073793,
        "recall": 0.23990498812351543
    },
    "AveragePrice": {
        "tp": 200,
        "fp": 36,
        "fn": 9,
        "f1": 0.8988764044943819,
        "precision": 0.847457627118644,
        "recall": 0.9569377990430622
    },
    "Pledger": {
        "tp": 0,
        "fp": 0,
        "fn": 0,
        "f1": 0,
        "precision": 0,
        "recall": 0
    },
    "PledgedShares": {
        "tp": 2366,
        "fp": 942,
        "fn": 505,
        "f1": 0.7658197119274965,
        "precision": 0.7152357920193471,
        "recall": 0.824103099965169
    },
    "Pledgee": {
        "tp": 1998,
        "fp": 189,
        "fn": 134,
        "f1": 0.9252141699467469,
        "precision": 0.9135802469135802,
        "recall": 0.9371482176360225
    },
    "TotalPledgedShares": {
        "tp": 988,
        "fp": 410,
        "fn": 382,
        "f1": 0.7138728323699423,
        "precision": 0.7067238912732475,
        "recall": 0.7211678832116788
    },
    "ReleasedDate": {
        "tp": 456,
        "fp": 388,
        "fn": 305,
        "f1": 0.5682242990654205,
        "precision": 0.5402843601895735,
        "recall": 0.5992115637319316
    },
    "StockCode": {
        "tp": 3229,
        "fp": 20,
        "fn": 19,
        "f1": 0.993997229490534,
        "precision": 0.9938442597722376,
        "recall": 0.9941502463054187
    },
    "StockAbbr": {
        "tp": 4378,
        "fp": 994,
        "fn": 717,
        "f1": 0.8365338683481418,
        "precision": 0.8149664929262844,
        "recall": 0.8592737978410206
    },
    "micro_f1": 0.8275751844649849,
    "macro_f1": 0.6827623623000681
}