{
    "EquityHolder": {
        "tp": 8458,
        "fp": 1719,
        "fn": 1155,
        "f1": 0.8547751389590703,
        "precision": 0.8310897120959025,
        "recall": 0.8798502028503069
    },
    "FrozeShares": {
        "tp": 158,
        "fp": 217,
        "fn": 140,
        "f1": 0.46953937592867756,
        "precision": 0.42133333333333334,
        "recall": 0.5302013422818792
    },
    "LegalInstitution": {
        "tp": 460,
        "fp": 167,
        "fn": 42,
        "f1": 0.8148804251550044,
        "precision": 0.733652312599681,
        "recall": 0.9163346613545816
    },
    "TotalHoldingShares": {
        "tp": 1688,
        "fp": 517,
        "fn": 471,
        "f1": 0.7736021998166819,
        "precision": 0.7655328798185941,
        "recall": 0.7818434460398332
    },
    "TotalHoldingRatio": {
        "tp": 1392,
        "fp": 365,
        "fn": 333,
        "f1": 0.7995404939689835,
        "precision": 0.7922595332953899,
        "recall": 0.8069565217391305
    },
    "StartDate": {
        "tp": 3492,
        "fp": 1075,
        "fn": 1539,
        "f1": 0.7276515940821003,
        "precision": 0.764615721480184,
        "recall": 0.6940966010733453
    },
    "EndDate": {
        "tp": 1118,
        "fp": 750,
        "fn": 392,
        "f1": 0.6619301361752515,
        "precision": 0.5985010706638115,
        "recall": 0.7403973509933774
    },
    "UnfrozeDate": {
        "tp": 8,
        "fp": 25,
        "fn": 10,
        "f1": 0.3137254901960784,
        "precision": 0.24242424242424243,
        "recall": 0.4444444444444444
    },
    "CompanyName": {
        "tp": 9153,
        "fp": 617,
        "fn": 929,
        "f1": 0.9221237154946604,
        "precision": 0.9368474923234391,
        "recall": 0.9078555842094822
    },
    "HighestTradingPrice": {
        "tp": 1489,
        "fp": 332,
        "fn": 135,
        "f1": 0.8644412191582003,
        "precision": 0.8176825919824272,
        "recall": 0.916871921182266
    },
    "LowestTradingPrice": {
        "tp": 913,
        "fp": 81,
        "fn": 127,
        "f1": 0.8977384464110129,
        "precision": 0.9185110663983903,
        "recall": 0.8778846153846154
    },
    "RepurchasedShares": {
        "tp": 1400,
        "fp": 239,
        "fn": 167,
        "f1": 0.8733624454148471,
        "precision": 0.8541793776693105,
        "recall": 0.8934269304403318
    },
    "ClosingDate": {
        "tp": 1217,
        "fp": 1051,
        "fn": 431,
        "f1": 0.6215526046986721,
        "precision": 0.5365961199294532,
        "recall": 0.7384708737864077
    },
    "RepurchaseAmount": {
        "tp": 1149,
        "fp": 248,
        "fn": 277,
        "f1": 0.8140276301806589,
        "precision": 0.8224767358625626,
        "recall": 0.8057503506311361
    },
    "TradedShares": {
        "tp": 850,
        "fp": 362,
        "fn": 284,
        "f1": 0.7246376811594204,
        "precision": 0.7013201320132013,
        "recall": 0.7495590828924162
    },
    "LaterHoldingShares": {
        "tp": 152,
        "fp": 459,
        "fn": 269,
        "f1": 0.29457364341085274,
        "precision": 0.24877250409165302,
        "recall": 0.36104513064133015
    },
    "AveragePrice": {
        "tp": 203,
        "fp": 59,
        "fn": 6,
        "f1": 0.861995753715499,
        "precision": 0.7748091603053435,
        "recall": 0.9712918660287081
    },
    "Pledger": {
        "tp": 0,
        "fp": 0,
        "fn": 0,
        "f1": 0,
        "precision": 0,
        "recall": 0
    },
    "PledgedShares": {
        "tp": 2458,
        "fp": 928,
        "fn": 413,
        "f1": 0.7856800383570401,
        "precision": 0.7259303012404017,
        "recall": 0.8561476837338906
    },
    "Pledgee": {
        "tp": 2016,
        "fp": 195,
        "fn": 116,
        "f1": 0.9283905134699516,
        "precision": 0.9118046132971506,
        "recall": 0.9455909943714822
    },
    "TotalPledgedShares": {
        "tp": 1089,
        "fp": 316,
        "fn": 281,
        "f1": 0.7848648648648648,
        "precision": 0.7750889679715303,
        "recall": 0.7948905109489051
    },
    "ReleasedDate": {
        "tp": 494,
        "fp": 561,
        "fn": 267,
        "f1": 0.5440528634361234,
        "precision": 0.46824644549763034,
        "recall": 0.6491458607095927
    },
    "StockCode": {
        "tp": 3236,
        "fp": 3,
        "fn": 12,
        "f1": 0.9976876830584246,
        "precision": 0.9990737882062365,
        "recall": 0.9963054187192119
    },
    "StockAbbr": {
        "tp": 4100,
        "fp": 388,
        "fn": 995,
        "f1": 0.855681936763018,
        "precision": 0.9135472370766489,
        "recall": 0.8047105004906772
    },
    "micro_f1": 0.8275159280821615,
    "macro_f1": 0.7161023289114624
}