{
    "EquityHolder": {
        "tp": 7788,
        "fp": 956,
        "fn": 1825,
        "f1": 0.8485046576237947,
        "precision": 0.8906678865507777,
        "recall": 0.8101529179236451
    },
    "FrozeShares": {
        "tp": 83,
        "fp": 86,
        "fn": 215,
        "f1": 0.3554603854389722,
        "precision": 0.4911242603550296,
        "recall": 0.2785234899328859
    },
    "LegalInstitution": {
        "tp": 444,
        "fp": 68,
        "fn": 58,
        "f1": 0.8757396449704142,
        "precision": 0.8671875,
        "recall": 0.8844621513944223
    },
    "TotalHoldingShares": {
        "tp": 1761,
        "fp": 627,
        "fn": 398,
        "f1": 0.77457664394106,
        "precision": 0.7374371859296482,
        "recall": 0.8156553960166744
    },
    "TotalHoldingRatio": {
        "tp": 1343,
        "fp": 240,
        "fn": 382,
        "f1": 0.8119709794437727,
        "precision": 0.848389134554643,
        "recall": 0.7785507246376812
    },
    "StartDate": {
        "tp": 3715,
        "fp": 1651,
        "fn": 1316,
        "f1": 0.7146292199672982,
        "precision": 0.692322027581066,
        "recall": 0.7384217849334128
    },
    "EndDate": {
        "tp": 985,
        "fp": 420,
        "fn": 525,
        "f1": 0.6758147512864494,
        "precision": 0.701067615658363,
        "recall": 0.652317880794702
    },
    "UnfrozeDate": {
        "tp": 0,
        "fp": 1,
        "fn": 18,
        "f1": 0,
        "precision": 0,
        "recall": 0
    },
    "CompanyName": {
        "tp": 9266,
        "fp": 543,
        "fn": 816,
        "f1": 0.9316776431551957,
        "precision": 0.9446426750943011,
        "recall": 0.9190636778416981
    },
    "HighestTradingPrice": {
        "tp": 1157,
        "fp": 350,
        "fn": 467,
        "f1": 0.739061002874481,
        "precision": 0.767750497677505,
        "recall": 0.7124384236453202
    },
    "LowestTradingPrice": {
        "tp": 934,
        "fp": 241,
        "fn": 106,
        "f1": 0.8433408577878103,
        "precision": 0.7948936170212766,
        "recall": 0.8980769230769231
    },
    "RepurchasedShares": {
        "tp": 1286,
        "fp": 234,
        "fn": 281,
        "f1": 0.8331713637836087,
        "precision": 0.8460526315789474,
        "recall": 0.8206764518187619
    },
    "ClosingDate": {
        "tp": 1176,
        "fp": 726,
        "fn": 472,
        "f1": 0.6625352112676057,
        "precision": 0.6182965299684543,
        "recall": 0.7135922330097088
    },
    "RepurchaseAmount": {
        "tp": 1149,
        "fp": 286,
        "fn": 277,
        "f1": 0.8032156588605383,
        "precision": 0.8006968641114982,
        "recall": 0.8057503506311361
    },
    "TradedShares": {
        "tp": 824,
        "fp": 346,
        "fn": 310,
        "f1": 0.7152777777777779,
        "precision": 0.7042735042735043,
        "recall": 0.7266313932980599
    },
    "LaterHoldingShares": {
        "tp": 63,
        "fp": 216,
        "fn": 358,
        "f1": 0.18,
        "precision": 0.22580645161290322,
        "recall": 0.1496437054631829
    },
    "AveragePrice": {
        "tp": 200,
        "fp": 43,
        "fn": 9,
        "f1": 0.8849557522123894,
        "precision": 0.823045267489712,
        "recall": 0.9569377990430622
    },
    "Pledger": {
        "tp": 0,
        "fp": 0,
        "fn": 0,
        "f1": 0,
        "precision": 0,
        "recall": 0
    },
    "PledgedShares": {
        "tp": 2364,
        "fp": 818,
        "fn": 507,
        "f1": 0.7811002808524697,
        "precision": 0.742928975487115,
        "recall": 0.8234064785788924
    },
    "Pledgee": {
        "tp": 1998,
        "fp": 305,
        "fn": 134,
        "f1": 0.9010146561443066,
        "precision": 0.8675640468953539,
        "recall": 0.9371482176360225
    },
    "TotalPledgedShares": {
        "tp": 1232,
        "fp": 510,
        "fn": 138,
        "f1": 0.7917737789203084,
        "precision": 0.7072330654420207,
        "recall": 0.8992700729927007
    },
    "ReleasedDate": {
        "tp": 488,
        "fp": 511,
        "fn": 273,
        "f1": 0.5545454545454545,
        "precision": 0.48848848848848847,
        "recall": 0.6412614980289093
    },
    "StockCode": {
        "tp": 3232,
        "fp": 21,
        "fn": 16,
        "f1": 0.9943085679126289,
        "precision": 0.9935444205348909,
        "recall": 0.9950738916256158
    },
    "StockAbbr": {
        "tp": 4184,
        "fp": 697,
        "fn": 911,
        "f1": 0.8388131515637529,
        "precision": 0.85720139315714,
        "recall": 0.8211972522080471
    },
    "micro_f1": 0.8225335878687461,
    "macro_f1": 0.687978643347087
}