{
    "EquityHolder": {
        "tp": 8653,
        "fp": 2640,
        "fn": 960,
        "f1": 0.8278006313976849,
        "precision": 0.7662268662003011,
        "recall": 0.9001352335379174
    },
    "FrozeShares": {
        "tp": 0,
        "fp": 0,
        "fn": 298,
        "f1": 0,
        "precision": 0,
        "recall": 0
    },
    "LegalInstitution": {
        "tp": 446,
        "fp": 99,
        "fn": 56,
        "f1": 0.8519579751671442,
        "precision": 0.818348623853211,
        "recall": 0.8884462151394422
    },
    "TotalHoldingShares": {
        "tp": 1825,
        "fp": 915,
        "fn": 334,
        "f1": 0.7450500102061645,
        "precision": 0.666058394160584,
        "recall": 0.8452987494210282
    },
    "TotalHoldingRatio": {
        "tp": 1451,
        "fp": 539,
        "fn": 274,
        "f1": 0.781157469717362,
        "precision": 0.729145728643216,
        "recall": 0.841159420289855
    },
    "StartDate": {
        "tp": 3532,
        "fp": 1599,
        "fn": 1499,
        "f1": 0.695138752214131,
        "precision": 0.6883648411615669,
        "recall": 0.7020473066984695
    },
    "EndDate": {
        "tp": 1003,
        "fp": 662,
        "fn": 507,
        "f1": 0.6318110236220473,
        "precision": 0.6024024024024024,
        "recall": 0.6642384105960265
    },
    "UnfrozeDate": {
        "tp": 0,
        "fp": 0,
        "fn": 18,
        "f1": 0,
        "precision": 0,
        "recall": 0
    },
    "CompanyName": {
        "tp": 9658,
        "fp": 616,
        "fn": 424,
        "f1": 0.9489094124582432,
        "precision": 0.9400428265524625,
        "recall": 0.9579448522118628
    },
    "HighestTradingPrice": {
        "tp": 1519,
        "fp": 1248,
        "fn": 105,
        "f1": 0.6918697335458892,
        "precision": 0.5489700036140224,
        "recall": 0.9353448275862069
    },
    "LowestTradingPrice": {
        "tp": 0,
        "fp": 0,
        "fn": 1040,
        "f1": 0,
        "precision": 0,
        "recall": 0
    },
    "RepurchasedShares": {
        "tp": 876,
        "fp": 361,
        "fn": 691,
        "f1": 0.6248216833095577,
        "precision": 0.7081649151172191,
        "recall": 0.559029993618379
    },
    "ClosingDate": {
        "tp": 1087,
        "fp": 415,
        "fn": 561,
        "f1": 0.6901587301587301,
        "precision": 0.7237017310252996,
        "recall": 0.6595873786407767
    },
    "RepurchaseAmount": {
        "tp": 234,
        "fp": 145,
        "fn": 1192,
        "f1": 0.2592797783933518,
        "precision": 0.6174142480211082,
        "recall": 0.1640953716690042
    },
    "TradedShares": {
        "tp": 942,
        "fp": 759,
        "fn": 192,
        "f1": 0.6645502645502647,
        "precision": 0.5537918871252204,
        "recall": 0.8306878306878307
    },
    "LaterHoldingShares": {
        "tp": 3,
        "fp": 104,
        "fn": 418,
        "f1": 0.011363636363636366,
        "precision": 0.028037383177570093,
        "recall": 0.007125890736342043
    },
    "AveragePrice": {
        "tp": 196,
        "fp": 62,
        "fn": 13,
        "f1": 0.8394004282655247,
        "precision": 0.7596899224806202,
        "recall": 0.937799043062201
    },
    "Pledger": {
        "tp": 0,
        "fp": 0,
        "fn": 0,
        "f1": 0,
        "precision": 0,
        "recall": 0
    },
    "PledgedShares": {
        "tp": 2590,
        "fp": 1034,
        "fn": 281,
        "f1": 0.7975365665896844,
        "precision": 0.7146799116997793,
        "recall": 0.9021246952281435
    },
    "Pledgee": {
        "tp": 1990,
        "fp": 276,
        "fn": 142,
        "f1": 0.9049567985447932,
        "precision": 0.8781994704324801,
        "recall": 0.9333958724202627
    },
    "TotalPledgedShares": {
        "tp": 1212,
        "fp": 505,
        "fn": 158,
        "f1": 0.7852283770651117,
        "precision": 0.7058823529411765,
        "recall": 0.8846715328467153
    },
    "ReleasedDate": {
        "tp": 498,
        "fp": 909,
        "fn": 263,
        "f1": 0.4594095940959409,
        "precision": 0.35394456289978676,
        "recall": 0.6544021024967148
    },
    "StockCode": {
        "tp": 3229,
        "fp": 24,
        "fn": 19,
        "f1": 0.9933856329795416,
        "precision": 0.9926221948970181,
        "recall": 0.9941502463054187
    },
    "StockAbbr": {
        "tp": 4224,
        "fp": 778,
        "fn": 871,
        "f1": 0.8366841636129543,
        "precision": 0.8444622151139545,
        "recall": 0.8290480863591757
    },
    "micro_f1": 0.7900508999317836,
    "macro_f1": 0.5850196109274067
}