{
    "EquityHolder": {
        "tp": 8430,
        "fp": 1471,
        "fn": 1183,
        "f1": 0.863995080455058,
        "precision": 0.8514291485708514,
        "recall": 0.8769374804951628
    },
    "FrozeShares": {
        "tp": 24,
        "fp": 24,
        "fn": 274,
        "f1": 0.13872832369942195,
        "precision": 0.5,
        "recall": 0.08053691275167785
    },
    "LegalInstitution": {
        "tp": 440,
        "fp": 75,
        "fn": 62,
        "f1": 0.8652900688298918,
        "precision": 0.8543689320388349,
        "recall": 0.8764940239043825
    },
    "TotalHoldingShares": {
        "tp": 1871,
        "fp": 848,
        "fn": 288,
        "f1": 0.7671176711767117,
        "precision": 0.6881206325855094,
        "recall": 0.8666049096804076
    },
    "TotalHoldingRatio": {
        "tp": 1470,
        "fp": 492,
        "fn": 255,
        "f1": 0.7973962571196094,
        "precision": 0.7492354740061162,
        "recall": 0.8521739130434782
    },
    "StartDate": {
        "tp": 3847,
        "fp": 1286,
        "fn": 1184,
        "f1": 0.7569854388036205,
        "precision": 0.7494642509253847,
        "recall": 0.7646591134963228
    },
    "EndDate": {
        "tp": 1042,
        "fp": 497,
        "fn": 468,
        "f1": 0.6835027877992784,
        "precision": 0.6770630279402209,
        "recall": 0.6900662251655629
    },
    "UnfrozeDate": {
        "tp": 0,
        "fp": 3,
        "fn": 18,
        "f1": 0,
        "precision": 0,
        "recall": 0
    },
    "CompanyName": {
        "tp": 9799,
        "fp": 433,
        "fn": 283,
        "f1": 0.9647533720586787,
        "precision": 0.9576817826426895,
        "recall": 0.9719301725848046
    },
    "HighestTradingPrice": {
        "tp": 733,
        "fp": 736,
        "fn": 891,
        "f1": 0.47397348852247007,
        "precision": 0.4989788972089857,
        "recall": 0.4513546798029557
    },
    "LowestTradingPrice": {
        "tp": 941,
        "fp": 448,
        "fn": 99,
        "f1": 0.7748044462741869,
        "precision": 0.6774658027357812,
        "recall": 0.9048076923076923
    },
    "RepurchasedShares": {
        "tp": 1011,
        "fp": 261,
        "fn": 556,
        "f1": 0.7122226135963367,
        "precision": 0.7948113207547169,
        "recall": 0.6451818761965539
    },
    "ClosingDate": {
        "tp": 1134,
        "fp": 533,
        "fn": 514,
        "f1": 0.6841628959276019,
        "precision": 0.6802639472105579,
        "recall": 0.6881067961165048
    },
    "RepurchaseAmount": {
        "tp": 1117,
        "fp": 132,
        "fn": 309,
        "f1": 0.8351401869158879,
        "precision": 0.8943154523618895,
        "recall": 0.7833099579242637
    },
    "TradedShares": {
        "tp": 877,
        "fp": 527,
        "fn": 257,
        "f1": 0.6910953506698188,
        "precision": 0.6246438746438746,
        "recall": 0.7733686067019401
    },
    "LaterHoldingShares": {
        "tp": 80,
        "fp": 232,
        "fn": 341,
        "f1": 0.21828103683492497,
        "precision": 0.2564102564102564,
        "recall": 0.19002375296912113
    },
    "AveragePrice": {
        "tp": 201,
        "fp": 37,
        "fn": 8,
        "f1": 0.8993288590604027,
        "precision": 0.8445378151260504,
        "recall": 0.9617224880382775
    },
    "Pledger": {
        "tp": 0,
        "fp": 0,
        "fn": 0,
        "f1": 0,
        "precision": 0,
        "recall": 0
    },
    "PledgedShares": {
        "tp": 2467,
        "fp": 895,
        "fn": 404,
        "f1": 0.7915931333226375,
        "precision": 0.7337894110648423,
        "recall": 0.8592824799721351
    },
    "Pledgee": {
        "tp": 2005,
        "fp": 308,
        "fn": 127,
        "f1": 0.9021372328458943,
        "precision": 0.8668396022481626,
        "recall": 0.9404315196998124
    },
    "TotalPledgedShares": {
        "tp": 1124,
        "fp": 473,
        "fn": 246,
        "f1": 0.7576676777890123,
        "precision": 0.7038196618659988,
        "recall": 0.8204379562043795
    },
    "ReleasedDate": {
        "tp": 493,
        "fp": 417,
        "fn": 268,
        "f1": 0.590065828845003,
        "precision": 0.5417582417582417,
        "recall": 0.6478318002628121
    },
    "StockCode": {
        "tp": 3240,
        "fp": 13,
        "fn": 8,
        "f1": 0.9967697277341948,
        "precision": 0.9960036889025515,
        "recall": 0.9975369458128078
    },
    "StockAbbr": {
        "tp": 4319,
        "fp": 750,
        "fn": 776,
        "f1": 0.849862258953168,
        "precision": 0.8520418228447425,
        "recall": 0.847693817468106
    },
    "micro_f1": 0.8256369426751592,
    "macro_f1": 0.6672864057180754
}