{
    "EquityHolder": {
        "tp": 8168,
        "fp": 1230,
        "fn": 1445,
        "f1": 0.8592919888485613,
        "precision": 0.8691210895935305,
        "recall": 0.8496827213148861
    },
    "FrozeShares": {
        "tp": 114,
        "fp": 148,
        "fn": 184,
        "f1": 0.40714285714285714,
        "precision": 0.4351145038167939,
        "recall": 0.3825503355704698
    },
    "LegalInstitution": {
        "tp": 433,
        "fp": 51,
        "fn": 69,
        "f1": 0.8782961460446248,
        "precision": 0.8946280991735537,
        "recall": 0.8625498007968128
    },
    "TotalHoldingShares": {
        "tp": 1708,
        "fp": 536,
        "fn": 451,
        "f1": 0.7758346581875994,
        "precision": 0.7611408199643493,
        "recall": 0.7911069939786939
    },
    "TotalHoldingRatio": {
        "tp": 1366,
        "fp": 270,
        "fn": 359,
        "f1": 0.8128533174650402,
        "precision": 0.8349633251833741,
        "recall": 0.7918840579710145
    },
    "StartDate": {
        "tp": 3657,
        "fp": 1050,
        "fn": 1374,
        "f1": 0.7510782501540357,
        "precision": 0.7769279796048438,
        "recall": 0.7268932617769827
    },
    "EndDate": {
        "tp": 1022,
        "fp": 605,
        "fn": 488,
        "f1": 0.6515779407076824,
        "precision": 0.6281499692685925,
        "recall": 0.6768211920529801
    },
    "UnfrozeDate": {
        "tp": 5,
        "fp": 28,
        "fn": 13,
        "f1": 0.19607843137254904,
        "precision": 0.15151515151515152,
        "recall": 0.2777777777777778
    },
    "CompanyName": {
        "tp": 9379,
        "fp": 430,
        "fn": 703,
        "f1": 0.9430395656326982,
        "precision": 0.9561627077174024,
        "recall": 0.9302717714739139
    },
    "HighestTradingPrice": {
        "tp": 1224,
        "fp": 238,
        "fn": 400,
        "f1": 0.7932598833441348,
        "precision": 0.8372093023255814,
        "recall": 0.7536945812807881
    },
    "LowestTradingPrice": {
        "tp": 967,
        "fp": 313,
        "fn": 73,
        "f1": 0.8336206896551724,
        "precision": 0.75546875,
        "recall": 0.9298076923076923
    },
    "RepurchasedShares": {
        "tp": 1371,
        "fp": 209,
        "fn": 196,
        "f1": 0.871306005719733,
        "precision": 0.8677215189873417,
        "recall": 0.8749202297383536
    },
    "ClosingDate": {
        "tp": 979,
        "fp": 766,
        "fn": 669,
        "f1": 0.5770704391394047,
        "precision": 0.5610315186246418,
        "recall": 0.5940533980582524
    },
    "RepurchaseAmount": {
        "tp": 1230,
        "fp": 230,
        "fn": 196,
        "f1": 0.8523908523908524,
        "precision": 0.8424657534246576,
        "recall": 0.8625525946704067
    },
    "TradedShares": {
        "tp": 893,
        "fp": 399,
        "fn": 241,
        "f1": 0.7361912613355317,
        "precision": 0.6911764705882353,
        "recall": 0.7874779541446209
    },
    "LaterHoldingShares": {
        "tp": 42,
        "fp": 98,
        "fn": 379,
        "f1": 0.1497326203208556,
        "precision": 0.3,
        "recall": 0.0997624703087886
    },
    "AveragePrice": {
        "tp": 202,
        "fp": 50,
        "fn": 7,
        "f1": 0.8763557483731019,
        "precision": 0.8015873015873016,
        "recall": 0.9665071770334929
    },
    "Pledger": {
        "tp": 0,
        "fp": 0,
        "fn": 0,
        "f1": 0,
        "precision": 0,
        "recall": 0
    },
    "PledgedShares": {
        "tp": 2403,
        "fp": 893,
        "fn": 468,
        "f1": 0.7793092265282957,
        "precision": 0.7290655339805825,
        "recall": 0.8369905956112853
    },
    "Pledgee": {
        "tp": 2007,
        "fp": 271,
        "fn": 125,
        "f1": 0.9102040816326531,
        "precision": 0.8810359964881475,
        "recall": 0.9413696060037523
    },
    "TotalPledgedShares": {
        "tp": 1127,
        "fp": 427,
        "fn": 243,
        "f1": 0.7708618331053352,
        "precision": 0.7252252252252253,
        "recall": 0.8226277372262774
    },
    "ReleasedDate": {
        "tp": 463,
        "fp": 415,
        "fn": 298,
        "f1": 0.5649786455155583,
        "precision": 0.5273348519362187,
        "recall": 0.6084099868593955
    },
    "StockCode": {
        "tp": 3232,
        "fp": 18,
        "fn": 16,
        "f1": 0.9947676208064019,
        "precision": 0.9944615384615385,
        "recall": 0.9950738916256158
    },
    "StockAbbr": {
        "tp": 4200,
        "fp": 520,
        "fn": 895,
        "f1": 0.8558329088130413,
        "precision": 0.8898305084745762,
        "recall": 0.8243375858684985
    },
    "micro_f1": 0.8332566676588107,
    "macro_f1": 0.7017114571764882
}