{
    "EquityHolder": {
        "tp": 8075,
        "fp": 1485,
        "fn": 1538,
        "f1": 0.8423303604026495,
        "precision": 0.8446652719665272,
        "recall": 0.8400083220638719
    },
    "FrozeShares": {
        "tp": 0,
        "fp": 0,
        "fn": 298,
        "f1": 0,
        "precision": 0,
        "recall": 0
    },
    "LegalInstitution": {
        "tp": 35,
        "fp": 9,
        "fn": 467,
        "f1": 0.1282051282051282,
        "precision": 0.7954545454545454,
        "recall": 0.0697211155378486
    },
    "TotalHoldingShares": {
        "tp": 1620,
        "fp": 882,
        "fn": 539,
        "f1": 0.6951298004720017,
        "precision": 0.6474820143884892,
        "recall": 0.7503473830477073
    },
    "TotalHoldingRatio": {
        "tp": 1220,
        "fp": 336,
        "fn": 505,
        "f1": 0.7436757086254191,
        "precision": 0.7840616966580977,
        "recall": 0.7072463768115942
    },
    "StartDate": {
        "tp": 4142,
        "fp": 2181,
        "fn": 889,
        "f1": 0.72961070988198,
        "precision": 0.6550687964573778,
        "recall": 0.823295567481614
    },
    "EndDate": {
        "tp": 982,
        "fp": 1115,
        "fn": 528,
        "f1": 0.5444968117549209,
        "precision": 0.4682880305197902,
        "recall": 0.6503311258278146
    },
    "UnfrozeDate": {
        "tp": 0,
        "fp": 0,
        "fn": 18,
        "f1": 0,
        "precision": 0,
        "recall": 0
    },
    "CompanyName": {
        "tp": 9789,
        "fp": 319,
        "fn": 293,
        "f1": 0.9696879643387816,
        "precision": 0.9684408389394539,
        "recall": 0.9709383058916882
    },
    "HighestTradingPrice": {
        "tp": 1340,
        "fp": 1122,
        "fn": 284,
        "f1": 0.6558981889378365,
        "precision": 0.5442729488220959,
        "recall": 0.8251231527093597
    },
    "LowestTradingPrice": {
        "tp": 0,
        "fp": 0,
        "fn": 1040,
        "f1": 0,
        "precision": 0,
        "recall": 0
    },
    "RepurchasedShares": {
        "tp": 397,
        "fp": 52,
        "fn": 1170,
        "f1": 0.3938492063492064,
        "precision": 0.8841870824053452,
        "recall": 0.25335035098915126
    },
    "ClosingDate": {
        "tp": 0,
        "fp": 0,
        "fn": 1648,
        "f1": 0,
        "precision": 0,
        "recall": 0
    },
    "RepurchaseAmount": {
        "tp": 0,
        "fp": 0,
        "fn": 1426,
        "f1": 0,
        "precision": 0,
        "recall": 0
    },
    "TradedShares": {
        "tp": 784,
        "fp": 617,
        "fn": 350,
        "f1": 0.6185404339250493,
        "precision": 0.5596002855103498,
        "recall": 0.691358024691358
    },
    "LaterHoldingShares": {
        "tp": 0,
        "fp": 0,
        "fn": 421,
        "f1": 0,
        "precision": 0,
        "recall": 0
    },
    "AveragePrice": {
        "tp": 183,
        "fp": 214,
        "fn": 26,
        "f1": 0.603960396039604,
        "precision": 0.4609571788413098,
        "recall": 0.8755980861244019
    },
    "Pledger": {
        "tp": 0,
        "fp": 0,
        "fn": 0,
        "f1": 0,
        "precision": 0,
        "recall": 0
    },
    "PledgedShares": {
        "tp": 2623,
        "fp": 2652,
        "fn": 248,
        "f1": 0.6439970537687209,
        "precision": 0.4972511848341232,
        "recall": 0.9136189481017067
    },
    "Pledgee": {
        "tp": 1984,
        "fp": 228,
        "fn": 148,
        "f1": 0.9134438305709023,
        "precision": 0.8969258589511754,
        "recall": 0.9305816135084428
    },
    "TotalPledgedShares": {
        "tp": 982,
        "fp": 452,
        "fn": 388,
        "f1": 0.7004279600570613,
        "precision": 0.6847977684797768,
        "recall": 0.7167883211678832
    },
    "ReleasedDate": {
        "tp": 297,
        "fp": 234,
        "fn": 464,
        "f1": 0.4597523219814242,
        "precision": 0.559322033898305,
        "recall": 0.3902759526938239
    },
    "StockCode": {
        "tp": 3219,
        "fp": 19,
        "fn": 29,
        "f1": 0.9925994449583718,
        "precision": 0.9941321803582458,
        "recall": 0.9910714285714286
    },
    "StockAbbr": {
        "tp": 3417,
        "fp": 367,
        "fn": 1678,
        "f1": 0.7696812704133348,
        "precision": 0.9030126849894292,
        "recall": 0.6706575073601571
    },
    "micro_f1": 0.7549170012034137,
    "macro_f1": 0.47522027461176647
}