{
    "EquityHolder": {
        "tp": 8810,
        "fp": 1684,
        "fn": 1029,
        "f1": 0.8665715831407071,
        "precision": 0.8395273489613112,
        "recall": 0.895416200833418
    },
    "FrozeShares": {
        "tp": 0,
        "fp": 1,
        "fn": 349,
        "f1": 0,
        "precision": 0,
        "recall": 0
    },
    "LegalInstitution": {
        "tp": 523,
        "fp": 66,
        "fn": 43,
        "f1": 0.9056277056277058,
        "precision": 0.8879456706281834,
        "recall": 0.9240282685512368
    },
    "TotalHoldingShares": {
        "tp": 1779,
        "fp": 529,
        "fn": 422,
        "f1": 0.7890884896872922,
        "precision": 0.7707972270363952,
        "recall": 0.8082689686506134
    },
    "TotalHoldingRatio": {
        "tp": 1538,
        "fp": 659,
        "fn": 232,
        "f1": 0.7753970254600454,
        "precision": 0.700045516613564,
        "recall": 0.8689265536723164
    },
    "StartDate": {
        "tp": 4035,
        "fp": 2080,
        "fn": 1230,
        "f1": 0.7091388400702988,
        "precision": 0.659852820932134,
        "recall": 0.7663817663817664
    },
    "EndDate": {
        "tp": 1021,
        "fp": 421,
        "fn": 622,
        "f1": 0.6619124797406807,
        "precision": 0.7080443828016644,
        "recall": 0.6214242239805234
    },
    "UnfrozeDate": {
        "tp": 0,
        "fp": 0,
        "fn": 18,
        "f1": 0,
        "precision": 0,
        "recall": 0
    },
    "CompanyName": {
        "tp": 10059,
        "fp": 314,
        "fn": 114,
        "f1": 0.9791686946364256,
        "precision": 0.9697291044056685,
        "recall": 0.9887938661161899
    },
    "HighestTradingPrice": {
        "tp": 1817,
        "fp": 1197,
        "fn": 57,
        "f1": 0.7434533551554828,
        "precision": 0.6028533510285335,
        "recall": 0.9695837780149413
    },
    "LowestTradingPrice": {
        "tp": 0,
        "fp": 125,
        "fn": 1071,
        "f1": 0,
        "precision": 0,
        "recall": 0
    },
    "RepurchasedShares": {
        "tp": 1511,
        "fp": 237,
        "fn": 164,
        "f1": 0.8828513000292142,
        "precision": 0.86441647597254,
        "recall": 0.9020895522388059
    },
    "ClosingDate": {
        "tp": 975,
        "fp": 292,
        "fn": 723,
        "f1": 0.657672849915683,
        "precision": 0.7695343330702447,
        "recall": 0.5742049469964664
    },
    "RepurchaseAmount": {
        "tp": 1238,
        "fp": 183,
        "fn": 315,
        "f1": 0.8325487558843309,
        "precision": 0.8712174524982407,
        "recall": 0.7971667739858339
    },
    "TradedShares": {
        "tp": 1040,
        "fp": 645,
        "fn": 227,
        "f1": 0.7046070460704608,
        "precision": 0.6172106824925816,
        "recall": 0.8208366219415943
    },
    "LaterHoldingShares": {
        "tp": 0,
        "fp": 0,
        "fn": 441,
        "f1": 0,
        "precision": 0,
        "recall": 0
    },
    "AveragePrice": {
        "tp": 206,
        "fp": 69,
        "fn": 8,
        "f1": 0.8425357873210635,
        "precision": 0.7490909090909091,
        "recall": 0.9626168224299065
    },
    "Pledger": {
        "tp": 0,
        "fp": 0,
        "fn": 0,
        "f1": 0,
        "precision": 0,
        "recall": 0
    },
    "PledgedShares": {
        "tp": 2814,
        "fp": 1186,
        "fn": 210,
        "f1": 0.80125284738041,
        "precision": 0.7035,
        "recall": 0.9305555555555556
    },
    "Pledgee": {
        "tp": 2140,
        "fp": 226,
        "fn": 80,
        "f1": 0.9332751853467073,
        "precision": 0.904480135249366,
        "recall": 0.963963963963964
    },
    "TotalPledgedShares": {
        "tp": 1211,
        "fp": 531,
        "fn": 185,
        "f1": 0.7718291905672403,
        "precision": 0.6951779563719862,
        "recall": 0.8674785100286533
    },
    "ReleasedDate": {
        "tp": 551,
        "fp": 649,
        "fn": 230,
        "f1": 0.5562847046945988,
        "precision": 0.45916666666666667,
        "recall": 0.70550576184379
    },
    "StockCode": {
        "tp": 3237,
        "fp": 25,
        "fn": 14,
        "f1": 0.9940119760479043,
        "precision": 0.9923359901900675,
        "recall": 0.9956936327283913
    },
    "StockAbbr": {
        "tp": 4520,
        "fp": 606,
        "fn": 669,
        "f1": 0.8763936015511391,
        "precision": 0.8817791650409676,
        "recall": 0.8710734245519368
    },
    "precision": 0.8069958847736626,
    "recall": 0.8529350360137792,
    "micro_f1": 0.8293297695977264,
    "macro_f1": 0.6368175590969747
}