{
    "EquityHolder": {
        "tp": 8309,
        "fp": 1029,
        "fn": 1530,
        "f1": 0.8665588986807112,
        "precision": 0.8898050974512743,
        "recall": 0.8444963919097469
    },
    "FrozeShares": {
        "tp": 102,
        "fp": 134,
        "fn": 247,
        "f1": 0.3487179487179487,
        "precision": 0.4322033898305085,
        "recall": 0.2922636103151863
    },
    "LegalInstitution": {
        "tp": 511,
        "fp": 52,
        "fn": 55,
        "f1": 0.9052258635961028,
        "precision": 0.9076376554174067,
        "recall": 0.9028268551236749
    },
    "TotalHoldingShares": {
        "tp": 1673,
        "fp": 415,
        "fn": 528,
        "f1": 0.7801352296572629,
        "precision": 0.8012452107279694,
        "recall": 0.7601090413448433
    },
    "TotalHoldingRatio": {
        "tp": 1468,
        "fp": 214,
        "fn": 302,
        "f1": 0.8505214368482039,
        "precision": 0.8727705112960761,
        "recall": 0.8293785310734463
    },
    "StartDate": {
        "tp": 3918,
        "fp": 818,
        "fn": 1347,
        "f1": 0.7835216478352164,
        "precision": 0.8272804054054054,
        "recall": 0.7441595441595441
    },
    "EndDate": {
        "tp": 1111,
        "fp": 376,
        "fn": 532,
        "f1": 0.7099041533546326,
        "precision": 0.7471418964357768,
        "recall": 0.6762020693852708
    },
    "UnfrozeDate": {
        "tp": 2,
        "fp": 3,
        "fn": 16,
        "f1": 0.1739130434782609,
        "precision": 0.4,
        "recall": 0.1111111111111111
    },
    "CompanyName": {
        "tp": 9988,
        "fp": 369,
        "fn": 185,
        "f1": 0.9730150998538724,
        "precision": 0.9643719223713431,
        "recall": 0.981814607293817
    },
    "HighestTradingPrice": {
        "tp": 1723,
        "fp": 252,
        "fn": 151,
        "f1": 0.8952974798648999,
        "precision": 0.8724050632911392,
        "recall": 0.9194236926360726
    },
    "LowestTradingPrice": {
        "tp": 942,
        "fp": 108,
        "fn": 129,
        "f1": 0.8882602545968882,
        "precision": 0.8971428571428571,
        "recall": 0.8795518207282913
    },
    "RepurchasedShares": {
        "tp": 1546,
        "fp": 230,
        "fn": 129,
        "f1": 0.8959721819762387,
        "precision": 0.8704954954954955,
        "recall": 0.9229850746268656
    },
    "ClosingDate": {
        "tp": 1042,
        "fp": 608,
        "fn": 656,
        "f1": 0.6224611708482677,
        "precision": 0.6315151515151515,
        "recall": 0.6136631330977621
    },
    "RepurchaseAmount": {
        "tp": 1368,
        "fp": 354,
        "fn": 185,
        "f1": 0.8354198473282443,
        "precision": 0.794425087108014,
        "recall": 0.8808757244043787
    },
    "TradedShares": {
        "tp": 900,
        "fp": 346,
        "fn": 367,
        "f1": 0.716275368085953,
        "precision": 0.7223113964686998,
        "recall": 0.7103393843725335
    },
    "LaterHoldingShares": {
        "tp": 111,
        "fp": 199,
        "fn": 330,
        "f1": 0.2956058588548602,
        "precision": 0.3580645161290323,
        "recall": 0.25170068027210885
    },
    "AveragePrice": {
        "tp": 206,
        "fp": 37,
        "fn": 8,
        "f1": 0.901531728665208,
        "precision": 0.8477366255144033,
        "recall": 0.9626168224299065
    },
    "Pledger": {
        "tp": 0,
        "fp": 0,
        "fn": 0,
        "f1": 0,
        "precision": 0,
        "recall": 0
    },
    "PledgedShares": {
        "tp": 2612,
        "fp": 834,
        "fn": 412,
        "f1": 0.8074188562596599,
        "precision": 0.7579802669762042,
        "recall": 0.8637566137566137
    },
    "Pledgee": {
        "tp": 2081,
        "fp": 198,
        "fn": 139,
        "f1": 0.9250944654367637,
        "precision": 0.9131197893813076,
        "recall": 0.9373873873873874
    },
    "TotalPledgedShares": {
        "tp": 1169,
        "fp": 332,
        "fn": 227,
        "f1": 0.8070417673455298,
        "precision": 0.7788141239173884,
        "recall": 0.8373925501432665
    },
    "ReleasedDate": {
        "tp": 538,
        "fp": 624,
        "fn": 243,
        "f1": 0.5537828100874936,
        "precision": 0.4629948364888124,
        "recall": 0.6888604353393086
    },
    "StockCode": {
        "tp": 3239,
        "fp": 11,
        "fn": 12,
        "f1": 0.996462082756499,
        "precision": 0.9966153846153846,
        "recall": 0.9963088280529068
    },
    "StockAbbr": {
        "tp": 4520,
        "fp": 474,
        "fn": 669,
        "f1": 0.8877540999705392,
        "precision": 0.9050861033239888,
        "recall": 0.8710734245519368
    },
    "precision": 0.8595873616365419,
    "recall": 0.8538745259055639,
    "micro_f1": 0.8567214202175014,
    "macro_f1": 0.7258288039208023
}