{
    "EquityHolder": {
        "tp": 8887,
        "fp": 1640,
        "fn": 952,
        "f1": 0.872729058234312,
        "precision": 0.8442101263417878,
        "recall": 0.9032421994105092
    },
    "FrozeShares": {
        "tp": 83,
        "fp": 116,
        "fn": 266,
        "f1": 0.30291970802919704,
        "precision": 0.41708542713567837,
        "recall": 0.23782234957020057
    },
    "LegalInstitution": {
        "tp": 454,
        "fp": 84,
        "fn": 112,
        "f1": 0.8224637681159421,
        "precision": 0.8438661710037175,
        "recall": 0.8021201413427562
    },
    "TotalHoldingShares": {
        "tp": 1790,
        "fp": 619,
        "fn": 411,
        "f1": 0.7765726681127983,
        "precision": 0.7430469074304691,
        "recall": 0.8132666969559291
    },
    "TotalHoldingRatio": {
        "tp": 1596,
        "fp": 430,
        "fn": 174,
        "f1": 0.8408851422550052,
        "precision": 0.7877591312931885,
        "recall": 0.9016949152542373
    },
    "StartDate": {
        "tp": 4220,
        "fp": 1594,
        "fn": 1045,
        "f1": 0.7618016066431988,
        "precision": 0.7258341933264534,
        "recall": 0.8015194681861348
    },
    "EndDate": {
        "tp": 989,
        "fp": 442,
        "fn": 654,
        "f1": 0.6434612882238127,
        "precision": 0.6911250873515025,
        "recall": 0.6019476567255021
    },
    "UnfrozeDate": {
        "tp": 6,
        "fp": 7,
        "fn": 12,
        "f1": 0.3870967741935484,
        "precision": 0.46153846153846156,
        "recall": 0.3333333333333333
    },
    "CompanyName": {
        "tp": 9520,
        "fp": 568,
        "fn": 653,
        "f1": 0.939736439464982,
        "precision": 0.943695479777954,
        "recall": 0.9358104787181756
    },
    "HighestTradingPrice": {
        "tp": 1556,
        "fp": 215,
        "fn": 318,
        "f1": 0.8537722908093279,
        "precision": 0.8785996612083569,
        "recall": 0.8303094983991463
    },
    "LowestTradingPrice": {
        "tp": 996,
        "fp": 253,
        "fn": 75,
        "f1": 0.8586206896551724,
        "precision": 0.7974379503602882,
        "recall": 0.9299719887955182
    },
    "RepurchasedShares": {
        "tp": 1538,
        "fp": 241,
        "fn": 137,
        "f1": 0.8905616676317313,
        "precision": 0.8645306351883081,
        "recall": 0.9182089552238806
    },
    "ClosingDate": {
        "tp": 1292,
        "fp": 1426,
        "fn": 406,
        "f1": 0.5851449275362318,
        "precision": 0.4753495217071376,
        "recall": 0.7608951707891637
    },
    "RepurchaseAmount": {
        "tp": 1225,
        "fp": 168,
        "fn": 328,
        "f1": 0.8316361167684997,
        "precision": 0.8793969849246231,
        "recall": 0.7887958789439794
    },
    "TradedShares": {
        "tp": 1047,
        "fp": 471,
        "fn": 220,
        "f1": 0.7518850987432676,
        "precision": 0.6897233201581028,
        "recall": 0.8263614838200474
    },
    "LaterHoldingShares": {
        "tp": 82,
        "fp": 183,
        "fn": 359,
        "f1": 0.23229461756373937,
        "precision": 0.30943396226415093,
        "recall": 0.18594104308390022
    },
    "AveragePrice": {
        "tp": 210,
        "fp": 53,
        "fn": 4,
        "f1": 0.8805031446540881,
        "precision": 0.7984790874524715,
        "recall": 0.9813084112149533
    },
    "Pledger": {
        "tp": 0,
        "fp": 0,
        "fn": 0,
        "f1": 0,
        "precision": 0,
        "recall": 0
    },
    "PledgedShares": {
        "tp": 2506,
        "fp": 814,
        "fn": 518,
        "f1": 0.7900378310214375,
        "precision": 0.7548192771084338,
        "recall": 0.8287037037037037
    },
    "Pledgee": {
        "tp": 1988,
        "fp": 210,
        "fn": 232,
        "f1": 0.8999547306473518,
        "precision": 0.9044585987261147,
        "recall": 0.8954954954954955
    },
    "TotalPledgedShares": {
        "tp": 1139,
        "fp": 564,
        "fn": 257,
        "f1": 0.735075830913198,
        "precision": 0.6688197298884322,
        "recall": 0.8159025787965616
    },
    "ReleasedDate": {
        "tp": 555,
        "fp": 408,
        "fn": 226,
        "f1": 0.6364678899082569,
        "precision": 0.5763239875389408,
        "recall": 0.7106274007682458
    },
    "StockCode": {
        "tp": 3245,
        "fp": 22,
        "fn": 6,
        "f1": 0.9957042037434798,
        "precision": 0.9932659932659933,
        "recall": 0.9981544140264534
    },
    "StockAbbr": {
        "tp": 4623,
        "fp": 845,
        "fn": 566,
        "f1": 0.8675987613774984,
        "precision": 0.8454645208485735,
        "recall": 0.8909231065715938
    },
    "precision": 0.8133125410374261,
    "recall": 0.8620167716343644,
    "micro_f1": 0.8369567053497524,
    "macro_f1": 0.7148718439269199
}