{
    "EquityHolder": {
        "tp": 8695,
        "fp": 2393,
        "fn": 1144,
        "f1": 0.8309838964017775,
        "precision": 0.7841810966810967,
        "recall": 0.8837280211403598
    },
    "FrozeShares": {
        "tp": 0,
        "fp": 0,
        "fn": 349,
        "f1": 0,
        "precision": 0,
        "recall": 0
    },
    "LegalInstitution": {
        "tp": 312,
        "fp": 58,
        "fn": 254,
        "f1": 0.6666666666666666,
        "precision": 0.8432432432432433,
        "recall": 0.5512367491166078
    },
    "TotalHoldingShares": {
        "tp": 1562,
        "fp": 650,
        "fn": 639,
        "f1": 0.7079084523000228,
        "precision": 0.7061482820976492,
        "recall": 0.7096774193548387
    },
    "TotalHoldingRatio": {
        "tp": 839,
        "fp": 187,
        "fn": 931,
        "f1": 0.600143061516452,
        "precision": 0.817738791423002,
        "recall": 0.47401129943502823
    },
    "StartDate": {
        "tp": 4067,
        "fp": 3140,
        "fn": 1198,
        "f1": 0.6521808851828095,
        "precision": 0.564312473983627,
        "recall": 0.7724596391263058
    },
    "EndDate": {
        "tp": 869,
        "fp": 497,
        "fn": 774,
        "f1": 0.577600531738119,
        "precision": 0.6361639824304539,
        "recall": 0.5289105295191723
    },
    "UnfrozeDate": {
        "tp": 0,
        "fp": 0,
        "fn": 18,
        "f1": 0,
        "precision": 0,
        "recall": 0
    },
    "CompanyName": {
        "tp": 9947,
        "fp": 244,
        "fn": 226,
        "f1": 0.9769200549990178,
        "precision": 0.9760573054656069,
        "recall": 0.9777843310724467
    },
    "HighestTradingPrice": {
        "tp": 1331,
        "fp": 1264,
        "fn": 543,
        "f1": 0.5956589841127768,
        "precision": 0.5129094412331406,
        "recall": 0.7102454642475987
    },
    "LowestTradingPrice": {
        "tp": 0,
        "fp": 0,
        "fn": 1071,
        "f1": 0,
        "precision": 0,
        "recall": 0
    },
    "RepurchasedShares": {
        "tp": 863,
        "fp": 39,
        "fn": 812,
        "f1": 0.6697710516103997,
        "precision": 0.9567627494456763,
        "recall": 0.515223880597015
    },
    "ClosingDate": {
        "tp": 0,
        "fp": 0,
        "fn": 1698,
        "f1": 0,
        "precision": 0,
        "recall": 0
    },
    "RepurchaseAmount": {
        "tp": 852,
        "fp": 38,
        "fn": 701,
        "f1": 0.6975030699959066,
        "precision": 0.9573033707865168,
        "recall": 0.5486155827430779
    },
    "TradedShares": {
        "tp": 985,
        "fp": 424,
        "fn": 282,
        "f1": 0.7361733931240658,
        "precision": 0.6990773598296665,
        "recall": 0.7774269928966061
    },
    "LaterHoldingShares": {
        "tp": 0,
        "fp": 3,
        "fn": 441,
        "f1": 0,
        "precision": 0,
        "recall": 0
    },
    "AveragePrice": {
        "tp": 186,
        "fp": 75,
        "fn": 28,
        "f1": 0.783157894736842,
        "precision": 0.7126436781609196,
        "recall": 0.8691588785046729
    },
    "Pledger": {
        "tp": 0,
        "fp": 0,
        "fn": 0,
        "f1": 0,
        "precision": 0,
        "recall": 0
    },
    "PledgedShares": {
        "tp": 2776,
        "fp": 1452,
        "fn": 248,
        "f1": 0.7655819084390513,
        "precision": 0.6565752128666036,
        "recall": 0.917989417989418
    },
    "Pledgee": {
        "tp": 2116,
        "fp": 225,
        "fn": 104,
        "f1": 0.9278666959000219,
        "precision": 0.9038872276804785,
        "recall": 0.9531531531531532
    },
    "TotalPledgedShares": {
        "tp": 1210,
        "fp": 491,
        "fn": 186,
        "f1": 0.7814013561511141,
        "precision": 0.7113462669018225,
        "recall": 0.8667621776504298
    },
    "ReleasedDate": {
        "tp": 102,
        "fp": 56,
        "fn": 679,
        "f1": 0.21725239616613418,
        "precision": 0.6455696202531646,
        "recall": 0.13060179257362356
    },
    "StockCode": {
        "tp": 3229,
        "fp": 13,
        "fn": 22,
        "f1": 0.9946095795472046,
        "precision": 0.9959901295496607,
        "recall": 0.9932328514303291
    },
    "StockAbbr": {
        "tp": 3236,
        "fp": 130,
        "fn": 1953,
        "f1": 0.7565166569257744,
        "precision": 0.9613784907902555,
        "recall": 0.6236269030641742
    },
    "precision": 0.7914253244372754,
    "recall": 0.7511917603256898,
    "micro_f1": 0.7707838691825696,
    "macro_f1": 0.5390790223130901
}