{
    "EquityHolder": {
        "tp": 8781,
        "fp": 1596,
        "fn": 1058,
        "f1": 0.8687178472497032,
        "precision": 0.8461983232148019,
        "recall": 0.8924687468238642
    },
    "FrozeShares": {
        "tp": 38,
        "fp": 51,
        "fn": 311,
        "f1": 0.17351598173515984,
        "precision": 0.42696629213483145,
        "recall": 0.10888252148997135
    },
    "LegalInstitution": {
        "tp": 504,
        "fp": 46,
        "fn": 62,
        "f1": 0.9032258064516129,
        "precision": 0.9163636363636364,
        "recall": 0.8904593639575972
    },
    "TotalHoldingShares": {
        "tp": 1724,
        "fp": 616,
        "fn": 477,
        "f1": 0.759304118035675,
        "precision": 0.7367521367521368,
        "recall": 0.7832803271240345
    },
    "TotalHoldingRatio": {
        "tp": 1535,
        "fp": 231,
        "fn": 235,
        "f1": 0.8682126696832579,
        "precision": 0.8691959229898075,
        "recall": 0.867231638418079
    },
    "StartDate": {
        "tp": 4165,
        "fp": 1316,
        "fn": 1100,
        "f1": 0.7751721570817047,
        "precision": 0.7598978288633461,
        "recall": 0.7910731244064577
    },
    "EndDate": {
        "tp": 1296,
        "fp": 918,
        "fn": 347,
        "f1": 0.6720248898107338,
        "precision": 0.5853658536585366,
        "recall": 0.7888009738283628
    },
    "UnfrozeDate": {
        "tp": 15,
        "fp": 34,
        "fn": 3,
        "f1": 0.44776119402985076,
        "precision": 0.30612244897959184,
        "recall": 0.8333333333333334
    },
    "CompanyName": {
        "tp": 9502,
        "fp": 360,
        "fn": 671,
        "f1": 0.9485400549039181,
        "precision": 0.963496248225512,
        "recall": 0.934041089157574
    },
    "HighestTradingPrice": {
        "tp": 1662,
        "fp": 301,
        "fn": 212,
        "f1": 0.8663017982799062,
        "precision": 0.8466632705043301,
        "recall": 0.8868729989327642
    },
    "LowestTradingPrice": {
        "tp": 939,
        "fp": 72,
        "fn": 132,
        "f1": 0.9020172910662825,
        "precision": 0.9287833827893175,
        "recall": 0.876750700280112
    },
    "RepurchasedShares": {
        "tp": 1572,
        "fp": 215,
        "fn": 103,
        "f1": 0.9081455805892548,
        "precision": 0.8796866256295467,
        "recall": 0.9385074626865672
    },
    "ClosingDate": {
        "tp": 1481,
        "fp": 2022,
        "fn": 217,
        "f1": 0.5695058642568737,
        "precision": 0.4227804738795318,
        "recall": 0.8722025912838633
    },
    "RepurchaseAmount": {
        "tp": 1368,
        "fp": 289,
        "fn": 185,
        "f1": 0.852336448598131,
        "precision": 0.8255884127942064,
        "recall": 0.8808757244043787
    },
    "TradedShares": {
        "tp": 1019,
        "fp": 440,
        "fn": 248,
        "f1": 0.7476155539251651,
        "precision": 0.6984235777930089,
        "recall": 0.8042620363062352
    },
    "LaterHoldingShares": {
        "tp": 63,
        "fp": 96,
        "fn": 378,
        "f1": 0.20999999999999996,
        "precision": 0.39622641509433965,
        "recall": 0.14285714285714285
    },
    "AveragePrice": {
        "tp": 181,
        "fp": 52,
        "fn": 33,
        "f1": 0.8098434004474273,
        "precision": 0.776824034334764,
        "recall": 0.8457943925233645
    },
    "Pledger": {
        "tp": 0,
        "fp": 0,
        "fn": 0,
        "f1": 0,
        "precision": 0,
        "recall": 0
    },
    "PledgedShares": {
        "tp": 2444,
        "fp": 748,
        "fn": 580,
        "f1": 0.7863577863577863,
        "precision": 0.7656641604010025,
        "recall": 0.8082010582010583
    },
    "Pledgee": {
        "tp": 2058,
        "fp": 147,
        "fn": 162,
        "f1": 0.9301694915254237,
        "precision": 0.9333333333333333,
        "recall": 0.927027027027027
    },
    "TotalPledgedShares": {
        "tp": 798,
        "fp": 265,
        "fn": 598,
        "f1": 0.6490443269621796,
        "precision": 0.7507055503292568,
        "recall": 0.5716332378223495
    },
    "ReleasedDate": {
        "tp": 534,
        "fp": 403,
        "fn": 247,
        "f1": 0.6216530849825378,
        "precision": 0.5699039487726788,
        "recall": 0.6837387964148528
    },
    "StockCode": {
        "tp": 3217,
        "fp": 10,
        "fn": 34,
        "f1": 0.9932077801790677,
        "precision": 0.996901146575767,
        "recall": 0.9895416794832359
    },
    "StockAbbr": {
        "tp": 4119,
        "fp": 430,
        "fn": 1070,
        "f1": 0.8459642637091805,
        "precision": 0.9054737304902176,
        "recall": 0.7937945654268646
    },
    "precision": 0.8213932599333031,
    "recall": 0.8527610564041894,
    "micro_f1": 0.8367832967708342,
    "macro_f1": 0.7128598912442013
}