{
    "EquityHolder": {
        "tp": 8702,
        "fp": 1211,
        "fn": 1137,
        "f1": 0.8811259619279059,
        "precision": 0.8778371834964188,
        "recall": 0.884439475556459
    },
    "FrozeShares": {
        "tp": 135,
        "fp": 287,
        "fn": 214,
        "f1": 0.35019455252918286,
        "precision": 0.31990521327014215,
        "recall": 0.3868194842406877
    },
    "LegalInstitution": {
        "tp": 518,
        "fp": 48,
        "fn": 48,
        "f1": 0.9151943462897526,
        "precision": 0.9151943462897526,
        "recall": 0.9151943462897526
    },
    "TotalHoldingShares": {
        "tp": 1776,
        "fp": 479,
        "fn": 425,
        "f1": 0.7971274685816876,
        "precision": 0.7875831485587583,
        "recall": 0.8069059518400727
    },
    "TotalHoldingRatio": {
        "tp": 1444,
        "fp": 313,
        "fn": 326,
        "f1": 0.8188261979018996,
        "precision": 0.8218554354012522,
        "recall": 0.8158192090395481
    },
    "StartDate": {
        "tp": 4173,
        "fp": 1180,
        "fn": 1092,
        "f1": 0.7860237332831042,
        "precision": 0.779562861946572,
        "recall": 0.7925925925925926
    },
    "EndDate": {
        "tp": 1035,
        "fp": 495,
        "fn": 608,
        "f1": 0.6523794516230697,
        "precision": 0.6764705882352942,
        "recall": 0.6299452221545953
    },
    "UnfrozeDate": {
        "tp": 0,
        "fp": 0,
        "fn": 18,
        "f1": 0,
        "precision": 0,
        "recall": 0
    },
    "CompanyName": {
        "tp": 9571,
        "fp": 475,
        "fn": 602,
        "f1": 0.9467332706859884,
        "precision": 0.9527174995022895,
        "recall": 0.9408237491398801
    },
    "HighestTradingPrice": {
        "tp": 1548,
        "fp": 331,
        "fn": 326,
        "f1": 0.8249400479616307,
        "precision": 0.8238424693986163,
        "recall": 0.8260405549626467
    },
    "LowestTradingPrice": {
        "tp": 942,
        "fp": 399,
        "fn": 129,
        "f1": 0.7810945273631841,
        "precision": 0.7024608501118568,
        "recall": 0.8795518207282913
    },
    "RepurchasedShares": {
        "tp": 1578,
        "fp": 329,
        "fn": 97,
        "f1": 0.88107202680067,
        "precision": 0.8274777136864184,
        "recall": 0.942089552238806
    },
    "ClosingDate": {
        "tp": 1320,
        "fp": 909,
        "fn": 378,
        "f1": 0.6722689075630253,
        "precision": 0.5921938088829072,
        "recall": 0.7773851590106007
    },
    "RepurchaseAmount": {
        "tp": 1428,
        "fp": 474,
        "fn": 125,
        "f1": 0.8266280752532561,
        "precision": 0.750788643533123,
        "recall": 0.9195106245975532
    },
    "TradedShares": {
        "tp": 932,
        "fp": 393,
        "fn": 335,
        "f1": 0.7191358024691358,
        "precision": 0.7033962264150944,
        "recall": 0.7355958958168903
    },
    "LaterHoldingShares": {
        "tp": 47,
        "fp": 128,
        "fn": 394,
        "f1": 0.1525974025974026,
        "precision": 0.26857142857142857,
        "recall": 0.10657596371882086
    },
    "AveragePrice": {
        "tp": 210,
        "fp": 53,
        "fn": 4,
        "f1": 0.8805031446540881,
        "precision": 0.7984790874524715,
        "recall": 0.9813084112149533
    },
    "Pledger": {
        "tp": 0,
        "fp": 0,
        "fn": 0,
        "f1": 0,
        "precision": 0,
        "recall": 0
    },
    "PledgedShares": {
        "tp": 2718,
        "fp": 960,
        "fn": 306,
        "f1": 0.811101163831692,
        "precision": 0.7389885807504079,
        "recall": 0.8988095238095238
    },
    "Pledgee": {
        "tp": 2117,
        "fp": 257,
        "fn": 103,
        "f1": 0.9216369177187635,
        "precision": 0.8917438921651222,
        "recall": 0.9536036036036036
    },
    "TotalPledgedShares": {
        "tp": 1172,
        "fp": 512,
        "fn": 224,
        "f1": 0.7610389610389611,
        "precision": 0.6959619952494062,
        "recall": 0.839541547277937
    },
    "ReleasedDate": {
        "tp": 456,
        "fp": 205,
        "fn": 325,
        "f1": 0.6324549237170597,
        "precision": 0.6898638426626323,
        "recall": 0.5838668373879642
    },
    "StockCode": {
        "tp": 3227,
        "fp": 15,
        "fn": 24,
        "f1": 0.9939935314954567,
        "precision": 0.9953732264034546,
        "recall": 0.9926176561058137
    },
    "StockAbbr": {
        "tp": 4245,
        "fp": 628,
        "fn": 944,
        "f1": 0.8437686344663089,
        "precision": 0.8711266160476093,
        "recall": 0.8180767007130468
    },
    "precision": 0.8302147368421052,
    "recall": 0.8576150875117436,
    "micro_f1": 0.8436925025459338,
    "macro_f1": 0.7020766270730511
}