{
    "EquityHolder": {
        "tp": 8310,
        "fp": 1310,
        "fn": 1303,
        "f1": 0.8641397597878646,
        "precision": 0.8638253638253638,
        "recall": 0.8644543846874024
    },
    "FrozeShares": {
        "tp": 147,
        "fp": 155,
        "fn": 151,
        "f1": 0.49,
        "precision": 0.4867549668874172,
        "recall": 0.49328859060402686
    },
    "LegalInstitution": {
        "tp": 440,
        "fp": 49,
        "fn": 62,
        "f1": 0.8879919273461151,
        "precision": 0.8997955010224948,
        "recall": 0.8764940239043825
    },
    "TotalHoldingShares": {
        "tp": 1635,
        "fp": 496,
        "fn": 524,
        "f1": 0.7622377622377622,
        "precision": 0.7672454246832473,
        "recall": 0.7572950440018527
    },
    "TotalHoldingRatio": {
        "tp": 1447,
        "fp": 384,
        "fn": 278,
        "f1": 0.8138357705286839,
        "precision": 0.7902785363189514,
        "recall": 0.8388405797101449
    },
    "StartDate": {
        "tp": 3759,
        "fp": 1203,
        "fn": 1272,
        "f1": 0.7523266286400481,
        "precision": 0.7575574365175333,
        "recall": 0.7471675611210495
    },
    "EndDate": {
        "tp": 835,
        "fp": 471,
        "fn": 675,
        "f1": 0.5930397727272727,
        "precision": 0.6393568147013783,
        "recall": 0.5529801324503312
    },
    "UnfrozeDate": {
        "tp": 7,
        "fp": 18,
        "fn": 11,
        "f1": 0.32558139534883723,
        "precision": 0.28,
        "recall": 0.3888888888888889
    },
    "CompanyName": {
        "tp": 9590,
        "fp": 292,
        "fn": 492,
        "f1": 0.9607293127629734,
        "precision": 0.9704513256425825,
        "recall": 0.9512001586986709
    },
    "HighestTradingPrice": {
        "tp": 1271,
        "fp": 275,
        "fn": 353,
        "f1": 0.8018927444794952,
        "precision": 0.8221216041397154,
        "recall": 0.7826354679802956
    },
    "LowestTradingPrice": {
        "tp": 990,
        "fp": 186,
        "fn": 50,
        "f1": 0.8935018050541516,
        "precision": 0.8418367346938775,
        "recall": 0.9519230769230769
    },
    "RepurchasedShares": {
        "tp": 1469,
        "fp": 247,
        "fn": 98,
        "f1": 0.8949131891562594,
        "precision": 0.8560606060606061,
        "recall": 0.9374601148691768
    },
    "ClosingDate": {
        "tp": 1219,
        "fp": 716,
        "fn": 429,
        "f1": 0.6804353893385432,
        "precision": 0.6299741602067184,
        "recall": 0.7396844660194175
    },
    "RepurchaseAmount": {
        "tp": 1181,
        "fp": 265,
        "fn": 245,
        "f1": 0.8224233983286908,
        "precision": 0.8167358229598893,
        "recall": 0.8281907433380085
    },
    "TradedShares": {
        "tp": 918,
        "fp": 432,
        "fn": 216,
        "f1": 0.7391304347826089,
        "precision": 0.68,
        "recall": 0.8095238095238095
    },
    "LaterHoldingShares": {
        "tp": 67,
        "fp": 209,
        "fn": 354,
        "f1": 0.1922525107604017,
        "precision": 0.2427536231884058,
        "recall": 0.15914489311163896
    },
    "AveragePrice": {
        "tp": 194,
        "fp": 40,
        "fn": 15,
        "f1": 0.8758465011286682,
        "precision": 0.8290598290598291,
        "recall": 0.9282296650717703
    },
    "Pledger": {
        "tp": 0,
        "fp": 0,
        "fn": 0,
        "f1": 0,
        "precision": 0,
        "recall": 0
    },
    "PledgedShares": {
        "tp": 2318,
        "fp": 834,
        "fn": 553,
        "f1": 0.7697160883280757,
        "precision": 0.7354060913705583,
        "recall": 0.8073841866945315
    },
    "Pledgee": {
        "tp": 1940,
        "fp": 184,
        "fn": 192,
        "f1": 0.9116541353383458,
        "precision": 0.9133709981167608,
        "recall": 0.9099437148217636
    },
    "TotalPledgedShares": {
        "tp": 1209,
        "fp": 770,
        "fn": 161,
        "f1": 0.7220065691251121,
        "precision": 0.6109146033350177,
        "recall": 0.8824817518248175
    },
    "ReleasedDate": {
        "tp": 470,
        "fp": 445,
        "fn": 291,
        "f1": 0.5608591885441527,
        "precision": 0.5136612021857924,
        "recall": 0.6176084099868594
    },
    "StockCode": {
        "tp": 3232,
        "fp": 21,
        "fn": 16,
        "f1": 0.9943085679126289,
        "precision": 0.9935444205348909,
        "recall": 0.9950738916256158
    },
    "StockAbbr": {
        "tp": 4004,
        "fp": 430,
        "fn": 1091,
        "f1": 0.8403819918144612,
        "precision": 0.903022101939558,
        "recall": 0.7858684985279686
    },
    "precision": 0.8318236930318808,
    "recall": 0.8408189748395934,
    "micro_f1": 0.8362971461350924,
    "macro_f1": 0.714550201811298
}