{
    "EquityHolder": {
        "tp": 8629,
        "fp": 1587,
        "fn": 984,
        "f1": 0.8703414191335922,
        "precision": 0.8446554424432263,
        "recall": 0.8976386143763654
    },
    "FrozeShares": {
        "tp": 49,
        "fp": 44,
        "fn": 249,
        "f1": 0.2506393861892583,
        "precision": 0.5268817204301075,
        "recall": 0.1644295302013423
    },
    "LegalInstitution": {
        "tp": 442,
        "fp": 48,
        "fn": 60,
        "f1": 0.8911290322580645,
        "precision": 0.9020408163265307,
        "recall": 0.8804780876494024
    },
    "TotalHoldingShares": {
        "tp": 1799,
        "fp": 788,
        "fn": 360,
        "f1": 0.7581120943952803,
        "precision": 0.695400077309625,
        "recall": 0.8332561371005095
    },
    "TotalHoldingRatio": {
        "tp": 1475,
        "fp": 568,
        "fn": 250,
        "f1": 0.7829087048832272,
        "precision": 0.7219774840920216,
        "recall": 0.855072463768116
    },
    "StartDate": {
        "tp": 3882,
        "fp": 1188,
        "fn": 1149,
        "f1": 0.7686367686367686,
        "precision": 0.7656804733727811,
        "recall": 0.7716159809183065
    },
    "EndDate": {
        "tp": 1065,
        "fp": 599,
        "fn": 445,
        "f1": 0.6710775047258979,
        "precision": 0.6400240384615384,
        "recall": 0.7052980132450332
    },
    "UnfrozeDate": {
        "tp": 0,
        "fp": 0,
        "fn": 18,
        "f1": 0,
        "precision": 0,
        "recall": 0
    },
    "CompanyName": {
        "tp": 9669,
        "fp": 371,
        "fn": 413,
        "f1": 0.9610376702117085,
        "precision": 0.9630478087649402,
        "recall": 0.9590359055742909
    },
    "HighestTradingPrice": {
        "tp": 1315,
        "fp": 359,
        "fn": 309,
        "f1": 0.7974530018192846,
        "precision": 0.7855436081242533,
        "recall": 0.8097290640394089
    },
    "LowestTradingPrice": {
        "tp": 935,
        "fp": 78,
        "fn": 105,
        "f1": 0.9108621529469071,
        "precision": 0.9230009871668312,
        "recall": 0.8990384615384616
    },
    "RepurchasedShares": {
        "tp": 1017,
        "fp": 176,
        "fn": 550,
        "f1": 0.7369565217391305,
        "precision": 0.8524727577535625,
        "recall": 0.6490108487555839
    },
    "ClosingDate": {
        "tp": 976,
        "fp": 511,
        "fn": 672,
        "f1": 0.6226475279106858,
        "precision": 0.65635507733692,
        "recall": 0.5922330097087378
    },
    "RepurchaseAmount": {
        "tp": 964,
        "fp": 100,
        "fn": 462,
        "f1": 0.7742971887550202,
        "precision": 0.9060150375939849,
        "recall": 0.6760168302945302
    },
    "TradedShares": {
        "tp": 904,
        "fp": 415,
        "fn": 230,
        "f1": 0.7370566653077864,
        "precision": 0.6853677028051555,
        "recall": 0.7971781305114638
    },
    "LaterHoldingShares": {
        "tp": 67,
        "fp": 271,
        "fn": 354,
        "f1": 0.1765480895915679,
        "precision": 0.19822485207100593,
        "recall": 0.15914489311163896
    },
    "AveragePrice": {
        "tp": 203,
        "fp": 51,
        "fn": 6,
        "f1": 0.8768898488120951,
        "precision": 0.7992125984251969,
        "recall": 0.9712918660287081
    },
    "Pledger": {
        "tp": 0,
        "fp": 0,
        "fn": 0,
        "f1": 0,
        "precision": 0,
        "recall": 0
    },
    "PledgedShares": {
        "tp": 2365,
        "fp": 832,
        "fn": 506,
        "f1": 0.7794990112063283,
        "precision": 0.7397560212699406,
        "recall": 0.8237547892720306
    },
    "Pledgee": {
        "tp": 1951,
        "fp": 163,
        "fn": 181,
        "f1": 0.9189825718323128,
        "precision": 0.9228949858088931,
        "recall": 0.9151031894934334
    },
    "TotalPledgedShares": {
        "tp": 1146,
        "fp": 360,
        "fn": 224,
        "f1": 0.7969401947148819,
        "precision": 0.7609561752988048,
        "recall": 0.8364963503649635
    },
    "ReleasedDate": {
        "tp": 485,
        "fp": 479,
        "fn": 276,
        "f1": 0.5623188405797102,
        "precision": 0.5031120331950207,
        "recall": 0.6373193166885677
    },
    "StockCode": {
        "tp": 3231,
        "fp": 9,
        "fn": 17,
        "f1": 0.9959926017262639,
        "precision": 0.9972222222222222,
        "recall": 0.9947660098522167
    },
    "StockAbbr": {
        "tp": 4153,
        "fp": 412,
        "fn": 942,
        "f1": 0.8598343685300207,
        "precision": 0.9097480832420591,
        "recall": 0.8151128557409225
    },
    "precision": 0.8323742673389036,
    "recall": 0.8420805998125586,
    "micro_f1": 0.8371993011691977,
    "macro_f1": 0.6875067152460749
}