{
    "EquityHolder": {
        "tp": 8645,
        "fp": 1509,
        "fn": 968,
        "f1": 0.8746901401325442,
        "precision": 0.8513886153240102,
        "recall": 0.8993030271507334
    },
    "FrozeShares": {
        "tp": 93,
        "fp": 94,
        "fn": 205,
        "f1": 0.3835051546391752,
        "precision": 0.49732620320855614,
        "recall": 0.31208053691275167
    },
    "LegalInstitution": {
        "tp": 444,
        "fp": 51,
        "fn": 58,
        "f1": 0.8906720160481444,
        "precision": 0.896969696969697,
        "recall": 0.8844621513944223
    },
    "TotalHoldingShares": {
        "tp": 1653,
        "fp": 864,
        "fn": 506,
        "f1": 0.7070145423438837,
        "precision": 0.6567342073897497,
        "recall": 0.7656322371468273
    },
    "TotalHoldingRatio": {
        "tp": 1345,
        "fp": 275,
        "fn": 380,
        "f1": 0.8041853512705531,
        "precision": 0.8302469135802469,
        "recall": 0.7797101449275362
    },
    "StartDate": {
        "tp": 3694,
        "fp": 1135,
        "fn": 1337,
        "f1": 0.749290060851927,
        "precision": 0.764961689790847,
        "recall": 0.7342476644802226
    },
    "EndDate": {
        "tp": 967,
        "fp": 405,
        "fn": 543,
        "f1": 0.6710617626648161,
        "precision": 0.7048104956268222,
        "recall": 0.6403973509933775
    },
    "UnfrozeDate": {
        "tp": 0,
        "fp": 0,
        "fn": 18,
        "f1": 0,
        "precision": 0,
        "recall": 0
    },
    "CompanyName": {
        "tp": 9967,
        "fp": 329,
        "fn": 115,
        "f1": 0.9782117970360192,
        "precision": 0.9680458430458431,
        "recall": 0.9885935330291609
    },
    "HighestTradingPrice": {
        "tp": 1459,
        "fp": 1299,
        "fn": 165,
        "f1": 0.6659059790050206,
        "precision": 0.5290065264684554,
        "recall": 0.8983990147783252
    },
    "LowestTradingPrice": {
        "tp": 35,
        "fp": 8,
        "fn": 1005,
        "f1": 0.06463527239150507,
        "precision": 0.813953488372093,
        "recall": 0.03365384615384615
    },
    "RepurchasedShares": {
        "tp": 1397,
        "fp": 250,
        "fn": 170,
        "f1": 0.8693217174859987,
        "precision": 0.8482088646023073,
        "recall": 0.8915124441608169
    },
    "ClosingDate": {
        "tp": 1199,
        "fp": 649,
        "fn": 449,
        "f1": 0.6859267734553776,
        "precision": 0.6488095238095238,
        "recall": 0.7275485436893204
    },
    "RepurchaseAmount": {
        "tp": 1317,
        "fp": 349,
        "fn": 109,
        "f1": 0.851875808538163,
        "precision": 0.790516206482593,
        "recall": 0.923562412342216
    },
    "TradedShares": {
        "tp": 702,
        "fp": 288,
        "fn": 432,
        "f1": 0.6610169491525425,
        "precision": 0.7090909090909091,
        "recall": 0.6190476190476191
    },
    "LaterHoldingShares": {
        "tp": 49,
        "fp": 117,
        "fn": 372,
        "f1": 0.16695059625212946,
        "precision": 0.29518072289156627,
        "recall": 0.1163895486935867
    },
    "AveragePrice": {
        "tp": 203,
        "fp": 78,
        "fn": 6,
        "f1": 0.8285714285714286,
        "precision": 0.7224199288256228,
        "recall": 0.9712918660287081
    },
    "Pledger": {
        "tp": 0,
        "fp": 0,
        "fn": 0,
        "f1": 0,
        "precision": 0,
        "recall": 0
    },
    "PledgedShares": {
        "tp": 2260,
        "fp": 855,
        "fn": 611,
        "f1": 0.7550952221850986,
        "precision": 0.7255216693418941,
        "recall": 0.7871821664925113
    },
    "Pledgee": {
        "tp": 1979,
        "fp": 266,
        "fn": 153,
        "f1": 0.9042723326479324,
        "precision": 0.8815144766146993,
        "recall": 0.9282363977485929
    },
    "TotalPledgedShares": {
        "tp": 1130,
        "fp": 363,
        "fn": 240,
        "f1": 0.7893817673768775,
        "precision": 0.7568653717347622,
        "recall": 0.8248175182481752
    },
    "ReleasedDate": {
        "tp": 422,
        "fp": 399,
        "fn": 339,
        "f1": 0.5335018963337548,
        "precision": 0.5140073081607796,
        "recall": 0.5545335085413929
    },
    "StockCode": {
        "tp": 3225,
        "fp": 12,
        "fn": 23,
        "f1": 0.9946029298380878,
        "precision": 0.9962928637627433,
        "recall": 0.9929187192118226
    },
    "StockAbbr": {
        "tp": 3872,
        "fp": 537,
        "fn": 1223,
        "f1": 0.8148148148148148,
        "precision": 0.878203674302563,
        "recall": 0.7599607458292443
    },
    "precision": 0.8196800085425973,
    "recall": 0.8300951625693894,
    "micro_f1": 0.8248547097328808,
    "macro_f1": 0.6518543463764913
}