{
    "EquityHolder": {
        "tp": 8739,
        "fp": 1772,
        "fn": 874,
        "f1": 0.868515205724508,
        "precision": 0.8314147084007231,
        "recall": 0.9090814522001457
    },
    "FrozeShares": {
        "tp": 111,
        "fp": 88,
        "fn": 187,
        "f1": 0.4466800804828974,
        "precision": 0.5577889447236181,
        "recall": 0.3724832214765101
    },
    "LegalInstitution": {
        "tp": 444,
        "fp": 61,
        "fn": 58,
        "f1": 0.8818272095332671,
        "precision": 0.8792079207920792,
        "recall": 0.8844621513944223
    },
    "TotalHoldingShares": {
        "tp": 1760,
        "fp": 602,
        "fn": 399,
        "f1": 0.7785888077858881,
        "precision": 0.7451312447078747,
        "recall": 0.8151922186197313
    },
    "TotalHoldingRatio": {
        "tp": 1408,
        "fp": 379,
        "fn": 317,
        "f1": 0.8018223234624146,
        "precision": 0.7879127028539452,
        "recall": 0.816231884057971
    },
    "StartDate": {
        "tp": 3628,
        "fp": 835,
        "fn": 1403,
        "f1": 0.7642721718980409,
        "precision": 0.8129061169616849,
        "recall": 0.7211290001987677
    },
    "EndDate": {
        "tp": 996,
        "fp": 631,
        "fn": 514,
        "f1": 0.6350015938795027,
        "precision": 0.6121696373693916,
        "recall": 0.6596026490066225
    },
    "UnfrozeDate": {
        "tp": 0,
        "fp": 0,
        "fn": 18,
        "f1": 0,
        "precision": 0,
        "recall": 0
    },
    "CompanyName": {
        "tp": 9868,
        "fp": 342,
        "fn": 214,
        "f1": 0.9726000394244037,
        "precision": 0.9665034280117532,
        "recall": 0.9787740527673081
    },
    "HighestTradingPrice": {
        "tp": 1534,
        "fp": 1106,
        "fn": 90,
        "f1": 0.7195121951219512,
        "precision": 0.581060606060606,
        "recall": 0.9445812807881774
    },
    "LowestTradingPrice": {
        "tp": 212,
        "fp": 2,
        "fn": 828,
        "f1": 0.3381180223285486,
        "precision": 0.9906542056074766,
        "recall": 0.20384615384615384
    },
    "RepurchasedShares": {
        "tp": 1503,
        "fp": 318,
        "fn": 64,
        "f1": 0.8872491145218416,
        "precision": 0.8253706754530478,
        "recall": 0.9591576260370134
    },
    "ClosingDate": {
        "tp": 1118,
        "fp": 383,
        "fn": 530,
        "f1": 0.7100666878374087,
        "precision": 0.7448367754830113,
        "recall": 0.6783980582524272
    },
    "RepurchaseAmount": {
        "tp": 1207,
        "fp": 236,
        "fn": 219,
        "f1": 0.8414081561519693,
        "precision": 0.8364518364518364,
        "recall": 0.8464235624123422
    },
    "TradedShares": {
        "tp": 781,
        "fp": 351,
        "fn": 353,
        "f1": 0.6893203883495146,
        "precision": 0.6899293286219081,
        "recall": 0.6887125220458554
    },
    "LaterHoldingShares": {
        "tp": 76,
        "fp": 280,
        "fn": 345,
        "f1": 0.19562419562419558,
        "precision": 0.21348314606741572,
        "recall": 0.18052256532066507
    },
    "AveragePrice": {
        "tp": 191,
        "fp": 30,
        "fn": 18,
        "f1": 0.8883720930232558,
        "precision": 0.8642533936651584,
        "recall": 0.9138755980861244
    },
    "Pledger": {
        "tp": 0,
        "fp": 0,
        "fn": 0,
        "f1": 0,
        "precision": 0,
        "recall": 0
    },
    "PledgedShares": {
        "tp": 2427,
        "fp": 873,
        "fn": 444,
        "f1": 0.7865824015556636,
        "precision": 0.7354545454545455,
        "recall": 0.845350052246604
    },
    "Pledgee": {
        "tp": 1994,
        "fp": 198,
        "fn": 138,
        "f1": 0.9222941720629046,
        "precision": 0.9096715328467153,
        "recall": 0.9352720450281425
    },
    "TotalPledgedShares": {
        "tp": 915,
        "fp": 403,
        "fn": 455,
        "f1": 0.6808035714285714,
        "precision": 0.6942336874051593,
        "recall": 0.6678832116788321
    },
    "ReleasedDate": {
        "tp": 468,
        "fp": 426,
        "fn": 293,
        "f1": 0.565558912386707,
        "precision": 0.5234899328859061,
        "recall": 0.6149802890932983
    },
    "StockCode": {
        "tp": 3226,
        "fp": 40,
        "fn": 22,
        "f1": 0.9904820386859071,
        "precision": 0.9877526025719534,
        "recall": 0.9932266009852216
    },
    "StockAbbr": {
        "tp": 4339,
        "fp": 793,
        "fn": 756,
        "f1": 0.848538183240442,
        "precision": 0.8454793452844894,
        "recall": 0.8516192345436703
    },
    "precision": 0.822240515640873,
    "recall": 0.8460997765121476,
    "micro_f1": 0.8339995380980297,
    "macro_f1": 0.6755515651879086
}