{
    "EquityHolder": {
        "tp": 8301,
        "fp": 1489,
        "fn": 1312,
        "f1": 0.855640880276246,
        "precision": 0.847906026557712,
        "recall": 0.8635181525018204
    },
    "FrozeShares": {
        "tp": 99,
        "fp": 112,
        "fn": 199,
        "f1": 0.3889980353634578,
        "precision": 0.46919431279620855,
        "recall": 0.33221476510067116
    },
    "LegalInstitution": {
        "tp": 447,
        "fp": 68,
        "fn": 55,
        "f1": 0.8790560471976402,
        "precision": 0.8679611650485437,
        "recall": 0.8904382470119522
    },
    "TotalHoldingShares": {
        "tp": 1732,
        "fp": 686,
        "fn": 427,
        "f1": 0.7568276163425824,
        "precision": 0.7162944582299421,
        "recall": 0.8022232515053266
    },
    "TotalHoldingRatio": {
        "tp": 1438,
        "fp": 457,
        "fn": 287,
        "f1": 0.794475138121547,
        "precision": 0.7588390501319261,
        "recall": 0.8336231884057971
    },
    "StartDate": {
        "tp": 3712,
        "fp": 1274,
        "fn": 1319,
        "f1": 0.7411400618947788,
        "precision": 0.744484556758925,
        "recall": 0.7378254820115285
    },
    "EndDate": {
        "tp": 1052,
        "fp": 526,
        "fn": 458,
        "f1": 0.6813471502590673,
        "precision": 0.6666666666666666,
        "recall": 0.6966887417218544
    },
    "UnfrozeDate": {
        "tp": 6,
        "fp": 18,
        "fn": 12,
        "f1": 0.28571428571428575,
        "precision": 0.25,
        "recall": 0.3333333333333333
    },
    "CompanyName": {
        "tp": 9432,
        "fp": 415,
        "fn": 650,
        "f1": 0.9465602890260425,
        "precision": 0.9578551843200975,
        "recall": 0.935528664947431
    },
    "HighestTradingPrice": {
        "tp": 1446,
        "fp": 332,
        "fn": 178,
        "f1": 0.8500881834215167,
        "precision": 0.813273340832396,
        "recall": 0.8903940886699507
    },
    "LowestTradingPrice": {
        "tp": 913,
        "fp": 76,
        "fn": 127,
        "f1": 0.8999507146377527,
        "precision": 0.923154701718908,
        "recall": 0.8778846153846154
    },
    "RepurchasedShares": {
        "tp": 1326,
        "fp": 277,
        "fn": 241,
        "f1": 0.8365930599369085,
        "precision": 0.827199001871491,
        "recall": 0.8462029355456286
    },
    "ClosingDate": {
        "tp": 1167,
        "fp": 708,
        "fn": 481,
        "f1": 0.6625035481124042,
        "precision": 0.6224,
        "recall": 0.7081310679611651
    },
    "RepurchaseAmount": {
        "tp": 944,
        "fp": 316,
        "fn": 482,
        "f1": 0.702903946388682,
        "precision": 0.7492063492063492,
        "recall": 0.6619915848527349
    },
    "TradedShares": {
        "tp": 831,
        "fp": 281,
        "fn": 303,
        "f1": 0.7399821905609973,
        "precision": 0.7473021582733813,
        "recall": 0.7328042328042328
    },
    "LaterHoldingShares": {
        "tp": 123,
        "fp": 423,
        "fn": 298,
        "f1": 0.2543950361944157,
        "precision": 0.22527472527472528,
        "recall": 0.2921615201900237
    },
    "AveragePrice": {
        "tp": 195,
        "fp": 49,
        "fn": 14,
        "f1": 0.8609271523178808,
        "precision": 0.7991803278688525,
        "recall": 0.9330143540669856
    },
    "Pledger": {
        "tp": 0,
        "fp": 0,
        "fn": 0,
        "f1": 0,
        "precision": 0,
        "recall": 0
    },
    "PledgedShares": {
        "tp": 2412,
        "fp": 828,
        "fn": 459,
        "f1": 0.7893961708394699,
        "precision": 0.7444444444444445,
        "recall": 0.8401253918495298
    },
    "Pledgee": {
        "tp": 2031,
        "fp": 249,
        "fn": 101,
        "f1": 0.9206708975521305,
        "precision": 0.8907894736842106,
        "recall": 0.952626641651032
    },
    "TotalPledgedShares": {
        "tp": 1188,
        "fp": 352,
        "fn": 182,
        "f1": 0.8164948453608246,
        "precision": 0.7714285714285715,
        "recall": 0.8671532846715329
    },
    "ReleasedDate": {
        "tp": 496,
        "fp": 571,
        "fn": 265,
        "f1": 0.5426695842450765,
        "precision": 0.46485473289597,
        "recall": 0.6517739816031537
    },
    "StockCode": {
        "tp": 3232,
        "fp": 16,
        "fn": 16,
        "f1": 0.9950738916256159,
        "precision": 0.9950738916256158,
        "recall": 0.9950738916256158
    },
    "StockAbbr": {
        "tp": 4154,
        "fp": 453,
        "fn": 941,
        "f1": 0.8563182848897134,
        "precision": 0.901671369654873,
        "recall": 0.8153091265947007
    },
    "precision": 0.8239104725257268,
    "recall": 0.8412695551870809,
    "micro_f1": 0.8324995318226812,
    "macro_f1": 0.7107386254282932
}