{
    "EquityHolder": {
        "tp": 7917,
        "fp": 1448,
        "fn": 1696,
        "f1": 0.8343344925703445,
        "precision": 0.8453817405232248,
        "recall": 0.8235722459169874
    },
    "FrozeShares": {
        "tp": 0,
        "fp": 1,
        "fn": 298,
        "f1": 0,
        "precision": 0,
        "recall": 0
    },
    "LegalInstitution": {
        "tp": 403,
        "fp": 51,
        "fn": 99,
        "f1": 0.8430962343096234,
        "precision": 0.8876651982378855,
        "recall": 0.8027888446215139
    },
    "TotalHoldingShares": {
        "tp": 1849,
        "fp": 702,
        "fn": 310,
        "f1": 0.7851380042462845,
        "precision": 0.7248137985103881,
        "recall": 0.8564150069476609
    },
    "TotalHoldingRatio": {
        "tp": 1457,
        "fp": 470,
        "fn": 268,
        "f1": 0.7979189485213581,
        "precision": 0.7560975609756098,
        "recall": 0.8446376811594203
    },
    "StartDate": {
        "tp": 3954,
        "fp": 1825,
        "fn": 1077,
        "f1": 0.7315448658649398,
        "precision": 0.6842014189306108,
        "recall": 0.7859272510435301
    },
    "EndDate": {
        "tp": 994,
        "fp": 508,
        "fn": 516,
        "f1": 0.6600265604249669,
        "precision": 0.6617842876165113,
        "recall": 0.6582781456953642
    },
    "UnfrozeDate": {
        "tp": 0,
        "fp": 0,
        "fn": 18,
        "f1": 0,
        "precision": 0,
        "recall": 0
    },
    "CompanyName": {
        "tp": 8846,
        "fp": 515,
        "fn": 1236,
        "f1": 0.9099418813969037,
        "precision": 0.9449845102019016,
        "recall": 0.8774052767308074
    },
    "HighestTradingPrice": {
        "tp": 570,
        "fp": 637,
        "fn": 1054,
        "f1": 0.40268456375838924,
        "precision": 0.47224523612261804,
        "recall": 0.35098522167487683
    },
    "LowestTradingPrice": {
        "tp": 952,
        "fp": 565,
        "fn": 88,
        "f1": 0.7446226046147828,
        "precision": 0.6275543836519446,
        "recall": 0.9153846153846154
    },
    "RepurchasedShares": {
        "tp": 819,
        "fp": 149,
        "fn": 748,
        "f1": 0.6461538461538462,
        "precision": 0.8460743801652892,
        "recall": 0.5226547543075941
    },
    "ClosingDate": {
        "tp": 562,
        "fp": 474,
        "fn": 1086,
        "f1": 0.4187779433681073,
        "precision": 0.5424710424710425,
        "recall": 0.34101941747572817
    },
    "RepurchaseAmount": {
        "tp": 886,
        "fp": 102,
        "fn": 540,
        "f1": 0.7340513670256834,
        "precision": 0.8967611336032388,
        "recall": 0.6213183730715287
    },
    "TradedShares": {
        "tp": 933,
        "fp": 534,
        "fn": 201,
        "f1": 0.7174163783160323,
        "precision": 0.6359918200408998,
        "recall": 0.8227513227513228
    },
    "LaterHoldingShares": {
        "tp": 108,
        "fp": 300,
        "fn": 313,
        "f1": 0.2605548854041013,
        "precision": 0.2647058823529412,
        "recall": 0.25653206650831356
    },
    "AveragePrice": {
        "tp": 195,
        "fp": 80,
        "fn": 14,
        "f1": 0.8057851239669421,
        "precision": 0.7090909090909091,
        "recall": 0.9330143540669856
    },
    "Pledger": {
        "tp": 0,
        "fp": 0,
        "fn": 0,
        "f1": 0,
        "precision": 0,
        "recall": 0
    },
    "PledgedShares": {
        "tp": 2436,
        "fp": 776,
        "fn": 435,
        "f1": 0.8009205983889528,
        "precision": 0.7584059775840598,
        "recall": 0.8484848484848485
    },
    "Pledgee": {
        "tp": 1862,
        "fp": 170,
        "fn": 270,
        "f1": 0.8943323727185399,
        "precision": 0.9163385826771654,
        "recall": 0.873358348968105
    },
    "TotalPledgedShares": {
        "tp": 1143,
        "fp": 391,
        "fn": 227,
        "f1": 0.7871900826446281,
        "precision": 0.7451108213820078,
        "recall": 0.8343065693430657
    },
    "ReleasedDate": {
        "tp": 354,
        "fp": 235,
        "fn": 407,
        "f1": 0.5244444444444445,
        "precision": 0.601018675721562,
        "recall": 0.4651773981603154
    },
    "StockCode": {
        "tp": 3236,
        "fp": 10,
        "fn": 12,
        "f1": 0.9966122574684324,
        "precision": 0.9969192852741836,
        "recall": 0.9963054187192119
    },
    "StockAbbr": {
        "tp": 3893,
        "fp": 740,
        "fn": 1202,
        "f1": 0.8003700657894737,
        "precision": 0.8402762788689834,
        "recall": 0.7640824337585869
    },
    "precision": 0.8023569895656035,
    "recall": 0.7816487636075264,
    "micro_f1": 0.7918675138767163,
    "macro_f1": 0.6289965633915323
}