{
    "EquityHolder": {
        "tp": 8000,
        "fp": 1579,
        "fn": 1613,
        "f1": 0.8336807002917882,
        "precision": 0.8351602463722727,
        "recall": 0.8322063871840216
    },
    "FrozeShares": {
        "tp": 118,
        "fp": 119,
        "fn": 180,
        "f1": 0.4411214953271028,
        "precision": 0.4978902953586498,
        "recall": 0.3959731543624161
    },
    "LegalInstitution": {
        "tp": 381,
        "fp": 99,
        "fn": 121,
        "f1": 0.7759674134419552,
        "precision": 0.79375,
        "recall": 0.7589641434262948
    },
    "TotalHoldingShares": {
        "tp": 1778,
        "fp": 509,
        "fn": 381,
        "f1": 0.7998200629779576,
        "precision": 0.7774376912986445,
        "recall": 0.8235294117647058
    },
    "TotalHoldingRatio": {
        "tp": 1546,
        "fp": 349,
        "fn": 179,
        "f1": 0.8541436464088398,
        "precision": 0.8158311345646438,
        "recall": 0.896231884057971
    },
    "StartDate": {
        "tp": 3722,
        "fp": 1149,
        "fn": 1309,
        "f1": 0.7517673197333872,
        "precision": 0.7641141449394375,
        "recall": 0.7398131584178096
    },
    "EndDate": {
        "tp": 991,
        "fp": 583,
        "fn": 519,
        "f1": 0.6426718547341116,
        "precision": 0.6296060991105463,
        "recall": 0.6562913907284769
    },
    "UnfrozeDate": {
        "tp": 0,
        "fp": 0,
        "fn": 18,
        "f1": 0,
        "precision": 0,
        "recall": 0
    },
    "CompanyName": {
        "tp": 9122,
        "fp": 438,
        "fn": 960,
        "f1": 0.9288259851338968,
        "precision": 0.9541841004184101,
        "recall": 0.9047807974608213
    },
    "HighestTradingPrice": {
        "tp": 1336,
        "fp": 271,
        "fn": 288,
        "f1": 0.8269885484370164,
        "precision": 0.8313627878033603,
        "recall": 0.8226600985221675
    },
    "LowestTradingPrice": {
        "tp": 949,
        "fp": 210,
        "fn": 91,
        "f1": 0.8631195998180992,
        "precision": 0.818809318377912,
        "recall": 0.9125
    },
    "RepurchasedShares": {
        "tp": 1422,
        "fp": 169,
        "fn": 145,
        "f1": 0.9005699810006332,
        "precision": 0.8937774984286612,
        "recall": 0.9074664964901085
    },
    "ClosingDate": {
        "tp": 1067,
        "fp": 454,
        "fn": 581,
        "f1": 0.6733985484379931,
        "precision": 0.7015121630506246,
        "recall": 0.6474514563106796
    },
    "RepurchaseAmount": {
        "tp": 1073,
        "fp": 191,
        "fn": 353,
        "f1": 0.7977695167286245,
        "precision": 0.8488924050632911,
        "recall": 0.7524544179523142
    },
    "TradedShares": {
        "tp": 897,
        "fp": 320,
        "fn": 237,
        "f1": 0.7630795406210125,
        "precision": 0.7370583401807724,
        "recall": 0.791005291005291
    },
    "LaterHoldingShares": {
        "tp": 136,
        "fp": 239,
        "fn": 285,
        "f1": 0.3417085427135679,
        "precision": 0.3626666666666667,
        "recall": 0.32304038004750596
    },
    "AveragePrice": {
        "tp": 196,
        "fp": 59,
        "fn": 13,
        "f1": 0.8448275862068966,
        "precision": 0.7686274509803922,
        "recall": 0.937799043062201
    },
    "Pledger": {
        "tp": 0,
        "fp": 0,
        "fn": 0,
        "f1": 0,
        "precision": 0,
        "recall": 0
    },
    "PledgedShares": {
        "tp": 2492,
        "fp": 865,
        "fn": 379,
        "f1": 0.800256904303147,
        "precision": 0.7423294608281203,
        "recall": 0.8679902473005922
    },
    "Pledgee": {
        "tp": 1969,
        "fp": 178,
        "fn": 163,
        "f1": 0.9203084832904885,
        "precision": 0.9170936190032604,
        "recall": 0.9235459662288931
    },
    "TotalPledgedShares": {
        "tp": 1178,
        "fp": 468,
        "fn": 192,
        "f1": 0.7811671087533157,
        "precision": 0.715674362089915,
        "recall": 0.8598540145985402
    },
    "ReleasedDate": {
        "tp": 433,
        "fp": 435,
        "fn": 328,
        "f1": 0.5316144874155924,
        "precision": 0.4988479262672811,
        "recall": 0.568988173455979
    },
    "StockCode": {
        "tp": 3238,
        "fp": 11,
        "fn": 10,
        "f1": 0.9967677389564414,
        "precision": 0.9966143428747307,
        "recall": 0.9969211822660099
    },
    "StockAbbr": {
        "tp": 3848,
        "fp": 462,
        "fn": 1247,
        "f1": 0.8182881446039341,
        "precision": 0.8928074245939676,
        "recall": 0.7552502453385672
    },
    "precision": 0.8336572871441806,
    "recall": 0.8271213322759714,
    "micro_f1": 0.8303764486623904,
    "macro_f1": 0.7036609670556584
}