{
    "EquityHolder": {
        "tp": 8121,
        "fp": 1660,
        "fn": 1492,
        "f1": 0.8374755078890378,
        "precision": 0.8302832021265719,
        "recall": 0.84479350879018
    },
    "FrozeShares": {
        "tp": 92,
        "fp": 93,
        "fn": 206,
        "f1": 0.380952380952381,
        "precision": 0.4972972972972973,
        "recall": 0.3087248322147651
    },
    "LegalInstitution": {
        "tp": 410,
        "fp": 50,
        "fn": 92,
        "f1": 0.8523908523908523,
        "precision": 0.8913043478260869,
        "recall": 0.8167330677290837
    },
    "TotalHoldingShares": {
        "tp": 1771,
        "fp": 433,
        "fn": 388,
        "f1": 0.8118267247306898,
        "precision": 0.8035390199637024,
        "recall": 0.8202871699861046
    },
    "TotalHoldingRatio": {
        "tp": 1503,
        "fp": 282,
        "fn": 222,
        "f1": 0.8564102564102565,
        "precision": 0.8420168067226891,
        "recall": 0.871304347826087
    },
    "StartDate": {
        "tp": 3707,
        "fp": 984,
        "fn": 1324,
        "f1": 0.762600288006583,
        "precision": 0.7902366233212534,
        "recall": 0.736831643808388
    },
    "EndDate": {
        "tp": 950,
        "fp": 455,
        "fn": 560,
        "f1": 0.6518010291595197,
        "precision": 0.6761565836298933,
        "recall": 0.6291390728476821
    },
    "UnfrozeDate": {
        "tp": 0,
        "fp": 0,
        "fn": 18,
        "f1": 0,
        "precision": 0,
        "recall": 0
    },
    "CompanyName": {
        "tp": 9603,
        "fp": 457,
        "fn": 479,
        "f1": 0.9535299374441466,
        "precision": 0.9545725646123261,
        "recall": 0.9524895853997223
    },
    "HighestTradingPrice": {
        "tp": 1457,
        "fp": 263,
        "fn": 167,
        "f1": 0.8714114832535885,
        "precision": 0.8470930232558139,
        "recall": 0.8971674876847291
    },
    "LowestTradingPrice": {
        "tp": 907,
        "fp": 80,
        "fn": 133,
        "f1": 0.8949185989146522,
        "precision": 0.9189463019250254,
        "recall": 0.8721153846153846
    },
    "RepurchasedShares": {
        "tp": 1122,
        "fp": 154,
        "fn": 445,
        "f1": 0.7893070699964826,
        "precision": 0.8793103448275862,
        "recall": 0.7160178685386088
    },
    "ClosingDate": {
        "tp": 637,
        "fp": 320,
        "fn": 1011,
        "f1": 0.4890595009596929,
        "precision": 0.6656217345872518,
        "recall": 0.38652912621359226
    },
    "RepurchaseAmount": {
        "tp": 1028,
        "fp": 147,
        "fn": 398,
        "f1": 0.7904652056901192,
        "precision": 0.8748936170212765,
        "recall": 0.7208976157082749
    },
    "TradedShares": {
        "tp": 772,
        "fp": 211,
        "fn": 362,
        "f1": 0.7293339631554085,
        "precision": 0.785350966429298,
        "recall": 0.6807760141093474
    },
    "LaterHoldingShares": {
        "tp": 108,
        "fp": 212,
        "fn": 313,
        "f1": 0.291497975708502,
        "precision": 0.3375,
        "recall": 0.25653206650831356
    },
    "AveragePrice": {
        "tp": 194,
        "fp": 61,
        "fn": 15,
        "f1": 0.8362068965517242,
        "precision": 0.7607843137254902,
        "recall": 0.9282296650717703
    },
    "Pledger": {
        "tp": 0,
        "fp": 0,
        "fn": 0,
        "f1": 0,
        "precision": 0,
        "recall": 0
    },
    "PledgedShares": {
        "tp": 2319,
        "fp": 795,
        "fn": 552,
        "f1": 0.774937343358396,
        "precision": 0.7447013487475915,
        "recall": 0.8077324973876698
    },
    "Pledgee": {
        "tp": 1967,
        "fp": 189,
        "fn": 165,
        "f1": 0.9174440298507462,
        "precision": 0.9123376623376623,
        "recall": 0.9226078799249531
    },
    "TotalPledgedShares": {
        "tp": 1138,
        "fp": 333,
        "fn": 232,
        "f1": 0.8011263639563534,
        "precision": 0.7736233854520734,
        "recall": 0.8306569343065694
    },
    "ReleasedDate": {
        "tp": 382,
        "fp": 287,
        "fn": 379,
        "f1": 0.5342657342657343,
        "precision": 0.5710014947683109,
        "recall": 0.5019710906701709
    },
    "StockCode": {
        "tp": 3230,
        "fp": 21,
        "fn": 18,
        "f1": 0.9939990767810433,
        "precision": 0.9935404490925869,
        "recall": 0.9944581280788177
    },
    "StockAbbr": {
        "tp": 4078,
        "fp": 414,
        "fn": 1017,
        "f1": 0.8507353708146448,
        "precision": 0.9078361531611754,
        "recall": 0.8003925417075565
    },
    "precision": 0.8520328857426447,
    "recall": 0.8199841395717684,
    "micro_f1": 0.8357013620374536,
    "macro_f1": 0.6946539829266899
}