{
    "EquityHolder": {
        "tp": 8160,
        "fp": 1383,
        "fn": 1453,
        "f1": 0.8519523908958029,
        "precision": 0.8550770198050928,
        "recall": 0.848850514927702
    },
    "FrozeShares": {
        "tp": 81,
        "fp": 71,
        "fn": 217,
        "f1": 0.36000000000000004,
        "precision": 0.5328947368421053,
        "recall": 0.27181208053691275
    },
    "LegalInstitution": {
        "tp": 444,
        "fp": 73,
        "fn": 58,
        "f1": 0.8714425907752699,
        "precision": 0.8588007736943907,
        "recall": 0.8844621513944223
    },
    "TotalHoldingShares": {
        "tp": 1731,
        "fp": 726,
        "fn": 428,
        "f1": 0.75,
        "precision": 0.7045177045177046,
        "recall": 0.8017600741083835
    },
    "TotalHoldingRatio": {
        "tp": 1401,
        "fp": 290,
        "fn": 324,
        "f1": 0.8202576112412179,
        "precision": 0.8285038438793614,
        "recall": 0.8121739130434783
    },
    "StartDate": {
        "tp": 3726,
        "fp": 1174,
        "fn": 1305,
        "f1": 0.7503776054777969,
        "precision": 0.7604081632653061,
        "recall": 0.740608228980322
    },
    "EndDate": {
        "tp": 1052,
        "fp": 559,
        "fn": 458,
        "f1": 0.6741429029157322,
        "precision": 0.6530105524518932,
        "recall": 0.6966887417218544
    },
    "UnfrozeDate": {
        "tp": 0,
        "fp": 0,
        "fn": 18,
        "f1": 0,
        "precision": 0,
        "recall": 0
    },
    "CompanyName": {
        "tp": 9521,
        "fp": 492,
        "fn": 561,
        "f1": 0.9475989052002985,
        "precision": 0.9508638769599521,
        "recall": 0.9443562785161674
    },
    "HighestTradingPrice": {
        "tp": 1460,
        "fp": 1347,
        "fn": 164,
        "f1": 0.658993455201986,
        "precision": 0.5201282508015675,
        "recall": 0.8990147783251231
    },
    "LowestTradingPrice": {
        "tp": 0,
        "fp": 0,
        "fn": 1040,
        "f1": 0,
        "precision": 0,
        "recall": 0
    },
    "RepurchasedShares": {
        "tp": 1460,
        "fp": 270,
        "fn": 107,
        "f1": 0.8856536245071277,
        "precision": 0.8439306358381503,
        "recall": 0.9317166560306318
    },
    "ClosingDate": {
        "tp": 1139,
        "fp": 651,
        "fn": 509,
        "f1": 0.6625945317044794,
        "precision": 0.6363128491620111,
        "recall": 0.6911407766990292
    },
    "RepurchaseAmount": {
        "tp": 1265,
        "fp": 287,
        "fn": 161,
        "f1": 0.8495634654130289,
        "precision": 0.8150773195876289,
        "recall": 0.8870967741935484
    },
    "TradedShares": {
        "tp": 916,
        "fp": 456,
        "fn": 218,
        "f1": 0.7310454908220271,
        "precision": 0.6676384839650146,
        "recall": 0.8077601410934744
    },
    "LaterHoldingShares": {
        "tp": 62,
        "fp": 126,
        "fn": 359,
        "f1": 0.2036124794745484,
        "precision": 0.32978723404255317,
        "recall": 0.14726840855106887
    },
    "AveragePrice": {
        "tp": 198,
        "fp": 70,
        "fn": 11,
        "f1": 0.830188679245283,
        "precision": 0.7388059701492538,
        "recall": 0.9473684210526315
    },
    "Pledger": {
        "tp": 0,
        "fp": 0,
        "fn": 0,
        "f1": 0,
        "precision": 0,
        "recall": 0
    },
    "PledgedShares": {
        "tp": 2506,
        "fp": 898,
        "fn": 365,
        "f1": 0.7987250996015938,
        "precision": 0.736192714453584,
        "recall": 0.8728665970045281
    },
    "Pledgee": {
        "tp": 2004,
        "fp": 175,
        "fn": 128,
        "f1": 0.9297146833681281,
        "precision": 0.9196879302432308,
        "recall": 0.9399624765478424
    },
    "TotalPledgedShares": {
        "tp": 1163,
        "fp": 435,
        "fn": 207,
        "f1": 0.7836927223719676,
        "precision": 0.727784730913642,
        "recall": 0.8489051094890511
    },
    "ReleasedDate": {
        "tp": 470,
        "fp": 426,
        "fn": 291,
        "f1": 0.5672902836451418,
        "precision": 0.5245535714285714,
        "recall": 0.6176084099868594
    },
    "StockCode": {
        "tp": 3231,
        "fp": 17,
        "fn": 17,
        "f1": 0.9947660098522167,
        "precision": 0.9947660098522167,
        "recall": 0.9947660098522167
    },
    "StockAbbr": {
        "tp": 4109,
        "fp": 545,
        "fn": 986,
        "f1": 0.8429582521284233,
        "precision": 0.8828964331757628,
        "recall": 0.806476938174681
    },
    "precision": 0.8149018914619056,
    "recall": 0.8308521375531684,
    "micro_f1": 0.822799721562818,
    "macro_f1": 0.6568571159934194
}