{
    "EquityHolder": {
        "tp": 8324,
        "fp": 1534,
        "fn": 1289,
        "f1": 0.8550151507369935,
        "precision": 0.844390342868736,
        "recall": 0.8659107458649745
    },
    "FrozeShares": {
        "tp": 69,
        "fp": 83,
        "fn": 229,
        "f1": 0.3066666666666667,
        "precision": 0.45394736842105265,
        "recall": 0.23154362416107382
    },
    "LegalInstitution": {
        "tp": 443,
        "fp": 60,
        "fn": 59,
        "f1": 0.8815920398009951,
        "precision": 0.8807157057654076,
        "recall": 0.8824701195219123
    },
    "TotalHoldingShares": {
        "tp": 1792,
        "fp": 767,
        "fn": 367,
        "f1": 0.7596439169139465,
        "precision": 0.7002735443532629,
        "recall": 0.8300138953219083
    },
    "TotalHoldingRatio": {
        "tp": 1469,
        "fp": 460,
        "fn": 256,
        "f1": 0.8040503557744937,
        "precision": 0.7615344738206324,
        "recall": 0.8515942028985507
    },
    "StartDate": {
        "tp": 3641,
        "fp": 1283,
        "fn": 1390,
        "f1": 0.7314917127071823,
        "precision": 0.7394394800974817,
        "recall": 0.723712979526933
    },
    "EndDate": {
        "tp": 1067,
        "fp": 684,
        "fn": 443,
        "f1": 0.6544004906470408,
        "precision": 0.6093660765276985,
        "recall": 0.7066225165562914
    },
    "UnfrozeDate": {
        "tp": 4,
        "fp": 11,
        "fn": 14,
        "f1": 0.2424242424242424,
        "precision": 0.26666666666666666,
        "recall": 0.2222222222222222
    },
    "CompanyName": {
        "tp": 9489,
        "fp": 332,
        "fn": 593,
        "f1": 0.953524594282269,
        "precision": 0.9661948885042256,
        "recall": 0.9411823050981948
    },
    "HighestTradingPrice": {
        "tp": 1193,
        "fp": 1632,
        "fn": 431,
        "f1": 0.5363002922004945,
        "precision": 0.4223008849557522,
        "recall": 0.7346059113300493
    },
    "LowestTradingPrice": {
        "tp": 0,
        "fp": 0,
        "fn": 1040,
        "f1": 0,
        "precision": 0,
        "recall": 0
    },
    "RepurchasedShares": {
        "tp": 1450,
        "fp": 268,
        "fn": 117,
        "f1": 0.882800608828006,
        "precision": 0.8440046565774156,
        "recall": 0.9253350350989151
    },
    "ClosingDate": {
        "tp": 1161,
        "fp": 902,
        "fn": 487,
        "f1": 0.6257073565076798,
        "precision": 0.5627726611730489,
        "recall": 0.7044902912621359
    },
    "RepurchaseAmount": {
        "tp": 1326,
        "fp": 337,
        "fn": 100,
        "f1": 0.8585302686953707,
        "precision": 0.7973541791942274,
        "recall": 0.9298737727910238
    },
    "TradedShares": {
        "tp": 885,
        "fp": 411,
        "fn": 249,
        "f1": 0.7283950617283951,
        "precision": 0.6828703703703703,
        "recall": 0.7804232804232805
    },
    "LaterHoldingShares": {
        "tp": 97,
        "fp": 225,
        "fn": 324,
        "f1": 0.2611036339165545,
        "precision": 0.30124223602484473,
        "recall": 0.23040380047505937
    },
    "AveragePrice": {
        "tp": 199,
        "fp": 63,
        "fn": 10,
        "f1": 0.8450106157112526,
        "precision": 0.7595419847328244,
        "recall": 0.9521531100478469
    },
    "Pledger": {
        "tp": 0,
        "fp": 0,
        "fn": 0,
        "f1": 0,
        "precision": 0,
        "recall": 0
    },
    "PledgedShares": {
        "tp": 2424,
        "fp": 872,
        "fn": 447,
        "f1": 0.7861196692070699,
        "precision": 0.7354368932038835,
        "recall": 0.8443051201671892
    },
    "Pledgee": {
        "tp": 1995,
        "fp": 158,
        "fn": 137,
        "f1": 0.9311551925320887,
        "precision": 0.9266140269391546,
        "recall": 0.9357410881801126
    },
    "TotalPledgedShares": {
        "tp": 1142,
        "fp": 482,
        "fn": 228,
        "f1": 0.7628590514362057,
        "precision": 0.7032019704433498,
        "recall": 0.8335766423357664
    },
    "ReleasedDate": {
        "tp": 429,
        "fp": 519,
        "fn": 332,
        "f1": 0.5020479812755998,
        "precision": 0.4525316455696203,
        "recall": 0.5637319316688568
    },
    "StockCode": {
        "tp": 3237,
        "fp": 10,
        "fn": 11,
        "f1": 0.9967667436489608,
        "precision": 0.9969202340622113,
        "recall": 0.9966133004926109
    },
    "StockAbbr": {
        "tp": 4155,
        "fp": 590,
        "fn": 940,
        "f1": 0.8445121951219513,
        "precision": 0.8756585879873551,
        "recall": 0.8155053974484789
    },
    "precision": 0.797430384575372,
    "recall": 0.8289056304520223,
    "micro_f1": 0.8128634298944838,
    "macro_f1": 0.6562549100318109
}