{
    "EquityHolder": {
        "tp": 8186,
        "fp": 1318,
        "fn": 1427,
        "f1": 0.8564105246639117,
        "precision": 0.8613215488215489,
        "recall": 0.8515551856860502
    },
    "FrozeShares": {
        "tp": 25,
        "fp": 33,
        "fn": 273,
        "f1": 0.14044943820224717,
        "precision": 0.43103448275862066,
        "recall": 0.08389261744966443
    },
    "LegalInstitution": {
        "tp": 446,
        "fp": 73,
        "fn": 56,
        "f1": 0.8736532810969638,
        "precision": 0.859344894026975,
        "recall": 0.8884462151394422
    },
    "TotalHoldingShares": {
        "tp": 1736,
        "fp": 815,
        "fn": 423,
        "f1": 0.7371549893842887,
        "precision": 0.6805174441395531,
        "recall": 0.8040759610930986
    },
    "TotalHoldingRatio": {
        "tp": 1408,
        "fp": 302,
        "fn": 317,
        "f1": 0.8197962154294033,
        "precision": 0.8233918128654971,
        "recall": 0.816231884057971
    },
    "StartDate": {
        "tp": 3641,
        "fp": 1103,
        "fn": 1390,
        "f1": 0.7449616368286445,
        "precision": 0.767495784148398,
        "recall": 0.723712979526933
    },
    "EndDate": {
        "tp": 1038,
        "fp": 549,
        "fn": 472,
        "f1": 0.6703261220536003,
        "precision": 0.6540642722117203,
        "recall": 0.6874172185430464
    },
    "UnfrozeDate": {
        "tp": 0,
        "fp": 0,
        "fn": 18,
        "f1": 0,
        "precision": 0,
        "recall": 0
    },
    "CompanyName": {
        "tp": 9645,
        "fp": 495,
        "fn": 437,
        "f1": 0.95391158144595,
        "precision": 0.9511834319526628,
        "recall": 0.9566554255108114
    },
    "HighestTradingPrice": {
        "tp": 1455,
        "fp": 1365,
        "fn": 169,
        "f1": 0.6548154815481548,
        "precision": 0.5159574468085106,
        "recall": 0.895935960591133
    },
    "LowestTradingPrice": {
        "tp": 0,
        "fp": 0,
        "fn": 1040,
        "f1": 0,
        "precision": 0,
        "recall": 0
    },
    "RepurchasedShares": {
        "tp": 1454,
        "fp": 279,
        "fn": 113,
        "f1": 0.8812121212121211,
        "precision": 0.8390075014425851,
        "recall": 0.9278876834716018
    },
    "ClosingDate": {
        "tp": 1020,
        "fp": 466,
        "fn": 628,
        "f1": 0.6509253350350988,
        "precision": 0.6864064602960969,
        "recall": 0.6189320388349514
    },
    "RepurchaseAmount": {
        "tp": 1153,
        "fp": 206,
        "fn": 273,
        "f1": 0.8280071813285458,
        "precision": 0.8484179543782193,
        "recall": 0.8085553997194951
    },
    "TradedShares": {
        "tp": 876,
        "fp": 400,
        "fn": 258,
        "f1": 0.7269709543568466,
        "precision": 0.6865203761755486,
        "recall": 0.7724867724867724
    },
    "LaterHoldingShares": {
        "tp": 36,
        "fp": 102,
        "fn": 385,
        "f1": 0.1288014311270125,
        "precision": 0.2608695652173913,
        "recall": 0.0855106888361045
    },
    "AveragePrice": {
        "tp": 198,
        "fp": 77,
        "fn": 11,
        "f1": 0.8181818181818181,
        "precision": 0.72,
        "recall": 0.9473684210526315
    },
    "Pledger": {
        "tp": 0,
        "fp": 0,
        "fn": 0,
        "f1": 0,
        "precision": 0,
        "recall": 0
    },
    "PledgedShares": {
        "tp": 2462,
        "fp": 879,
        "fn": 409,
        "f1": 0.7926593689632969,
        "precision": 0.7369051182280755,
        "recall": 0.8575409265064438
    },
    "Pledgee": {
        "tp": 2007,
        "fp": 173,
        "fn": 125,
        "f1": 0.9308905380333952,
        "precision": 0.9206422018348623,
        "recall": 0.9413696060037523
    },
    "TotalPledgedShares": {
        "tp": 1171,
        "fp": 446,
        "fn": 199,
        "f1": 0.7840642785403414,
        "precision": 0.7241805813234384,
        "recall": 0.8547445255474453
    },
    "ReleasedDate": {
        "tp": 464,
        "fp": 460,
        "fn": 297,
        "f1": 0.5507418397626113,
        "precision": 0.5021645021645021,
        "recall": 0.6097240473061761
    },
    "StockCode": {
        "tp": 3225,
        "fp": 26,
        "fn": 23,
        "f1": 0.9924603785197722,
        "precision": 0.9920024607812981,
        "recall": 0.9929187192118226
    },
    "StockAbbr": {
        "tp": 4057,
        "fp": 481,
        "fn": 1038,
        "f1": 0.8423128827987127,
        "precision": 0.8940061701189952,
        "recall": 0.7962708537782139
    },
    "precision": 0.8197700489677315,
    "recall": 0.8237149448489655,
    "micro_f1": 0.8217377623949297,
    "macro_f1": 0.6407794749380308
}