{
    "EquityHolder": {
        "tp": 8295,
        "fp": 1478,
        "fn": 1318,
        "f1": 0.8557722067471372,
        "precision": 0.8487670111531771,
        "recall": 0.8628939977114324
    },
    "FrozeShares": {
        "tp": 83,
        "fp": 78,
        "fn": 215,
        "f1": 0.3616557734204793,
        "precision": 0.515527950310559,
        "recall": 0.2785234899328859
    },
    "LegalInstitution": {
        "tp": 443,
        "fp": 67,
        "fn": 59,
        "f1": 0.875494071146245,
        "precision": 0.8686274509803922,
        "recall": 0.8824701195219123
    },
    "TotalHoldingShares": {
        "tp": 1752,
        "fp": 715,
        "fn": 407,
        "f1": 0.7574578469520103,
        "precision": 0.7101743007701662,
        "recall": 0.8114867994441871
    },
    "TotalHoldingRatio": {
        "tp": 1412,
        "fp": 338,
        "fn": 313,
        "f1": 0.8126618705035972,
        "precision": 0.8068571428571428,
        "recall": 0.8185507246376812
    },
    "StartDate": {
        "tp": 3669,
        "fp": 1169,
        "fn": 1362,
        "f1": 0.7435403789644341,
        "precision": 0.7583712277800744,
        "recall": 0.72927847346452
    },
    "EndDate": {
        "tp": 1022,
        "fp": 505,
        "fn": 488,
        "f1": 0.6730325979585117,
        "precision": 0.6692861820563196,
        "recall": 0.6768211920529801
    },
    "UnfrozeDate": {
        "tp": 0,
        "fp": 0,
        "fn": 18,
        "f1": 0,
        "precision": 0,
        "recall": 0
    },
    "CompanyName": {
        "tp": 9593,
        "fp": 368,
        "fn": 489,
        "f1": 0.9572419298508207,
        "precision": 0.963055918080514,
        "recall": 0.9514977187066058
    },
    "HighestTradingPrice": {
        "tp": 1419,
        "fp": 1400,
        "fn": 205,
        "f1": 0.6387575962187712,
        "precision": 0.5033699893579283,
        "recall": 0.8737684729064039
    },
    "LowestTradingPrice": {
        "tp": 0,
        "fp": 0,
        "fn": 1040,
        "f1": 0,
        "precision": 0,
        "recall": 0
    },
    "RepurchasedShares": {
        "tp": 1458,
        "fp": 252,
        "fn": 109,
        "f1": 0.8898382667073542,
        "precision": 0.8526315789473684,
        "recall": 0.9304403318442884
    },
    "ClosingDate": {
        "tp": 946,
        "fp": 733,
        "fn": 702,
        "f1": 0.5686804929365795,
        "precision": 0.5634306134603931,
        "recall": 0.5740291262135923
    },
    "RepurchaseAmount": {
        "tp": 1299,
        "fp": 320,
        "fn": 127,
        "f1": 0.8532019704433498,
        "precision": 0.8023471278567017,
        "recall": 0.9109396914446003
    },
    "TradedShares": {
        "tp": 920,
        "fp": 472,
        "fn": 214,
        "f1": 0.7284243863816311,
        "precision": 0.6609195402298851,
        "recall": 0.8112874779541446
    },
    "LaterHoldingShares": {
        "tp": 71,
        "fp": 145,
        "fn": 350,
        "f1": 0.22291993720565148,
        "precision": 0.3287037037037037,
        "recall": 0.16864608076009502
    },
    "AveragePrice": {
        "tp": 199,
        "fp": 65,
        "fn": 10,
        "f1": 0.8414376321353064,
        "precision": 0.7537878787878788,
        "recall": 0.9521531100478469
    },
    "Pledger": {
        "tp": 0,
        "fp": 0,
        "fn": 0,
        "f1": 0,
        "precision": 0,
        "recall": 0
    },
    "PledgedShares": {
        "tp": 2458,
        "fp": 881,
        "fn": 413,
        "f1": 0.7916264090177134,
        "precision": 0.7361485474693021,
        "recall": 0.8561476837338906
    },
    "Pledgee": {
        "tp": 1997,
        "fp": 157,
        "fn": 135,
        "f1": 0.9318712085860943,
        "precision": 0.9271123491179202,
        "recall": 0.9366791744840526
    },
    "TotalPledgedShares": {
        "tp": 1177,
        "fp": 456,
        "fn": 193,
        "f1": 0.7838827838827839,
        "precision": 0.7207593386405389,
        "recall": 0.8591240875912409
    },
    "ReleasedDate": {
        "tp": 481,
        "fp": 486,
        "fn": 280,
        "f1": 0.556712962962963,
        "precision": 0.49741468459152016,
        "recall": 0.6320630749014454
    },
    "StockCode": {
        "tp": 3231,
        "fp": 19,
        "fn": 17,
        "f1": 0.9944598337950139,
        "precision": 0.9941538461538462,
        "recall": 0.9947660098522167
    },
    "StockAbbr": {
        "tp": 4087,
        "fp": 565,
        "fn": 1008,
        "f1": 0.8386170103621626,
        "precision": 0.8785468615649183,
        "recall": 0.8021589793915603
    },
    "precision": 0.8117711402409978,
    "recall": 0.8292841179439118,
    "micro_f1": 0.820434181785762,
    "macro_f1": 0.6532202985907755
}