{
    "EquityHolder": {
        "tp": 8230,
        "fp": 1431,
        "fn": 1383,
        "f1": 0.8540002075334648,
        "precision": 0.8518786875064693,
        "recall": 0.8561323208155622
    },
    "FrozeShares": {
        "tp": 67,
        "fp": 68,
        "fn": 231,
        "f1": 0.3094688221709007,
        "precision": 0.4962962962962963,
        "recall": 0.22483221476510068
    },
    "LegalInstitution": {
        "tp": 444,
        "fp": 70,
        "fn": 58,
        "f1": 0.874015748031496,
        "precision": 0.8638132295719845,
        "recall": 0.8844621513944223
    },
    "TotalHoldingShares": {
        "tp": 1777,
        "fp": 781,
        "fn": 382,
        "f1": 0.7534449862200552,
        "precision": 0.6946833463643471,
        "recall": 0.8230662343677628
    },
    "TotalHoldingRatio": {
        "tp": 1422,
        "fp": 353,
        "fn": 303,
        "f1": 0.8125714285714285,
        "precision": 0.8011267605633803,
        "recall": 0.8243478260869566
    },
    "StartDate": {
        "tp": 3690,
        "fp": 1174,
        "fn": 1341,
        "f1": 0.7458312278928751,
        "precision": 0.7586348684210527,
        "recall": 0.7334525939177102
    },
    "EndDate": {
        "tp": 1056,
        "fp": 538,
        "fn": 454,
        "f1": 0.6804123711340208,
        "precision": 0.6624843161856964,
        "recall": 0.6993377483443709
    },
    "UnfrozeDate": {
        "tp": 0,
        "fp": 0,
        "fn": 18,
        "f1": 0,
        "precision": 0,
        "recall": 0
    },
    "CompanyName": {
        "tp": 9264,
        "fp": 481,
        "fn": 818,
        "f1": 0.934483280375246,
        "precision": 0.9506413545407901,
        "recall": 0.9188653045030748
    },
    "HighestTradingPrice": {
        "tp": 1326,
        "fp": 1477,
        "fn": 298,
        "f1": 0.5990512762593178,
        "precision": 0.4730645736710667,
        "recall": 0.8165024630541872
    },
    "LowestTradingPrice": {
        "tp": 0,
        "fp": 0,
        "fn": 1040,
        "f1": 0,
        "precision": 0,
        "recall": 0
    },
    "RepurchasedShares": {
        "tp": 1435,
        "fp": 242,
        "fn": 132,
        "f1": 0.8847102342786685,
        "precision": 0.8556946929039952,
        "recall": 0.9157626037013401
    },
    "ClosingDate": {
        "tp": 939,
        "fp": 658,
        "fn": 709,
        "f1": 0.5787365177195685,
        "precision": 0.5879774577332498,
        "recall": 0.5697815533980582
    },
    "RepurchaseAmount": {
        "tp": 1241,
        "fp": 286,
        "fn": 185,
        "f1": 0.840501185235354,
        "precision": 0.8127046496398166,
        "recall": 0.8702664796633941
    },
    "TradedShares": {
        "tp": 913,
        "fp": 434,
        "fn": 221,
        "f1": 0.7359935509875051,
        "precision": 0.6778025241276912,
        "recall": 0.8051146384479718
    },
    "LaterHoldingShares": {
        "tp": 72,
        "fp": 152,
        "fn": 349,
        "f1": 0.22325581395348837,
        "precision": 0.32142857142857145,
        "recall": 0.171021377672209
    },
    "AveragePrice": {
        "tp": 198,
        "fp": 76,
        "fn": 11,
        "f1": 0.8198757763975155,
        "precision": 0.7226277372262774,
        "recall": 0.9473684210526315
    },
    "Pledger": {
        "tp": 0,
        "fp": 0,
        "fn": 0,
        "f1": 0,
        "precision": 0,
        "recall": 0
    },
    "PledgedShares": {
        "tp": 2435,
        "fp": 878,
        "fn": 436,
        "f1": 0.7875161707632601,
        "precision": 0.7349833987322668,
        "recall": 0.8481365377917102
    },
    "Pledgee": {
        "tp": 2002,
        "fp": 164,
        "fn": 130,
        "f1": 0.9315960912052117,
        "precision": 0.9242843951985226,
        "recall": 0.9390243902439024
    },
    "TotalPledgedShares": {
        "tp": 1173,
        "fp": 457,
        "fn": 197,
        "f1": 0.782,
        "precision": 0.7196319018404908,
        "recall": 0.8562043795620438
    },
    "ReleasedDate": {
        "tp": 471,
        "fp": 452,
        "fn": 290,
        "f1": 0.5593824228028503,
        "precision": 0.5102925243770314,
        "recall": 0.6189224704336399
    },
    "StockCode": {
        "tp": 3231,
        "fp": 17,
        "fn": 17,
        "f1": 0.9947660098522167,
        "precision": 0.9947660098522167,
        "recall": 0.9947660098522167
    },
    "StockAbbr": {
        "tp": 4051,
        "fp": 521,
        "fn": 1044,
        "f1": 0.8381090307230785,
        "precision": 0.8860454943132109,
        "recall": 0.7950932286555447
    },
    "precision": 0.8092507168682209,
    "recall": 0.8189207699516978,
    "micro_f1": 0.8140570271698722,
    "macro_f1": 0.6474884230044802
}