{
    "EquityHolder": {
        "tp": 8275,
        "fp": 1528,
        "fn": 1338,
        "f1": 0.8523897816234033,
        "precision": 0.8441293481587269,
        "recall": 0.8608134817434724
    },
    "FrozeShares": {
        "tp": 76,
        "fp": 79,
        "fn": 222,
        "f1": 0.3355408388520972,
        "precision": 0.49032258064516127,
        "recall": 0.2550335570469799
    },
    "LegalInstitution": {
        "tp": 444,
        "fp": 60,
        "fn": 58,
        "f1": 0.882703777335984,
        "precision": 0.8809523809523809,
        "recall": 0.8844621513944223
    },
    "TotalHoldingShares": {
        "tp": 1747,
        "fp": 668,
        "fn": 412,
        "f1": 0.7638828159160472,
        "precision": 0.7233954451345755,
        "recall": 0.8091709124594719
    },
    "TotalHoldingRatio": {
        "tp": 1408,
        "fp": 319,
        "fn": 317,
        "f1": 0.8157589803012747,
        "precision": 0.8152866242038217,
        "recall": 0.816231884057971
    },
    "StartDate": {
        "tp": 3733,
        "fp": 1209,
        "fn": 1298,
        "f1": 0.7486212774491128,
        "precision": 0.755362201537839,
        "recall": 0.7419996024647187
    },
    "EndDate": {
        "tp": 1026,
        "fp": 492,
        "fn": 484,
        "f1": 0.6776750330250991,
        "precision": 0.6758893280632411,
        "recall": 0.6794701986754967
    },
    "UnfrozeDate": {
        "tp": 0,
        "fp": 0,
        "fn": 18,
        "f1": 0,
        "precision": 0,
        "recall": 0
    },
    "CompanyName": {
        "tp": 9578,
        "fp": 346,
        "fn": 504,
        "f1": 0.9575127461761472,
        "precision": 0.9651350261991133,
        "recall": 0.9500099186669312
    },
    "HighestTradingPrice": {
        "tp": 1294,
        "fp": 1507,
        "fn": 330,
        "f1": 0.584858757062147,
        "precision": 0.46197786504819705,
        "recall": 0.7967980295566502
    },
    "LowestTradingPrice": {
        "tp": 0,
        "fp": 0,
        "fn": 1040,
        "f1": 0,
        "precision": 0,
        "recall": 0
    },
    "RepurchasedShares": {
        "tp": 1439,
        "fp": 241,
        "fn": 128,
        "f1": 0.886356636895596,
        "precision": 0.856547619047619,
        "recall": 0.9183152520740268
    },
    "ClosingDate": {
        "tp": 899,
        "fp": 684,
        "fn": 749,
        "f1": 0.5564840606623336,
        "precision": 0.5679090334807327,
        "recall": 0.5455097087378641
    },
    "RepurchaseAmount": {
        "tp": 1286,
        "fp": 308,
        "fn": 140,
        "f1": 0.8516556291390729,
        "precision": 0.8067754077791719,
        "recall": 0.9018232819074333
    },
    "TradedShares": {
        "tp": 907,
        "fp": 454,
        "fn": 227,
        "f1": 0.7270541082164328,
        "precision": 0.6664217487141807,
        "recall": 0.7998236331569665
    },
    "LaterHoldingShares": {
        "tp": 78,
        "fp": 182,
        "fn": 343,
        "f1": 0.2290748898678414,
        "precision": 0.3,
        "recall": 0.18527315914489312
    },
    "AveragePrice": {
        "tp": 199,
        "fp": 60,
        "fn": 10,
        "f1": 0.8504273504273505,
        "precision": 0.7683397683397684,
        "recall": 0.9521531100478469
    },
    "Pledger": {
        "tp": 0,
        "fp": 0,
        "fn": 0,
        "f1": 0,
        "precision": 0,
        "recall": 0
    },
    "PledgedShares": {
        "tp": 2447,
        "fp": 886,
        "fn": 424,
        "f1": 0.7888459058671825,
        "precision": 0.7341734173417341,
        "recall": 0.8523162661093695
    },
    "Pledgee": {
        "tp": 1994,
        "fp": 159,
        "fn": 138,
        "f1": 0.9306884480746792,
        "precision": 0.9261495587552253,
        "recall": 0.9352720450281425
    },
    "TotalPledgedShares": {
        "tp": 1164,
        "fp": 444,
        "fn": 206,
        "f1": 0.7817327065144392,
        "precision": 0.7238805970149254,
        "recall": 0.8496350364963504
    },
    "ReleasedDate": {
        "tp": 472,
        "fp": 400,
        "fn": 289,
        "f1": 0.5780771586037967,
        "precision": 0.5412844036697247,
        "recall": 0.6202365308804205
    },
    "StockCode": {
        "tp": 3234,
        "fp": 14,
        "fn": 14,
        "f1": 0.9956896551724138,
        "precision": 0.9956896551724138,
        "recall": 0.9956896551724138
    },
    "StockAbbr": {
        "tp": 4127,
        "fp": 535,
        "fn": 968,
        "f1": 0.8459567490007174,
        "precision": 0.8852423852423852,
        "recall": 0.8100098135426889
    },
    "precision": 0.8125066487004007,
    "recall": 0.8259498233725038,
    "micro_f1": 0.8191730868920151,
    "macro_f1": 0.6517078044242988
}