{
    "EquityHolder": {
        "tp": 7711,
        "fp": 2324,
        "fn": 1902,
        "f1": 0.7849144951140065,
        "precision": 0.7684105630293971,
        "recall": 0.8021429314469989
    },
    "FrozeShares": {
        "tp": 48,
        "fp": 85,
        "fn": 250,
        "f1": 0.22273781902552203,
        "precision": 0.3609022556390977,
        "recall": 0.1610738255033557
    },
    "LegalInstitution": {
        "tp": 388,
        "fp": 107,
        "fn": 114,
        "f1": 0.7783350050150452,
        "precision": 0.7838383838383839,
        "recall": 0.7729083665338645
    },
    "TotalHoldingShares": {
        "tp": 1758,
        "fp": 1311,
        "fn": 401,
        "f1": 0.6725325172149962,
        "precision": 0.5728250244379277,
        "recall": 0.8142658638258453
    },
    "TotalHoldingRatio": {
        "tp": 1394,
        "fp": 585,
        "fn": 331,
        "f1": 0.7526997840172786,
        "precision": 0.7043961596766043,
        "recall": 0.8081159420289855
    },
    "StartDate": {
        "tp": 3767,
        "fp": 1652,
        "fn": 1264,
        "f1": 0.720956937799043,
        "precision": 0.6951467060343237,
        "recall": 0.7487577022460743
    },
    "EndDate": {
        "tp": 904,
        "fp": 551,
        "fn": 606,
        "f1": 0.6097807757166948,
        "precision": 0.6213058419243986,
        "recall": 0.5986754966887418
    },
    "UnfrozeDate": {
        "tp": 3,
        "fp": 8,
        "fn": 15,
        "f1": 0.20689655172413793,
        "precision": 0.2727272727272727,
        "recall": 0.16666666666666666
    },
    "CompanyName": {
        "tp": 9349,
        "fp": 483,
        "fn": 733,
        "f1": 0.9389374309530983,
        "precision": 0.9508746948738812,
        "recall": 0.9272961713945646
    },
    "HighestTradingPrice": {
        "tp": 1426,
        "fp": 1014,
        "fn": 198,
        "f1": 0.7017716535433071,
        "precision": 0.5844262295081967,
        "recall": 0.8780788177339901
    },
    "LowestTradingPrice": {
        "tp": 182,
        "fp": 132,
        "fn": 858,
        "f1": 0.2688330871491876,
        "precision": 0.5796178343949044,
        "recall": 0.175
    },
    "RepurchasedShares": {
        "tp": 1374,
        "fp": 249,
        "fn": 193,
        "f1": 0.8614420062695924,
        "precision": 0.8465804066543438,
        "recall": 0.8768347160178686
    },
    "ClosingDate": {
        "tp": 1157,
        "fp": 762,
        "fn": 491,
        "f1": 0.6487244182786654,
        "precision": 0.6029181865554977,
        "recall": 0.7020631067961165
    },
    "RepurchaseAmount": {
        "tp": 1105,
        "fp": 388,
        "fn": 321,
        "f1": 0.7571085988352175,
        "precision": 0.7401205626255861,
        "recall": 0.7748948106591865
    },
    "TradedShares": {
        "tp": 708,
        "fp": 340,
        "fn": 426,
        "f1": 0.6489459211732356,
        "precision": 0.6755725190839694,
        "recall": 0.6243386243386243
    },
    "LaterHoldingShares": {
        "tp": 25,
        "fp": 51,
        "fn": 396,
        "f1": 0.10060362173038229,
        "precision": 0.32894736842105265,
        "recall": 0.05938242280285035
    },
    "AveragePrice": {
        "tp": 185,
        "fp": 52,
        "fn": 24,
        "f1": 0.8295964125560539,
        "precision": 0.7805907172995781,
        "recall": 0.8851674641148325
    },
    "Pledger": {
        "tp": 0,
        "fp": 0,
        "fn": 0,
        "f1": 0,
        "precision": 0,
        "recall": 0
    },
    "PledgedShares": {
        "tp": 1396,
        "fp": 874,
        "fn": 1475,
        "f1": 0.5430850029177203,
        "precision": 0.614977973568282,
        "recall": 0.48624172762103796
    },
    "Pledgee": {
        "tp": 1843,
        "fp": 312,
        "fn": 289,
        "f1": 0.8598087240494519,
        "precision": 0.8552204176334107,
        "recall": 0.8644465290806754
    },
    "TotalPledgedShares": {
        "tp": 917,
        "fp": 462,
        "fn": 453,
        "f1": 0.6671516915241906,
        "precision": 0.6649746192893401,
        "recall": 0.6693430656934306
    },
    "ReleasedDate": {
        "tp": 420,
        "fp": 309,
        "fn": 341,
        "f1": 0.563758389261745,
        "precision": 0.5761316872427984,
        "recall": 0.5519053876478318
    },
    "StockCode": {
        "tp": 3212,
        "fp": 19,
        "fn": 36,
        "f1": 0.9915110356536503,
        "precision": 0.9941194676570722,
        "recall": 0.9889162561576355
    },
    "StockAbbr": {
        "tp": 3521,
        "fp": 872,
        "fn": 1574,
        "f1": 0.7422006745362562,
        "precision": 0.8015023901661734,
        "recall": 0.6910696761530912
    },
    "precision": 0.7677940252982866,
    "recall": 0.7712673924014131,
    "micro_f1": 0.7695267894874078,
    "macro_f1": 0.6196805230857702
}