{
    "EquityHolder": {
        "tp": 7605,
        "fp": 1789,
        "fn": 2008,
        "f1": 0.8002314936602305,
        "precision": 0.8095592931658505,
        "recall": 0.7911161968168106
    },
    "FrozeShares": {
        "tp": 88,
        "fp": 88,
        "fn": 210,
        "f1": 0.37130801687763715,
        "precision": 0.5,
        "recall": 0.2953020134228188
    },
    "LegalInstitution": {
        "tp": 421,
        "fp": 74,
        "fn": 81,
        "f1": 0.8445336008024071,
        "precision": 0.8505050505050505,
        "recall": 0.8386454183266933
    },
    "TotalHoldingShares": {
        "tp": 1750,
        "fp": 512,
        "fn": 409,
        "f1": 0.7916760913820402,
        "precision": 0.7736516357206012,
        "recall": 0.8105604446503011
    },
    "TotalHoldingRatio": {
        "tp": 1446,
        "fp": 257,
        "fn": 279,
        "f1": 0.8436406067677946,
        "precision": 0.8490898414562537,
        "recall": 0.8382608695652174
    },
    "StartDate": {
        "tp": 3402,
        "fp": 912,
        "fn": 1629,
        "f1": 0.7280898876404495,
        "precision": 0.7885952712100139,
        "recall": 0.6762075134168157
    },
    "EndDate": {
        "tp": 1002,
        "fp": 490,
        "fn": 508,
        "f1": 0.6675549633577615,
        "precision": 0.6715817694369973,
        "recall": 0.6635761589403973
    },
    "UnfrozeDate": {
        "tp": 0,
        "fp": 0,
        "fn": 18,
        "f1": 0,
        "precision": 0,
        "recall": 0
    },
    "CompanyName": {
        "tp": 9531,
        "fp": 290,
        "fn": 551,
        "f1": 0.9577450635582576,
        "precision": 0.970471438753691,
        "recall": 0.9453481452092839
    },
    "HighestTradingPrice": {
        "tp": 1460,
        "fp": 286,
        "fn": 164,
        "f1": 0.8664688427299703,
        "precision": 0.8361970217640321,
        "recall": 0.8990147783251231
    },
    "LowestTradingPrice": {
        "tp": 905,
        "fp": 88,
        "fn": 135,
        "f1": 0.8903098868666995,
        "precision": 0.9113796576032226,
        "recall": 0.8701923076923077
    },
    "RepurchasedShares": {
        "tp": 1416,
        "fp": 221,
        "fn": 151,
        "f1": 0.8838951310861423,
        "precision": 0.8649969456322542,
        "recall": 0.9036375239310785
    },
    "ClosingDate": {
        "tp": 736,
        "fp": 580,
        "fn": 912,
        "f1": 0.4966261808367071,
        "precision": 0.5592705167173252,
        "recall": 0.44660194174757284
    },
    "RepurchaseAmount": {
        "tp": 1014,
        "fp": 147,
        "fn": 412,
        "f1": 0.7839195979899497,
        "precision": 0.8733850129198967,
        "recall": 0.7110799438990182
    },
    "TradedShares": {
        "tp": 871,
        "fp": 311,
        "fn": 263,
        "f1": 0.7521588946459412,
        "precision": 0.7368866328257191,
        "recall": 0.7680776014109347
    },
    "LaterHoldingShares": {
        "tp": 93,
        "fp": 183,
        "fn": 328,
        "f1": 0.266857962697274,
        "precision": 0.33695652173913043,
        "recall": 0.2209026128266033
    },
    "AveragePrice": {
        "tp": 196,
        "fp": 48,
        "fn": 13,
        "f1": 0.8653421633554084,
        "precision": 0.8032786885245902,
        "recall": 0.937799043062201
    },
    "Pledger": {
        "tp": 0,
        "fp": 0,
        "fn": 0,
        "f1": 0,
        "precision": 0,
        "recall": 0
    },
    "PledgedShares": {
        "tp": 2391,
        "fp": 872,
        "fn": 480,
        "f1": 0.7795891750896642,
        "precision": 0.7327612626417407,
        "recall": 0.832810867293626
    },
    "Pledgee": {
        "tp": 1963,
        "fp": 237,
        "fn": 169,
        "f1": 0.9062788550323176,
        "precision": 0.8922727272727272,
        "recall": 0.9207317073170732
    },
    "TotalPledgedShares": {
        "tp": 1181,
        "fp": 393,
        "fn": 189,
        "f1": 0.8023097826086956,
        "precision": 0.7503176620076238,
        "recall": 0.862043795620438
    },
    "ReleasedDate": {
        "tp": 437,
        "fp": 515,
        "fn": 324,
        "f1": 0.5102159953298308,
        "precision": 0.45903361344537813,
        "recall": 0.5742444152431012
    },
    "StockCode": {
        "tp": 3225,
        "fp": 18,
        "fn": 23,
        "f1": 0.9936835618548759,
        "precision": 0.9944495837187789,
        "recall": 0.9929187192118226
    },
    "StockAbbr": {
        "tp": 3986,
        "fp": 769,
        "fn": 1109,
        "f1": 0.8093401015228426,
        "precision": 0.8382754994742376,
        "recall": 0.7823356231599607
    },
    "precision": 0.8324692337497002,
    "recall": 0.813189387931656,
    "micro_f1": 0.8227163735492282,
    "macro_f1": 0.6921573273205374
}