{
    "EquityHolder": {
        "tp": 7846,
        "fp": 1522,
        "fn": 1767,
        "f1": 0.8267214583004057,
        "precision": 0.837532023911187,
        "recall": 0.8161864142307292
    },
    "FrozeShares": {
        "tp": 81,
        "fp": 58,
        "fn": 217,
        "f1": 0.3707093821510297,
        "precision": 0.5827338129496403,
        "recall": 0.27181208053691275
    },
    "LegalInstitution": {
        "tp": 341,
        "fp": 90,
        "fn": 161,
        "f1": 0.7309753483386924,
        "precision": 0.7911832946635731,
        "recall": 0.6792828685258964
    },
    "TotalHoldingShares": {
        "tp": 1837,
        "fp": 705,
        "fn": 322,
        "f1": 0.7815358434375665,
        "precision": 0.7226593233674272,
        "recall": 0.8508568781843446
    },
    "TotalHoldingRatio": {
        "tp": 1520,
        "fp": 452,
        "fn": 205,
        "f1": 0.8222883418988369,
        "precision": 0.77079107505071,
        "recall": 0.881159420289855
    },
    "StartDate": {
        "tp": 3834,
        "fp": 1364,
        "fn": 1197,
        "f1": 0.7496333952488025,
        "precision": 0.7375913813005002,
        "recall": 0.7620751341681574
    },
    "EndDate": {
        "tp": 1075,
        "fp": 820,
        "fn": 435,
        "f1": 0.631424375917768,
        "precision": 0.5672823218997362,
        "recall": 0.7119205298013245
    },
    "UnfrozeDate": {
        "tp": 0,
        "fp": 1,
        "fn": 18,
        "f1": 0,
        "precision": 0,
        "recall": 0
    },
    "CompanyName": {
        "tp": 9401,
        "fp": 324,
        "fn": 681,
        "f1": 0.9492603624981067,
        "precision": 0.9666838046272493,
        "recall": 0.9324538781987701
    },
    "HighestTradingPrice": {
        "tp": 1241,
        "fp": 200,
        "fn": 383,
        "f1": 0.8097879282218596,
        "precision": 0.861207494795281,
        "recall": 0.7641625615763546
    },
    "LowestTradingPrice": {
        "tp": 932,
        "fp": 192,
        "fn": 108,
        "f1": 0.8613678373382625,
        "precision": 0.8291814946619217,
        "recall": 0.8961538461538462
    },
    "RepurchasedShares": {
        "tp": 1202,
        "fp": 222,
        "fn": 365,
        "f1": 0.8037445670344368,
        "precision": 0.8441011235955056,
        "recall": 0.767070835992342
    },
    "ClosingDate": {
        "tp": 860,
        "fp": 512,
        "fn": 788,
        "f1": 0.5695364238410595,
        "precision": 0.6268221574344023,
        "recall": 0.5218446601941747
    },
    "RepurchaseAmount": {
        "tp": 1029,
        "fp": 170,
        "fn": 397,
        "f1": 0.784,
        "precision": 0.8582151793160967,
        "recall": 0.7215988779803647
    },
    "TradedShares": {
        "tp": 913,
        "fp": 416,
        "fn": 221,
        "f1": 0.7413723101908243,
        "precision": 0.6869826937547028,
        "recall": 0.8051146384479718
    },
    "LaterHoldingShares": {
        "tp": 80,
        "fp": 131,
        "fn": 341,
        "f1": 0.2531645569620253,
        "precision": 0.3791469194312796,
        "recall": 0.19002375296912113
    },
    "AveragePrice": {
        "tp": 196,
        "fp": 64,
        "fn": 13,
        "f1": 0.835820895522388,
        "precision": 0.7538461538461538,
        "recall": 0.937799043062201
    },
    "Pledger": {
        "tp": 0,
        "fp": 0,
        "fn": 0,
        "f1": 0,
        "precision": 0,
        "recall": 0
    },
    "PledgedShares": {
        "tp": 2477,
        "fp": 856,
        "fn": 394,
        "f1": 0.7985170857511283,
        "precision": 0.7431743174317432,
        "recall": 0.8627655869035179
    },
    "Pledgee": {
        "tp": 1887,
        "fp": 184,
        "fn": 245,
        "f1": 0.8979300499643112,
        "precision": 0.9111540318686625,
        "recall": 0.8850844277673546
    },
    "TotalPledgedShares": {
        "tp": 1193,
        "fp": 422,
        "fn": 177,
        "f1": 0.7993299832495813,
        "precision": 0.7386996904024767,
        "recall": 0.8708029197080291
    },
    "ReleasedDate": {
        "tp": 399,
        "fp": 328,
        "fn": 362,
        "f1": 0.536290322580645,
        "precision": 0.5488308115543329,
        "recall": 0.5243101182654402
    },
    "StockCode": {
        "tp": 3232,
        "fp": 12,
        "fn": 16,
        "f1": 0.9956869993838571,
        "precision": 0.9963008631319359,
        "recall": 0.9950738916256158
    },
    "StockAbbr": {
        "tp": 3698,
        "fp": 629,
        "fn": 1397,
        "f1": 0.7849713436637658,
        "precision": 0.8546336954009707,
        "recall": 0.7258096172718351
    },
    "precision": 0.8239426366746743,
    "recall": 0.8159829860860789,
    "micro_f1": 0.8199434946392351,
    "macro_f1": 0.6805862004789733
}