{
    "EquityHolder": {
        "tp": 7279,
        "fp": 1708,
        "fn": 2334,
        "f1": 0.7826881720430108,
        "precision": 0.8099477022365639,
        "recall": 0.7572037865390617
    },
    "FrozeShares": {
        "tp": 0,
        "fp": 0,
        "fn": 298,
        "f1": 0,
        "precision": 0,
        "recall": 0
    },
    "LegalInstitution": {
        "tp": 173,
        "fp": 43,
        "fn": 329,
        "f1": 0.48189415041782735,
        "precision": 0.8009259259259259,
        "recall": 0.34462151394422313
    },
    "TotalHoldingShares": {
        "tp": 1539,
        "fp": 611,
        "fn": 620,
        "f1": 0.7143188674866559,
        "precision": 0.7158139534883721,
        "recall": 0.7128300138953219
    },
    "TotalHoldingRatio": {
        "tp": 1321,
        "fp": 429,
        "fn": 404,
        "f1": 0.7602877697841727,
        "precision": 0.7548571428571429,
        "recall": 0.7657971014492754
    },
    "StartDate": {
        "tp": 3457,
        "fp": 3903,
        "fn": 1574,
        "f1": 0.5579856347348883,
        "precision": 0.46970108695652174,
        "recall": 0.6871397336513616
    },
    "EndDate": {
        "tp": 807,
        "fp": 988,
        "fn": 703,
        "f1": 0.48835098335854765,
        "precision": 0.44958217270194983,
        "recall": 0.5344370860927152
    },
    "UnfrozeDate": {
        "tp": 0,
        "fp": 0,
        "fn": 18,
        "f1": 0,
        "precision": 0,
        "recall": 0
    },
    "CompanyName": {
        "tp": 9457,
        "fp": 476,
        "fn": 625,
        "f1": 0.9449912565575819,
        "precision": 0.9520789288231148,
        "recall": 0.9380083316802221
    },
    "HighestTradingPrice": {
        "tp": 576,
        "fp": 335,
        "fn": 1048,
        "f1": 0.4544378698224852,
        "precision": 0.6322722283205269,
        "recall": 0.35467980295566504
    },
    "LowestTradingPrice": {
        "tp": 0,
        "fp": 0,
        "fn": 1040,
        "f1": 0,
        "precision": 0,
        "recall": 0
    },
    "RepurchasedShares": {
        "tp": 0,
        "fp": 0,
        "fn": 1567,
        "f1": 0,
        "precision": 0,
        "recall": 0
    },
    "ClosingDate": {
        "tp": 0,
        "fp": 0,
        "fn": 1648,
        "f1": 0,
        "precision": 0,
        "recall": 0
    },
    "RepurchaseAmount": {
        "tp": 0,
        "fp": 0,
        "fn": 1426,
        "f1": 0,
        "precision": 0,
        "recall": 0
    },
    "TradedShares": {
        "tp": 933,
        "fp": 2555,
        "fn": 201,
        "f1": 0.4037213327563826,
        "precision": 0.26748853211009177,
        "recall": 0.8227513227513228
    },
    "LaterHoldingShares": {
        "tp": 0,
        "fp": 2,
        "fn": 421,
        "f1": 0,
        "precision": 0,
        "recall": 0
    },
    "AveragePrice": {
        "tp": 152,
        "fp": 1558,
        "fn": 57,
        "f1": 0.15841584158415842,
        "precision": 0.08888888888888889,
        "recall": 0.7272727272727273
    },
    "Pledger": {
        "tp": 0,
        "fp": 0,
        "fn": 0,
        "f1": 0,
        "precision": 0,
        "recall": 0
    },
    "PledgedShares": {
        "tp": 2363,
        "fp": 1253,
        "fn": 508,
        "f1": 0.7285339910590413,
        "precision": 0.6534845132743363,
        "recall": 0.8230581678857541
    },
    "Pledgee": {
        "tp": 1934,
        "fp": 390,
        "fn": 198,
        "f1": 0.8680430879712748,
        "precision": 0.8321858864027539,
        "recall": 0.9071294559099438
    },
    "TotalPledgedShares": {
        "tp": 1108,
        "fp": 989,
        "fn": 262,
        "f1": 0.6391693106432073,
        "precision": 0.5283738674296614,
        "recall": 0.8087591240875912
    },
    "ReleasedDate": {
        "tp": 107,
        "fp": 454,
        "fn": 654,
        "f1": 0.16187594553706505,
        "precision": 0.19073083778966132,
        "recall": 0.14060446780551905
    },
    "StockCode": {
        "tp": 3216,
        "fp": 34,
        "fn": 32,
        "f1": 0.9898430286241922,
        "precision": 0.9895384615384616,
        "recall": 0.9901477832512315
    },
    "StockAbbr": {
        "tp": 3366,
        "fp": 476,
        "fn": 1729,
        "f1": 0.7532729103726082,
        "precision": 0.8761061946902655,
        "recall": 0.6606476938174681
    },
    "precision": 0.6998814639205808,
    "recall": 0.6810612068344027,
    "micro_f1": 0.6903430888961963,
    "macro_f1": 0.41199292303137924
}