{
    "EquityHolder": {
        "tp": 8288,
        "fp": 1509,
        "fn": 1325,
        "f1": 0.8539927872230809,
        "precision": 0.8459732571195264,
        "recall": 0.8621658171226464
    },
    "FrozeShares": {
        "tp": 90,
        "fp": 128,
        "fn": 208,
        "f1": 0.3488372093023256,
        "precision": 0.41284403669724773,
        "recall": 0.30201342281879195
    },
    "LegalInstitution": {
        "tp": 433,
        "fp": 73,
        "fn": 69,
        "f1": 0.8591269841269842,
        "precision": 0.8557312252964426,
        "recall": 0.8625498007968128
    },
    "TotalHoldingShares": {
        "tp": 1747,
        "fp": 706,
        "fn": 412,
        "f1": 0.7575888985255853,
        "precision": 0.7121891561353445,
        "recall": 0.8091709124594719
    },
    "TotalHoldingRatio": {
        "tp": 1488,
        "fp": 607,
        "fn": 237,
        "f1": 0.7790575916230368,
        "precision": 0.7102625298329356,
        "recall": 0.8626086956521739
    },
    "StartDate": {
        "tp": 3809,
        "fp": 1311,
        "fn": 1222,
        "f1": 0.7504679341936756,
        "precision": 0.7439453125,
        "recall": 0.7571059431524548
    },
    "EndDate": {
        "tp": 983,
        "fp": 482,
        "fn": 527,
        "f1": 0.6608403361344538,
        "precision": 0.6709897610921501,
        "recall": 0.6509933774834437
    },
    "UnfrozeDate": {
        "tp": 8,
        "fp": 14,
        "fn": 10,
        "f1": 0.39999999999999997,
        "precision": 0.36363636363636365,
        "recall": 0.4444444444444444
    },
    "CompanyName": {
        "tp": 9398,
        "fp": 397,
        "fn": 684,
        "f1": 0.945615535543593,
        "precision": 0.9594691168963757,
        "recall": 0.9321563181908351
    },
    "HighestTradingPrice": {
        "tp": 992,
        "fp": 993,
        "fn": 632,
        "f1": 0.5497367691881407,
        "precision": 0.49974811083123427,
        "recall": 0.6108374384236454
    },
    "LowestTradingPrice": {
        "tp": 670,
        "fp": 187,
        "fn": 370,
        "f1": 0.7063784923563522,
        "precision": 0.7817969661610268,
        "recall": 0.6442307692307693
    },
    "RepurchasedShares": {
        "tp": 1340,
        "fp": 225,
        "fn": 227,
        "f1": 0.855683269476373,
        "precision": 0.8562300319488818,
        "recall": 0.8551372048500319
    },
    "ClosingDate": {
        "tp": 791,
        "fp": 418,
        "fn": 857,
        "f1": 0.5537276863843192,
        "precision": 0.6542597187758478,
        "recall": 0.4799757281553398
    },
    "RepurchaseAmount": {
        "tp": 1252,
        "fp": 310,
        "fn": 174,
        "f1": 0.8380187416331996,
        "precision": 0.8015364916773368,
        "recall": 0.8779803646563815
    },
    "TradedShares": {
        "tp": 769,
        "fp": 292,
        "fn": 365,
        "f1": 0.7006833712984054,
        "precision": 0.7247879359095193,
        "recall": 0.6781305114638448
    },
    "LaterHoldingShares": {
        "tp": 72,
        "fp": 150,
        "fn": 349,
        "f1": 0.223950233281493,
        "precision": 0.32432432432432434,
        "recall": 0.171021377672209
    },
    "AveragePrice": {
        "tp": 195,
        "fp": 61,
        "fn": 14,
        "f1": 0.8387096774193549,
        "precision": 0.76171875,
        "recall": 0.9330143540669856
    },
    "Pledger": {
        "tp": 0,
        "fp": 0,
        "fn": 0,
        "f1": 0,
        "precision": 0,
        "recall": 0
    },
    "PledgedShares": {
        "tp": 2215,
        "fp": 872,
        "fn": 656,
        "f1": 0.7435381000335682,
        "precision": 0.7175251052802073,
        "recall": 0.7715081853012887
    },
    "Pledgee": {
        "tp": 2001,
        "fp": 156,
        "fn": 131,
        "f1": 0.9330846351130799,
        "precision": 0.9276773296244785,
        "recall": 0.9385553470919324
    },
    "TotalPledgedShares": {
        "tp": 1026,
        "fp": 409,
        "fn": 344,
        "f1": 0.7315508021390374,
        "precision": 0.7149825783972126,
        "recall": 0.7489051094890511
    },
    "ReleasedDate": {
        "tp": 476,
        "fp": 430,
        "fn": 285,
        "f1": 0.5710857828434313,
        "precision": 0.5253863134657837,
        "recall": 0.6254927726675427
    },
    "StockCode": {
        "tp": 3236,
        "fp": 8,
        "fn": 12,
        "f1": 0.9969192852741836,
        "precision": 0.9975339087546239,
        "recall": 0.9963054187192119
    },
    "StockAbbr": {
        "tp": 4072,
        "fp": 522,
        "fn": 1023,
        "f1": 0.840540819486015,
        "precision": 0.8863735306922073,
        "recall": 0.7992149165848872
    },
    "precision": 0.8155041268813724,
    "recall": 0.8173707735563406,
    "micro_f1": 0.816436383275575,
    "macro_f1": 0.6849639559416539
}