{
    "EquityHolder": {
        "tp": 8406,
        "fp": 1601,
        "fn": 1207,
        "f1": 0.8568807339449541,
        "precision": 0.8400119916058759,
        "recall": 0.8744408613336108
    },
    "FrozeShares": {
        "tp": 91,
        "fp": 137,
        "fn": 207,
        "f1": 0.3460076045627377,
        "precision": 0.3991228070175439,
        "recall": 0.3053691275167785
    },
    "LegalInstitution": {
        "tp": 434,
        "fp": 71,
        "fn": 68,
        "f1": 0.861966236345581,
        "precision": 0.8594059405940594,
        "recall": 0.8645418326693227
    },
    "TotalHoldingShares": {
        "tp": 1741,
        "fp": 688,
        "fn": 418,
        "f1": 0.7589363557105493,
        "precision": 0.7167558666117744,
        "recall": 0.8063918480778138
    },
    "TotalHoldingRatio": {
        "tp": 1436,
        "fp": 422,
        "fn": 289,
        "f1": 0.8015629360870778,
        "precision": 0.7728740581270183,
        "recall": 0.832463768115942
    },
    "StartDate": {
        "tp": 3827,
        "fp": 1217,
        "fn": 1204,
        "f1": 0.7597022332506203,
        "precision": 0.7587232355273592,
        "recall": 0.7606837606837606
    },
    "EndDate": {
        "tp": 1031,
        "fp": 539,
        "fn": 479,
        "f1": 0.6694805194805195,
        "precision": 0.6566878980891719,
        "recall": 0.6827814569536423
    },
    "UnfrozeDate": {
        "tp": 3,
        "fp": 5,
        "fn": 15,
        "f1": 0.23076923076923078,
        "precision": 0.375,
        "recall": 0.16666666666666666
    },
    "CompanyName": {
        "tp": 9353,
        "fp": 401,
        "fn": 729,
        "f1": 0.9430328695301472,
        "precision": 0.9588886610621283,
        "recall": 0.9276929180718112
    },
    "HighestTradingPrice": {
        "tp": 1002,
        "fp": 1809,
        "fn": 622,
        "f1": 0.4518602029312289,
        "precision": 0.35645677694770544,
        "recall": 0.6169950738916257
    },
    "LowestTradingPrice": {
        "tp": 1,
        "fp": 0,
        "fn": 1039,
        "f1": 0.001921229586935639,
        "precision": 1.0,
        "recall": 0.0009615384615384616
    },
    "RepurchasedShares": {
        "tp": 1425,
        "fp": 222,
        "fn": 142,
        "f1": 0.8867454884878656,
        "precision": 0.8652094717668488,
        "recall": 0.9093809827696235
    },
    "ClosingDate": {
        "tp": 850,
        "fp": 513,
        "fn": 798,
        "f1": 0.5645964795748921,
        "precision": 0.623624358033749,
        "recall": 0.5157766990291263
    },
    "RepurchaseAmount": {
        "tp": 1247,
        "fp": 279,
        "fn": 179,
        "f1": 0.844850948509485,
        "precision": 0.8171690694626474,
        "recall": 0.8744740532959326
    },
    "TradedShares": {
        "tp": 841,
        "fp": 378,
        "fn": 293,
        "f1": 0.7148321291967701,
        "precision": 0.689909762100082,
        "recall": 0.7416225749559083
    },
    "LaterHoldingShares": {
        "tp": 94,
        "fp": 218,
        "fn": 327,
        "f1": 0.25648021828103684,
        "precision": 0.30128205128205127,
        "recall": 0.22327790973871733
    },
    "AveragePrice": {
        "tp": 198,
        "fp": 84,
        "fn": 11,
        "f1": 0.8065173116089612,
        "precision": 0.7021276595744681,
        "recall": 0.9473684210526315
    },
    "Pledger": {
        "tp": 0,
        "fp": 0,
        "fn": 0,
        "f1": 0,
        "precision": 0,
        "recall": 0
    },
    "PledgedShares": {
        "tp": 2173,
        "fp": 821,
        "fn": 698,
        "f1": 0.741005967604433,
        "precision": 0.7257849031396125,
        "recall": 0.756879136189481
    },
    "Pledgee": {
        "tp": 2000,
        "fp": 147,
        "fn": 132,
        "f1": 0.9347978499649451,
        "precision": 0.9315323707498836,
        "recall": 0.9380863039399625
    },
    "TotalPledgedShares": {
        "tp": 1111,
        "fp": 421,
        "fn": 259,
        "f1": 0.7656788421778085,
        "precision": 0.7251958224543081,
        "recall": 0.810948905109489
    },
    "ReleasedDate": {
        "tp": 457,
        "fp": 358,
        "fn": 304,
        "f1": 0.5799492385786802,
        "precision": 0.5607361963190184,
        "recall": 0.6005256241787122
    },
    "StockCode": {
        "tp": 3232,
        "fp": 11,
        "fn": 16,
        "f1": 0.9958403943922353,
        "precision": 0.9966080789392537,
        "recall": 0.9950738916256158
    },
    "StockAbbr": {
        "tp": 4070,
        "fp": 522,
        "fn": 1025,
        "f1": 0.8403014349127698,
        "precision": 0.8863240418118467,
        "recall": 0.7988223748773308
    },
    "precision": 0.8056077441981141,
    "recall": 0.8114591593973037,
    "micro_f1": 0.8085228650187212,
    "macro_f1": 0.6505715189787278
}