{
    "EquityHolder": {
        "tp": 8305,
        "fp": 1340,
        "fn": 1308,
        "f1": 0.8624987018381972,
        "precision": 0.8610679108346293,
        "recall": 0.8639342556954125
    },
    "FrozeShares": {
        "tp": 98,
        "fp": 116,
        "fn": 200,
        "f1": 0.3828125,
        "precision": 0.45794392523364486,
        "recall": 0.3288590604026846
    },
    "LegalInstitution": {
        "tp": 441,
        "fp": 69,
        "fn": 61,
        "f1": 0.8715415019762845,
        "precision": 0.8647058823529412,
        "recall": 0.8784860557768924
    },
    "TotalHoldingShares": {
        "tp": 1709,
        "fp": 661,
        "fn": 450,
        "f1": 0.754691984985648,
        "precision": 0.7210970464135021,
        "recall": 0.7915701713756369
    },
    "TotalHoldingRatio": {
        "tp": 1397,
        "fp": 347,
        "fn": 328,
        "f1": 0.8054194292303258,
        "precision": 0.8010321100917431,
        "recall": 0.8098550724637681
    },
    "StartDate": {
        "tp": 3729,
        "fp": 1033,
        "fn": 1302,
        "f1": 0.7615643827223528,
        "precision": 0.7830743385132297,
        "recall": 0.7412045319022064
    },
    "EndDate": {
        "tp": 1045,
        "fp": 495,
        "fn": 465,
        "f1": 0.6852459016393443,
        "precision": 0.6785714285714286,
        "recall": 0.6920529801324503
    },
    "UnfrozeDate": {
        "tp": 0,
        "fp": 0,
        "fn": 18,
        "f1": 0,
        "precision": 0,
        "recall": 0
    },
    "CompanyName": {
        "tp": 9302,
        "fp": 444,
        "fn": 780,
        "f1": 0.9382691143836998,
        "precision": 0.9544428483480403,
        "recall": 0.9226343979369173
    },
    "HighestTradingPrice": {
        "tp": 1425,
        "fp": 1392,
        "fn": 199,
        "f1": 0.6417473541995046,
        "precision": 0.5058572949946751,
        "recall": 0.8774630541871922
    },
    "LowestTradingPrice": {
        "tp": 0,
        "fp": 0,
        "fn": 1040,
        "f1": 0,
        "precision": 0,
        "recall": 0
    },
    "RepurchasedShares": {
        "tp": 1429,
        "fp": 246,
        "fn": 138,
        "f1": 0.8815545959284391,
        "precision": 0.8531343283582089,
        "recall": 0.9119336311423102
    },
    "ClosingDate": {
        "tp": 977,
        "fp": 590,
        "fn": 671,
        "f1": 0.6077760497667185,
        "precision": 0.6234843650287173,
        "recall": 0.5928398058252428
    },
    "RepurchaseAmount": {
        "tp": 1243,
        "fp": 288,
        "fn": 183,
        "f1": 0.8407169428474806,
        "precision": 0.8118876551273677,
        "recall": 0.8716690042075736
    },
    "TradedShares": {
        "tp": 828,
        "fp": 337,
        "fn": 306,
        "f1": 0.7203131796433231,
        "precision": 0.7107296137339055,
        "recall": 0.7301587301587301
    },
    "LaterHoldingShares": {
        "tp": 61,
        "fp": 145,
        "fn": 360,
        "f1": 0.1945773524720893,
        "precision": 0.2961165048543689,
        "recall": 0.14489311163895488
    },
    "AveragePrice": {
        "tp": 200,
        "fp": 81,
        "fn": 9,
        "f1": 0.8163265306122449,
        "precision": 0.7117437722419929,
        "recall": 0.9569377990430622
    },
    "Pledger": {
        "tp": 0,
        "fp": 0,
        "fn": 0,
        "f1": 0,
        "precision": 0,
        "recall": 0
    },
    "PledgedShares": {
        "tp": 2375,
        "fp": 895,
        "fn": 496,
        "f1": 0.7734896596645497,
        "precision": 0.7262996941896025,
        "recall": 0.8272378962034135
    },
    "Pledgee": {
        "tp": 2006,
        "fp": 148,
        "fn": 126,
        "f1": 0.9360709286047596,
        "precision": 0.9312906220984215,
        "recall": 0.9409005628517824
    },
    "TotalPledgedShares": {
        "tp": 1159,
        "fp": 408,
        "fn": 211,
        "f1": 0.7892407218249915,
        "precision": 0.7396298659859605,
        "recall": 0.845985401459854
    },
    "ReleasedDate": {
        "tp": 471,
        "fp": 420,
        "fn": 290,
        "f1": 0.5702179176755449,
        "precision": 0.5286195286195287,
        "recall": 0.6189224704336399
    },
    "StockCode": {
        "tp": 3233,
        "fp": 12,
        "fn": 15,
        "f1": 0.9958416756507007,
        "precision": 0.9963020030816641,
        "recall": 0.9953817733990148
    },
    "StockAbbr": {
        "tp": 4127,
        "fp": 451,
        "fn": 968,
        "f1": 0.853303008373824,
        "precision": 0.901485364788117,
        "recall": 0.8100098135426889
    },
    "precision": 0.8212264320992105,
    "recall": 0.8211376252613366,
    "micro_f1": 0.8211820262792667,
    "macro_f1": 0.6534674764183342
}