{
    "EquityHolder": {
        "tp": 8410,
        "fp": 1626,
        "fn": 1203,
        "f1": 0.8560232072879028,
        "precision": 0.837983260263053,
        "recall": 0.8748569645272027
    },
    "FrozeShares": {
        "tp": 130,
        "fp": 185,
        "fn": 168,
        "f1": 0.42414355628058725,
        "precision": 0.4126984126984127,
        "recall": 0.436241610738255
    },
    "LegalInstitution": {
        "tp": 434,
        "fp": 69,
        "fn": 68,
        "f1": 0.863681592039801,
        "precision": 0.8628230616302187,
        "recall": 0.8645418326693227
    },
    "TotalHoldingShares": {
        "tp": 1723,
        "fp": 638,
        "fn": 436,
        "f1": 0.7623893805309734,
        "precision": 0.7297755188479458,
        "recall": 0.7980546549328392
    },
    "TotalHoldingRatio": {
        "tp": 1455,
        "fp": 360,
        "fn": 270,
        "f1": 0.8220338983050848,
        "precision": 0.8016528925619835,
        "recall": 0.8434782608695652
    },
    "StartDate": {
        "tp": 3788,
        "fp": 1255,
        "fn": 1243,
        "f1": 0.7520349414333929,
        "precision": 0.7511401943287725,
        "recall": 0.7529318226992645
    },
    "EndDate": {
        "tp": 1059,
        "fp": 586,
        "fn": 451,
        "f1": 0.6713153724247226,
        "precision": 0.6437689969604863,
        "recall": 0.7013245033112583
    },
    "UnfrozeDate": {
        "tp": 9,
        "fp": 16,
        "fn": 9,
        "f1": 0.41860465116279066,
        "precision": 0.36,
        "recall": 0.5
    },
    "CompanyName": {
        "tp": 9514,
        "fp": 382,
        "fn": 568,
        "f1": 0.9524476924617078,
        "precision": 0.9613985448666128,
        "recall": 0.9436619718309859
    },
    "HighestTradingPrice": {
        "tp": 1400,
        "fp": 376,
        "fn": 224,
        "f1": 0.823529411764706,
        "precision": 0.7882882882882883,
        "recall": 0.8620689655172413
    },
    "LowestTradingPrice": {
        "tp": 891,
        "fp": 165,
        "fn": 149,
        "f1": 0.8501908396946565,
        "precision": 0.84375,
        "recall": 0.8567307692307692
    },
    "RepurchasedShares": {
        "tp": 1394,
        "fp": 223,
        "fn": 173,
        "f1": 0.8756281407035177,
        "precision": 0.8620902906617193,
        "recall": 0.8895979578813018
    },
    "ClosingDate": {
        "tp": 960,
        "fp": 523,
        "fn": 688,
        "f1": 0.6132226125838391,
        "precision": 0.6473364801078895,
        "recall": 0.5825242718446602
    },
    "RepurchaseAmount": {
        "tp": 1255,
        "fp": 300,
        "fn": 171,
        "f1": 0.8419993290842,
        "precision": 0.8070739549839229,
        "recall": 0.8800841514726507
    },
    "TradedShares": {
        "tp": 862,
        "fp": 402,
        "fn": 272,
        "f1": 0.718932443703086,
        "precision": 0.6819620253164557,
        "recall": 0.7601410934744268
    },
    "LaterHoldingShares": {
        "tp": 107,
        "fp": 266,
        "fn": 314,
        "f1": 0.2695214105793451,
        "precision": 0.2868632707774799,
        "recall": 0.25415676959619954
    },
    "AveragePrice": {
        "tp": 198,
        "fp": 56,
        "fn": 11,
        "f1": 0.8552915766738661,
        "precision": 0.7795275590551181,
        "recall": 0.9473684210526315
    },
    "Pledger": {
        "tp": 0,
        "fp": 0,
        "fn": 0,
        "f1": 0,
        "precision": 0,
        "recall": 0
    },
    "PledgedShares": {
        "tp": 2374,
        "fp": 900,
        "fn": 497,
        "f1": 0.7726606997558991,
        "precision": 0.7251069028711057,
        "recall": 0.8268895855102751
    },
    "Pledgee": {
        "tp": 2017,
        "fp": 151,
        "fn": 115,
        "f1": 0.9381395348837209,
        "precision": 0.9303505535055351,
        "recall": 0.9460600375234521
    },
    "TotalPledgedShares": {
        "tp": 1048,
        "fp": 396,
        "fn": 322,
        "f1": 0.7448471926083867,
        "precision": 0.7257617728531855,
        "recall": 0.7649635036496351
    },
    "ReleasedDate": {
        "tp": 425,
        "fp": 310,
        "fn": 336,
        "f1": 0.5681818181818182,
        "precision": 0.5782312925170068,
        "recall": 0.5584756898817346
    },
    "StockCode": {
        "tp": 3240,
        "fp": 7,
        "fn": 8,
        "f1": 0.9976905311778291,
        "precision": 0.9978441638435479,
        "recall": 0.9975369458128078
    },
    "StockAbbr": {
        "tp": 4082,
        "fp": 478,
        "fn": 1013,
        "f1": 0.8455722423614709,
        "precision": 0.8951754385964912,
        "recall": 0.8011776251226693
    },
    "precision": 0.8286827885552308,
    "recall": 0.8430358301492322,
    "micro_f1": 0.8357976931804985,
    "macro_f1": 0.7182534198201376
}