{
    "EquityHolder": {
        "tp": 8340,
        "fp": 1576,
        "fn": 1273,
        "f1": 0.8541143939781863,
        "precision": 0.8410649455425575,
        "recall": 0.8675751586393425
    },
    "FrozeShares": {
        "tp": 95,
        "fp": 116,
        "fn": 203,
        "f1": 0.3732809430255402,
        "precision": 0.45023696682464454,
        "recall": 0.3187919463087248
    },
    "LegalInstitution": {
        "tp": 438,
        "fp": 72,
        "fn": 64,
        "f1": 0.8656126482213439,
        "precision": 0.8588235294117647,
        "recall": 0.8725099601593626
    },
    "TotalHoldingShares": {
        "tp": 1778,
        "fp": 781,
        "fn": 381,
        "f1": 0.7537091988130565,
        "precision": 0.6948026572880032,
        "recall": 0.8235294117647058
    },
    "TotalHoldingRatio": {
        "tp": 1456,
        "fp": 487,
        "fn": 269,
        "f1": 0.7938931297709924,
        "precision": 0.7493566649511065,
        "recall": 0.8440579710144928
    },
    "StartDate": {
        "tp": 3786,
        "fp": 1344,
        "fn": 1245,
        "f1": 0.7452022438736347,
        "precision": 0.7380116959064328,
        "recall": 0.7525342874180083
    },
    "EndDate": {
        "tp": 1018,
        "fp": 490,
        "fn": 492,
        "f1": 0.6746189529489728,
        "precision": 0.6750663129973474,
        "recall": 0.6741721854304635
    },
    "UnfrozeDate": {
        "tp": 3,
        "fp": 11,
        "fn": 15,
        "f1": 0.1875,
        "precision": 0.21428571428571427,
        "recall": 0.16666666666666666
    },
    "CompanyName": {
        "tp": 9520,
        "fp": 367,
        "fn": 562,
        "f1": 0.9534778907306325,
        "precision": 0.9628805502174572,
        "recall": 0.9442570918468558
    },
    "HighestTradingPrice": {
        "tp": 1015,
        "fp": 1298,
        "fn": 609,
        "f1": 0.5156210312420625,
        "precision": 0.4388240380458279,
        "recall": 0.625
    },
    "LowestTradingPrice": {
        "tp": 465,
        "fp": 15,
        "fn": 575,
        "f1": 0.611842105263158,
        "precision": 0.96875,
        "recall": 0.44711538461538464
    },
    "RepurchasedShares": {
        "tp": 1400,
        "fp": 223,
        "fn": 167,
        "f1": 0.8777429467084639,
        "precision": 0.862600123228589,
        "recall": 0.8934269304403318
    },
    "ClosingDate": {
        "tp": 1160,
        "fp": 745,
        "fn": 488,
        "f1": 0.6529693216999718,
        "precision": 0.6089238845144357,
        "recall": 0.7038834951456311
    },
    "RepurchaseAmount": {
        "tp": 1193,
        "fp": 287,
        "fn": 233,
        "f1": 0.8210598761183758,
        "precision": 0.8060810810810811,
        "recall": 0.8366058906030855
    },
    "TradedShares": {
        "tp": 843,
        "fp": 395,
        "fn": 291,
        "f1": 0.7107925801011805,
        "precision": 0.6809369951534734,
        "recall": 0.7433862433862434
    },
    "LaterHoldingShares": {
        "tp": 77,
        "fp": 178,
        "fn": 344,
        "f1": 0.22781065088757396,
        "precision": 0.30196078431372547,
        "recall": 0.1828978622327791
    },
    "AveragePrice": {
        "tp": 193,
        "fp": 68,
        "fn": 16,
        "f1": 0.8212765957446808,
        "precision": 0.7394636015325671,
        "recall": 0.9234449760765551
    },
    "Pledger": {
        "tp": 0,
        "fp": 0,
        "fn": 0,
        "f1": 0,
        "precision": 0,
        "recall": 0
    },
    "PledgedShares": {
        "tp": 2351,
        "fp": 941,
        "fn": 520,
        "f1": 0.7629401265617394,
        "precision": 0.7141555285540705,
        "recall": 0.8188784395680947
    },
    "Pledgee": {
        "tp": 2003,
        "fp": 150,
        "fn": 129,
        "f1": 0.9348891481913653,
        "precision": 0.9303297724105899,
        "recall": 0.9394934333958724
    },
    "TotalPledgedShares": {
        "tp": 1031,
        "fp": 438,
        "fn": 339,
        "f1": 0.7263120817189151,
        "precision": 0.7018379850238258,
        "recall": 0.7525547445255475
    },
    "ReleasedDate": {
        "tp": 480,
        "fp": 424,
        "fn": 281,
        "f1": 0.5765765765765767,
        "precision": 0.5309734513274337,
        "recall": 0.6307490144546649
    },
    "StockCode": {
        "tp": 3238,
        "fp": 13,
        "fn": 10,
        "f1": 0.9964609939990768,
        "precision": 0.996001230390649,
        "recall": 0.9969211822660099
    },
    "StockAbbr": {
        "tp": 4054,
        "fp": 454,
        "fn": 1041,
        "f1": 0.8443194834947412,
        "precision": 0.8992901508429458,
        "recall": 0.7956820412168792
    },
    "precision": 0.808607639500088,
    "recall": 0.827932376901449,
    "micro_f1": 0.8181559121591536,
    "macro_f1": 0.6784176216529268
}