{
    "EquityHolder": {
        "tp": 8411,
        "fp": 1622,
        "fn": 1202,
        "f1": 0.8562557263565101,
        "precision": 0.838333499451809,
        "recall": 0.8749609903256007
    },
    "FrozeShares": {
        "tp": 102,
        "fp": 113,
        "fn": 196,
        "f1": 0.3976608187134503,
        "precision": 0.4744186046511628,
        "recall": 0.3422818791946309
    },
    "LegalInstitution": {
        "tp": 422,
        "fp": 72,
        "fn": 80,
        "f1": 0.8473895582329317,
        "precision": 0.854251012145749,
        "recall": 0.8406374501992032
    },
    "TotalHoldingShares": {
        "tp": 1728,
        "fp": 696,
        "fn": 431,
        "f1": 0.7540912066332096,
        "precision": 0.7128712871287128,
        "recall": 0.8003705419175544
    },
    "TotalHoldingRatio": {
        "tp": 1403,
        "fp": 313,
        "fn": 322,
        "f1": 0.8154606219122348,
        "precision": 0.8175990675990676,
        "recall": 0.8133333333333334
    },
    "StartDate": {
        "tp": 3774,
        "fp": 1364,
        "fn": 1257,
        "f1": 0.7422558757006589,
        "precision": 0.7345270533281433,
        "recall": 0.7501490757304711
    },
    "EndDate": {
        "tp": 1077,
        "fp": 621,
        "fn": 433,
        "f1": 0.6714463840399003,
        "precision": 0.6342756183745583,
        "recall": 0.7132450331125828
    },
    "UnfrozeDate": {
        "tp": 7,
        "fp": 15,
        "fn": 11,
        "f1": 0.35000000000000003,
        "precision": 0.3181818181818182,
        "recall": 0.3888888888888889
    },
    "CompanyName": {
        "tp": 9374,
        "fp": 375,
        "fn": 708,
        "f1": 0.9453885331047349,
        "precision": 0.9615345163606523,
        "recall": 0.9297758381273556
    },
    "HighestTradingPrice": {
        "tp": 1095,
        "fp": 813,
        "fn": 529,
        "f1": 0.6200453001132503,
        "precision": 0.5738993710691824,
        "recall": 0.6742610837438424
    },
    "LowestTradingPrice": {
        "tp": 723,
        "fp": 168,
        "fn": 317,
        "f1": 0.7488348006214397,
        "precision": 0.8114478114478114,
        "recall": 0.6951923076923077
    },
    "RepurchasedShares": {
        "tp": 1412,
        "fp": 231,
        "fn": 155,
        "f1": 0.8797507788161992,
        "precision": 0.859403530127815,
        "recall": 0.9010848755583918
    },
    "ClosingDate": {
        "tp": 985,
        "fp": 552,
        "fn": 663,
        "f1": 0.618524332810047,
        "precision": 0.6408588158750813,
        "recall": 0.5976941747572816
    },
    "RepurchaseAmount": {
        "tp": 1235,
        "fp": 285,
        "fn": 191,
        "f1": 0.8384249830278344,
        "precision": 0.8125,
        "recall": 0.8660589060308556
    },
    "TradedShares": {
        "tp": 853,
        "fp": 373,
        "fn": 281,
        "f1": 0.7228813559322035,
        "precision": 0.6957585644371941,
        "recall": 0.7522045855379189
    },
    "LaterHoldingShares": {
        "tp": 104,
        "fp": 251,
        "fn": 317,
        "f1": 0.26804123711340205,
        "precision": 0.29295774647887324,
        "recall": 0.24703087885985747
    },
    "AveragePrice": {
        "tp": 194,
        "fp": 80,
        "fn": 15,
        "f1": 0.8033126293995859,
        "precision": 0.708029197080292,
        "recall": 0.9282296650717703
    },
    "Pledger": {
        "tp": 0,
        "fp": 0,
        "fn": 0,
        "f1": 0,
        "precision": 0,
        "recall": 0
    },
    "PledgedShares": {
        "tp": 2259,
        "fp": 872,
        "fn": 612,
        "f1": 0.752749083638787,
        "precision": 0.7214947301181731,
        "recall": 0.786833855799373
    },
    "Pledgee": {
        "tp": 1998,
        "fp": 154,
        "fn": 134,
        "f1": 0.9327731092436975,
        "precision": 0.9284386617100372,
        "recall": 0.9371482176360225
    },
    "TotalPledgedShares": {
        "tp": 1064,
        "fp": 476,
        "fn": 306,
        "f1": 0.7312714776632303,
        "precision": 0.6909090909090909,
        "recall": 0.7766423357664234
    },
    "ReleasedDate": {
        "tp": 462,
        "fp": 568,
        "fn": 299,
        "f1": 0.5159128978224455,
        "precision": 0.44854368932038835,
        "recall": 0.607095926412615
    },
    "StockCode": {
        "tp": 3232,
        "fp": 11,
        "fn": 16,
        "f1": 0.9958403943922353,
        "precision": 0.9966080789392537,
        "recall": 0.9950738916256158
    },
    "StockAbbr": {
        "tp": 4076,
        "fp": 506,
        "fn": 1019,
        "f1": 0.8424098377596363,
        "precision": 0.8895678742907027,
        "recall": 0.8
    },
    "precision": 0.8136798711983156,
    "recall": 0.8288876072381227,
    "micro_f1": 0.8212133386902369,
    "macro_f1": 0.693780039293651
}