{
    "EquityHolder": {
        "tp": 6530,
        "fp": 2493,
        "fn": 3083,
        "f1": 0.700794161837304,
        "precision": 0.7237060844508478,
        "recall": 0.6792884635389577
    },
    "FrozeShares": {
        "tp": 0,
        "fp": 0,
        "fn": 298,
        "f1": 0,
        "precision": 0,
        "recall": 0
    },
    "LegalInstitution": {
        "tp": 5,
        "fp": 0,
        "fn": 497,
        "f1": 0.01972386587771203,
        "precision": 1.0,
        "recall": 0.0099601593625498
    },
    "TotalHoldingShares": {
        "tp": 1496,
        "fp": 914,
        "fn": 663,
        "f1": 0.6548478879404683,
        "precision": 0.620746887966805,
        "recall": 0.6929133858267716
    },
    "TotalHoldingRatio": {
        "tp": 1239,
        "fp": 522,
        "fn": 486,
        "f1": 0.7108433734939759,
        "precision": 0.7035775127768313,
        "recall": 0.7182608695652174
    },
    "StartDate": {
        "tp": 3318,
        "fp": 2703,
        "fn": 1713,
        "f1": 0.6004343105320303,
        "precision": 0.5510712506228201,
        "recall": 0.6595110316040549
    },
    "EndDate": {
        "tp": 388,
        "fp": 933,
        "fn": 1122,
        "f1": 0.2741080890144825,
        "precision": 0.2937168811506434,
        "recall": 0.25695364238410595
    },
    "UnfrozeDate": {
        "tp": 0,
        "fp": 0,
        "fn": 18,
        "f1": 0,
        "precision": 0,
        "recall": 0
    },
    "CompanyName": {
        "tp": 9151,
        "fp": 719,
        "fn": 931,
        "f1": 0.9173015236567763,
        "precision": 0.9271529888551165,
        "recall": 0.9076572108708589
    },
    "HighestTradingPrice": {
        "tp": 192,
        "fp": 293,
        "fn": 1432,
        "f1": 0.182076813655761,
        "precision": 0.3958762886597938,
        "recall": 0.11822660098522167
    },
    "LowestTradingPrice": {
        "tp": 0,
        "fp": 0,
        "fn": 1040,
        "f1": 0,
        "precision": 0,
        "recall": 0
    },
    "RepurchasedShares": {
        "tp": 776,
        "fp": 451,
        "fn": 791,
        "f1": 0.5554760200429492,
        "precision": 0.632436837815811,
        "recall": 0.4952137843012125
    },
    "ClosingDate": {
        "tp": 638,
        "fp": 205,
        "fn": 1010,
        "f1": 0.5122440786832597,
        "precision": 0.7568208778173191,
        "recall": 0.3871359223300971
    },
    "RepurchaseAmount": {
        "tp": 0,
        "fp": 0,
        "fn": 1426,
        "f1": 0,
        "precision": 0,
        "recall": 0
    },
    "TradedShares": {
        "tp": 685,
        "fp": 831,
        "fn": 449,
        "f1": 0.5169811320754717,
        "precision": 0.45184696569920846,
        "recall": 0.6040564373897708
    },
    "LaterHoldingShares": {
        "tp": 0,
        "fp": 14,
        "fn": 421,
        "f1": 0,
        "precision": 0,
        "recall": 0
    },
    "AveragePrice": {
        "tp": 71,
        "fp": 62,
        "fn": 138,
        "f1": 0.41520467836257313,
        "precision": 0.5338345864661654,
        "recall": 0.3397129186602871
    },
    "Pledger": {
        "tp": 0,
        "fp": 0,
        "fn": 0,
        "f1": 0,
        "precision": 0,
        "recall": 0
    },
    "PledgedShares": {
        "tp": 1997,
        "fp": 1497,
        "fn": 874,
        "f1": 0.6274941084053417,
        "precision": 0.5715512306811678,
        "recall": 0.6955764541971439
    },
    "Pledgee": {
        "tp": 1619,
        "fp": 487,
        "fn": 513,
        "f1": 0.7640396413402548,
        "precision": 0.7687559354226021,
        "recall": 0.7593808630393997
    },
    "TotalPledgedShares": {
        "tp": 992,
        "fp": 974,
        "fn": 378,
        "f1": 0.5947242206235012,
        "precision": 0.5045778229908443,
        "recall": 0.724087591240876
    },
    "ReleasedDate": {
        "tp": 349,
        "fp": 809,
        "fn": 412,
        "f1": 0.36373110995310054,
        "precision": 0.3013816925734024,
        "recall": 0.45860709592641263
    },
    "StockCode": {
        "tp": 3196,
        "fp": 22,
        "fn": 52,
        "f1": 0.9885555211877513,
        "precision": 0.9931634555624611,
        "recall": 0.9839901477832512
    },
    "StockAbbr": {
        "tp": 3198,
        "fp": 292,
        "fn": 1897,
        "f1": 0.7450203843913803,
        "precision": 0.9163323782234957,
        "recall": 0.6276741903827282
    },
    "precision": 0.7159265695851061,
    "recall": 0.6459519861581717,
    "micro_f1": 0.6791415983703634,
    "macro_f1": 0.42265003837808734
}