{
    "EquityHolder": {
        "tp": 7292,
        "fp": 1964,
        "fn": 2321,
        "f1": 0.772907944247178,
        "precision": 0.7878133102852204,
        "recall": 0.7585561219182357
    },
    "FrozeShares": {
        "tp": 57,
        "fp": 73,
        "fn": 241,
        "f1": 0.2663551401869159,
        "precision": 0.43846153846153846,
        "recall": 0.1912751677852349
    },
    "LegalInstitution": {
        "tp": 378,
        "fp": 85,
        "fn": 124,
        "f1": 0.7834196891191711,
        "precision": 0.816414686825054,
        "recall": 0.7529880478087649
    },
    "TotalHoldingShares": {
        "tp": 1695,
        "fp": 676,
        "fn": 464,
        "f1": 0.7483443708609273,
        "precision": 0.714888232813159,
        "recall": 0.7850856878184345
    },
    "TotalHoldingRatio": {
        "tp": 1469,
        "fp": 685,
        "fn": 256,
        "f1": 0.7574117040474349,
        "precision": 0.6819870009285051,
        "recall": 0.8515942028985507
    },
    "StartDate": {
        "tp": 3217,
        "fp": 1037,
        "fn": 1814,
        "f1": 0.6929456112008616,
        "precision": 0.7562294311236484,
        "recall": 0.6394354999006162
    },
    "EndDate": {
        "tp": 911,
        "fp": 622,
        "fn": 599,
        "f1": 0.59875123233651,
        "precision": 0.594259621656882,
        "recall": 0.6033112582781457
    },
    "UnfrozeDate": {
        "tp": 5,
        "fp": 10,
        "fn": 13,
        "f1": 0.303030303030303,
        "precision": 0.3333333333333333,
        "recall": 0.2777777777777778
    },
    "CompanyName": {
        "tp": 9167,
        "fp": 472,
        "fn": 915,
        "f1": 0.9296688808883932,
        "precision": 0.9510322647577549,
        "recall": 0.9092441975798453
    },
    "HighestTradingPrice": {
        "tp": 917,
        "fp": 400,
        "fn": 707,
        "f1": 0.6235974158449507,
        "precision": 0.6962794229309036,
        "recall": 0.5646551724137931
    },
    "LowestTradingPrice": {
        "tp": 901,
        "fp": 381,
        "fn": 139,
        "f1": 0.7760551248923342,
        "precision": 0.702808112324493,
        "recall": 0.8663461538461539
    },
    "RepurchasedShares": {
        "tp": 1195,
        "fp": 264,
        "fn": 372,
        "f1": 0.7898215465961665,
        "precision": 0.8190541466758053,
        "recall": 0.7626037013401404
    },
    "ClosingDate": {
        "tp": 1136,
        "fp": 556,
        "fn": 512,
        "f1": 0.6802395209580838,
        "precision": 0.6713947990543735,
        "recall": 0.6893203883495146
    },
    "RepurchaseAmount": {
        "tp": 999,
        "fp": 193,
        "fn": 427,
        "f1": 0.763177998472116,
        "precision": 0.8380872483221476,
        "recall": 0.7005610098176718
    },
    "TradedShares": {
        "tp": 748,
        "fp": 371,
        "fn": 386,
        "f1": 0.6640035508211274,
        "precision": 0.6684539767649688,
        "recall": 0.6596119929453262
    },
    "LaterHoldingShares": {
        "tp": 35,
        "fp": 96,
        "fn": 386,
        "f1": 0.12681159420289856,
        "precision": 0.26717557251908397,
        "recall": 0.0831353919239905
    },
    "AveragePrice": {
        "tp": 179,
        "fp": 56,
        "fn": 30,
        "f1": 0.8063063063063063,
        "precision": 0.7617021276595745,
        "recall": 0.8564593301435407
    },
    "Pledger": {
        "tp": 0,
        "fp": 0,
        "fn": 0,
        "f1": 0,
        "precision": 0,
        "recall": 0
    },
    "PledgedShares": {
        "tp": 2127,
        "fp": 995,
        "fn": 744,
        "f1": 0.7098281328216253,
        "precision": 0.6812940422805893,
        "recall": 0.7408568443051202
    },
    "Pledgee": {
        "tp": 1950,
        "fp": 309,
        "fn": 182,
        "f1": 0.888180368936461,
        "precision": 0.8632138114209827,
        "recall": 0.9146341463414634
    },
    "TotalPledgedShares": {
        "tp": 889,
        "fp": 379,
        "fn": 481,
        "f1": 0.6739954510993177,
        "precision": 0.7011041009463722,
        "recall": 0.6489051094890511
    },
    "ReleasedDate": {
        "tp": 415,
        "fp": 483,
        "fn": 346,
        "f1": 0.5003013863773357,
        "precision": 0.4621380846325167,
        "recall": 0.545335085413929
    },
    "StockCode": {
        "tp": 3221,
        "fp": 8,
        "fn": 27,
        "f1": 0.9945962637023315,
        "precision": 0.997522452771756,
        "recall": 0.9916871921182266
    },
    "StockAbbr": {
        "tp": 3435,
        "fp": 526,
        "fn": 1660,
        "f1": 0.7586130742049471,
        "precision": 0.8672052511991921,
        "recall": 0.6741903827281649
    },
    "precision": 0.799146831763529,
    "recall": 0.7630668300771394,
    "micro_f1": 0.7806901892811373,
    "macro_f1": 0.650348442131404
}