{
    "EquityHolder": {
        "tp": 7448,
        "fp": 1899,
        "fn": 2165,
        "f1": 0.7856540084388185,
        "precision": 0.7968332085161014,
        "recall": 0.7747841464683242
    },
    "FrozeShares": {
        "tp": 40,
        "fp": 103,
        "fn": 258,
        "f1": 0.18140589569161,
        "precision": 0.27972027972027974,
        "recall": 0.1342281879194631
    },
    "LegalInstitution": {
        "tp": 374,
        "fp": 66,
        "fn": 128,
        "f1": 0.7940552016985138,
        "precision": 0.85,
        "recall": 0.7450199203187251
    },
    "TotalHoldingShares": {
        "tp": 1569,
        "fp": 522,
        "fn": 590,
        "f1": 0.7383529411764705,
        "precision": 0.7503586800573888,
        "recall": 0.7267253358036128
    },
    "TotalHoldingRatio": {
        "tp": 1381,
        "fp": 428,
        "fn": 344,
        "f1": 0.7815506508205999,
        "precision": 0.7634051962410171,
        "recall": 0.8005797101449276
    },
    "StartDate": {
        "tp": 3235,
        "fp": 1128,
        "fn": 1796,
        "f1": 0.6887374920161806,
        "precision": 0.7414622965849186,
        "recall": 0.6430133174319221
    },
    "EndDate": {
        "tp": 786,
        "fp": 386,
        "fn": 724,
        "f1": 0.5861297539149888,
        "precision": 0.6706484641638225,
        "recall": 0.5205298013245033
    },
    "UnfrozeDate": {
        "tp": 4,
        "fp": 4,
        "fn": 14,
        "f1": 0.30769230769230765,
        "precision": 0.5,
        "recall": 0.2222222222222222
    },
    "CompanyName": {
        "tp": 9374,
        "fp": 654,
        "fn": 708,
        "f1": 0.9322725012431625,
        "precision": 0.9347826086956522,
        "recall": 0.9297758381273556
    },
    "HighestTradingPrice": {
        "tp": 1322,
        "fp": 463,
        "fn": 302,
        "f1": 0.7755940158404224,
        "precision": 0.7406162464985995,
        "recall": 0.8140394088669951
    },
    "LowestTradingPrice": {
        "tp": 732,
        "fp": 150,
        "fn": 308,
        "f1": 0.7617065556711757,
        "precision": 0.8299319727891157,
        "recall": 0.7038461538461539
    },
    "RepurchasedShares": {
        "tp": 795,
        "fp": 247,
        "fn": 772,
        "f1": 0.609428899961671,
        "precision": 0.7629558541266794,
        "recall": 0.5073388640714741
    },
    "ClosingDate": {
        "tp": 370,
        "fp": 287,
        "fn": 1278,
        "f1": 0.32104121475054237,
        "precision": 0.563165905631659,
        "recall": 0.22451456310679613
    },
    "RepurchaseAmount": {
        "tp": 987,
        "fp": 322,
        "fn": 439,
        "f1": 0.7217550274223035,
        "precision": 0.7540106951871658,
        "recall": 0.6921458625525947
    },
    "TradedShares": {
        "tp": 729,
        "fp": 371,
        "fn": 405,
        "f1": 0.6526410026857654,
        "precision": 0.6627272727272727,
        "recall": 0.6428571428571429
    },
    "LaterHoldingShares": {
        "tp": 56,
        "fp": 121,
        "fn": 365,
        "f1": 0.18729096989966557,
        "precision": 0.3163841807909605,
        "recall": 0.1330166270783848
    },
    "AveragePrice": {
        "tp": 183,
        "fp": 76,
        "fn": 26,
        "f1": 0.7820512820512819,
        "precision": 0.7065637065637066,
        "recall": 0.8755980861244019
    },
    "Pledger": {
        "tp": 0,
        "fp": 0,
        "fn": 0,
        "f1": 0,
        "precision": 0,
        "recall": 0
    },
    "PledgedShares": {
        "tp": 1713,
        "fp": 807,
        "fn": 1158,
        "f1": 0.6355036171396773,
        "precision": 0.6797619047619048,
        "recall": 0.5966562173458725
    },
    "Pledgee": {
        "tp": 1876,
        "fp": 233,
        "fn": 256,
        "f1": 0.8846970054232492,
        "precision": 0.8895211000474158,
        "recall": 0.8799249530956847
    },
    "TotalPledgedShares": {
        "tp": 1054,
        "fp": 448,
        "fn": 316,
        "f1": 0.7339832869080781,
        "precision": 0.7017310252996005,
        "recall": 0.7693430656934307
    },
    "ReleasedDate": {
        "tp": 392,
        "fp": 354,
        "fn": 369,
        "f1": 0.5202388852023888,
        "precision": 0.5254691689008043,
        "recall": 0.5151116951379764
    },
    "StockCode": {
        "tp": 3216,
        "fp": 16,
        "fn": 32,
        "f1": 0.9925925925925926,
        "precision": 0.995049504950495,
        "recall": 0.9901477832512315
    },
    "StockAbbr": {
        "tp": 3505,
        "fp": 517,
        "fn": 1590,
        "f1": 0.7688932762970274,
        "precision": 0.8714569865738439,
        "recall": 0.6879293424926398
    },
    "precision": 0.8107719291330824,
    "recall": 0.7414930430394348,
    "micro_f1": 0.7745864987244298,
    "macro_f1": 0.6309695160224373
}