{
    "EquityHolder": {
        "tp": 7704,
        "fp": 1819,
        "fn": 1909,
        "f1": 0.8051839464882943,
        "precision": 0.8089887640449438,
        "recall": 0.8014147508582128
    },
    "FrozeShares": {
        "tp": 66,
        "fp": 100,
        "fn": 232,
        "f1": 0.28448275862068967,
        "precision": 0.39759036144578314,
        "recall": 0.2214765100671141
    },
    "LegalInstitution": {
        "tp": 393,
        "fp": 91,
        "fn": 109,
        "f1": 0.7971602434077079,
        "precision": 0.8119834710743802,
        "recall": 0.7828685258964143
    },
    "TotalHoldingShares": {
        "tp": 1538,
        "fp": 395,
        "fn": 621,
        "f1": 0.7517106549364614,
        "precision": 0.7956544231764098,
        "recall": 0.7123668364983788
    },
    "TotalHoldingRatio": {
        "tp": 1169,
        "fp": 333,
        "fn": 556,
        "f1": 0.7245119305856833,
        "precision": 0.7782956058588548,
        "recall": 0.6776811594202898
    },
    "StartDate": {
        "tp": 3658,
        "fp": 1504,
        "fn": 1373,
        "f1": 0.7177474737564995,
        "precision": 0.7086400619914762,
        "recall": 0.7270920294176109
    },
    "EndDate": {
        "tp": 839,
        "fp": 489,
        "fn": 671,
        "f1": 0.5912614517265681,
        "precision": 0.6317771084337349,
        "recall": 0.5556291390728477
    },
    "UnfrozeDate": {
        "tp": 3,
        "fp": 5,
        "fn": 15,
        "f1": 0.23076923076923078,
        "precision": 0.375,
        "recall": 0.16666666666666666
    },
    "CompanyName": {
        "tp": 9585,
        "fp": 415,
        "fn": 497,
        "f1": 0.9545861965939647,
        "precision": 0.9585,
        "recall": 0.9507042253521126
    },
    "HighestTradingPrice": {
        "tp": 1365,
        "fp": 386,
        "fn": 259,
        "f1": 0.808888888888889,
        "precision": 0.779554540262707,
        "recall": 0.8405172413793104
    },
    "LowestTradingPrice": {
        "tp": 745,
        "fp": 114,
        "fn": 295,
        "f1": 0.784623486045287,
        "precision": 0.8672875436554133,
        "recall": 0.7163461538461539
    },
    "RepurchasedShares": {
        "tp": 852,
        "fp": 202,
        "fn": 715,
        "f1": 0.6501335368180085,
        "precision": 0.8083491461100569,
        "recall": 0.5437141033822591
    },
    "ClosingDate": {
        "tp": 691,
        "fp": 430,
        "fn": 957,
        "f1": 0.4990971469844709,
        "precision": 0.6164139161462979,
        "recall": 0.4192961165048544
    },
    "RepurchaseAmount": {
        "tp": 1049,
        "fp": 375,
        "fn": 377,
        "f1": 0.736140350877193,
        "precision": 0.7366573033707865,
        "recall": 0.7356241234221599
    },
    "TradedShares": {
        "tp": 809,
        "fp": 556,
        "fn": 325,
        "f1": 0.6474589835934373,
        "precision": 0.5926739926739927,
        "recall": 0.7134038800705468
    },
    "LaterHoldingShares": {
        "tp": 68,
        "fp": 192,
        "fn": 353,
        "f1": 0.1997063142437592,
        "precision": 0.26153846153846155,
        "recall": 0.16152019002375298
    },
    "AveragePrice": {
        "tp": 191,
        "fp": 98,
        "fn": 18,
        "f1": 0.7670682730923696,
        "precision": 0.6608996539792388,
        "recall": 0.9138755980861244
    },
    "Pledger": {
        "tp": 0,
        "fp": 0,
        "fn": 0,
        "f1": 0,
        "precision": 0,
        "recall": 0
    },
    "PledgedShares": {
        "tp": 1958,
        "fp": 990,
        "fn": 913,
        "f1": 0.6729678638941399,
        "precision": 0.664179104477612,
        "recall": 0.6819923371647509
    },
    "Pledgee": {
        "tp": 1923,
        "fp": 221,
        "fn": 209,
        "f1": 0.8994387277829747,
        "precision": 0.8969216417910447,
        "recall": 0.9019699812382739
    },
    "TotalPledgedShares": {
        "tp": 555,
        "fp": 252,
        "fn": 815,
        "f1": 0.5098759761139182,
        "precision": 0.6877323420074349,
        "recall": 0.4051094890510949
    },
    "ReleasedDate": {
        "tp": 355,
        "fp": 300,
        "fn": 406,
        "f1": 0.501412429378531,
        "precision": 0.5419847328244275,
        "recall": 0.4664914586070959
    },
    "StockCode": {
        "tp": 3221,
        "fp": 15,
        "fn": 27,
        "f1": 0.9935225169648364,
        "precision": 0.9953646477132262,
        "recall": 0.9916871921182266
    },
    "StockAbbr": {
        "tp": 3609,
        "fp": 729,
        "fn": 1486,
        "f1": 0.7651860489769956,
        "precision": 0.8319502074688797,
        "recall": 0.7083415112855741
    },
    "precision": 0.808793475562007,
    "recall": 0.7632110157883354,
    "micro_f1": 0.7853413822201203,
    "macro_f1": 0.6372056012724964
}