{
    "EquityHolder": {
        "tp": 7234,
        "fp": 1557,
        "fn": 2379,
        "f1": 0.786133449250163,
        "precision": 0.8228870435672847,
        "recall": 0.7525226256111516
    },
    "FrozeShares": {
        "tp": 100,
        "fp": 153,
        "fn": 198,
        "f1": 0.36297640653357527,
        "precision": 0.3952569169960474,
        "recall": 0.33557046979865773
    },
    "LegalInstitution": {
        "tp": 407,
        "fp": 63,
        "fn": 95,
        "f1": 0.8374485596707817,
        "precision": 0.8659574468085106,
        "recall": 0.8107569721115537
    },
    "TotalHoldingShares": {
        "tp": 1651,
        "fp": 591,
        "fn": 508,
        "f1": 0.750284026357646,
        "precision": 0.7363960749330954,
        "recall": 0.7647058823529411
    },
    "TotalHoldingRatio": {
        "tp": 1324,
        "fp": 372,
        "fn": 401,
        "f1": 0.7740426775796551,
        "precision": 0.7806603773584906,
        "recall": 0.767536231884058
    },
    "StartDate": {
        "tp": 3555,
        "fp": 1444,
        "fn": 1476,
        "f1": 0.7088733798604187,
        "precision": 0.7111422284456891,
        "recall": 0.7066189624329159
    },
    "EndDate": {
        "tp": 806,
        "fp": 491,
        "fn": 704,
        "f1": 0.5742785892411828,
        "precision": 0.6214340786430224,
        "recall": 0.5337748344370861
    },
    "UnfrozeDate": {
        "tp": 4,
        "fp": 10,
        "fn": 14,
        "f1": 0.25,
        "precision": 0.2857142857142857,
        "recall": 0.2222222222222222
    },
    "CompanyName": {
        "tp": 8950,
        "fp": 470,
        "fn": 1132,
        "f1": 0.9178545790175366,
        "precision": 0.9501061571125266,
        "recall": 0.8877206903392184
    },
    "HighestTradingPrice": {
        "tp": 1215,
        "fp": 300,
        "fn": 409,
        "f1": 0.7741318891366678,
        "precision": 0.801980198019802,
        "recall": 0.7481527093596059
    },
    "LowestTradingPrice": {
        "tp": 905,
        "fp": 128,
        "fn": 135,
        "f1": 0.8731307284129283,
        "precision": 0.8760890609874153,
        "recall": 0.8701923076923077
    },
    "RepurchasedShares": {
        "tp": 1252,
        "fp": 241,
        "fn": 315,
        "f1": 0.8183006535947712,
        "precision": 0.8385800401875418,
        "recall": 0.7989789406509253
    },
    "ClosingDate": {
        "tp": 520,
        "fp": 385,
        "fn": 1128,
        "f1": 0.40736388562475523,
        "precision": 0.574585635359116,
        "recall": 0.3155339805825243
    },
    "RepurchaseAmount": {
        "tp": 1050,
        "fp": 309,
        "fn": 376,
        "f1": 0.7540394973070018,
        "precision": 0.7726269315673289,
        "recall": 0.7363253856942497
    },
    "TradedShares": {
        "tp": 778,
        "fp": 400,
        "fn": 356,
        "f1": 0.6730103806228375,
        "precision": 0.6604414261460102,
        "recall": 0.6860670194003528
    },
    "LaterHoldingShares": {
        "tp": 45,
        "fp": 176,
        "fn": 376,
        "f1": 0.14018691588785048,
        "precision": 0.20361990950226244,
        "recall": 0.10688836104513064
    },
    "AveragePrice": {
        "tp": 197,
        "fp": 58,
        "fn": 12,
        "f1": 0.8491379310344828,
        "precision": 0.7725490196078432,
        "recall": 0.9425837320574163
    },
    "Pledger": {
        "tp": 0,
        "fp": 0,
        "fn": 0,
        "f1": 0,
        "precision": 0,
        "recall": 0
    },
    "PledgedShares": {
        "tp": 2209,
        "fp": 810,
        "fn": 662,
        "f1": 0.7500848896434635,
        "precision": 0.7316992381583306,
        "recall": 0.7694183211424591
    },
    "Pledgee": {
        "tp": 1928,
        "fp": 209,
        "fn": 204,
        "f1": 0.9032560318575779,
        "precision": 0.9021993448759944,
        "recall": 0.9043151969981238
    },
    "TotalPledgedShares": {
        "tp": 1183,
        "fp": 573,
        "fn": 187,
        "f1": 0.7568777991042867,
        "precision": 0.6736902050113895,
        "recall": 0.8635036496350365
    },
    "ReleasedDate": {
        "tp": 357,
        "fp": 351,
        "fn": 404,
        "f1": 0.4860449285228046,
        "precision": 0.5042372881355932,
        "recall": 0.469119579500657
    },
    "StockCode": {
        "tp": 3221,
        "fp": 10,
        "fn": 27,
        "f1": 0.9942892421670011,
        "precision": 0.9969049829774064,
        "recall": 0.9916871921182266
    },
    "StockAbbr": {
        "tp": 3680,
        "fp": 507,
        "fn": 1415,
        "f1": 0.79293255763844,
        "precision": 0.8789109147360878,
        "recall": 0.7222767419038273
    },
    "precision": 0.8158646198662297,
    "recall": 0.7672662389157234,
    "micro_f1": 0.7908195015929333,
    "macro_f1": 0.6639449582527427
}