{
    "EquityHolder": {
        "tp": 7476,
        "fp": 1874,
        "fn": 2137,
        "f1": 0.7884828349944629,
        "precision": 0.799572192513369,
        "recall": 0.7776968688234682
    },
    "FrozeShares": {
        "tp": 47,
        "fp": 75,
        "fn": 251,
        "f1": 0.22380952380952376,
        "precision": 0.38524590163934425,
        "recall": 0.15771812080536912
    },
    "LegalInstitution": {
        "tp": 356,
        "fp": 112,
        "fn": 146,
        "f1": 0.734020618556701,
        "precision": 0.7606837606837606,
        "recall": 0.7091633466135459
    },
    "TotalHoldingShares": {
        "tp": 1672,
        "fp": 559,
        "fn": 487,
        "f1": 0.7617312072892939,
        "precision": 0.7494397131331242,
        "recall": 0.7744326076887448
    },
    "TotalHoldingRatio": {
        "tp": 1378,
        "fp": 368,
        "fn": 347,
        "f1": 0.7940074906367041,
        "precision": 0.7892325315005727,
        "recall": 0.7988405797101449
    },
    "StartDate": {
        "tp": 3674,
        "fp": 1552,
        "fn": 1357,
        "f1": 0.7163888076435604,
        "precision": 0.7030233448143896,
        "recall": 0.7302723116676605
    },
    "EndDate": {
        "tp": 819,
        "fp": 690,
        "fn": 691,
        "f1": 0.542563762835376,
        "precision": 0.5427435387673957,
        "recall": 0.5423841059602649
    },
    "UnfrozeDate": {
        "tp": 2,
        "fp": 22,
        "fn": 16,
        "f1": 0.09523809523809525,
        "precision": 0.08333333333333333,
        "recall": 0.1111111111111111
    },
    "CompanyName": {
        "tp": 9429,
        "fp": 532,
        "fn": 653,
        "f1": 0.9408771142044604,
        "precision": 0.9465917076598735,
        "recall": 0.9352311049394961
    },
    "HighestTradingPrice": {
        "tp": 1385,
        "fp": 341,
        "fn": 239,
        "f1": 0.8268656716417909,
        "precision": 0.802433371958285,
        "recall": 0.8528325123152709
    },
    "LowestTradingPrice": {
        "tp": 815,
        "fp": 128,
        "fn": 225,
        "f1": 0.8219868885526979,
        "precision": 0.8642629904559915,
        "recall": 0.7836538461538461
    },
    "RepurchasedShares": {
        "tp": 1165,
        "fp": 253,
        "fn": 402,
        "f1": 0.7805695142378559,
        "precision": 0.8215796897038082,
        "recall": 0.7434588385449904
    },
    "ClosingDate": {
        "tp": 791,
        "fp": 432,
        "fn": 857,
        "f1": 0.5510275165447579,
        "precision": 0.6467702371218316,
        "recall": 0.4799757281553398
    },
    "RepurchaseAmount": {
        "tp": 1072,
        "fp": 280,
        "fn": 354,
        "f1": 0.7717782577393808,
        "precision": 0.7928994082840237,
        "recall": 0.7517531556802244
    },
    "TradedShares": {
        "tp": 775,
        "fp": 385,
        "fn": 359,
        "f1": 0.6756756756756757,
        "precision": 0.6681034482758621,
        "recall": 0.6834215167548501
    },
    "LaterHoldingShares": {
        "tp": 58,
        "fp": 167,
        "fn": 363,
        "f1": 0.17956656346749222,
        "precision": 0.2577777777777778,
        "recall": 0.1377672209026128
    },
    "AveragePrice": {
        "tp": 190,
        "fp": 69,
        "fn": 19,
        "f1": 0.811965811965812,
        "precision": 0.7335907335907336,
        "recall": 0.9090909090909091
    },
    "Pledger": {
        "tp": 0,
        "fp": 0,
        "fn": 0,
        "f1": 0,
        "precision": 0,
        "recall": 0
    },
    "PledgedShares": {
        "tp": 1998,
        "fp": 730,
        "fn": 873,
        "f1": 0.7136988747990713,
        "precision": 0.7324046920821115,
        "recall": 0.6959247648902821
    },
    "Pledgee": {
        "tp": 1931,
        "fp": 188,
        "fn": 201,
        "f1": 0.9084921195012937,
        "precision": 0.9112789051439358,
        "recall": 0.9057223264540337
    },
    "TotalPledgedShares": {
        "tp": 1132,
        "fp": 503,
        "fn": 238,
        "f1": 0.7534109816971714,
        "precision": 0.692354740061162,
        "recall": 0.8262773722627738
    },
    "ReleasedDate": {
        "tp": 396,
        "fp": 322,
        "fn": 365,
        "f1": 0.5354969574036511,
        "precision": 0.5515320334261838,
        "recall": 0.5203679369250985
    },
    "StockCode": {
        "tp": 3209,
        "fp": 27,
        "fn": 39,
        "f1": 0.9898210980876002,
        "precision": 0.9916563658838071,
        "recall": 0.9879926108374384
    },
    "StockAbbr": {
        "tp": 3656,
        "fp": 528,
        "fn": 1439,
        "f1": 0.7880159499946114,
        "precision": 0.8738049713193117,
        "recall": 0.7175662414131502
    },
    "precision": 0.8107462240725875,
    "recall": 0.7826760867997982,
    "micro_f1": 0.7964639100571314,
    "macro_f1": 0.6543954723548767
}