{
    "EquityHolder": {
        "tp": 7397,
        "fp": 2462,
        "fn": 2216,
        "f1": 0.7597576006573541,
        "precision": 0.7502789329546607,
        "recall": 0.769478830750026
    },
    "FrozeShares": {
        "tp": 2,
        "fp": 2,
        "fn": 296,
        "f1": 0.013245033112582781,
        "precision": 0.5,
        "recall": 0.006711409395973154
    },
    "LegalInstitution": {
        "tp": 272,
        "fp": 72,
        "fn": 230,
        "f1": 0.6430260047281323,
        "precision": 0.7906976744186046,
        "recall": 0.5418326693227091
    },
    "TotalHoldingShares": {
        "tp": 1656,
        "fp": 983,
        "fn": 503,
        "f1": 0.6902876198416007,
        "precision": 0.6275104206138689,
        "recall": 0.7670217693376563
    },
    "TotalHoldingRatio": {
        "tp": 1420,
        "fp": 896,
        "fn": 305,
        "f1": 0.7027963375402128,
        "precision": 0.613126079447323,
        "recall": 0.8231884057971014
    },
    "StartDate": {
        "tp": 3104,
        "fp": 1655,
        "fn": 1927,
        "f1": 0.6341164453524004,
        "precision": 0.6522378650977096,
        "recall": 0.6169747565096402
    },
    "EndDate": {
        "tp": 482,
        "fp": 609,
        "fn": 1028,
        "f1": 0.3706266820453672,
        "precision": 0.44179651695692024,
        "recall": 0.31920529801324504
    },
    "UnfrozeDate": {
        "tp": 0,
        "fp": 0,
        "fn": 18,
        "f1": 0,
        "precision": 0,
        "recall": 0
    },
    "CompanyName": {
        "tp": 9437,
        "fp": 556,
        "fn": 645,
        "f1": 0.9401743462017434,
        "precision": 0.9443610527369158,
        "recall": 0.9360245982939893
    },
    "HighestTradingPrice": {
        "tp": 1209,
        "fp": 1414,
        "fn": 415,
        "f1": 0.5693430656934306,
        "precision": 0.4609226077011056,
        "recall": 0.7444581280788177
    },
    "LowestTradingPrice": {
        "tp": 61,
        "fp": 72,
        "fn": 979,
        "f1": 0.1040068201193521,
        "precision": 0.45864661654135336,
        "recall": 0.058653846153846154
    },
    "RepurchasedShares": {
        "tp": 1225,
        "fp": 208,
        "fn": 342,
        "f1": 0.8166666666666667,
        "precision": 0.8548499651081647,
        "recall": 0.7817485641352904
    },
    "ClosingDate": {
        "tp": 864,
        "fp": 501,
        "fn": 784,
        "f1": 0.5735147693328908,
        "precision": 0.6329670329670329,
        "recall": 0.5242718446601942
    },
    "RepurchaseAmount": {
        "tp": 745,
        "fp": 234,
        "fn": 681,
        "f1": 0.6195426195426195,
        "precision": 0.7609805924412666,
        "recall": 0.5224403927068724
    },
    "TradedShares": {
        "tp": 682,
        "fp": 478,
        "fn": 452,
        "f1": 0.5945945945945945,
        "precision": 0.5879310344827586,
        "recall": 0.6014109347442681
    },
    "LaterHoldingShares": {
        "tp": 14,
        "fp": 80,
        "fn": 407,
        "f1": 0.05436893203883495,
        "precision": 0.14893617021276595,
        "recall": 0.0332541567695962
    },
    "AveragePrice": {
        "tp": 172,
        "fp": 70,
        "fn": 37,
        "f1": 0.7627494456762749,
        "precision": 0.7107438016528925,
        "recall": 0.8229665071770335
    },
    "Pledger": {
        "tp": 0,
        "fp": 0,
        "fn": 0,
        "f1": 0,
        "precision": 0,
        "recall": 0
    },
    "PledgedShares": {
        "tp": 2212,
        "fp": 1148,
        "fn": 659,
        "f1": 0.7099983951211684,
        "precision": 0.6583333333333333,
        "recall": 0.7704632532218739
    },
    "Pledgee": {
        "tp": 1841,
        "fp": 423,
        "fn": 291,
        "f1": 0.8375796178343948,
        "precision": 0.8131625441696113,
        "recall": 0.8635084427767354
    },
    "TotalPledgedShares": {
        "tp": 1075,
        "fp": 521,
        "fn": 295,
        "f1": 0.724881995954147,
        "precision": 0.6735588972431078,
        "recall": 0.7846715328467153
    },
    "ReleasedDate": {
        "tp": 402,
        "fp": 582,
        "fn": 359,
        "f1": 0.4607449856733525,
        "precision": 0.40853658536585363,
        "recall": 0.5282522996057819
    },
    "StockCode": {
        "tp": 3200,
        "fp": 10,
        "fn": 48,
        "f1": 0.9910188912976153,
        "precision": 0.9968847352024922,
        "recall": 0.9852216748768473
    },
    "StockAbbr": {
        "tp": 3204,
        "fp": 286,
        "fn": 1891,
        "f1": 0.7464181712288875,
        "precision": 0.9180515759312321,
        "recall": 0.6288518155053975
    },
    "precision": 0.7541251066038785,
    "recall": 0.7331122485761661,
    "micro_f1": 0.7434702345049442,
    "macro_f1": 0.5549774600105674
}