{
    "EquityHolder": {
        "tp": 8171,
        "fp": 1320,
        "fn": 1442,
        "f1": 0.8554229480737018,
        "precision": 0.8609208724054367,
        "recall": 0.8499947987100801
    },
    "FrozeShares": {
        "tp": 22,
        "fp": 22,
        "fn": 276,
        "f1": 0.12865497076023394,
        "precision": 0.5,
        "recall": 0.0738255033557047
    },
    "LegalInstitution": {
        "tp": 437,
        "fp": 50,
        "fn": 65,
        "f1": 0.8837209302325582,
        "precision": 0.8973305954825462,
        "recall": 0.8705179282868526
    },
    "TotalHoldingShares": {
        "tp": 1807,
        "fp": 787,
        "fn": 352,
        "f1": 0.7603618767094465,
        "precision": 0.6966075558982266,
        "recall": 0.8369615562760537
    },
    "TotalHoldingRatio": {
        "tp": 1465,
        "fp": 442,
        "fn": 260,
        "f1": 0.8067180616740088,
        "precision": 0.7682223387519664,
        "recall": 0.8492753623188406
    },
    "StartDate": {
        "tp": 3951,
        "fp": 1737,
        "fn": 1080,
        "f1": 0.7371956339210748,
        "precision": 0.694620253164557,
        "recall": 0.7853309481216458
    },
    "EndDate": {
        "tp": 988,
        "fp": 492,
        "fn": 522,
        "f1": 0.6608695652173912,
        "precision": 0.6675675675675675,
        "recall": 0.6543046357615894
    },
    "UnfrozeDate": {
        "tp": 3,
        "fp": 7,
        "fn": 15,
        "f1": 0.21428571428571427,
        "precision": 0.3,
        "recall": 0.16666666666666666
    },
    "CompanyName": {
        "tp": 9488,
        "fp": 470,
        "fn": 594,
        "f1": 0.9469061876247505,
        "precision": 0.9528017674231773,
        "recall": 0.9410831184288831
    },
    "HighestTradingPrice": {
        "tp": 1197,
        "fp": 243,
        "fn": 427,
        "f1": 0.781331592689295,
        "precision": 0.83125,
        "recall": 0.7370689655172413
    },
    "LowestTradingPrice": {
        "tp": 933,
        "fp": 272,
        "fn": 107,
        "f1": 0.8311804008908686,
        "precision": 0.7742738589211619,
        "recall": 0.8971153846153846
    },
    "RepurchasedShares": {
        "tp": 1010,
        "fp": 177,
        "fn": 557,
        "f1": 0.7334785766158315,
        "precision": 0.8508845829823083,
        "recall": 0.6445437141033823
    },
    "ClosingDate": {
        "tp": 799,
        "fp": 356,
        "fn": 849,
        "f1": 0.5701034605779521,
        "precision": 0.6917748917748918,
        "recall": 0.4848300970873786
    },
    "RepurchaseAmount": {
        "tp": 1150,
        "fp": 218,
        "fn": 276,
        "f1": 0.82319255547602,
        "precision": 0.8406432748538012,
        "recall": 0.8064516129032258
    },
    "TradedShares": {
        "tp": 897,
        "fp": 588,
        "fn": 237,
        "f1": 0.6849942726231386,
        "precision": 0.604040404040404,
        "recall": 0.791005291005291
    },
    "LaterHoldingShares": {
        "tp": 65,
        "fp": 129,
        "fn": 356,
        "f1": 0.21138211382113817,
        "precision": 0.33505154639175255,
        "recall": 0.1543942992874109
    },
    "AveragePrice": {
        "tp": 160,
        "fp": 65,
        "fn": 49,
        "f1": 0.7373271889400922,
        "precision": 0.7111111111111111,
        "recall": 0.7655502392344498
    },
    "Pledger": {
        "tp": 0,
        "fp": 0,
        "fn": 0,
        "f1": 0,
        "precision": 0,
        "recall": 0
    },
    "PledgedShares": {
        "tp": 2419,
        "fp": 962,
        "fn": 452,
        "f1": 0.773832373640435,
        "precision": 0.7154687962141378,
        "recall": 0.8425635667014978
    },
    "Pledgee": {
        "tp": 1988,
        "fp": 147,
        "fn": 144,
        "f1": 0.9318022029528943,
        "precision": 0.9311475409836065,
        "recall": 0.9324577861163227
    },
    "TotalPledgedShares": {
        "tp": 1174,
        "fp": 387,
        "fn": 196,
        "f1": 0.8010917775503242,
        "precision": 0.75208199871877,
        "recall": 0.8569343065693431
    },
    "ReleasedDate": {
        "tp": 422,
        "fp": 264,
        "fn": 339,
        "f1": 0.5832757429163786,
        "precision": 0.6151603498542274,
        "recall": 0.5545335085413929
    },
    "StockCode": {
        "tp": 3238,
        "fp": 8,
        "fn": 10,
        "f1": 0.9972282106559901,
        "precision": 0.9975354282193469,
        "recall": 0.9969211822660099
    },
    "StockAbbr": {
        "tp": 3951,
        "fp": 602,
        "fn": 1144,
        "f1": 0.8190298507462687,
        "precision": 0.8677794860531518,
        "recall": 0.7754661432777232
    },
    "precision": 0.8243511175198269,
    "recall": 0.8242916876937495,
    "micro_f1": 0.8243214015356332,
    "macro_f1": 0.6780577586914794
}