{
    "EquityHolder": {
        "tp": 8851,
        "fp": 1769,
        "fn": 762,
        "f1": 0.8749073296100429,
        "precision": 0.8334274952919021,
        "recall": 0.9207323416207219
    },
    "FrozeShares": {
        "tp": 109,
        "fp": 129,
        "fn": 189,
        "f1": 0.40671641791044777,
        "precision": 0.4579831932773109,
        "recall": 0.36577181208053694
    },
    "LegalInstitution": {
        "tp": 438,
        "fp": 51,
        "fn": 64,
        "f1": 0.8839556004036327,
        "precision": 0.8957055214723927,
        "recall": 0.8725099601593626
    },
    "TotalHoldingShares": {
        "tp": 1700,
        "fp": 799,
        "fn": 459,
        "f1": 0.7299270072992701,
        "precision": 0.6802721088435374,
        "recall": 0.7874015748031497
    },
    "TotalHoldingRatio": {
        "tp": 1367,
        "fp": 329,
        "fn": 358,
        "f1": 0.7991815258696287,
        "precision": 0.8060141509433962,
        "recall": 0.792463768115942
    },
    "StartDate": {
        "tp": 3763,
        "fp": 1098,
        "fn": 1268,
        "f1": 0.7608168216740802,
        "precision": 0.7741205513268875,
        "recall": 0.7479626316835619
    },
    "EndDate": {
        "tp": 941,
        "fp": 489,
        "fn": 569,
        "f1": 0.6401360544217688,
        "precision": 0.6580419580419581,
        "recall": 0.6231788079470199
    },
    "UnfrozeDate": {
        "tp": 0,
        "fp": 0,
        "fn": 18,
        "f1": 0,
        "precision": 0,
        "recall": 0
    },
    "CompanyName": {
        "tp": 9780,
        "fp": 387,
        "fn": 302,
        "f1": 0.9659736283273248,
        "precision": 0.9619356742401889,
        "recall": 0.9700456258678833
    },
    "HighestTradingPrice": {
        "tp": 1511,
        "fp": 812,
        "fn": 113,
        "f1": 0.7656447935140612,
        "precision": 0.6504520017219113,
        "recall": 0.9304187192118226
    },
    "LowestTradingPrice": {
        "tp": 427,
        "fp": 126,
        "fn": 613,
        "f1": 0.5360954174513497,
        "precision": 0.7721518987341772,
        "recall": 0.41057692307692306
    },
    "RepurchasedShares": {
        "tp": 1434,
        "fp": 234,
        "fn": 133,
        "f1": 0.8865533230293663,
        "precision": 0.8597122302158273,
        "recall": 0.9151244416081685
    },
    "ClosingDate": {
        "tp": 1177,
        "fp": 483,
        "fn": 471,
        "f1": 0.7116082224909311,
        "precision": 0.7090361445783132,
        "recall": 0.7141990291262136
    },
    "RepurchaseAmount": {
        "tp": 1250,
        "fp": 285,
        "fn": 176,
        "f1": 0.8443093549476528,
        "precision": 0.8143322475570033,
        "recall": 0.876577840112202
    },
    "TradedShares": {
        "tp": 797,
        "fp": 424,
        "fn": 337,
        "f1": 0.6768577494692145,
        "precision": 0.6527436527436528,
        "recall": 0.7028218694885362
    },
    "LaterHoldingShares": {
        "tp": 74,
        "fp": 151,
        "fn": 347,
        "f1": 0.22910216718266255,
        "precision": 0.3288888888888889,
        "recall": 0.17577197149643706
    },
    "AveragePrice": {
        "tp": 201,
        "fp": 51,
        "fn": 8,
        "f1": 0.8720173535791758,
        "precision": 0.7976190476190477,
        "recall": 0.9617224880382775
    },
    "Pledger": {
        "tp": 0,
        "fp": 0,
        "fn": 0,
        "f1": 0,
        "precision": 0,
        "recall": 0
    },
    "PledgedShares": {
        "tp": 2456,
        "fp": 843,
        "fn": 415,
        "f1": 0.7961102106969207,
        "precision": 0.7444680206123068,
        "recall": 0.855451062347614
    },
    "Pledgee": {
        "tp": 2022,
        "fp": 263,
        "fn": 110,
        "f1": 0.9155535431288205,
        "precision": 0.8849015317286653,
        "recall": 0.948405253283302
    },
    "TotalPledgedShares": {
        "tp": 912,
        "fp": 409,
        "fn": 458,
        "f1": 0.6778149386845038,
        "precision": 0.6903860711582135,
        "recall": 0.6656934306569343
    },
    "ReleasedDate": {
        "tp": 315,
        "fp": 334,
        "fn": 446,
        "f1": 0.4468085106382978,
        "precision": 0.48536209553158705,
        "recall": 0.41392904073587383
    },
    "StockCode": {
        "tp": 3229,
        "fp": 5,
        "fn": 19,
        "f1": 0.996297439062018,
        "precision": 0.9984539270253556,
        "recall": 0.9941502463054187
    },
    "StockAbbr": {
        "tp": 3937,
        "fp": 691,
        "fn": 1158,
        "f1": 0.8098323562686414,
        "precision": 0.8506914433880726,
        "recall": 0.7727183513248282
    },
    "precision": 0.8212583328936028,
    "recall": 0.841521880181674,
    "micro_f1": 0.8312666352136874,
    "macro_f1": 0.6760924902358254
}