{
    "EquityHolder": {
        "tp": 8100,
        "fp": 2051,
        "fn": 1513,
        "f1": 0.8196721311475409,
        "precision": 0.7979509407940104,
        "recall": 0.8426089670238219
    },
    "FrozeShares": {
        "tp": 0,
        "fp": 0,
        "fn": 298,
        "f1": 0,
        "precision": 0,
        "recall": 0
    },
    "LegalInstitution": {
        "tp": 418,
        "fp": 89,
        "fn": 84,
        "f1": 0.8285431119920714,
        "precision": 0.8244575936883629,
        "recall": 0.8326693227091634
    },
    "TotalHoldingShares": {
        "tp": 1686,
        "fp": 524,
        "fn": 473,
        "f1": 0.7718013275349049,
        "precision": 0.7628959276018099,
        "recall": 0.7809170912459472
    },
    "TotalHoldingRatio": {
        "tp": 1373,
        "fp": 190,
        "fn": 352,
        "f1": 0.8351581508515814,
        "precision": 0.8784388995521433,
        "recall": 0.7959420289855073
    },
    "StartDate": {
        "tp": 3240,
        "fp": 1088,
        "fn": 1791,
        "f1": 0.692381664707768,
        "precision": 0.7486136783733827,
        "recall": 0.6440071556350626
    },
    "EndDate": {
        "tp": 1017,
        "fp": 713,
        "fn": 493,
        "f1": 0.6277777777777778,
        "precision": 0.5878612716763005,
        "recall": 0.6735099337748345
    },
    "UnfrozeDate": {
        "tp": 0,
        "fp": 0,
        "fn": 18,
        "f1": 0,
        "precision": 0,
        "recall": 0
    },
    "CompanyName": {
        "tp": 9503,
        "fp": 430,
        "fn": 579,
        "f1": 0.9495878091431426,
        "precision": 0.9567099567099567,
        "recall": 0.9425709184685578
    },
    "HighestTradingPrice": {
        "tp": 1480,
        "fp": 433,
        "fn": 144,
        "f1": 0.836867401752898,
        "precision": 0.7736539466806064,
        "recall": 0.9113300492610837
    },
    "LowestTradingPrice": {
        "tp": 774,
        "fp": 28,
        "fn": 266,
        "f1": 0.8403908794788273,
        "precision": 0.9650872817955112,
        "recall": 0.7442307692307693
    },
    "RepurchasedShares": {
        "tp": 1432,
        "fp": 215,
        "fn": 135,
        "f1": 0.8911014312383324,
        "precision": 0.8694596235579842,
        "recall": 0.9138481174218251
    },
    "ClosingDate": {
        "tp": 659,
        "fp": 227,
        "fn": 989,
        "f1": 0.5201262825572218,
        "precision": 0.7437923250564334,
        "recall": 0.39987864077669905
    },
    "RepurchaseAmount": {
        "tp": 936,
        "fp": 92,
        "fn": 490,
        "f1": 0.7628361858190709,
        "precision": 0.9105058365758755,
        "recall": 0.6563814866760168
    },
    "TradedShares": {
        "tp": 763,
        "fp": 206,
        "fn": 371,
        "f1": 0.7256300523062292,
        "precision": 0.7874097007223942,
        "recall": 0.6728395061728395
    },
    "LaterHoldingShares": {
        "tp": 95,
        "fp": 288,
        "fn": 326,
        "f1": 0.236318407960199,
        "precision": 0.24804177545691905,
        "recall": 0.22565320665083136
    },
    "AveragePrice": {
        "tp": 183,
        "fp": 34,
        "fn": 26,
        "f1": 0.8591549295774648,
        "precision": 0.8433179723502304,
        "recall": 0.8755980861244019
    },
    "Pledger": {
        "tp": 0,
        "fp": 0,
        "fn": 0,
        "f1": 0,
        "precision": 0,
        "recall": 0
    },
    "PledgedShares": {
        "tp": 2260,
        "fp": 980,
        "fn": 611,
        "f1": 0.7396498118147602,
        "precision": 0.6975308641975309,
        "recall": 0.7871821664925113
    },
    "Pledgee": {
        "tp": 1880,
        "fp": 196,
        "fn": 252,
        "f1": 0.8935361216730038,
        "precision": 0.905587668593449,
        "recall": 0.8818011257035647
    },
    "TotalPledgedShares": {
        "tp": 525,
        "fp": 550,
        "fn": 845,
        "f1": 0.4294478527607362,
        "precision": 0.4883720930232558,
        "recall": 0.38321167883211676
    },
    "ReleasedDate": {
        "tp": 353,
        "fp": 256,
        "fn": 408,
        "f1": 0.5153284671532846,
        "precision": 0.5796387520525451,
        "recall": 0.46386333771353483
    },
    "StockCode": {
        "tp": 3238,
        "fp": 14,
        "fn": 10,
        "f1": 0.9963076923076922,
        "precision": 0.9956949569495694,
        "recall": 0.9969211822660099
    },
    "StockAbbr": {
        "tp": 3816,
        "fp": 709,
        "fn": 1279,
        "f1": 0.7933471933471935,
        "precision": 0.8433149171270719,
        "recall": 0.7489695780176644
    },
    "precision": 0.8244287761103989,
    "recall": 0.7881731670391464,
    "micro_f1": 0.8058934099955771,
    "macro_f1": 0.6485401951209043
}