{
    "EquityHolder": {
        "tp": 7803,
        "fp": 1414,
        "fn": 1810,
        "f1": 0.8287838555496547,
        "precision": 0.8465878268417055,
        "recall": 0.8117133048996151
    },
    "FrozeShares": {
        "tp": 1,
        "fp": 0,
        "fn": 297,
        "f1": 0.006688963210702341,
        "precision": 1.0,
        "recall": 0.003355704697986577
    },
    "LegalInstitution": {
        "tp": 393,
        "fp": 70,
        "fn": 109,
        "f1": 0.8145077720207254,
        "precision": 0.8488120950323974,
        "recall": 0.7828685258964143
    },
    "TotalHoldingShares": {
        "tp": 1852,
        "fp": 787,
        "fn": 307,
        "f1": 0.7719883284701959,
        "precision": 0.7017809776430466,
        "recall": 0.8578045391384901
    },
    "TotalHoldingRatio": {
        "tp": 1448,
        "fp": 268,
        "fn": 277,
        "f1": 0.8416158093577448,
        "precision": 0.8438228438228438,
        "recall": 0.8394202898550724
    },
    "StartDate": {
        "tp": 3910,
        "fp": 1743,
        "fn": 1121,
        "f1": 0.731935604642456,
        "precision": 0.6916681408101892,
        "recall": 0.7771814748558935
    },
    "EndDate": {
        "tp": 972,
        "fp": 469,
        "fn": 538,
        "f1": 0.6587597424601831,
        "precision": 0.6745315752949341,
        "recall": 0.6437086092715232
    },
    "UnfrozeDate": {
        "tp": 0,
        "fp": 0,
        "fn": 18,
        "f1": 0,
        "precision": 0,
        "recall": 0
    },
    "CompanyName": {
        "tp": 8971,
        "fp": 534,
        "fn": 1111,
        "f1": 0.9160157247153725,
        "precision": 0.9438190426091531,
        "recall": 0.889803610394763
    },
    "HighestTradingPrice": {
        "tp": 1139,
        "fp": 370,
        "fn": 485,
        "f1": 0.7270986275135651,
        "precision": 0.75480450629556,
        "recall": 0.7013546798029556
    },
    "LowestTradingPrice": {
        "tp": 958,
        "fp": 136,
        "fn": 82,
        "f1": 0.8978444236176195,
        "precision": 0.8756855575868373,
        "recall": 0.9211538461538461
    },
    "RepurchasedShares": {
        "tp": 1251,
        "fp": 197,
        "fn": 316,
        "f1": 0.8298507462686566,
        "precision": 0.863950276243094,
        "recall": 0.7983407785577536
    },
    "ClosingDate": {
        "tp": 685,
        "fp": 332,
        "fn": 963,
        "f1": 0.5140712945590995,
        "precision": 0.6735496558505408,
        "recall": 0.41565533980582525
    },
    "RepurchaseAmount": {
        "tp": 969,
        "fp": 141,
        "fn": 457,
        "f1": 0.7641955835962145,
        "precision": 0.8729729729729729,
        "recall": 0.679523141654979
    },
    "TradedShares": {
        "tp": 839,
        "fp": 306,
        "fn": 295,
        "f1": 0.7362878455462923,
        "precision": 0.7327510917030567,
        "recall": 0.7398589065255732
    },
    "LaterHoldingShares": {
        "tp": 78,
        "fp": 321,
        "fn": 343,
        "f1": 0.1902439024390244,
        "precision": 0.19548872180451127,
        "recall": 0.18527315914489312
    },
    "AveragePrice": {
        "tp": 194,
        "fp": 71,
        "fn": 15,
        "f1": 0.8185654008438819,
        "precision": 0.7320754716981132,
        "recall": 0.9282296650717703
    },
    "Pledger": {
        "tp": 0,
        "fp": 0,
        "fn": 0,
        "f1": 0,
        "precision": 0,
        "recall": 0
    },
    "PledgedShares": {
        "tp": 2494,
        "fp": 895,
        "fn": 377,
        "f1": 0.7968051118210863,
        "precision": 0.7359102980230157,
        "recall": 0.8686868686868687
    },
    "Pledgee": {
        "tp": 1952,
        "fp": 146,
        "fn": 180,
        "f1": 0.9229314420803783,
        "precision": 0.9304099142040038,
        "recall": 0.9155722326454033
    },
    "TotalPledgedShares": {
        "tp": 1147,
        "fp": 422,
        "fn": 223,
        "f1": 0.7805375978223885,
        "precision": 0.7310388782664117,
        "recall": 0.8372262773722627
    },
    "ReleasedDate": {
        "tp": 418,
        "fp": 331,
        "fn": 343,
        "f1": 0.5536423841059603,
        "precision": 0.5580774365821095,
        "recall": 0.5492772667542707
    },
    "StockCode": {
        "tp": 3231,
        "fp": 15,
        "fn": 17,
        "f1": 0.9950723744995381,
        "precision": 0.9953789279112755,
        "recall": 0.9947660098522167
    },
    "StockAbbr": {
        "tp": 3827,
        "fp": 805,
        "fn": 1268,
        "f1": 0.7868818751927624,
        "precision": 0.8262089810017271,
        "recall": 0.7511285574092247
    },
    "precision": 0.8200349875702053,
    "recall": 0.802609761372648,
    "micro_f1": 0.8112288116295804,
    "macro_f1": 0.6618468504305627
}