{
    "EquityHolder": {
        "tp": 7108,
        "fp": 1833,
        "fn": 2505,
        "f1": 0.7661959685243074,
        "precision": 0.7949893747902919,
        "recall": 0.7394153750130033
    },
    "FrozeShares": {
        "tp": 0,
        "fp": 0,
        "fn": 298,
        "f1": 0,
        "precision": 0,
        "recall": 0
    },
    "LegalInstitution": {
        "tp": 241,
        "fp": 57,
        "fn": 261,
        "f1": 0.6025,
        "precision": 0.8087248322147651,
        "recall": 0.4800796812749004
    },
    "TotalHoldingShares": {
        "tp": 1692,
        "fp": 588,
        "fn": 467,
        "f1": 0.7623338589772471,
        "precision": 0.7421052631578947,
        "recall": 0.7836961556276054
    },
    "TotalHoldingRatio": {
        "tp": 1444,
        "fp": 478,
        "fn": 281,
        "f1": 0.7918837400603236,
        "precision": 0.7513007284079084,
        "recall": 0.8371014492753623
    },
    "StartDate": {
        "tp": 3496,
        "fp": 2674,
        "fn": 1535,
        "f1": 0.624229979466119,
        "precision": 0.566612641815235,
        "recall": 0.6948916716358576
    },
    "EndDate": {
        "tp": 904,
        "fp": 816,
        "fn": 606,
        "f1": 0.5597523219814242,
        "precision": 0.5255813953488372,
        "recall": 0.5986754966887418
    },
    "UnfrozeDate": {
        "tp": 0,
        "fp": 0,
        "fn": 18,
        "f1": 0,
        "precision": 0,
        "recall": 0
    },
    "CompanyName": {
        "tp": 9088,
        "fp": 416,
        "fn": 994,
        "f1": 0.9280098029204533,
        "precision": 0.9562289562289562,
        "recall": 0.9014084507042254
    },
    "HighestTradingPrice": {
        "tp": 1021,
        "fp": 988,
        "fn": 603,
        "f1": 0.5620699146710707,
        "precision": 0.5082130413140866,
        "recall": 0.6286945812807881
    },
    "LowestTradingPrice": {
        "tp": 0,
        "fp": 0,
        "fn": 1040,
        "f1": 0,
        "precision": 0,
        "recall": 0
    },
    "RepurchasedShares": {
        "tp": 373,
        "fp": 148,
        "fn": 1194,
        "f1": 0.35727969348659006,
        "precision": 0.7159309021113244,
        "recall": 0.23803446075303128
    },
    "ClosingDate": {
        "tp": 0,
        "fp": 0,
        "fn": 1648,
        "f1": 0,
        "precision": 0,
        "recall": 0
    },
    "RepurchaseAmount": {
        "tp": 327,
        "fp": 105,
        "fn": 1099,
        "f1": 0.3519913885898816,
        "precision": 0.7569444444444444,
        "recall": 0.22931276297335204
    },
    "TradedShares": {
        "tp": 945,
        "fp": 1138,
        "fn": 189,
        "f1": 0.587503885607709,
        "precision": 0.45367258761401824,
        "recall": 0.8333333333333334
    },
    "LaterHoldingShares": {
        "tp": 0,
        "fp": 6,
        "fn": 421,
        "f1": 0,
        "precision": 0,
        "recall": 0
    },
    "AveragePrice": {
        "tp": 190,
        "fp": 357,
        "fn": 19,
        "f1": 0.5026455026455027,
        "precision": 0.3473491773308958,
        "recall": 0.9090909090909091
    },
    "Pledger": {
        "tp": 0,
        "fp": 0,
        "fn": 0,
        "f1": 0,
        "precision": 0,
        "recall": 0
    },
    "PledgedShares": {
        "tp": 2519,
        "fp": 1142,
        "fn": 352,
        "f1": 0.7712798530312309,
        "precision": 0.6880633706637531,
        "recall": 0.8773946360153256
    },
    "Pledgee": {
        "tp": 1930,
        "fp": 239,
        "fn": 202,
        "f1": 0.8974657056498488,
        "precision": 0.8898109727985246,
        "recall": 0.9052532833020638
    },
    "TotalPledgedShares": {
        "tp": 1178,
        "fp": 634,
        "fn": 192,
        "f1": 0.7404148334380892,
        "precision": 0.6501103752759382,
        "recall": 0.8598540145985402
    },
    "ReleasedDate": {
        "tp": 283,
        "fp": 721,
        "fn": 478,
        "f1": 0.3206798866855525,
        "precision": 0.2818725099601594,
        "recall": 0.3718791064388962
    },
    "StockCode": {
        "tp": 3229,
        "fp": 21,
        "fn": 19,
        "f1": 0.9938442597722377,
        "precision": 0.9935384615384616,
        "recall": 0.9941502463054187
    },
    "StockAbbr": {
        "tp": 3356,
        "fp": 483,
        "fn": 1739,
        "f1": 0.751287217371838,
        "precision": 0.8741859859338369,
        "recall": 0.658684985279686
    },
    "precision": 0.7537954301487502,
    "recall": 0.7087448633840386,
    "micro_f1": 0.7305763014156725,
    "macro_f1": 0.49464032553664294
}