{
    "EquityHolder": {
        "tp": 8178,
        "fp": 1017,
        "fn": 1435,
        "f1": 0.8696299447043812,
        "precision": 0.8893964110929853,
        "recall": 0.8507229792988661
    },
    "FrozeShares": {
        "tp": 127,
        "fp": 202,
        "fn": 171,
        "f1": 0.405103668261563,
        "precision": 0.3860182370820669,
        "recall": 0.4261744966442953
    },
    "LegalInstitution": {
        "tp": 411,
        "fp": 126,
        "fn": 91,
        "f1": 0.7911453320500481,
        "precision": 0.7653631284916201,
        "recall": 0.8187250996015937
    },
    "TotalHoldingShares": {
        "tp": 1644,
        "fp": 300,
        "fn": 515,
        "f1": 0.801364854984158,
        "precision": 0.845679012345679,
        "recall": 0.76146364057434
    },
    "TotalHoldingRatio": {
        "tp": 1396,
        "fp": 296,
        "fn": 329,
        "f1": 0.8170910155106819,
        "precision": 0.8250591016548463,
        "recall": 0.8092753623188406
    },
    "StartDate": {
        "tp": 3519,
        "fp": 905,
        "fn": 1512,
        "f1": 0.7443680592279217,
        "precision": 0.7954339963833634,
        "recall": 0.6994633273703041
    },
    "EndDate": {
        "tp": 1007,
        "fp": 506,
        "fn": 503,
        "f1": 0.6662256037049289,
        "precision": 0.6655651024454726,
        "recall": 0.666887417218543
    },
    "UnfrozeDate": {
        "tp": 6,
        "fp": 14,
        "fn": 12,
        "f1": 0.3157894736842105,
        "precision": 0.3,
        "recall": 0.3333333333333333
    },
    "CompanyName": {
        "tp": 9574,
        "fp": 313,
        "fn": 508,
        "f1": 0.9588862737242726,
        "precision": 0.9683422676241529,
        "recall": 0.9496131719896845
    },
    "HighestTradingPrice": {
        "tp": 1514,
        "fp": 353,
        "fn": 110,
        "f1": 0.8673732454883988,
        "precision": 0.8109266202463846,
        "recall": 0.9322660098522167
    },
    "LowestTradingPrice": {
        "tp": 860,
        "fp": 19,
        "fn": 180,
        "f1": 0.8963001563314226,
        "precision": 0.9783845278725825,
        "recall": 0.8269230769230769
    },
    "RepurchasedShares": {
        "tp": 1305,
        "fp": 236,
        "fn": 262,
        "f1": 0.8397683397683396,
        "precision": 0.8468526930564568,
        "recall": 0.8328015315890236
    },
    "ClosingDate": {
        "tp": 1061,
        "fp": 610,
        "fn": 587,
        "f1": 0.639349201566737,
        "precision": 0.634949132256134,
        "recall": 0.6438106796116505
    },
    "RepurchaseAmount": {
        "tp": 1080,
        "fp": 236,
        "fn": 346,
        "f1": 0.787746170678337,
        "precision": 0.8206686930091185,
        "recall": 0.7573632538569425
    },
    "TradedShares": {
        "tp": 830,
        "fp": 326,
        "fn": 304,
        "f1": 0.7248908296943232,
        "precision": 0.7179930795847751,
        "recall": 0.7319223985890653
    },
    "LaterHoldingShares": {
        "tp": 136,
        "fp": 329,
        "fn": 285,
        "f1": 0.3069977426636569,
        "precision": 0.2924731182795699,
        "recall": 0.32304038004750596
    },
    "AveragePrice": {
        "tp": 195,
        "fp": 43,
        "fn": 14,
        "f1": 0.8724832214765099,
        "precision": 0.819327731092437,
        "recall": 0.9330143540669856
    },
    "Pledger": {
        "tp": 0,
        "fp": 0,
        "fn": 0,
        "f1": 0,
        "precision": 0,
        "recall": 0
    },
    "PledgedShares": {
        "tp": 2286,
        "fp": 710,
        "fn": 585,
        "f1": 0.7792739048917675,
        "precision": 0.7630173564753004,
        "recall": 0.7962382445141066
    },
    "Pledgee": {
        "tp": 1996,
        "fp": 131,
        "fn": 136,
        "f1": 0.9373092275181968,
        "precision": 0.9384109073812882,
        "recall": 0.9362101313320825
    },
    "TotalPledgedShares": {
        "tp": 1011,
        "fp": 244,
        "fn": 359,
        "f1": 0.7702857142857144,
        "precision": 0.8055776892430279,
        "recall": 0.737956204379562
    },
    "ReleasedDate": {
        "tp": 437,
        "fp": 430,
        "fn": 324,
        "f1": 0.5368550368550369,
        "precision": 0.5040369088811996,
        "recall": 0.5742444152431012
    },
    "StockCode": {
        "tp": 3233,
        "fp": 20,
        "fn": 15,
        "f1": 0.9946162128903245,
        "precision": 0.9938518290808485,
        "recall": 0.9953817733990148
    },
    "StockAbbr": {
        "tp": 4082,
        "fp": 378,
        "fn": 1013,
        "f1": 0.8544217687074831,
        "precision": 0.9152466367713005,
        "recall": 0.8011776251226693
    },
    "precision": 0.8556085918854416,
    "recall": 0.8270492394203734,
    "micro_f1": 0.8410865500934784,
    "macro_f1": 0.7157197916111838
}