{
    "EquityHolder": {
        "tp": 8547,
        "fp": 1601,
        "fn": 1066,
        "f1": 0.8650371944739639,
        "precision": 0.8422349231375641,
        "recall": 0.8891084989077291
    },
    "FrozeShares": {
        "tp": 113,
        "fp": 168,
        "fn": 185,
        "f1": 0.3903281519861831,
        "precision": 0.40213523131672596,
        "recall": 0.37919463087248323
    },
    "LegalInstitution": {
        "tp": 408,
        "fp": 65,
        "fn": 94,
        "f1": 0.8369230769230769,
        "precision": 0.8625792811839323,
        "recall": 0.8127490039840638
    },
    "TotalHoldingShares": {
        "tp": 1801,
        "fp": 571,
        "fn": 358,
        "f1": 0.7949679982343852,
        "precision": 0.7592748735244519,
        "recall": 0.8341824918943955
    },
    "TotalHoldingRatio": {
        "tp": 1492,
        "fp": 398,
        "fn": 233,
        "f1": 0.8254495159059474,
        "precision": 0.7894179894179895,
        "recall": 0.864927536231884
    },
    "StartDate": {
        "tp": 3952,
        "fp": 1509,
        "fn": 1079,
        "f1": 0.7533358749523447,
        "precision": 0.7236769822376854,
        "recall": 0.7855297157622739
    },
    "EndDate": {
        "tp": 951,
        "fp": 412,
        "fn": 559,
        "f1": 0.6620257570483815,
        "precision": 0.6977256052824652,
        "recall": 0.6298013245033113
    },
    "UnfrozeDate": {
        "tp": 2,
        "fp": 5,
        "fn": 16,
        "f1": 0.16,
        "precision": 0.2857142857142857,
        "recall": 0.1111111111111111
    },
    "CompanyName": {
        "tp": 9238,
        "fp": 311,
        "fn": 844,
        "f1": 0.941164484743518,
        "precision": 0.9674311446224736,
        "recall": 0.9162864511009721
    },
    "HighestTradingPrice": {
        "tp": 1316,
        "fp": 215,
        "fn": 308,
        "f1": 0.8342313787638668,
        "precision": 0.8595689092096669,
        "recall": 0.8103448275862069
    },
    "LowestTradingPrice": {
        "tp": 973,
        "fp": 97,
        "fn": 67,
        "f1": 0.9222748815165877,
        "precision": 0.9093457943925234,
        "recall": 0.9355769230769231
    },
    "RepurchasedShares": {
        "tp": 1272,
        "fp": 150,
        "fn": 295,
        "f1": 0.8511207761793241,
        "precision": 0.8945147679324894,
        "recall": 0.8117421825143587
    },
    "ClosingDate": {
        "tp": 986,
        "fp": 410,
        "fn": 662,
        "f1": 0.6478318002628122,
        "precision": 0.7063037249283668,
        "recall": 0.5983009708737864
    },
    "RepurchaseAmount": {
        "tp": 1144,
        "fp": 190,
        "fn": 282,
        "f1": 0.8289855072463769,
        "precision": 0.8575712143928036,
        "recall": 0.8022440392706872
    },
    "TradedShares": {
        "tp": 944,
        "fp": 455,
        "fn": 190,
        "f1": 0.7453612317410185,
        "precision": 0.6747676912080057,
        "recall": 0.8324514991181657
    },
    "LaterHoldingShares": {
        "tp": 144,
        "fp": 262,
        "fn": 277,
        "f1": 0.34824667472793225,
        "precision": 0.35467980295566504,
        "recall": 0.342042755344418
    },
    "AveragePrice": {
        "tp": 200,
        "fp": 105,
        "fn": 9,
        "f1": 0.7782101167315175,
        "precision": 0.6557377049180327,
        "recall": 0.9569377990430622
    },
    "Pledger": {
        "tp": 0,
        "fp": 0,
        "fn": 0,
        "f1": 0,
        "precision": 0,
        "recall": 0
    },
    "PledgedShares": {
        "tp": 2393,
        "fp": 811,
        "fn": 478,
        "f1": 0.7878189300411522,
        "precision": 0.7468789013732834,
        "recall": 0.8335074886799024
    },
    "Pledgee": {
        "tp": 1985,
        "fp": 153,
        "fn": 147,
        "f1": 0.9297423887587823,
        "precision": 0.9284377923292797,
        "recall": 0.9310506566604128
    },
    "TotalPledgedShares": {
        "tp": 1197,
        "fp": 440,
        "fn": 173,
        "f1": 0.7961423345527103,
        "precision": 0.7312156383628589,
        "recall": 0.8737226277372263
    },
    "ReleasedDate": {
        "tp": 426,
        "fp": 261,
        "fn": 335,
        "f1": 0.5883977900552486,
        "precision": 0.6200873362445415,
        "recall": 0.5597897503285151
    },
    "StockCode": {
        "tp": 3227,
        "fp": 16,
        "fn": 21,
        "f1": 0.9942997997226928,
        "precision": 0.9950662966389145,
        "recall": 0.9935344827586207
    },
    "StockAbbr": {
        "tp": 4012,
        "fp": 600,
        "fn": 1083,
        "f1": 0.8266199649737302,
        "precision": 0.8699045967042498,
        "recall": 0.7874386653581943
    },
    "precision": 0.8354133886425404,
    "recall": 0.8420986230264581,
    "micro_f1": 0.8387426848095357,
    "macro_f1": 0.7128548178975646
}