{
    "EquityHolder": {
        "tp": 8146,
        "fp": 1169,
        "fn": 1467,
        "f1": 0.860735418427726,
        "precision": 0.8745034889962426,
        "recall": 0.84739415375013
    },
    "FrozeShares": {
        "tp": 95,
        "fp": 94,
        "fn": 203,
        "f1": 0.3901437371663244,
        "precision": 0.5026455026455027,
        "recall": 0.3187919463087248
    },
    "LegalInstitution": {
        "tp": 438,
        "fp": 45,
        "fn": 64,
        "f1": 0.8893401015228427,
        "precision": 0.906832298136646,
        "recall": 0.8725099601593626
    },
    "TotalHoldingShares": {
        "tp": 1778,
        "fp": 464,
        "fn": 381,
        "f1": 0.807998182231311,
        "precision": 0.7930419268510259,
        "recall": 0.8235294117647058
    },
    "TotalHoldingRatio": {
        "tp": 1409,
        "fp": 197,
        "fn": 316,
        "f1": 0.8459921945361752,
        "precision": 0.8773349937733499,
        "recall": 0.8168115942028985
    },
    "StartDate": {
        "tp": 3708,
        "fp": 1150,
        "fn": 1323,
        "f1": 0.7499241581555264,
        "precision": 0.7632770687525731,
        "recall": 0.7370304114490162
    },
    "EndDate": {
        "tp": 993,
        "fp": 505,
        "fn": 517,
        "f1": 0.6602393617021276,
        "precision": 0.6628838451268357,
        "recall": 0.6576158940397351
    },
    "UnfrozeDate": {
        "tp": 8,
        "fp": 29,
        "fn": 10,
        "f1": 0.2909090909090909,
        "precision": 0.21621621621621623,
        "recall": 0.4444444444444444
    },
    "CompanyName": {
        "tp": 9726,
        "fp": 285,
        "fn": 356,
        "f1": 0.9680983427064153,
        "precision": 0.9715313155528918,
        "recall": 0.9646895457250545
    },
    "HighestTradingPrice": {
        "tp": 1501,
        "fp": 304,
        "fn": 123,
        "f1": 0.8754738990959463,
        "precision": 0.8315789473684211,
        "recall": 0.9242610837438424
    },
    "LowestTradingPrice": {
        "tp": 907,
        "fp": 26,
        "fn": 133,
        "f1": 0.9194120628484542,
        "precision": 0.9721329046087889,
        "recall": 0.8721153846153846
    },
    "RepurchasedShares": {
        "tp": 1395,
        "fp": 185,
        "fn": 172,
        "f1": 0.886558627264061,
        "precision": 0.8829113924050633,
        "recall": 0.8902361199744735
    },
    "ClosingDate": {
        "tp": 1030,
        "fp": 583,
        "fn": 618,
        "f1": 0.631708065010733,
        "precision": 0.638561686298822,
        "recall": 0.625
    },
    "RepurchaseAmount": {
        "tp": 1224,
        "fp": 243,
        "fn": 202,
        "f1": 0.8461804355340478,
        "precision": 0.8343558282208589,
        "recall": 0.8583450210378681
    },
    "TradedShares": {
        "tp": 829,
        "fp": 278,
        "fn": 305,
        "f1": 0.7398482820169567,
        "precision": 0.7488708220415538,
        "recall": 0.7310405643738977
    },
    "LaterHoldingShares": {
        "tp": 93,
        "fp": 131,
        "fn": 328,
        "f1": 0.2883720930232558,
        "precision": 0.41517857142857145,
        "recall": 0.2209026128266033
    },
    "AveragePrice": {
        "tp": 194,
        "fp": 27,
        "fn": 15,
        "f1": 0.9023255813953488,
        "precision": 0.8778280542986425,
        "recall": 0.9282296650717703
    },
    "Pledger": {
        "tp": 0,
        "fp": 0,
        "fn": 0,
        "f1": 0,
        "precision": 0,
        "recall": 0
    },
    "PledgedShares": {
        "tp": 2262,
        "fp": 805,
        "fn": 609,
        "f1": 0.7618726844055239,
        "precision": 0.7375285295076622,
        "recall": 0.7878787878787878
    },
    "Pledgee": {
        "tp": 2003,
        "fp": 131,
        "fn": 129,
        "f1": 0.9390529770276606,
        "precision": 0.9386129334582943,
        "recall": 0.9394934333958724
    },
    "TotalPledgedShares": {
        "tp": 920,
        "fp": 202,
        "fn": 450,
        "f1": 0.7383627608346709,
        "precision": 0.8199643493761141,
        "recall": 0.6715328467153284
    },
    "ReleasedDate": {
        "tp": 424,
        "fp": 378,
        "fn": 337,
        "f1": 0.5425463851567498,
        "precision": 0.5286783042394015,
        "recall": 0.557161629434954
    },
    "StockCode": {
        "tp": 3227,
        "fp": 7,
        "fn": 21,
        "f1": 0.9956803455723542,
        "precision": 0.9978354978354979,
        "recall": 0.9935344827586207
    },
    "StockAbbr": {
        "tp": 4147,
        "fp": 427,
        "fn": 948,
        "f1": 0.8577929465301479,
        "precision": 0.9066462614779187,
        "recall": 0.8139352306182532
    },
    "precision": 0.8583755219688851,
    "recall": 0.8373044481291904,
    "micro_f1": 0.8477090670218783,
    "macro_f1": 0.7245236555447274
}