{
    "EquityHolder": {
        "tp": 8504,
        "fp": 1581,
        "fn": 1109,
        "f1": 0.8634379124784243,
        "precision": 0.8432325235498265,
        "recall": 0.884635389576615
    },
    "FrozeShares": {
        "tp": 156,
        "fp": 254,
        "fn": 142,
        "f1": 0.4406779661016949,
        "precision": 0.3804878048780488,
        "recall": 0.5234899328859061
    },
    "LegalInstitution": {
        "tp": 444,
        "fp": 46,
        "fn": 58,
        "f1": 0.8951612903225806,
        "precision": 0.9061224489795918,
        "recall": 0.8844621513944223
    },
    "TotalHoldingShares": {
        "tp": 1682,
        "fp": 392,
        "fn": 477,
        "f1": 0.7947082447436807,
        "precision": 0.81099324975892,
        "recall": 0.779064381658175
    },
    "TotalHoldingRatio": {
        "tp": 1331,
        "fp": 233,
        "fn": 394,
        "f1": 0.8093645484949833,
        "precision": 0.8510230179028133,
        "recall": 0.7715942028985507
    },
    "StartDate": {
        "tp": 3784,
        "fp": 1229,
        "fn": 1247,
        "f1": 0.753484667463162,
        "precision": 0.7548374227009774,
        "recall": 0.7521367521367521
    },
    "EndDate": {
        "tp": 838,
        "fp": 315,
        "fn": 672,
        "f1": 0.6293653773939166,
        "precision": 0.7267996530789246,
        "recall": 0.5549668874172186
    },
    "UnfrozeDate": {
        "tp": 11,
        "fp": 34,
        "fn": 7,
        "f1": 0.3492063492063492,
        "precision": 0.24444444444444444,
        "recall": 0.6111111111111112
    },
    "CompanyName": {
        "tp": 9761,
        "fp": 245,
        "fn": 321,
        "f1": 0.9718239745121464,
        "precision": 0.9755146911852888,
        "recall": 0.9681610791509621
    },
    "HighestTradingPrice": {
        "tp": 1562,
        "fp": 344,
        "fn": 62,
        "f1": 0.884985835694051,
        "precision": 0.8195173137460651,
        "recall": 0.9618226600985221
    },
    "LowestTradingPrice": {
        "tp": 900,
        "fp": 31,
        "fn": 140,
        "f1": 0.91324200913242,
        "precision": 0.966702470461869,
        "recall": 0.8653846153846154
    },
    "RepurchasedShares": {
        "tp": 1486,
        "fp": 270,
        "fn": 81,
        "f1": 0.8943725549202528,
        "precision": 0.8462414578587699,
        "recall": 0.9483088704530951
    },
    "ClosingDate": {
        "tp": 1088,
        "fp": 521,
        "fn": 560,
        "f1": 0.6680994780472826,
        "precision": 0.6761963952765693,
        "recall": 0.6601941747572816
    },
    "RepurchaseAmount": {
        "tp": 1261,
        "fp": 251,
        "fn": 165,
        "f1": 0.8584070796460177,
        "precision": 0.833994708994709,
        "recall": 0.8842917251051894
    },
    "TradedShares": {
        "tp": 806,
        "fp": 239,
        "fn": 328,
        "f1": 0.7397888939880678,
        "precision": 0.7712918660287081,
        "recall": 0.7107583774250441
    },
    "LaterHoldingShares": {
        "tp": 87,
        "fp": 216,
        "fn": 334,
        "f1": 0.24033149171270718,
        "precision": 0.2871287128712871,
        "recall": 0.20665083135391923
    },
    "AveragePrice": {
        "tp": 192,
        "fp": 36,
        "fn": 17,
        "f1": 0.8787185354691076,
        "precision": 0.8421052631578947,
        "recall": 0.9186602870813397
    },
    "Pledger": {
        "tp": 0,
        "fp": 0,
        "fn": 0,
        "f1": 0,
        "precision": 0,
        "recall": 0
    },
    "PledgedShares": {
        "tp": 2346,
        "fp": 754,
        "fn": 525,
        "f1": 0.7857980237816112,
        "precision": 0.756774193548387,
        "recall": 0.8171368861024033
    },
    "Pledgee": {
        "tp": 1998,
        "fp": 182,
        "fn": 134,
        "f1": 0.9267161410018553,
        "precision": 0.9165137614678899,
        "recall": 0.9371482176360225
    },
    "TotalPledgedShares": {
        "tp": 1100,
        "fp": 295,
        "fn": 270,
        "f1": 0.7956600361663653,
        "precision": 0.7885304659498208,
        "recall": 0.8029197080291971
    },
    "ReleasedDate": {
        "tp": 480,
        "fp": 441,
        "fn": 281,
        "f1": 0.5707491082045184,
        "precision": 0.5211726384364821,
        "recall": 0.6307490144546649
    },
    "StockCode": {
        "tp": 3233,
        "fp": 7,
        "fn": 15,
        "f1": 0.9966091245376079,
        "precision": 0.9978395061728395,
        "recall": 0.9953817733990148
    },
    "StockAbbr": {
        "tp": 4162,
        "fp": 553,
        "fn": 933,
        "f1": 0.8485219164118246,
        "precision": 0.8827147401908801,
        "recall": 0.8168792934249264
    },
    "precision": 0.8479014385517502,
    "recall": 0.8509119746233148,
    "micro_f1": 0.8494040390410651,
    "macro_f1": 0.7295512733096093
}