{
    "EquityHolder": {
        "tp": 8403,
        "fp": 1650,
        "fn": 1210,
        "f1": 0.8545713414014036,
        "precision": 0.8358698895851985,
        "recall": 0.8741287839384168
    },
    "FrozeShares": {
        "tp": 0,
        "fp": 0,
        "fn": 298,
        "f1": 0,
        "precision": 0,
        "recall": 0
    },
    "LegalInstitution": {
        "tp": 384,
        "fp": 108,
        "fn": 118,
        "f1": 0.772635814889336,
        "precision": 0.7804878048780488,
        "recall": 0.7649402390438247
    },
    "TotalHoldingShares": {
        "tp": 1837,
        "fp": 896,
        "fn": 322,
        "f1": 0.75102207686018,
        "precision": 0.6721551408708379,
        "recall": 0.8508568781843446
    },
    "TotalHoldingRatio": {
        "tp": 1477,
        "fp": 707,
        "fn": 248,
        "f1": 0.7556919928370427,
        "precision": 0.6762820512820513,
        "recall": 0.856231884057971
    },
    "StartDate": {
        "tp": 3549,
        "fp": 1567,
        "fn": 1482,
        "f1": 0.6995170986498472,
        "precision": 0.6937060203283816,
        "recall": 0.7054263565891473
    },
    "EndDate": {
        "tp": 1016,
        "fp": 754,
        "fn": 494,
        "f1": 0.6195121951219513,
        "precision": 0.5740112994350283,
        "recall": 0.6728476821192053
    },
    "UnfrozeDate": {
        "tp": 0,
        "fp": 0,
        "fn": 18,
        "f1": 0,
        "precision": 0,
        "recall": 0
    },
    "CompanyName": {
        "tp": 9899,
        "fp": 274,
        "fn": 183,
        "f1": 0.9774376697111824,
        "precision": 0.9730659589108425,
        "recall": 0.981848839515969
    },
    "HighestTradingPrice": {
        "tp": 1311,
        "fp": 1118,
        "fn": 313,
        "f1": 0.6469282013323464,
        "precision": 0.5397282832441334,
        "recall": 0.8072660098522167
    },
    "LowestTradingPrice": {
        "tp": 0,
        "fp": 0,
        "fn": 1040,
        "f1": 0,
        "precision": 0,
        "recall": 0
    },
    "RepurchasedShares": {
        "tp": 947,
        "fp": 52,
        "fn": 620,
        "f1": 0.7381137957911145,
        "precision": 0.9479479479479479,
        "recall": 0.6043395022335674
    },
    "ClosingDate": {
        "tp": 649,
        "fp": 114,
        "fn": 999,
        "f1": 0.5383658233098298,
        "precision": 0.8505897771952818,
        "recall": 0.3938106796116505
    },
    "RepurchaseAmount": {
        "tp": 593,
        "fp": 21,
        "fn": 833,
        "f1": 0.5813725490196079,
        "precision": 0.9657980456026058,
        "recall": 0.4158485273492286
    },
    "TradedShares": {
        "tp": 991,
        "fp": 748,
        "fn": 143,
        "f1": 0.6898712147580927,
        "precision": 0.569867740080506,
        "recall": 0.8738977072310405
    },
    "LaterHoldingShares": {
        "tp": 0,
        "fp": 15,
        "fn": 421,
        "f1": 0,
        "precision": 0,
        "recall": 0
    },
    "AveragePrice": {
        "tp": 193,
        "fp": 158,
        "fn": 16,
        "f1": 0.6892857142857143,
        "precision": 0.5498575498575499,
        "recall": 0.9234449760765551
    },
    "Pledger": {
        "tp": 0,
        "fp": 0,
        "fn": 0,
        "f1": 0,
        "precision": 0,
        "recall": 0
    },
    "PledgedShares": {
        "tp": 2508,
        "fp": 951,
        "fn": 363,
        "f1": 0.7924170616113744,
        "precision": 0.7250650477016479,
        "recall": 0.8735632183908046
    },
    "Pledgee": {
        "tp": 2027,
        "fp": 287,
        "fn": 105,
        "f1": 0.9118308591992802,
        "precision": 0.8759723422644771,
        "recall": 0.950750469043152
    },
    "TotalPledgedShares": {
        "tp": 1228,
        "fp": 589,
        "fn": 142,
        "f1": 0.7706306871666143,
        "precision": 0.6758392955421023,
        "recall": 0.8963503649635036
    },
    "ReleasedDate": {
        "tp": 396,
        "fp": 541,
        "fn": 365,
        "f1": 0.4664310954063604,
        "precision": 0.4226254002134472,
        "recall": 0.5203679369250985
    },
    "StockCode": {
        "tp": 3221,
        "fp": 17,
        "fn": 27,
        "f1": 0.9932161578785076,
        "precision": 0.9947498455836936,
        "recall": 0.9916871921182266
    },
    "StockAbbr": {
        "tp": 4012,
        "fp": 510,
        "fn": 1083,
        "f1": 0.8343558282208589,
        "precision": 0.8872180451127819,
        "recall": 0.7874386653581943
    },
    "precision": 0.8011953049283894,
    "recall": 0.8045742916876938,
    "micro_f1": 0.8028812431431089,
    "macro_f1": 0.5868002990604436
}