{
    "EquityHolder": {
        "tp": 7613,
        "fp": 1646,
        "fn": 2000,
        "f1": 0.8068037303942348,
        "precision": 0.822227022356626,
        "recall": 0.7919484032039946
    },
    "FrozeShares": {
        "tp": 0,
        "fp": 1,
        "fn": 298,
        "f1": 0,
        "precision": 0,
        "recall": 0
    },
    "LegalInstitution": {
        "tp": 364,
        "fp": 80,
        "fn": 138,
        "f1": 0.7695560253699789,
        "precision": 0.8198198198198198,
        "recall": 0.7250996015936255
    },
    "TotalHoldingShares": {
        "tp": 1747,
        "fp": 664,
        "fn": 412,
        "f1": 0.7645514223194748,
        "precision": 0.7245956034840315,
        "recall": 0.8091709124594719
    },
    "TotalHoldingRatio": {
        "tp": 1409,
        "fp": 395,
        "fn": 316,
        "f1": 0.7985264947577216,
        "precision": 0.7810421286031042,
        "recall": 0.8168115942028985
    },
    "StartDate": {
        "tp": 3062,
        "fp": 872,
        "fn": 1969,
        "f1": 0.6831009481316229,
        "precision": 0.7783426537874937,
        "recall": 0.6086265156032598
    },
    "EndDate": {
        "tp": 920,
        "fp": 457,
        "fn": 590,
        "f1": 0.6373397990994111,
        "precision": 0.6681190994916485,
        "recall": 0.609271523178808
    },
    "UnfrozeDate": {
        "tp": 0,
        "fp": 0,
        "fn": 18,
        "f1": 0,
        "precision": 0,
        "recall": 0
    },
    "CompanyName": {
        "tp": 9750,
        "fp": 307,
        "fn": 332,
        "f1": 0.9682705198867869,
        "precision": 0.9694739982102019,
        "recall": 0.9670700257885341
    },
    "HighestTradingPrice": {
        "tp": 496,
        "fp": 1024,
        "fn": 1128,
        "f1": 0.3155216284987278,
        "precision": 0.3263157894736842,
        "recall": 0.3054187192118227
    },
    "LowestTradingPrice": {
        "tp": 915,
        "fp": 337,
        "fn": 125,
        "f1": 0.7984293193717278,
        "precision": 0.7308306709265175,
        "recall": 0.8798076923076923
    },
    "RepurchasedShares": {
        "tp": 1434,
        "fp": 276,
        "fn": 133,
        "f1": 0.8751907232224595,
        "precision": 0.8385964912280702,
        "recall": 0.9151244416081685
    },
    "ClosingDate": {
        "tp": 645,
        "fp": 199,
        "fn": 1003,
        "f1": 0.5176565008025683,
        "precision": 0.764218009478673,
        "recall": 0.3913834951456311
    },
    "RepurchaseAmount": {
        "tp": 1156,
        "fp": 190,
        "fn": 270,
        "f1": 0.8340548340548339,
        "precision": 0.8588410104011887,
        "recall": 0.8106591865357644
    },
    "TradedShares": {
        "tp": 818,
        "fp": 349,
        "fn": 316,
        "f1": 0.7109952194697957,
        "precision": 0.700942587832048,
        "recall": 0.7213403880070547
    },
    "LaterHoldingShares": {
        "tp": 13,
        "fp": 67,
        "fn": 408,
        "f1": 0.05189620758483034,
        "precision": 0.1625,
        "recall": 0.030878859857482184
    },
    "AveragePrice": {
        "tp": 198,
        "fp": 61,
        "fn": 11,
        "f1": 0.8461538461538461,
        "precision": 0.7644787644787645,
        "recall": 0.9473684210526315
    },
    "Pledger": {
        "tp": 0,
        "fp": 0,
        "fn": 0,
        "f1": 0,
        "precision": 0,
        "recall": 0
    },
    "PledgedShares": {
        "tp": 2528,
        "fp": 934,
        "fn": 343,
        "f1": 0.7983578083057002,
        "precision": 0.7302137492778741,
        "recall": 0.8805294322535702
    },
    "Pledgee": {
        "tp": 1937,
        "fp": 226,
        "fn": 195,
        "f1": 0.9019790454016299,
        "precision": 0.8955154877484974,
        "recall": 0.9085365853658537
    },
    "TotalPledgedShares": {
        "tp": 1213,
        "fp": 537,
        "fn": 157,
        "f1": 0.7775641025641027,
        "precision": 0.6931428571428572,
        "recall": 0.8854014598540146
    },
    "ReleasedDate": {
        "tp": 449,
        "fp": 1063,
        "fn": 312,
        "f1": 0.39507259128904537,
        "precision": 0.296957671957672,
        "recall": 0.5900131406044679
    },
    "StockCode": {
        "tp": 3233,
        "fp": 14,
        "fn": 15,
        "f1": 0.9955350269438029,
        "precision": 0.9956883276870958,
        "recall": 0.9953817733990148
    },
    "StockAbbr": {
        "tp": 3530,
        "fp": 512,
        "fn": 1565,
        "f1": 0.7726824997263873,
        "precision": 0.8733300346363186,
        "recall": 0.6928361138370952
    },
    "precision": 0.8096418784138998,
    "recall": 0.7827481796553961,
    "micro_f1": 0.795967926689576,
    "macro_f1": 0.6258015955561952
}