{
    "EquityHolder": {
        "tp": 8229,
        "fp": 1595,
        "fn": 1384,
        "f1": 0.8467356073468127,
        "precision": 0.8376425081433225,
        "recall": 0.8560282950171643
    },
    "FrozeShares": {
        "tp": 84,
        "fp": 116,
        "fn": 214,
        "f1": 0.3373493975903614,
        "precision": 0.42,
        "recall": 0.28187919463087246
    },
    "LegalInstitution": {
        "tp": 430,
        "fp": 56,
        "fn": 72,
        "f1": 0.8704453441295547,
        "precision": 0.8847736625514403,
        "recall": 0.8565737051792829
    },
    "TotalHoldingShares": {
        "tp": 1716,
        "fp": 370,
        "fn": 443,
        "f1": 0.8084805653710246,
        "precision": 0.822627037392138,
        "recall": 0.7948124131542381
    },
    "TotalHoldingRatio": {
        "tp": 1426,
        "fp": 253,
        "fn": 299,
        "f1": 0.8378378378378378,
        "precision": 0.8493150684931506,
        "recall": 0.8266666666666667
    },
    "StartDate": {
        "tp": 3658,
        "fp": 1109,
        "fn": 1373,
        "f1": 0.746682996529904,
        "precision": 0.7673589259492343,
        "recall": 0.7270920294176109
    },
    "EndDate": {
        "tp": 1044,
        "fp": 555,
        "fn": 466,
        "f1": 0.6715985847539402,
        "precision": 0.6529080675422139,
        "recall": 0.6913907284768211
    },
    "UnfrozeDate": {
        "tp": 0,
        "fp": 0,
        "fn": 18,
        "f1": 0,
        "precision": 0,
        "recall": 0
    },
    "CompanyName": {
        "tp": 9065,
        "fp": 413,
        "fn": 1017,
        "f1": 0.9268916155419221,
        "precision": 0.9564254062038404,
        "recall": 0.8991271573100575
    },
    "HighestTradingPrice": {
        "tp": 1510,
        "fp": 363,
        "fn": 114,
        "f1": 0.8635973691735773,
        "precision": 0.8061932728243459,
        "recall": 0.9298029556650246
    },
    "LowestTradingPrice": {
        "tp": 808,
        "fp": 70,
        "fn": 232,
        "f1": 0.8425443169968718,
        "precision": 0.9202733485193622,
        "recall": 0.7769230769230769
    },
    "RepurchasedShares": {
        "tp": 1274,
        "fp": 233,
        "fn": 293,
        "f1": 0.8288874430709173,
        "precision": 0.8453881884538819,
        "recall": 0.813018506700702
    },
    "ClosingDate": {
        "tp": 965,
        "fp": 613,
        "fn": 683,
        "f1": 0.5982641041537509,
        "precision": 0.6115335868187579,
        "recall": 0.5855582524271845
    },
    "RepurchaseAmount": {
        "tp": 821,
        "fp": 235,
        "fn": 605,
        "f1": 0.661563255439162,
        "precision": 0.7774621212121212,
        "recall": 0.5757363253856943
    },
    "TradedShares": {
        "tp": 823,
        "fp": 287,
        "fn": 311,
        "f1": 0.7335115864527629,
        "precision": 0.7414414414414414,
        "recall": 0.7257495590828924
    },
    "LaterHoldingShares": {
        "tp": 136,
        "fp": 278,
        "fn": 285,
        "f1": 0.325748502994012,
        "precision": 0.3285024154589372,
        "recall": 0.32304038004750596
    },
    "AveragePrice": {
        "tp": 199,
        "fp": 57,
        "fn": 10,
        "f1": 0.8559139784946236,
        "precision": 0.77734375,
        "recall": 0.9521531100478469
    },
    "Pledger": {
        "tp": 0,
        "fp": 0,
        "fn": 0,
        "f1": 0,
        "precision": 0,
        "recall": 0
    },
    "PledgedShares": {
        "tp": 2217,
        "fp": 656,
        "fn": 654,
        "f1": 0.7719359331476323,
        "precision": 0.7716672467803689,
        "recall": 0.7722048066875653
    },
    "Pledgee": {
        "tp": 1931,
        "fp": 141,
        "fn": 201,
        "f1": 0.9186489058039962,
        "precision": 0.931949806949807,
        "recall": 0.9057223264540337
    },
    "TotalPledgedShares": {
        "tp": 1072,
        "fp": 324,
        "fn": 298,
        "f1": 0.7751265365148229,
        "precision": 0.7679083094555874,
        "recall": 0.7824817518248175
    },
    "ReleasedDate": {
        "tp": 398,
        "fp": 353,
        "fn": 363,
        "f1": 0.5264550264550264,
        "precision": 0.5299600532623169,
        "recall": 0.5229960578186597
    },
    "StockCode": {
        "tp": 3236,
        "fp": 13,
        "fn": 12,
        "f1": 0.9961520701862399,
        "precision": 0.9959987688519545,
        "recall": 0.9963054187192119
    },
    "StockAbbr": {
        "tp": 4077,
        "fp": 519,
        "fn": 1018,
        "f1": 0.8413992364049117,
        "precision": 0.8870757180156658,
        "recall": 0.8001962708537782
    },
    "precision": 0.8397669743895175,
    "recall": 0.813189387931656,
    "micro_f1": 0.8262645130571731,
    "macro_f1": 0.6910737589329027
}