{
    "EquityHolder": {
        "tp": 8175,
        "fp": 2014,
        "fn": 1438,
        "f1": 0.8256741743258258,
        "precision": 0.8023358523898322,
        "recall": 0.8504109019036721
    },
    "FrozeShares": {
        "tp": 0,
        "fp": 0,
        "fn": 298,
        "f1": 0,
        "precision": 0,
        "recall": 0
    },
    "LegalInstitution": {
        "tp": 420,
        "fp": 116,
        "fn": 82,
        "f1": 0.8092485549132948,
        "precision": 0.7835820895522388,
        "recall": 0.8366533864541833
    },
    "TotalHoldingShares": {
        "tp": 1657,
        "fp": 448,
        "fn": 502,
        "f1": 0.7772045028142589,
        "precision": 0.7871733966745843,
        "recall": 0.7674849467345993
    },
    "TotalHoldingRatio": {
        "tp": 1412,
        "fp": 321,
        "fn": 313,
        "f1": 0.816657027183343,
        "precision": 0.8147720715522215,
        "recall": 0.8185507246376812
    },
    "StartDate": {
        "tp": 3305,
        "fp": 1156,
        "fn": 1726,
        "f1": 0.6963758954909397,
        "precision": 0.740865276843757,
        "recall": 0.6569270522758894
    },
    "EndDate": {
        "tp": 963,
        "fp": 600,
        "fn": 547,
        "f1": 0.6267491051090139,
        "precision": 0.6161228406909789,
        "recall": 0.6377483443708609
    },
    "UnfrozeDate": {
        "tp": 0,
        "fp": 0,
        "fn": 18,
        "f1": 0,
        "precision": 0,
        "recall": 0
    },
    "CompanyName": {
        "tp": 9749,
        "fp": 376,
        "fn": 333,
        "f1": 0.964913148908794,
        "precision": 0.9628641975308642,
        "recall": 0.9669708391192223
    },
    "HighestTradingPrice": {
        "tp": 1519,
        "fp": 762,
        "fn": 105,
        "f1": 0.7779769526248399,
        "precision": 0.6659359929855326,
        "recall": 0.9353448275862069
    },
    "LowestTradingPrice": {
        "tp": 441,
        "fp": 9,
        "fn": 599,
        "f1": 0.5919463087248322,
        "precision": 0.98,
        "recall": 0.42403846153846153
    },
    "RepurchasedShares": {
        "tp": 1465,
        "fp": 242,
        "fn": 102,
        "f1": 0.8949297495418448,
        "precision": 0.8582308142940832,
        "recall": 0.9349074664964901
    },
    "ClosingDate": {
        "tp": 734,
        "fp": 308,
        "fn": 914,
        "f1": 0.545724907063197,
        "precision": 0.7044145873320538,
        "recall": 0.44538834951456313
    },
    "RepurchaseAmount": {
        "tp": 951,
        "fp": 94,
        "fn": 475,
        "f1": 0.7697288547146904,
        "precision": 0.9100478468899521,
        "recall": 0.6669004207573632
    },
    "TradedShares": {
        "tp": 796,
        "fp": 325,
        "fn": 338,
        "f1": 0.7059866962305986,
        "precision": 0.7100802854594113,
        "recall": 0.7019400352733686
    },
    "LaterHoldingShares": {
        "tp": 115,
        "fp": 380,
        "fn": 306,
        "f1": 0.2510917030567686,
        "precision": 0.23232323232323232,
        "recall": 0.27315914489311166
    },
    "AveragePrice": {
        "tp": 191,
        "fp": 72,
        "fn": 18,
        "f1": 0.809322033898305,
        "precision": 0.7262357414448669,
        "recall": 0.9138755980861244
    },
    "Pledger": {
        "tp": 0,
        "fp": 0,
        "fn": 0,
        "f1": 0,
        "precision": 0,
        "recall": 0
    },
    "PledgedShares": {
        "tp": 2287,
        "fp": 843,
        "fn": 584,
        "f1": 0.762206298950175,
        "precision": 0.7306709265175719,
        "recall": 0.7965865552072449
    },
    "Pledgee": {
        "tp": 1941,
        "fp": 207,
        "fn": 191,
        "f1": 0.9070093457943925,
        "precision": 0.9036312849162011,
        "recall": 0.9104127579737336
    },
    "TotalPledgedShares": {
        "tp": 504,
        "fp": 774,
        "fn": 866,
        "f1": 0.38066465256797577,
        "precision": 0.39436619718309857,
        "recall": 0.3678832116788321
    },
    "ReleasedDate": {
        "tp": 309,
        "fp": 293,
        "fn": 452,
        "f1": 0.45341159207630227,
        "precision": 0.5132890365448505,
        "recall": 0.4060446780551905
    },
    "StockCode": {
        "tp": 3236,
        "fp": 15,
        "fn": 12,
        "f1": 0.9958455146945685,
        "precision": 0.9953860350661335,
        "recall": 0.9963054187192119
    },
    "StockAbbr": {
        "tp": 4199,
        "fp": 913,
        "fn": 896,
        "f1": 0.8227686881551877,
        "precision": 0.8214006259780907,
        "recall": 0.8241413150147203
    },
    "precision": 0.8120687446236067,
    "recall": 0.799671977507029,
    "micro_f1": 0.8058226859545408,
    "macro_f1": 0.6327264877849645
}