{
    "EquityHolder": {
        "tp": 8176,
        "fp": 1748,
        "fn": 1437,
        "f1": 0.8369759942672877,
        "precision": 0.8238613462313583,
        "recall": 0.8505149277020702
    },
    "FrozeShares": {
        "tp": 117,
        "fp": 97,
        "fn": 181,
        "f1": 0.45703124999999994,
        "precision": 0.5467289719626168,
        "recall": 0.3926174496644295
    },
    "LegalInstitution": {
        "tp": 403,
        "fp": 63,
        "fn": 99,
        "f1": 0.8326446280991735,
        "precision": 0.8648068669527897,
        "recall": 0.8027888446215139
    },
    "TotalHoldingShares": {
        "tp": 1770,
        "fp": 505,
        "fn": 389,
        "f1": 0.7983761840324762,
        "precision": 0.778021978021978,
        "recall": 0.8198239925891616
    },
    "TotalHoldingRatio": {
        "tp": 1468,
        "fp": 277,
        "fn": 257,
        "f1": 0.8461095100864552,
        "precision": 0.8412607449856734,
        "recall": 0.8510144927536232
    },
    "StartDate": {
        "tp": 3701,
        "fp": 1069,
        "fn": 1330,
        "f1": 0.7552290582593613,
        "precision": 0.7758909853249476,
        "recall": 0.7356390379646194
    },
    "EndDate": {
        "tp": 938,
        "fp": 476,
        "fn": 572,
        "f1": 0.6415868673050615,
        "precision": 0.6633663366336634,
        "recall": 0.6211920529801325
    },
    "UnfrozeDate": {
        "tp": 0,
        "fp": 0,
        "fn": 18,
        "f1": 0,
        "precision": 0,
        "recall": 0
    },
    "CompanyName": {
        "tp": 9553,
        "fp": 405,
        "fn": 529,
        "f1": 0.9533932135728543,
        "precision": 0.9593291825667805,
        "recall": 0.9475302519341401
    },
    "HighestTradingPrice": {
        "tp": 1456,
        "fp": 239,
        "fn": 168,
        "f1": 0.8773727026212714,
        "precision": 0.8589970501474926,
        "recall": 0.896551724137931
    },
    "LowestTradingPrice": {
        "tp": 935,
        "fp": 49,
        "fn": 105,
        "f1": 0.9239130434782609,
        "precision": 0.9502032520325203,
        "recall": 0.8990384615384616
    },
    "RepurchasedShares": {
        "tp": 1329,
        "fp": 192,
        "fn": 238,
        "f1": 0.8607512953367875,
        "precision": 0.873767258382643,
        "recall": 0.8481174218251436
    },
    "ClosingDate": {
        "tp": 874,
        "fp": 293,
        "fn": 774,
        "f1": 0.6209591474245115,
        "precision": 0.7489288774635818,
        "recall": 0.5303398058252428
    },
    "RepurchaseAmount": {
        "tp": 905,
        "fp": 184,
        "fn": 521,
        "f1": 0.7196819085487077,
        "precision": 0.8310376492194674,
        "recall": 0.6346423562412342
    },
    "TradedShares": {
        "tp": 870,
        "fp": 343,
        "fn": 264,
        "f1": 0.7413719642096293,
        "precision": 0.717230008244023,
        "recall": 0.7671957671957672
    },
    "LaterHoldingShares": {
        "tp": 94,
        "fp": 199,
        "fn": 327,
        "f1": 0.26330532212885155,
        "precision": 0.32081911262798635,
        "recall": 0.22327790973871733
    },
    "AveragePrice": {
        "tp": 193,
        "fp": 58,
        "fn": 16,
        "f1": 0.8391304347826087,
        "precision": 0.7689243027888446,
        "recall": 0.9234449760765551
    },
    "Pledger": {
        "tp": 0,
        "fp": 0,
        "fn": 0,
        "f1": 0,
        "precision": 0,
        "recall": 0
    },
    "PledgedShares": {
        "tp": 2331,
        "fp": 910,
        "fn": 540,
        "f1": 0.7627617801047121,
        "precision": 0.7192224622030238,
        "recall": 0.8119122257053292
    },
    "Pledgee": {
        "tp": 1983,
        "fp": 150,
        "fn": 149,
        "f1": 0.92989449003517,
        "precision": 0.929676511954993,
        "recall": 0.9301125703564728
    },
    "TotalPledgedShares": {
        "tp": 826,
        "fp": 477,
        "fn": 544,
        "f1": 0.6180321735877291,
        "precision": 0.6339217191097467,
        "recall": 0.602919708029197
    },
    "ReleasedDate": {
        "tp": 352,
        "fp": 295,
        "fn": 409,
        "f1": 0.5,
        "precision": 0.5440494590417311,
        "recall": 0.46254927726675427
    },
    "StockCode": {
        "tp": 3240,
        "fp": 12,
        "fn": 8,
        "f1": 0.9969230769230769,
        "precision": 0.996309963099631,
        "recall": 0.9975369458128078
    },
    "StockAbbr": {
        "tp": 4161,
        "fp": 516,
        "fn": 934,
        "f1": 0.8516168645108474,
        "precision": 0.8896728672225785,
        "recall": 0.8166830225711482
    },
    "precision": 0.8422149284555244,
    "recall": 0.8232102948597794,
    "micro_f1": 0.8326041780597178,
    "macro_f1": 0.6927942045547847
}