{
    "EquityHolder": {
        "tp": 6825,
        "fp": 1150,
        "fn": 2788,
        "f1": 0.7760973390948374,
        "precision": 0.8557993730407524,
        "recall": 0.7099760740663684
    },
    "FrozeShares": {
        "tp": 96,
        "fp": 175,
        "fn": 202,
        "f1": 0.33743409490333914,
        "precision": 0.35424354243542433,
        "recall": 0.3221476510067114
    },
    "LegalInstitution": {
        "tp": 372,
        "fp": 79,
        "fn": 130,
        "f1": 0.7806925498426023,
        "precision": 0.8248337028824834,
        "recall": 0.7410358565737052
    },
    "TotalHoldingShares": {
        "tp": 1541,
        "fp": 401,
        "fn": 618,
        "f1": 0.7515240185320654,
        "precision": 0.7935118434603502,
        "recall": 0.713756368689208
    },
    "TotalHoldingRatio": {
        "tp": 1327,
        "fp": 351,
        "fn": 398,
        "f1": 0.7799000881575081,
        "precision": 0.7908224076281287,
        "recall": 0.7692753623188405
    },
    "StartDate": {
        "tp": 3220,
        "fp": 1066,
        "fn": 1811,
        "f1": 0.6912096168294515,
        "precision": 0.7512832477834811,
        "recall": 0.6400318028225005
    },
    "EndDate": {
        "tp": 839,
        "fp": 700,
        "fn": 671,
        "f1": 0.5503443752049852,
        "precision": 0.5451591942820013,
        "recall": 0.5556291390728477
    },
    "UnfrozeDate": {
        "tp": 2,
        "fp": 5,
        "fn": 16,
        "f1": 0.16,
        "precision": 0.2857142857142857,
        "recall": 0.1111111111111111
    },
    "CompanyName": {
        "tp": 9471,
        "fp": 541,
        "fn": 611,
        "f1": 0.9426694535682293,
        "precision": 0.9459648421893727,
        "recall": 0.9393969450505852
    },
    "HighestTradingPrice": {
        "tp": 1197,
        "fp": 682,
        "fn": 427,
        "f1": 0.6834142163859549,
        "precision": 0.6370409792442788,
        "recall": 0.7370689655172413
    },
    "LowestTradingPrice": {
        "tp": 332,
        "fp": 172,
        "fn": 708,
        "f1": 0.43005181347150256,
        "precision": 0.6587301587301587,
        "recall": 0.3192307692307692
    },
    "RepurchasedShares": {
        "tp": 1287,
        "fp": 318,
        "fn": 280,
        "f1": 0.8114754098360656,
        "precision": 0.8018691588785046,
        "recall": 0.8213146139119336
    },
    "ClosingDate": {
        "tp": 362,
        "fp": 355,
        "fn": 1286,
        "f1": 0.3061310782241015,
        "precision": 0.504881450488145,
        "recall": 0.2196601941747573
    },
    "RepurchaseAmount": {
        "tp": 971,
        "fp": 424,
        "fn": 455,
        "f1": 0.6884083658277207,
        "precision": 0.6960573476702508,
        "recall": 0.6809256661991585
    },
    "TradedShares": {
        "tp": 819,
        "fp": 499,
        "fn": 315,
        "f1": 0.668026101141925,
        "precision": 0.6213960546282246,
        "recall": 0.7222222222222222
    },
    "LaterHoldingShares": {
        "tp": 48,
        "fp": 101,
        "fn": 373,
        "f1": 0.16842105263157894,
        "precision": 0.3221476510067114,
        "recall": 0.11401425178147269
    },
    "AveragePrice": {
        "tp": 188,
        "fp": 155,
        "fn": 21,
        "f1": 0.681159420289855,
        "precision": 0.5481049562682215,
        "recall": 0.8995215311004785
    },
    "Pledger": {
        "tp": 0,
        "fp": 0,
        "fn": 0,
        "f1": 0,
        "precision": 0,
        "recall": 0
    },
    "PledgedShares": {
        "tp": 2244,
        "fp": 958,
        "fn": 627,
        "f1": 0.7390087271529722,
        "precision": 0.7008119925046846,
        "recall": 0.7816091954022989
    },
    "Pledgee": {
        "tp": 1907,
        "fp": 323,
        "fn": 225,
        "f1": 0.8743695552498852,
        "precision": 0.8551569506726457,
        "recall": 0.8944652908067542
    },
    "TotalPledgedShares": {
        "tp": 992,
        "fp": 409,
        "fn": 378,
        "f1": 0.7159870083002525,
        "precision": 0.7080656673804425,
        "recall": 0.724087591240876
    },
    "ReleasedDate": {
        "tp": 371,
        "fp": 348,
        "fn": 390,
        "f1": 0.5013513513513512,
        "precision": 0.5159944367176634,
        "recall": 0.48751642575558474
    },
    "StockCode": {
        "tp": 3212,
        "fp": 27,
        "fn": 36,
        "f1": 0.990288268845383,
        "precision": 0.9916640938561284,
        "recall": 0.9889162561576355
    },
    "StockAbbr": {
        "tp": 3619,
        "fp": 608,
        "fn": 1476,
        "f1": 0.7764428234284488,
        "precision": 0.856162763189023,
        "recall": 0.7103042198233562
    },
    "precision": 0.8072579224490595,
    "recall": 0.7433133876432846,
    "micro_f1": 0.7739671398947201,
    "macro_f1": 0.616850280344584
}