{
    "EquityHolder": {
        "tp": 6706,
        "fp": 2411,
        "fn": 2907,
        "f1": 0.7160704751735183,
        "precision": 0.7355489744433475,
        "recall": 0.6975970040570061
    },
    "FrozeShares": {
        "tp": 0,
        "fp": 0,
        "fn": 298,
        "f1": 0,
        "precision": 0,
        "recall": 0
    },
    "LegalInstitution": {
        "tp": 3,
        "fp": 2,
        "fn": 499,
        "f1": 0.011834319526627219,
        "precision": 0.6,
        "recall": 0.00597609561752988
    },
    "TotalHoldingShares": {
        "tp": 1574,
        "fp": 845,
        "fn": 585,
        "f1": 0.6876365224989078,
        "precision": 0.6506821000413394,
        "recall": 0.729041222788328
    },
    "TotalHoldingRatio": {
        "tp": 1346,
        "fp": 564,
        "fn": 379,
        "f1": 0.7405777166437414,
        "precision": 0.7047120418848167,
        "recall": 0.7802898550724637
    },
    "StartDate": {
        "tp": 3215,
        "fp": 3324,
        "fn": 1816,
        "f1": 0.5557476231633535,
        "precision": 0.4916653922618137,
        "recall": 0.63903796461936
    },
    "EndDate": {
        "tp": 183,
        "fp": 776,
        "fn": 1327,
        "f1": 0.1482381530984204,
        "precision": 0.1908237747653806,
        "recall": 0.12119205298013246
    },
    "UnfrozeDate": {
        "tp": 0,
        "fp": 0,
        "fn": 18,
        "f1": 0,
        "precision": 0,
        "recall": 0
    },
    "CompanyName": {
        "tp": 9311,
        "fp": 501,
        "fn": 771,
        "f1": 0.9360611239569719,
        "precision": 0.9489400733795352,
        "recall": 0.9235270779607221
    },
    "HighestTradingPrice": {
        "tp": 0,
        "fp": 0,
        "fn": 1624,
        "f1": 0,
        "precision": 0,
        "recall": 0
    },
    "LowestTradingPrice": {
        "tp": 0,
        "fp": 0,
        "fn": 1040,
        "f1": 0,
        "precision": 0,
        "recall": 0
    },
    "RepurchasedShares": {
        "tp": 361,
        "fp": 248,
        "fn": 1206,
        "f1": 0.33180147058823534,
        "precision": 0.5927750410509032,
        "recall": 0.23037651563497127
    },
    "ClosingDate": {
        "tp": 439,
        "fp": 95,
        "fn": 1209,
        "f1": 0.4023831347387718,
        "precision": 0.8220973782771536,
        "recall": 0.2663834951456311
    },
    "RepurchaseAmount": {
        "tp": 0,
        "fp": 0,
        "fn": 1426,
        "f1": 0,
        "precision": 0,
        "recall": 0
    },
    "TradedShares": {
        "tp": 797,
        "fp": 955,
        "fn": 337,
        "f1": 0.5523215523215523,
        "precision": 0.4549086757990868,
        "recall": 0.7028218694885362
    },
    "LaterHoldingShares": {
        "tp": 0,
        "fp": 0,
        "fn": 421,
        "f1": 0,
        "precision": 0,
        "recall": 0
    },
    "AveragePrice": {
        "tp": 70,
        "fp": 68,
        "fn": 139,
        "f1": 0.4034582132564842,
        "precision": 0.5072463768115942,
        "recall": 0.3349282296650718
    },
    "Pledger": {
        "tp": 0,
        "fp": 0,
        "fn": 0,
        "f1": 0,
        "precision": 0,
        "recall": 0
    },
    "PledgedShares": {
        "tp": 2194,
        "fp": 1472,
        "fn": 677,
        "f1": 0.6712559277956249,
        "precision": 0.5984724495362793,
        "recall": 0.7641936607453849
    },
    "Pledgee": {
        "tp": 1621,
        "fp": 404,
        "fn": 511,
        "f1": 0.7798893432764012,
        "precision": 0.8004938271604938,
        "recall": 0.7603189493433395
    },
    "TotalPledgedShares": {
        "tp": 1102,
        "fp": 719,
        "fn": 268,
        "f1": 0.6906925728611721,
        "precision": 0.6051619989017024,
        "recall": 0.8043795620437956
    },
    "ReleasedDate": {
        "tp": 359,
        "fp": 321,
        "fn": 402,
        "f1": 0.49826509368494104,
        "precision": 0.5279411764705882,
        "recall": 0.47174770039421815
    },
    "StockCode": {
        "tp": 3196,
        "fp": 29,
        "fn": 52,
        "f1": 0.9874864823111386,
        "precision": 0.9910077519379845,
        "recall": 0.9839901477832512
    },
    "StockAbbr": {
        "tp": 3151,
        "fp": 292,
        "fn": 1944,
        "f1": 0.7381119700163974,
        "precision": 0.9151902410688353,
        "recall": 0.6184494602551521
    },
    "precision": 0.7322727833271674,
    "recall": 0.6421310648114772,
    "micro_f1": 0.6842459044729109,
    "macro_f1": 0.4104929872880109
}