{
    "EquityHolder": {
        "tp": 7383,
        "fp": 1568,
        "fn": 2230,
        "f1": 0.7954104718810602,
        "precision": 0.8248240420064797,
        "recall": 0.768022469572454
    },
    "FrozeShares": {
        "tp": 20,
        "fp": 56,
        "fn": 278,
        "f1": 0.106951871657754,
        "precision": 0.2631578947368421,
        "recall": 0.06711409395973154
    },
    "LegalInstitution": {
        "tp": 370,
        "fp": 147,
        "fn": 132,
        "f1": 0.7262021589793916,
        "precision": 0.7156673114119922,
        "recall": 0.7370517928286853
    },
    "TotalHoldingShares": {
        "tp": 1544,
        "fp": 627,
        "fn": 615,
        "f1": 0.7131639722863742,
        "precision": 0.7111929986181483,
        "recall": 0.715145900880037
    },
    "TotalHoldingRatio": {
        "tp": 1334,
        "fp": 536,
        "fn": 391,
        "f1": 0.7421418636995828,
        "precision": 0.7133689839572193,
        "recall": 0.7733333333333333
    },
    "StartDate": {
        "tp": 3410,
        "fp": 1370,
        "fn": 1621,
        "f1": 0.6951381102843746,
        "precision": 0.7133891213389121,
        "recall": 0.6777976545418406
    },
    "EndDate": {
        "tp": 843,
        "fp": 638,
        "fn": 667,
        "f1": 0.563691073219659,
        "precision": 0.5692099932478055,
        "recall": 0.5582781456953643
    },
    "UnfrozeDate": {
        "tp": 0,
        "fp": 0,
        "fn": 18,
        "f1": 0,
        "precision": 0,
        "recall": 0
    },
    "CompanyName": {
        "tp": 9056,
        "fp": 527,
        "fn": 1026,
        "f1": 0.9210272056953979,
        "precision": 0.9450067828446207,
        "recall": 0.8982344772862527
    },
    "HighestTradingPrice": {
        "tp": 1253,
        "fp": 1091,
        "fn": 371,
        "f1": 0.6315524193548387,
        "precision": 0.534556313993174,
        "recall": 0.771551724137931
    },
    "LowestTradingPrice": {
        "tp": 280,
        "fp": 70,
        "fn": 760,
        "f1": 0.40287769784172667,
        "precision": 0.8,
        "recall": 0.2692307692307692
    },
    "RepurchasedShares": {
        "tp": 1003,
        "fp": 492,
        "fn": 564,
        "f1": 0.6551273677335075,
        "precision": 0.6709030100334448,
        "recall": 0.6400765794511806
    },
    "ClosingDate": {
        "tp": 1169,
        "fp": 1289,
        "fn": 479,
        "f1": 0.5694106186069167,
        "precision": 0.4755899104963385,
        "recall": 0.7093446601941747
    },
    "RepurchaseAmount": {
        "tp": 628,
        "fp": 390,
        "fn": 798,
        "f1": 0.513911620294599,
        "precision": 0.6168958742632613,
        "recall": 0.44039270687237025
    },
    "TradedShares": {
        "tp": 834,
        "fp": 448,
        "fn": 300,
        "f1": 0.6903973509933774,
        "precision": 0.6505460218408736,
        "recall": 0.7354497354497355
    },
    "LaterHoldingShares": {
        "tp": 88,
        "fp": 241,
        "fn": 333,
        "f1": 0.23466666666666666,
        "precision": 0.2674772036474164,
        "recall": 0.20902612826603326
    },
    "AveragePrice": {
        "tp": 190,
        "fp": 62,
        "fn": 19,
        "f1": 0.8242950108459869,
        "precision": 0.753968253968254,
        "recall": 0.9090909090909091
    },
    "Pledger": {
        "tp": 0,
        "fp": 0,
        "fn": 0,
        "f1": 0,
        "precision": 0,
        "recall": 0
    },
    "PledgedShares": {
        "tp": 2159,
        "fp": 944,
        "fn": 712,
        "f1": 0.7227987947773685,
        "precision": 0.6957782790847566,
        "recall": 0.7520027864855451
    },
    "Pledgee": {
        "tp": 1912,
        "fp": 339,
        "fn": 220,
        "f1": 0.8724617841660962,
        "precision": 0.8494002665482008,
        "recall": 0.8968105065666041
    },
    "TotalPledgedShares": {
        "tp": 1024,
        "fp": 372,
        "fn": 346,
        "f1": 0.7404193781634129,
        "precision": 0.7335243553008596,
        "recall": 0.7474452554744525
    },
    "ReleasedDate": {
        "tp": 417,
        "fp": 490,
        "fn": 344,
        "f1": 0.5,
        "precision": 0.4597574421168688,
        "recall": 0.5479632063074902
    },
    "StockCode": {
        "tp": 3213,
        "fp": 12,
        "fn": 35,
        "f1": 0.9927390699830063,
        "precision": 0.9962790697674418,
        "recall": 0.9892241379310345
    },
    "StockAbbr": {
        "tp": 3765,
        "fp": 979,
        "fn": 1330,
        "f1": 0.765321679032422,
        "precision": 0.7936340640809444,
        "recall": 0.7389597644749755
    },
    "precision": 0.7675466720407453,
    "recall": 0.7550825463196598,
    "micro_f1": 0.76126359399275,
    "macro_f1": 0.5991544244234799
}