{
    "EquityHolder": {
        "tp": 6716,
        "fp": 1288,
        "fn": 2897,
        "f1": 0.7624453652721802,
        "precision": 0.8390804597701149,
        "recall": 0.6986372620409862
    },
    "FrozeShares": {
        "tp": 29,
        "fp": 38,
        "fn": 269,
        "f1": 0.1589041095890411,
        "precision": 0.43283582089552236,
        "recall": 0.09731543624161074
    },
    "LegalInstitution": {
        "tp": 332,
        "fp": 120,
        "fn": 170,
        "f1": 0.6960167714884696,
        "precision": 0.7345132743362832,
        "recall": 0.6613545816733067
    },
    "TotalHoldingShares": {
        "tp": 1638,
        "fp": 783,
        "fn": 521,
        "f1": 0.7152838427947598,
        "precision": 0.6765799256505576,
        "recall": 0.7586845761926818
    },
    "TotalHoldingRatio": {
        "tp": 1276,
        "fp": 480,
        "fn": 449,
        "f1": 0.7331226659006033,
        "precision": 0.7266514806378133,
        "recall": 0.7397101449275363
    },
    "StartDate": {
        "tp": 3342,
        "fp": 1434,
        "fn": 1689,
        "f1": 0.6815539920464975,
        "precision": 0.699748743718593,
        "recall": 0.6642814549791294
    },
    "EndDate": {
        "tp": 679,
        "fp": 422,
        "fn": 831,
        "f1": 0.5201072386058981,
        "precision": 0.6167120799273388,
        "recall": 0.44966887417218543
    },
    "UnfrozeDate": {
        "tp": 0,
        "fp": 0,
        "fn": 18,
        "f1": 0,
        "precision": 0,
        "recall": 0
    },
    "CompanyName": {
        "tp": 9252,
        "fp": 525,
        "fn": 830,
        "f1": 0.9317689712472934,
        "precision": 0.9463025467934949,
        "recall": 0.9176750644713351
    },
    "HighestTradingPrice": {
        "tp": 408,
        "fp": 567,
        "fn": 1216,
        "f1": 0.3139669103501347,
        "precision": 0.41846153846153844,
        "recall": 0.2512315270935961
    },
    "LowestTradingPrice": {
        "tp": 492,
        "fp": 806,
        "fn": 548,
        "f1": 0.4208725406330197,
        "precision": 0.3790446841294299,
        "recall": 0.47307692307692306
    },
    "RepurchasedShares": {
        "tp": 1243,
        "fp": 278,
        "fn": 324,
        "f1": 0.8050518134715026,
        "precision": 0.8172255095332018,
        "recall": 0.7932354818123803
    },
    "ClosingDate": {
        "tp": 937,
        "fp": 535,
        "fn": 711,
        "f1": 0.6006410256410257,
        "precision": 0.6365489130434783,
        "recall": 0.5685679611650486
    },
    "RepurchaseAmount": {
        "tp": 729,
        "fp": 519,
        "fn": 697,
        "f1": 0.5452505609573672,
        "precision": 0.5841346153846154,
        "recall": 0.5112201963534362
    },
    "TradedShares": {
        "tp": 641,
        "fp": 297,
        "fn": 493,
        "f1": 0.6187258687258687,
        "precision": 0.6833688699360341,
        "recall": 0.5652557319223986
    },
    "LaterHoldingShares": {
        "tp": 34,
        "fp": 100,
        "fn": 387,
        "f1": 0.12252252252252253,
        "precision": 0.2537313432835821,
        "recall": 0.08076009501187649
    },
    "AveragePrice": {
        "tp": 182,
        "fp": 375,
        "fn": 27,
        "f1": 0.4751958224543081,
        "precision": 0.3267504488330341,
        "recall": 0.8708133971291866
    },
    "Pledger": {
        "tp": 0,
        "fp": 0,
        "fn": 0,
        "f1": 0,
        "precision": 0,
        "recall": 0
    },
    "PledgedShares": {
        "tp": 2183,
        "fp": 920,
        "fn": 688,
        "f1": 0.7308336123200535,
        "precision": 0.7035127296165001,
        "recall": 0.7603622431208638
    },
    "Pledgee": {
        "tp": 1856,
        "fp": 382,
        "fn": 276,
        "f1": 0.8494279176201374,
        "precision": 0.8293118856121537,
        "recall": 0.8705440900562852
    },
    "TotalPledgedShares": {
        "tp": 1144,
        "fp": 444,
        "fn": 226,
        "f1": 0.7734956051386073,
        "precision": 0.7204030226700252,
        "recall": 0.8350364963503649
    },
    "ReleasedDate": {
        "tp": 457,
        "fp": 614,
        "fn": 304,
        "f1": 0.4989082969432314,
        "precision": 0.42670401493930904,
        "recall": 0.6005256241787122
    },
    "StockCode": {
        "tp": 3185,
        "fp": 33,
        "fn": 63,
        "f1": 0.9851531085678936,
        "precision": 0.9897451833436918,
        "recall": 0.9806034482758621
    },
    "StockAbbr": {
        "tp": 2913,
        "fp": 594,
        "fn": 2182,
        "f1": 0.6772843524761682,
        "precision": 0.8306244653550042,
        "recall": 0.5717369970559372
    },
    "precision": 0.7744328608800906,
    "recall": 0.7149448489654675,
    "micro_f1": 0.7435008340674376,
    "macro_f1": 0.5673555381152742
}