{
    "EquityHolder": {
        "tp": 7793,
        "fp": 2236,
        "fn": 1820,
        "f1": 0.793503716525812,
        "precision": 0.7770465649616113,
        "recall": 0.8106730469156351
    },
    "FrozeShares": {
        "tp": 79,
        "fp": 89,
        "fn": 219,
        "f1": 0.3390557939914163,
        "precision": 0.47023809523809523,
        "recall": 0.2651006711409396
    },
    "LegalInstitution": {
        "tp": 406,
        "fp": 118,
        "fn": 96,
        "f1": 0.7914230019493178,
        "precision": 0.7748091603053435,
        "recall": 0.8087649402390438
    },
    "TotalHoldingShares": {
        "tp": 1671,
        "fp": 706,
        "fn": 488,
        "f1": 0.7367724867724867,
        "precision": 0.7029869583508624,
        "recall": 0.7739694302918018
    },
    "TotalHoldingRatio": {
        "tp": 1350,
        "fp": 363,
        "fn": 375,
        "f1": 0.7853403141361256,
        "precision": 0.7880910683012259,
        "recall": 0.782608695652174
    },
    "StartDate": {
        "tp": 3666,
        "fp": 1689,
        "fn": 1365,
        "f1": 0.7059503177354131,
        "precision": 0.684593837535014,
        "recall": 0.7286821705426356
    },
    "EndDate": {
        "tp": 872,
        "fp": 561,
        "fn": 638,
        "f1": 0.5925925925925927,
        "precision": 0.6085136078157711,
        "recall": 0.5774834437086093
    },
    "UnfrozeDate": {
        "tp": 4,
        "fp": 18,
        "fn": 14,
        "f1": 0.19999999999999998,
        "precision": 0.18181818181818182,
        "recall": 0.2222222222222222
    },
    "CompanyName": {
        "tp": 9136,
        "fp": 458,
        "fn": 946,
        "f1": 0.9286440333401098,
        "precision": 0.9522618303106108,
        "recall": 0.9061694108311843
    },
    "HighestTradingPrice": {
        "tp": 1040,
        "fp": 502,
        "fn": 584,
        "f1": 0.65698041692988,
        "precision": 0.6744487678339819,
        "recall": 0.6403940886699507
    },
    "LowestTradingPrice": {
        "tp": 708,
        "fp": 501,
        "fn": 332,
        "f1": 0.629613161405069,
        "precision": 0.5856079404466501,
        "recall": 0.6807692307692308
    },
    "RepurchasedShares": {
        "tp": 1323,
        "fp": 242,
        "fn": 244,
        "f1": 0.8448275862068965,
        "precision": 0.8453674121405751,
        "recall": 0.8442884492661136
    },
    "ClosingDate": {
        "tp": 1041,
        "fp": 570,
        "fn": 607,
        "f1": 0.6388462718625345,
        "precision": 0.6461824953445066,
        "recall": 0.6316747572815534
    },
    "RepurchaseAmount": {
        "tp": 1236,
        "fp": 393,
        "fn": 190,
        "f1": 0.809165302782324,
        "precision": 0.7587476979742173,
        "recall": 0.8667601683029453
    },
    "TradedShares": {
        "tp": 757,
        "fp": 336,
        "fn": 377,
        "f1": 0.6798383475527615,
        "precision": 0.6925892040256175,
        "recall": 0.6675485008818343
    },
    "LaterHoldingShares": {
        "tp": 78,
        "fp": 264,
        "fn": 343,
        "f1": 0.20445609436435125,
        "precision": 0.22807017543859648,
        "recall": 0.18527315914489312
    },
    "AveragePrice": {
        "tp": 194,
        "fp": 53,
        "fn": 15,
        "f1": 0.8508771929824562,
        "precision": 0.7854251012145749,
        "recall": 0.9282296650717703
    },
    "Pledger": {
        "tp": 0,
        "fp": 0,
        "fn": 0,
        "f1": 0,
        "precision": 0,
        "recall": 0
    },
    "PledgedShares": {
        "tp": 2181,
        "fp": 827,
        "fn": 690,
        "f1": 0.7419629188637524,
        "precision": 0.7250664893617021,
        "recall": 0.7596656217345873
    },
    "Pledgee": {
        "tp": 1933,
        "fp": 251,
        "fn": 199,
        "f1": 0.8957367933271548,
        "precision": 0.88507326007326,
        "recall": 0.9066604127579737
    },
    "TotalPledgedShares": {
        "tp": 1138,
        "fp": 760,
        "fn": 232,
        "f1": 0.6964504283965729,
        "precision": 0.5995785036880927,
        "recall": 0.8306569343065694
    },
    "ReleasedDate": {
        "tp": 417,
        "fp": 383,
        "fn": 344,
        "f1": 0.5342729019859065,
        "precision": 0.52125,
        "recall": 0.5479632063074902
    },
    "StockCode": {
        "tp": 3218,
        "fp": 30,
        "fn": 30,
        "f1": 0.9907635467980296,
        "precision": 0.9907635467980296,
        "recall": 0.9907635467980296
    },
    "StockAbbr": {
        "tp": 3433,
        "fp": 763,
        "fn": 1662,
        "f1": 0.7389947260790012,
        "precision": 0.8181601525262154,
        "recall": 0.6737978410206085
    },
    "precision": 0.7828705612418664,
    "recall": 0.7871458438468748,
    "micro_f1": 0.7850023815729167,
    "macro_f1": 0.6577528311074984
}