{
    "EquityHolder": {
        "tp": 7653,
        "fp": 1603,
        "fn": 1960,
        "f1": 0.811171763209497,
        "precision": 0.8268150388936906,
        "recall": 0.7961094351399147
    },
    "FrozeShares": {
        "tp": 46,
        "fp": 91,
        "fn": 252,
        "f1": 0.21149425287356322,
        "precision": 0.3357664233576642,
        "recall": 0.15436241610738255
    },
    "LegalInstitution": {
        "tp": 233,
        "fp": 141,
        "fn": 269,
        "f1": 0.5319634703196346,
        "precision": 0.6229946524064172,
        "recall": 0.4641434262948207
    },
    "TotalHoldingShares": {
        "tp": 1537,
        "fp": 548,
        "fn": 622,
        "f1": 0.7243166823751177,
        "precision": 0.7371702637889688,
        "recall": 0.7119036591014358
    },
    "TotalHoldingRatio": {
        "tp": 1367,
        "fp": 413,
        "fn": 358,
        "f1": 0.7800285306704707,
        "precision": 0.7679775280898876,
        "recall": 0.792463768115942
    },
    "StartDate": {
        "tp": 3216,
        "fp": 1147,
        "fn": 1815,
        "f1": 0.6846923568235044,
        "precision": 0.737107494842998,
        "recall": 0.6392367322599881
    },
    "EndDate": {
        "tp": 799,
        "fp": 459,
        "fn": 711,
        "f1": 0.5773121387283237,
        "precision": 0.6351351351351351,
        "recall": 0.5291390728476821
    },
    "UnfrozeDate": {
        "tp": 1,
        "fp": 5,
        "fn": 17,
        "f1": 0.08333333333333333,
        "precision": 0.16666666666666666,
        "recall": 0.05555555555555555
    },
    "CompanyName": {
        "tp": 8829,
        "fp": 644,
        "fn": 1253,
        "f1": 0.9029915622602915,
        "precision": 0.9320173123614484,
        "recall": 0.8757191033525095
    },
    "HighestTradingPrice": {
        "tp": 1086,
        "fp": 755,
        "fn": 538,
        "f1": 0.6268398268398269,
        "precision": 0.5898967952199892,
        "recall": 0.6687192118226601
    },
    "LowestTradingPrice": {
        "tp": 416,
        "fp": 300,
        "fn": 624,
        "f1": 0.47380410022779046,
        "precision": 0.5810055865921788,
        "recall": 0.4
    },
    "RepurchasedShares": {
        "tp": 1055,
        "fp": 244,
        "fn": 512,
        "f1": 0.7362177250523378,
        "precision": 0.8121632024634334,
        "recall": 0.6732610082961072
    },
    "ClosingDate": {
        "tp": 800,
        "fp": 365,
        "fn": 848,
        "f1": 0.5687877710629222,
        "precision": 0.6866952789699571,
        "recall": 0.4854368932038835
    },
    "RepurchaseAmount": {
        "tp": 1106,
        "fp": 291,
        "fn": 320,
        "f1": 0.7835635848388239,
        "precision": 0.7916964924838941,
        "recall": 0.7755960729312763
    },
    "TradedShares": {
        "tp": 759,
        "fp": 413,
        "fn": 375,
        "f1": 0.6582827406764962,
        "precision": 0.6476109215017065,
        "recall": 0.6693121693121693
    },
    "LaterHoldingShares": {
        "tp": 53,
        "fp": 121,
        "fn": 368,
        "f1": 0.17815126050420171,
        "precision": 0.3045977011494253,
        "recall": 0.12589073634204276
    },
    "AveragePrice": {
        "tp": 165,
        "fp": 56,
        "fn": 44,
        "f1": 0.7674418604651163,
        "precision": 0.746606334841629,
        "recall": 0.7894736842105263
    },
    "Pledger": {
        "tp": 0,
        "fp": 0,
        "fn": 0,
        "f1": 0,
        "precision": 0,
        "recall": 0
    },
    "PledgedShares": {
        "tp": 1963,
        "fp": 980,
        "fn": 908,
        "f1": 0.6752665978672171,
        "precision": 0.6670064559972817,
        "recall": 0.6837338906304423
    },
    "Pledgee": {
        "tp": 1954,
        "fp": 265,
        "fn": 178,
        "f1": 0.898184325442427,
        "precision": 0.8805768364127986,
        "recall": 0.9165103189493433
    },
    "TotalPledgedShares": {
        "tp": 935,
        "fp": 496,
        "fn": 435,
        "f1": 0.667618707604427,
        "precision": 0.6533892382948987,
        "recall": 0.6824817518248175
    },
    "ReleasedDate": {
        "tp": 420,
        "fp": 390,
        "fn": 341,
        "f1": 0.5346912794398473,
        "precision": 0.5185185185185185,
        "recall": 0.5519053876478318
    },
    "StockCode": {
        "tp": 3222,
        "fp": 14,
        "fn": 26,
        "f1": 0.9938309685379395,
        "precision": 0.9956736711990112,
        "recall": 0.9919950738916257
    },
    "StockAbbr": {
        "tp": 3494,
        "fp": 527,
        "fn": 1601,
        "f1": 0.766564282580079,
        "precision": 0.8689380751056951,
        "recall": 0.6857703631010795
    },
    "precision": 0.8001440333223038,
    "recall": 0.7409163001946507,
    "micro_f1": 0.7693920139246312,
    "macro_f1": 0.6098562134055494
}