{
    "EquityHolder": {
        "tp": 7593,
        "fp": 1935,
        "fn": 2020,
        "f1": 0.7933754767253539,
        "precision": 0.7969143576826196,
        "recall": 0.7898678872360345
    },
    "FrozeShares": {
        "tp": 32,
        "fp": 66,
        "fn": 266,
        "f1": 0.1616161616161616,
        "precision": 0.32653061224489793,
        "recall": 0.10738255033557047
    },
    "LegalInstitution": {
        "tp": 378,
        "fp": 113,
        "fn": 124,
        "f1": 0.7613293051359517,
        "precision": 0.769857433808554,
        "recall": 0.7529880478087649
    },
    "TotalHoldingShares": {
        "tp": 1567,
        "fp": 470,
        "fn": 592,
        "f1": 0.7469018112488083,
        "precision": 0.7692685321551301,
        "recall": 0.7257989810097267
    },
    "TotalHoldingRatio": {
        "tp": 1322,
        "fp": 294,
        "fn": 403,
        "f1": 0.7913798263992816,
        "precision": 0.818069306930693,
        "recall": 0.7663768115942029
    },
    "StartDate": {
        "tp": 3591,
        "fp": 1623,
        "fn": 1440,
        "f1": 0.7010248901903368,
        "precision": 0.6887226697353279,
        "recall": 0.7137745974955277
    },
    "EndDate": {
        "tp": 1092,
        "fp": 962,
        "fn": 418,
        "f1": 0.6127946127946128,
        "precision": 0.5316455696202531,
        "recall": 0.7231788079470198
    },
    "UnfrozeDate": {
        "tp": 2,
        "fp": 13,
        "fn": 16,
        "f1": 0.1212121212121212,
        "precision": 0.13333333333333333,
        "recall": 0.1111111111111111
    },
    "CompanyName": {
        "tp": 8983,
        "fp": 593,
        "fn": 1099,
        "f1": 0.9139281717366976,
        "precision": 0.9380743525480367,
        "recall": 0.8909938504265027
    },
    "HighestTradingPrice": {
        "tp": 962,
        "fp": 716,
        "fn": 662,
        "f1": 0.5826771653543308,
        "precision": 0.5733015494636472,
        "recall": 0.5923645320197044
    },
    "LowestTradingPrice": {
        "tp": 500,
        "fp": 473,
        "fn": 540,
        "f1": 0.4967709885742673,
        "precision": 0.513874614594039,
        "recall": 0.4807692307692308
    },
    "RepurchasedShares": {
        "tp": 1202,
        "fp": 271,
        "fn": 365,
        "f1": 0.7907894736842105,
        "precision": 0.8160217243720299,
        "recall": 0.767070835992342
    },
    "ClosingDate": {
        "tp": 984,
        "fp": 570,
        "fn": 664,
        "f1": 0.6146158650843222,
        "precision": 0.6332046332046332,
        "recall": 0.5970873786407767
    },
    "RepurchaseAmount": {
        "tp": 1147,
        "fp": 395,
        "fn": 279,
        "f1": 0.772911051212938,
        "precision": 0.7438391699092088,
        "recall": 0.8043478260869565
    },
    "TradedShares": {
        "tp": 664,
        "fp": 345,
        "fn": 470,
        "f1": 0.6196920205319646,
        "precision": 0.6580773042616452,
        "recall": 0.5855379188712522
    },
    "LaterHoldingShares": {
        "tp": 14,
        "fp": 30,
        "fn": 407,
        "f1": 0.06021505376344086,
        "precision": 0.3181818181818182,
        "recall": 0.0332541567695962
    },
    "AveragePrice": {
        "tp": 167,
        "fp": 74,
        "fn": 42,
        "f1": 0.7422222222222222,
        "precision": 0.6929460580912863,
        "recall": 0.7990430622009569
    },
    "Pledger": {
        "tp": 0,
        "fp": 0,
        "fn": 0,
        "f1": 0,
        "precision": 0,
        "recall": 0
    },
    "PledgedShares": {
        "tp": 1395,
        "fp": 667,
        "fn": 1476,
        "f1": 0.5655787553213055,
        "precision": 0.6765276430649855,
        "recall": 0.48589341692789967
    },
    "Pledgee": {
        "tp": 1880,
        "fp": 313,
        "fn": 252,
        "f1": 0.8693641618497111,
        "precision": 0.8572731418148655,
        "recall": 0.8818011257035647
    },
    "TotalPledgedShares": {
        "tp": 741,
        "fp": 364,
        "fn": 629,
        "f1": 0.5987878787878788,
        "precision": 0.6705882352941176,
        "recall": 0.5408759124087591
    },
    "ReleasedDate": {
        "tp": 328,
        "fp": 307,
        "fn": 433,
        "f1": 0.4699140401146132,
        "precision": 0.5165354330708661,
        "recall": 0.43101182654402104
    },
    "StockCode": {
        "tp": 3225,
        "fp": 19,
        "fn": 23,
        "f1": 0.9935304990757856,
        "precision": 0.9941430332922319,
        "recall": 0.9929187192118226
    },
    "StockAbbr": {
        "tp": 3453,
        "fp": 585,
        "fn": 1642,
        "f1": 0.756158983904522,
        "precision": 0.8551263001485884,
        "recall": 0.6777232580961727
    },
    "precision": 0.7863792445631438,
    "recall": 0.7429529233652945,
    "micro_f1": 0.7640495255041517,
    "macro_f1": 0.6056996056892013
}