{
    "EquityHolder": {
        "tp": 7080,
        "fp": 1790,
        "fn": 2533,
        "f1": 0.7661093978250284,
        "precision": 0.798196166854566,
        "recall": 0.7365026526578592
    },
    "FrozeShares": {
        "tp": 107,
        "fp": 194,
        "fn": 191,
        "f1": 0.3572621035058431,
        "precision": 0.3554817275747508,
        "recall": 0.35906040268456374
    },
    "LegalInstitution": {
        "tp": 408,
        "fp": 99,
        "fn": 94,
        "f1": 0.8087215064420218,
        "precision": 0.8047337278106509,
        "recall": 0.8127490039840638
    },
    "TotalHoldingShares": {
        "tp": 1538,
        "fp": 449,
        "fn": 621,
        "f1": 0.7419199228171731,
        "precision": 0.774031202818319,
        "recall": 0.7123668364983788
    },
    "TotalHoldingRatio": {
        "tp": 1372,
        "fp": 373,
        "fn": 353,
        "f1": 0.7907780979827089,
        "precision": 0.7862464183381089,
        "recall": 0.7953623188405797
    },
    "StartDate": {
        "tp": 3516,
        "fp": 1273,
        "fn": 1515,
        "f1": 0.7160896130346232,
        "precision": 0.734182501566089,
        "recall": 0.6988670244484197
    },
    "EndDate": {
        "tp": 965,
        "fp": 755,
        "fn": 545,
        "f1": 0.5975232198142416,
        "precision": 0.561046511627907,
        "recall": 0.6390728476821192
    },
    "UnfrozeDate": {
        "tp": 4,
        "fp": 20,
        "fn": 14,
        "f1": 0.1904761904761905,
        "precision": 0.16666666666666666,
        "recall": 0.2222222222222222
    },
    "CompanyName": {
        "tp": 7782,
        "fp": 635,
        "fn": 2300,
        "f1": 0.8413427752851506,
        "precision": 0.9245574432695735,
        "recall": 0.7718706605832176
    },
    "HighestTradingPrice": {
        "tp": 248,
        "fp": 249,
        "fn": 1376,
        "f1": 0.23385195662423386,
        "precision": 0.49899396378269617,
        "recall": 0.15270935960591134
    },
    "LowestTradingPrice": {
        "tp": 937,
        "fp": 1246,
        "fn": 103,
        "f1": 0.5814458578963698,
        "precision": 0.429225836005497,
        "recall": 0.9009615384615385
    },
    "RepurchasedShares": {
        "tp": 1328,
        "fp": 229,
        "fn": 239,
        "f1": 0.8501920614596671,
        "precision": 0.852922286448298,
        "recall": 0.8474792597319719
    },
    "ClosingDate": {
        "tp": 1109,
        "fp": 651,
        "fn": 539,
        "f1": 0.6508215962441315,
        "precision": 0.6301136363636364,
        "recall": 0.6729368932038835
    },
    "RepurchaseAmount": {
        "tp": 655,
        "fp": 472,
        "fn": 771,
        "f1": 0.5131218174696436,
        "precision": 0.5811889973380656,
        "recall": 0.4593267882187938
    },
    "TradedShares": {
        "tp": 784,
        "fp": 347,
        "fn": 350,
        "f1": 0.6922737306843266,
        "precision": 0.6931918656056587,
        "recall": 0.691358024691358
    },
    "LaterHoldingShares": {
        "tp": 34,
        "fp": 104,
        "fn": 387,
        "f1": 0.12164579606440072,
        "precision": 0.2463768115942029,
        "recall": 0.08076009501187649
    },
    "AveragePrice": {
        "tp": 188,
        "fp": 63,
        "fn": 21,
        "f1": 0.817391304347826,
        "precision": 0.749003984063745,
        "recall": 0.8995215311004785
    },
    "Pledger": {
        "tp": 0,
        "fp": 0,
        "fn": 0,
        "f1": 0,
        "precision": 0,
        "recall": 0
    },
    "PledgedShares": {
        "tp": 2198,
        "fp": 1016,
        "fn": 673,
        "f1": 0.7224322103533278,
        "precision": 0.6838830118232732,
        "recall": 0.765586903517938
    },
    "Pledgee": {
        "tp": 1923,
        "fp": 292,
        "fn": 209,
        "f1": 0.8847481021394064,
        "precision": 0.8681715575620768,
        "recall": 0.9019699812382739
    },
    "TotalPledgedShares": {
        "tp": 1055,
        "fp": 557,
        "fn": 315,
        "f1": 0.7075788061703554,
        "precision": 0.6544665012406948,
        "recall": 0.7700729927007299
    },
    "ReleasedDate": {
        "tp": 425,
        "fp": 463,
        "fn": 336,
        "f1": 0.5154639175257733,
        "precision": 0.4786036036036036,
        "recall": 0.5584756898817346
    },
    "StockCode": {
        "tp": 3218,
        "fp": 23,
        "fn": 30,
        "f1": 0.991832331638157,
        "precision": 0.9929034248688676,
        "recall": 0.9907635467980296
    },
    "StockAbbr": {
        "tp": 3640,
        "fp": 794,
        "fn": 1455,
        "f1": 0.7639836289222374,
        "precision": 0.8209291835814163,
        "recall": 0.7144259077526988
    },
    "precision": 0.7701110097323601,
    "recall": 0.7301924879244467,
    "micro_f1": 0.749620693483329,
    "macro_f1": 0.6190419143634517
}