{
    "EquityHolder": {
        "tp": 7894,
        "fp": 1683,
        "fn": 1719,
        "f1": 0.8227201667535174,
        "precision": 0.8242664717552469,
        "recall": 0.8211796525538334
    },
    "FrozeShares": {
        "tp": 0,
        "fp": 0,
        "fn": 298,
        "f1": 0,
        "precision": 0,
        "recall": 0
    },
    "LegalInstitution": {
        "tp": 391,
        "fp": 59,
        "fn": 111,
        "f1": 0.8214285714285713,
        "precision": 0.8688888888888889,
        "recall": 0.7788844621513944
    },
    "TotalHoldingShares": {
        "tp": 1618,
        "fp": 368,
        "fn": 541,
        "f1": 0.7806996381182146,
        "precision": 0.8147029204431017,
        "recall": 0.7494210282538212
    },
    "TotalHoldingRatio": {
        "tp": 1346,
        "fp": 267,
        "fn": 379,
        "f1": 0.8064709406830437,
        "precision": 0.8344699318040918,
        "recall": 0.7802898550724637
    },
    "StartDate": {
        "tp": 3155,
        "fp": 937,
        "fn": 1876,
        "f1": 0.6916584456867259,
        "precision": 0.7710166177908113,
        "recall": 0.6271119061816737
    },
    "EndDate": {
        "tp": 919,
        "fp": 557,
        "fn": 591,
        "f1": 0.6155391828533154,
        "precision": 0.6226287262872628,
        "recall": 0.6086092715231788
    },
    "UnfrozeDate": {
        "tp": 0,
        "fp": 0,
        "fn": 18,
        "f1": 0,
        "precision": 0,
        "recall": 0
    },
    "CompanyName": {
        "tp": 9723,
        "fp": 352,
        "fn": 359,
        "f1": 0.9647268938830182,
        "precision": 0.9650620347394541,
        "recall": 0.9643919857171196
    },
    "HighestTradingPrice": {
        "tp": 1354,
        "fp": 1166,
        "fn": 270,
        "f1": 0.6534749034749036,
        "precision": 0.5373015873015873,
        "recall": 0.833743842364532
    },
    "LowestTradingPrice": {
        "tp": 0,
        "fp": 0,
        "fn": 1040,
        "f1": 0,
        "precision": 0,
        "recall": 0
    },
    "RepurchasedShares": {
        "tp": 1216,
        "fp": 242,
        "fn": 351,
        "f1": 0.8039669421487603,
        "precision": 0.8340192043895748,
        "recall": 0.7760051052967454
    },
    "ClosingDate": {
        "tp": 348,
        "fp": 133,
        "fn": 1300,
        "f1": 0.3269140441521841,
        "precision": 0.7234927234927235,
        "recall": 0.2111650485436893
    },
    "RepurchaseAmount": {
        "tp": 736,
        "fp": 198,
        "fn": 690,
        "f1": 0.623728813559322,
        "precision": 0.7880085653104925,
        "recall": 0.5161290322580645
    },
    "TradedShares": {
        "tp": 709,
        "fp": 201,
        "fn": 425,
        "f1": 0.6937377690802349,
        "precision": 0.7791208791208791,
        "recall": 0.6252204585537919
    },
    "LaterHoldingShares": {
        "tp": 14,
        "fp": 46,
        "fn": 407,
        "f1": 0.058212058212058215,
        "precision": 0.23333333333333334,
        "recall": 0.0332541567695962
    },
    "AveragePrice": {
        "tp": 184,
        "fp": 75,
        "fn": 25,
        "f1": 0.7863247863247863,
        "precision": 0.7104247104247104,
        "recall": 0.8803827751196173
    },
    "Pledger": {
        "tp": 0,
        "fp": 0,
        "fn": 0,
        "f1": 0,
        "precision": 0,
        "recall": 0
    },
    "PledgedShares": {
        "tp": 2191,
        "fp": 1051,
        "fn": 680,
        "f1": 0.7168329788974316,
        "precision": 0.675817396668723,
        "recall": 0.76314872866597
    },
    "Pledgee": {
        "tp": 1923,
        "fp": 241,
        "fn": 209,
        "f1": 0.8952513966480447,
        "precision": 0.8886321626617375,
        "recall": 0.9019699812382739
    },
    "TotalPledgedShares": {
        "tp": 906,
        "fp": 523,
        "fn": 464,
        "f1": 0.6473740621650589,
        "precision": 0.6340097970608818,
        "recall": 0.6613138686131387
    },
    "ReleasedDate": {
        "tp": 324,
        "fp": 357,
        "fn": 437,
        "f1": 0.44937586685159503,
        "precision": 0.47577092511013214,
        "recall": 0.42575558475689884
    },
    "StockCode": {
        "tp": 3233,
        "fp": 21,
        "fn": 15,
        "f1": 0.9944632420793603,
        "precision": 0.9935464044253227,
        "recall": 0.9953817733990148
    },
    "StockAbbr": {
        "tp": 3958,
        "fp": 968,
        "fn": 1137,
        "f1": 0.7899411236403553,
        "precision": 0.8034916768168899,
        "recall": 0.7768400392541708
    },
    "precision": 0.8169112373272336,
    "recall": 0.7595342801528369,
    "micro_f1": 0.7871786011151479,
    "macro_f1": 0.5809517427766876
}