{
    "EquityHolder": {
        "tp": 7974,
        "fp": 1613,
        "fn": 1639,
        "f1": 0.8306250000000001,
        "precision": 0.8317513299259414,
        "recall": 0.8295017164256736
    },
    "FrozeShares": {
        "tp": 0,
        "fp": 0,
        "fn": 298,
        "f1": 0,
        "precision": 0,
        "recall": 0
    },
    "LegalInstitution": {
        "tp": 423,
        "fp": 56,
        "fn": 79,
        "f1": 0.8623853211009174,
        "precision": 0.8830897703549061,
        "recall": 0.8426294820717132
    },
    "TotalHoldingShares": {
        "tp": 1856,
        "fp": 989,
        "fn": 303,
        "f1": 0.7418065547561951,
        "precision": 0.6523725834797891,
        "recall": 0.8596572487262621
    },
    "TotalHoldingRatio": {
        "tp": 1449,
        "fp": 495,
        "fn": 276,
        "f1": 0.7898609975470156,
        "precision": 0.7453703703703703,
        "recall": 0.84
    },
    "StartDate": {
        "tp": 4053,
        "fp": 2238,
        "fn": 978,
        "f1": 0.7159512453630101,
        "precision": 0.6442536957558417,
        "recall": 0.8056052474657126
    },
    "EndDate": {
        "tp": 981,
        "fp": 561,
        "fn": 529,
        "f1": 0.6428571428571428,
        "precision": 0.6361867704280155,
        "recall": 0.6496688741721854
    },
    "UnfrozeDate": {
        "tp": 0,
        "fp": 0,
        "fn": 18,
        "f1": 0,
        "precision": 0,
        "recall": 0
    },
    "CompanyName": {
        "tp": 9560,
        "fp": 351,
        "fn": 522,
        "f1": 0.9563347171510029,
        "precision": 0.9645848047623853,
        "recall": 0.9482245586193215
    },
    "HighestTradingPrice": {
        "tp": 1105,
        "fp": 786,
        "fn": 519,
        "f1": 0.6287339971550497,
        "precision": 0.5843469063987309,
        "recall": 0.6804187192118226
    },
    "LowestTradingPrice": {
        "tp": 806,
        "fp": 44,
        "fn": 234,
        "f1": 0.8529100529100531,
        "precision": 0.9482352941176471,
        "recall": 0.775
    },
    "RepurchasedShares": {
        "tp": 1431,
        "fp": 235,
        "fn": 136,
        "f1": 0.8852459016393442,
        "precision": 0.8589435774309724,
        "recall": 0.9132099553286535
    },
    "ClosingDate": {
        "tp": 627,
        "fp": 441,
        "fn": 1021,
        "f1": 0.46170839469808544,
        "precision": 0.5870786516853933,
        "recall": 0.3804611650485437
    },
    "RepurchaseAmount": {
        "tp": 1051,
        "fp": 102,
        "fn": 375,
        "f1": 0.8150445909267159,
        "precision": 0.9115351257588898,
        "recall": 0.7370266479663394
    },
    "TradedShares": {
        "tp": 963,
        "fp": 594,
        "fn": 171,
        "f1": 0.7157190635451505,
        "precision": 0.6184971098265896,
        "recall": 0.8492063492063492
    },
    "LaterHoldingShares": {
        "tp": 62,
        "fp": 233,
        "fn": 359,
        "f1": 0.17318435754189943,
        "precision": 0.21016949152542372,
        "recall": 0.14726840855106887
    },
    "AveragePrice": {
        "tp": 194,
        "fp": 78,
        "fn": 15,
        "f1": 0.8066528066528068,
        "precision": 0.7132352941176471,
        "recall": 0.9282296650717703
    },
    "Pledger": {
        "tp": 0,
        "fp": 0,
        "fn": 0,
        "f1": 0,
        "precision": 0,
        "recall": 0
    },
    "PledgedShares": {
        "tp": 2601,
        "fp": 1057,
        "fn": 270,
        "f1": 0.7967529483841322,
        "precision": 0.7110442864953527,
        "recall": 0.9059561128526645
    },
    "Pledgee": {
        "tp": 1940,
        "fp": 209,
        "fn": 192,
        "f1": 0.9063302966596589,
        "precision": 0.9027454630060493,
        "recall": 0.9099437148217636
    },
    "TotalPledgedShares": {
        "tp": 1186,
        "fp": 490,
        "fn": 184,
        "f1": 0.778726198292843,
        "precision": 0.7076372315035799,
        "recall": 0.8656934306569343
    },
    "ReleasedDate": {
        "tp": 351,
        "fp": 321,
        "fn": 410,
        "f1": 0.4898813677599442,
        "precision": 0.5223214285714286,
        "recall": 0.4612352168199737
    },
    "StockCode": {
        "tp": 3235,
        "fp": 11,
        "fn": 13,
        "f1": 0.9963042808746536,
        "precision": 0.996611213801602,
        "recall": 0.9959975369458128
    },
    "StockAbbr": {
        "tp": 3912,
        "fp": 660,
        "fn": 1183,
        "f1": 0.8093514016758042,
        "precision": 0.8556430446194225,
        "recall": 0.7678115799803729
    },
    "precision": 0.7982694857302352,
    "recall": 0.8247422680412371,
    "micro_f1": 0.8112899794340825,
    "macro_f1": 0.6523486098954762
}