{
    "EquityHolder": {
        "tp": 7919,
        "fp": 1594,
        "fn": 1694,
        "f1": 0.8280874202656071,
        "precision": 0.832439819194786,
        "recall": 0.8237802975137835
    },
    "FrozeShares": {
        "tp": 0,
        "fp": 0,
        "fn": 298,
        "f1": 0,
        "precision": 0,
        "recall": 0
    },
    "LegalInstitution": {
        "tp": 372,
        "fp": 72,
        "fn": 130,
        "f1": 0.7864693446088795,
        "precision": 0.8378378378378378,
        "recall": 0.7410358565737052
    },
    "TotalHoldingShares": {
        "tp": 1777,
        "fp": 810,
        "fn": 382,
        "f1": 0.7488411293721028,
        "precision": 0.68689601855431,
        "recall": 0.8230662343677628
    },
    "TotalHoldingRatio": {
        "tp": 1455,
        "fp": 572,
        "fn": 270,
        "f1": 0.775586353944563,
        "precision": 0.7178095707942772,
        "recall": 0.8434782608695652
    },
    "StartDate": {
        "tp": 3199,
        "fp": 2037,
        "fn": 1832,
        "f1": 0.6231615856628031,
        "precision": 0.6109625668449198,
        "recall": 0.6358576823693103
    },
    "EndDate": {
        "tp": 937,
        "fp": 641,
        "fn": 573,
        "f1": 0.6068652849740933,
        "precision": 0.5937896070975919,
        "recall": 0.6205298013245033
    },
    "UnfrozeDate": {
        "tp": 0,
        "fp": 0,
        "fn": 18,
        "f1": 0,
        "precision": 0,
        "recall": 0
    },
    "CompanyName": {
        "tp": 9752,
        "fp": 298,
        "fn": 330,
        "f1": 0.9688058811841844,
        "precision": 0.9703482587064677,
        "recall": 0.9672683991271573
    },
    "HighestTradingPrice": {
        "tp": 265,
        "fp": 329,
        "fn": 1359,
        "f1": 0.23895401262398558,
        "precision": 0.44612794612794615,
        "recall": 0.16317733990147784
    },
    "LowestTradingPrice": {
        "tp": 0,
        "fp": 0,
        "fn": 1040,
        "f1": 0,
        "precision": 0,
        "recall": 0
    },
    "RepurchasedShares": {
        "tp": 1191,
        "fp": 251,
        "fn": 376,
        "f1": 0.7916251246261217,
        "precision": 0.8259361997226075,
        "recall": 0.7600510529674538
    },
    "ClosingDate": {
        "tp": 251,
        "fp": 61,
        "fn": 1397,
        "f1": 0.2561224489795918,
        "precision": 0.8044871794871795,
        "recall": 0.15230582524271843
    },
    "RepurchaseAmount": {
        "tp": 1030,
        "fp": 136,
        "fn": 396,
        "f1": 0.7947530864197531,
        "precision": 0.8833619210977701,
        "recall": 0.7223001402524544
    },
    "TradedShares": {
        "tp": 939,
        "fp": 843,
        "fn": 195,
        "f1": 0.6440329218106996,
        "precision": 0.5269360269360269,
        "recall": 0.828042328042328
    },
    "LaterHoldingShares": {
        "tp": 30,
        "fp": 84,
        "fn": 391,
        "f1": 0.11214953271028036,
        "precision": 0.2631578947368421,
        "recall": 0.07125890736342043
    },
    "AveragePrice": {
        "tp": 198,
        "fp": 2224,
        "fn": 11,
        "f1": 0.15051311288483465,
        "precision": 0.08175061932287365,
        "recall": 0.9473684210526315
    },
    "Pledger": {
        "tp": 0,
        "fp": 0,
        "fn": 0,
        "f1": 0,
        "precision": 0,
        "recall": 0
    },
    "PledgedShares": {
        "tp": 2523,
        "fp": 1097,
        "fn": 348,
        "f1": 0.7773840702511169,
        "precision": 0.6969613259668508,
        "recall": 0.8787878787878788
    },
    "Pledgee": {
        "tp": 1902,
        "fp": 237,
        "fn": 230,
        "f1": 0.890657925544369,
        "precision": 0.8892005610098177,
        "recall": 0.8921200750469043
    },
    "TotalPledgedShares": {
        "tp": 1109,
        "fp": 521,
        "fn": 261,
        "f1": 0.7393333333333334,
        "precision": 0.6803680981595092,
        "recall": 0.8094890510948906
    },
    "ReleasedDate": {
        "tp": 402,
        "fp": 950,
        "fn": 359,
        "f1": 0.3805016564126834,
        "precision": 0.2973372781065089,
        "recall": 0.5282522996057819
    },
    "StockCode": {
        "tp": 3232,
        "fp": 16,
        "fn": 16,
        "f1": 0.9950738916256159,
        "precision": 0.9950738916256158,
        "recall": 0.9950738916256158
    },
    "StockAbbr": {
        "tp": 3492,
        "fp": 543,
        "fn": 1603,
        "f1": 0.7649507119386637,
        "precision": 0.8654275092936803,
        "recall": 0.6853778213935231
    },
    "precision": 0.7591651444177172,
    "recall": 0.75652440343162,
    "micro_f1": 0.757842473482284,
    "macro_f1": 0.5364112012155534
}