{
    "EquityHolder": {
        "tp": 8251,
        "fp": 2090,
        "fn": 1362,
        "f1": 0.8270021048411346,
        "precision": 0.7978918866647327,
        "recall": 0.8583168625819203
    },
    "FrozeShares": {
        "tp": 0,
        "fp": 0,
        "fn": 298,
        "f1": 0,
        "precision": 0,
        "recall": 0
    },
    "LegalInstitution": {
        "tp": 231,
        "fp": 31,
        "fn": 271,
        "f1": 0.6047120418848166,
        "precision": 0.8816793893129771,
        "recall": 0.4601593625498008
    },
    "TotalHoldingShares": {
        "tp": 1691,
        "fp": 1021,
        "fn": 468,
        "f1": 0.694313282693492,
        "precision": 0.6235250737463127,
        "recall": 0.7832329782306623
    },
    "TotalHoldingRatio": {
        "tp": 1224,
        "fp": 327,
        "fn": 501,
        "f1": 0.7472527472527472,
        "precision": 0.7891682785299806,
        "recall": 0.7095652173913043
    },
    "StartDate": {
        "tp": 4125,
        "fp": 2240,
        "fn": 906,
        "f1": 0.723938223938224,
        "precision": 0.648075412411626,
        "recall": 0.8199165175909362
    },
    "EndDate": {
        "tp": 941,
        "fp": 508,
        "fn": 569,
        "f1": 0.6360256843528219,
        "precision": 0.6494133885438234,
        "recall": 0.6231788079470199
    },
    "UnfrozeDate": {
        "tp": 0,
        "fp": 0,
        "fn": 18,
        "f1": 0,
        "precision": 0,
        "recall": 0
    },
    "CompanyName": {
        "tp": 9799,
        "fp": 372,
        "fn": 283,
        "f1": 0.967659112230287,
        "precision": 0.9634254252285911,
        "recall": 0.9719301725848046
    },
    "HighestTradingPrice": {
        "tp": 975,
        "fp": 880,
        "fn": 649,
        "f1": 0.5605058924978441,
        "precision": 0.5256064690026954,
        "recall": 0.6003694581280788
    },
    "LowestTradingPrice": {
        "tp": 0,
        "fp": 0,
        "fn": 1040,
        "f1": 0,
        "precision": 0,
        "recall": 0
    },
    "RepurchasedShares": {
        "tp": 265,
        "fp": 191,
        "fn": 1302,
        "f1": 0.2619871478002966,
        "precision": 0.581140350877193,
        "recall": 0.1691129546904914
    },
    "ClosingDate": {
        "tp": 0,
        "fp": 0,
        "fn": 1648,
        "f1": 0,
        "precision": 0,
        "recall": 0
    },
    "RepurchaseAmount": {
        "tp": 26,
        "fp": 1,
        "fn": 1400,
        "f1": 0.03578802477632484,
        "precision": 0.9629629629629629,
        "recall": 0.0182328190743338
    },
    "TradedShares": {
        "tp": 799,
        "fp": 307,
        "fn": 335,
        "f1": 0.7133928571428572,
        "precision": 0.7224231464737794,
        "recall": 0.7045855379188712
    },
    "LaterHoldingShares": {
        "tp": 0,
        "fp": 0,
        "fn": 421,
        "f1": 0,
        "precision": 0,
        "recall": 0
    },
    "AveragePrice": {
        "tp": 188,
        "fp": 457,
        "fn": 21,
        "f1": 0.44028103044496486,
        "precision": 0.29147286821705426,
        "recall": 0.8995215311004785
    },
    "Pledger": {
        "tp": 0,
        "fp": 0,
        "fn": 0,
        "f1": 0,
        "precision": 0,
        "recall": 0
    },
    "PledgedShares": {
        "tp": 2603,
        "fp": 2573,
        "fn": 268,
        "f1": 0.6469491736050703,
        "precision": 0.5028979907264297,
        "recall": 0.9066527342389411
    },
    "Pledgee": {
        "tp": 1978,
        "fp": 200,
        "fn": 154,
        "f1": 0.9178654292343388,
        "precision": 0.9081726354453628,
        "recall": 0.9277673545966229
    },
    "TotalPledgedShares": {
        "tp": 1067,
        "fp": 458,
        "fn": 303,
        "f1": 0.73713298791019,
        "precision": 0.699672131147541,
        "recall": 0.7788321167883212
    },
    "ReleasedDate": {
        "tp": 255,
        "fp": 205,
        "fn": 506,
        "f1": 0.4176904176904177,
        "precision": 0.5543478260869565,
        "recall": 0.33508541392904073
    },
    "StockCode": {
        "tp": 3211,
        "fp": 18,
        "fn": 37,
        "f1": 0.9915084143893778,
        "precision": 0.9944255187364509,
        "recall": 0.9886083743842364
    },
    "StockAbbr": {
        "tp": 3278,
        "fp": 167,
        "fn": 1817,
        "f1": 0.7676814988290397,
        "precision": 0.9515239477503629,
        "recall": 0.6433758586849853
    },
    "precision": 0.7725152493720847,
    "recall": 0.7372756109869512,
    "micro_f1": 0.7544841705321985,
    "macro_f1": 0.4871535863130935
}