{
    "EquityHolder": {
        "tp": 8472,
        "fp": 1443,
        "fn": 1141,
        "f1": 0.8676771814829988,
        "precision": 0.85446293494705,
        "recall": 0.8813065640278789
    },
    "FrozeShares": {
        "tp": 116,
        "fp": 160,
        "fn": 182,
        "f1": 0.4041811846689895,
        "precision": 0.42028985507246375,
        "recall": 0.38926174496644295
    },
    "LegalInstitution": {
        "tp": 455,
        "fp": 66,
        "fn": 47,
        "f1": 0.8895405669599217,
        "precision": 0.8733205374280231,
        "recall": 0.9063745019920318
    },
    "TotalHoldingShares": {
        "tp": 1805,
        "fp": 780,
        "fn": 354,
        "f1": 0.7609612141652615,
        "precision": 0.6982591876208898,
        "recall": 0.8360352014821677
    },
    "TotalHoldingRatio": {
        "tp": 1453,
        "fp": 509,
        "fn": 272,
        "f1": 0.7881746677515595,
        "precision": 0.7405708460754332,
        "recall": 0.8423188405797102
    },
    "StartDate": {
        "tp": 3401,
        "fp": 817,
        "fn": 1630,
        "f1": 0.735430857389988,
        "precision": 0.8063063063063063,
        "recall": 0.6760087457761876
    },
    "EndDate": {
        "tp": 1055,
        "fp": 668,
        "fn": 455,
        "f1": 0.652644602536344,
        "precision": 0.612304120719675,
        "recall": 0.6986754966887417
    },
    "UnfrozeDate": {
        "tp": 9,
        "fp": 40,
        "fn": 9,
        "f1": 0.26865671641791045,
        "precision": 0.1836734693877551,
        "recall": 0.5
    },
    "CompanyName": {
        "tp": 9793,
        "fp": 505,
        "fn": 289,
        "f1": 0.9610402355250245,
        "precision": 0.9509613517187804,
        "recall": 0.9713350525689347
    },
    "HighestTradingPrice": {
        "tp": 1485,
        "fp": 301,
        "fn": 139,
        "f1": 0.8709677419354838,
        "precision": 0.8314669652855543,
        "recall": 0.9144088669950738
    },
    "LowestTradingPrice": {
        "tp": 940,
        "fp": 95,
        "fn": 100,
        "f1": 0.9060240963855423,
        "precision": 0.9082125603864735,
        "recall": 0.9038461538461539
    },
    "RepurchasedShares": {
        "tp": 1439,
        "fp": 250,
        "fn": 128,
        "f1": 0.8839066339066338,
        "precision": 0.85198342214328,
        "recall": 0.9183152520740268
    },
    "ClosingDate": {
        "tp": 1135,
        "fp": 794,
        "fn": 513,
        "f1": 0.6346100083869164,
        "precision": 0.5883877656817004,
        "recall": 0.6887135922330098
    },
    "RepurchaseAmount": {
        "tp": 1222,
        "fp": 313,
        "fn": 204,
        "f1": 0.8253968253968255,
        "precision": 0.7960912052117264,
        "recall": 0.8569424964936886
    },
    "TradedShares": {
        "tp": 855,
        "fp": 353,
        "fn": 279,
        "f1": 0.7301451750640479,
        "precision": 0.7077814569536424,
        "recall": 0.753968253968254
    },
    "LaterHoldingShares": {
        "tp": 85,
        "fp": 258,
        "fn": 336,
        "f1": 0.2225130890052356,
        "precision": 0.2478134110787172,
        "recall": 0.20190023752969122
    },
    "AveragePrice": {
        "tp": 197,
        "fp": 49,
        "fn": 12,
        "f1": 0.8659340659340659,
        "precision": 0.8008130081300813,
        "recall": 0.9425837320574163
    },
    "Pledger": {
        "tp": 0,
        "fp": 0,
        "fn": 0,
        "f1": 0,
        "precision": 0,
        "recall": 0
    },
    "PledgedShares": {
        "tp": 2294,
        "fp": 909,
        "fn": 577,
        "f1": 0.7553506750082318,
        "precision": 0.7162035591632844,
        "recall": 0.7990247300592128
    },
    "Pledgee": {
        "tp": 2014,
        "fp": 222,
        "fn": 118,
        "f1": 0.9221611721611722,
        "precision": 0.9007155635062611,
        "recall": 0.9446529080675422
    },
    "TotalPledgedShares": {
        "tp": 1160,
        "fp": 496,
        "fn": 210,
        "f1": 0.7666886979510905,
        "precision": 0.7004830917874396,
        "recall": 0.8467153284671532
    },
    "ReleasedDate": {
        "tp": 437,
        "fp": 434,
        "fn": 324,
        "f1": 0.5355392156862745,
        "precision": 0.5017221584385764,
        "recall": 0.5742444152431012
    },
    "StockCode": {
        "tp": 3237,
        "fp": 15,
        "fn": 11,
        "f1": 0.9960000000000001,
        "precision": 0.9953874538745388,
        "recall": 0.9966133004926109
    },
    "StockAbbr": {
        "tp": 4298,
        "fp": 865,
        "fn": 797,
        "f1": 0.8379801130824722,
        "precision": 0.832461747046291,
        "recall": 0.8435721295387635
    },
    "precision": 0.8207594585694726,
    "recall": 0.8535253406387427,
    "micro_f1": 0.8368217841902054,
    "macro_f1": 0.7117301973667495
}