{
    "EquityHolder": {
        "tp": 8310,
        "fp": 1478,
        "fn": 1303,
        "f1": 0.8566568733570434,
        "precision": 0.8489987740089906,
        "recall": 0.8644543846874024
    },
    "FrozeShares": {
        "tp": 139,
        "fp": 214,
        "fn": 159,
        "f1": 0.42703533026113677,
        "precision": 0.3937677053824363,
        "recall": 0.4664429530201342
    },
    "LegalInstitution": {
        "tp": 440,
        "fp": 56,
        "fn": 62,
        "f1": 0.8817635270541082,
        "precision": 0.8870967741935484,
        "recall": 0.8764940239043825
    },
    "TotalHoldingShares": {
        "tp": 1720,
        "fp": 568,
        "fn": 439,
        "f1": 0.7735552057566899,
        "precision": 0.7517482517482518,
        "recall": 0.7966651227420102
    },
    "TotalHoldingRatio": {
        "tp": 1400,
        "fp": 379,
        "fn": 325,
        "f1": 0.7990867579908676,
        "precision": 0.7869589657110736,
        "recall": 0.8115942028985508
    },
    "StartDate": {
        "tp": 3881,
        "fp": 1425,
        "fn": 1150,
        "f1": 0.7508948437651155,
        "precision": 0.7314361100640784,
        "recall": 0.7714172132776784
    },
    "EndDate": {
        "tp": 1025,
        "fp": 602,
        "fn": 485,
        "f1": 0.653490596110934,
        "precision": 0.6299938537185003,
        "recall": 0.6788079470198676
    },
    "UnfrozeDate": {
        "tp": 9,
        "fp": 37,
        "fn": 9,
        "f1": 0.28125,
        "precision": 0.1956521739130435,
        "recall": 0.5
    },
    "CompanyName": {
        "tp": 9522,
        "fp": 412,
        "fn": 560,
        "f1": 0.9514388489208633,
        "precision": 0.9585262734044695,
        "recall": 0.9444554651854791
    },
    "HighestTradingPrice": {
        "tp": 1486,
        "fp": 313,
        "fn": 138,
        "f1": 0.8682442302074203,
        "precision": 0.8260144524735964,
        "recall": 0.9150246305418719
    },
    "LowestTradingPrice": {
        "tp": 930,
        "fp": 94,
        "fn": 110,
        "f1": 0.9011627906976746,
        "precision": 0.908203125,
        "recall": 0.8942307692307693
    },
    "RepurchasedShares": {
        "tp": 1436,
        "fp": 259,
        "fn": 131,
        "f1": 0.8804414469650522,
        "precision": 0.8471976401179941,
        "recall": 0.9164007657945118
    },
    "ClosingDate": {
        "tp": 1269,
        "fp": 868,
        "fn": 379,
        "f1": 0.6705416116248347,
        "precision": 0.5938231165184839,
        "recall": 0.7700242718446602
    },
    "RepurchaseAmount": {
        "tp": 1331,
        "fp": 365,
        "fn": 95,
        "f1": 0.8526585522101218,
        "precision": 0.7847877358490566,
        "recall": 0.9333800841514727
    },
    "TradedShares": {
        "tp": 740,
        "fp": 322,
        "fn": 394,
        "f1": 0.6739526411657559,
        "precision": 0.696798493408663,
        "recall": 0.6525573192239859
    },
    "LaterHoldingShares": {
        "tp": 98,
        "fp": 164,
        "fn": 323,
        "f1": 0.2869692532942899,
        "precision": 0.37404580152671757,
        "recall": 0.2327790973871734
    },
    "AveragePrice": {
        "tp": 199,
        "fp": 45,
        "fn": 10,
        "f1": 0.8785871964679911,
        "precision": 0.8155737704918032,
        "recall": 0.9521531100478469
    },
    "Pledger": {
        "tp": 0,
        "fp": 0,
        "fn": 0,
        "f1": 0,
        "precision": 0,
        "recall": 0
    },
    "PledgedShares": {
        "tp": 2279,
        "fp": 753,
        "fn": 592,
        "f1": 0.7721497543621886,
        "precision": 0.7516490765171504,
        "recall": 0.7938000696621387
    },
    "Pledgee": {
        "tp": 1982,
        "fp": 143,
        "fn": 150,
        "f1": 0.9311721869861405,
        "precision": 0.9327058823529412,
        "recall": 0.9296435272045028
    },
    "TotalPledgedShares": {
        "tp": 1143,
        "fp": 420,
        "fn": 227,
        "f1": 0.7794067507671326,
        "precision": 0.7312859884836852,
        "recall": 0.8343065693430657
    },
    "ReleasedDate": {
        "tp": 498,
        "fp": 606,
        "fn": 263,
        "f1": 0.534048257372654,
        "precision": 0.45108695652173914,
        "recall": 0.6544021024967148
    },
    "StockCode": {
        "tp": 3241,
        "fp": 12,
        "fn": 7,
        "f1": 0.9970773727118905,
        "precision": 0.9963110974485091,
        "recall": 0.9978448275862069
    },
    "StockAbbr": {
        "tp": 4126,
        "fp": 645,
        "fn": 969,
        "f1": 0.8364078653963106,
        "precision": 0.8648082163068539,
        "recall": 0.8098135426889107
    },
    "precision": 0.8225986337655096,
    "recall": 0.8507677889121188,
    "micro_f1": 0.8364461140447248,
    "macro_f1": 0.7182496622269255
}