{
    "EquityHolder": {
        "tp": 8430,
        "fp": 1824,
        "fn": 1183,
        "f1": 0.8486434791362562,
        "precision": 0.8221181977764774,
        "recall": 0.8769374804951628
    },
    "FrozeShares": {
        "tp": 165,
        "fp": 265,
        "fn": 133,
        "f1": 0.4532967032967033,
        "precision": 0.38372093023255816,
        "recall": 0.5536912751677853
    },
    "LegalInstitution": {
        "tp": 446,
        "fp": 77,
        "fn": 56,
        "f1": 0.8702439024390243,
        "precision": 0.8527724665391969,
        "recall": 0.8884462151394422
    },
    "TotalHoldingShares": {
        "tp": 1681,
        "fp": 435,
        "fn": 478,
        "f1": 0.7864327485380117,
        "precision": 0.7944234404536862,
        "recall": 0.778601204261232
    },
    "TotalHoldingRatio": {
        "tp": 1391,
        "fp": 420,
        "fn": 334,
        "f1": 0.786764705882353,
        "precision": 0.7680839315295417,
        "recall": 0.8063768115942029
    },
    "StartDate": {
        "tp": 3672,
        "fp": 1014,
        "fn": 1359,
        "f1": 0.7557888237110219,
        "precision": 0.7836107554417413,
        "recall": 0.7298747763864043
    },
    "EndDate": {
        "tp": 1084,
        "fp": 641,
        "fn": 426,
        "f1": 0.6701700154559505,
        "precision": 0.6284057971014493,
        "recall": 0.7178807947019867
    },
    "UnfrozeDate": {
        "tp": 10,
        "fp": 46,
        "fn": 8,
        "f1": 0.2702702702702703,
        "precision": 0.17857142857142858,
        "recall": 0.5555555555555556
    },
    "CompanyName": {
        "tp": 9415,
        "fp": 515,
        "fn": 667,
        "f1": 0.940935438736758,
        "precision": 0.9481369587109768,
        "recall": 0.9338424915691331
    },
    "HighestTradingPrice": {
        "tp": 1508,
        "fp": 274,
        "fn": 116,
        "f1": 0.8854961832061069,
        "precision": 0.8462401795735129,
        "recall": 0.9285714285714286
    },
    "LowestTradingPrice": {
        "tp": 958,
        "fp": 100,
        "fn": 82,
        "f1": 0.9132507149666349,
        "precision": 0.9054820415879017,
        "recall": 0.9211538461538461
    },
    "RepurchasedShares": {
        "tp": 1263,
        "fp": 298,
        "fn": 304,
        "f1": 0.807544757033248,
        "precision": 0.809096732863549,
        "recall": 0.8059987236758137
    },
    "ClosingDate": {
        "tp": 1197,
        "fp": 885,
        "fn": 451,
        "f1": 0.6418230563002681,
        "precision": 0.5749279538904899,
        "recall": 0.7263349514563107
    },
    "RepurchaseAmount": {
        "tp": 1197,
        "fp": 327,
        "fn": 229,
        "f1": 0.8115254237288138,
        "precision": 0.7854330708661418,
        "recall": 0.8394109396914446
    },
    "TradedShares": {
        "tp": 839,
        "fp": 364,
        "fn": 295,
        "f1": 0.7180145485665383,
        "precision": 0.6974231088944306,
        "recall": 0.7398589065255732
    },
    "LaterHoldingShares": {
        "tp": 136,
        "fp": 428,
        "fn": 285,
        "f1": 0.27614213197969545,
        "precision": 0.24113475177304963,
        "recall": 0.32304038004750596
    },
    "AveragePrice": {
        "tp": 201,
        "fp": 41,
        "fn": 8,
        "f1": 0.8913525498891353,
        "precision": 0.8305785123966942,
        "recall": 0.9617224880382775
    },
    "Pledger": {
        "tp": 0,
        "fp": 0,
        "fn": 0,
        "f1": 0,
        "precision": 0,
        "recall": 0
    },
    "PledgedShares": {
        "tp": 2392,
        "fp": 825,
        "fn": 479,
        "f1": 0.78580814717477,
        "precision": 0.7435498912029841,
        "recall": 0.8331591779867642
    },
    "Pledgee": {
        "tp": 2013,
        "fp": 200,
        "fn": 119,
        "f1": 0.9265822784810127,
        "precision": 0.9096249435155896,
        "recall": 0.9441838649155723
    },
    "TotalPledgedShares": {
        "tp": 1123,
        "fp": 358,
        "fn": 247,
        "f1": 0.7877937565766399,
        "precision": 0.7582714382174207,
        "recall": 0.8197080291970803
    },
    "ReleasedDate": {
        "tp": 462,
        "fp": 486,
        "fn": 299,
        "f1": 0.5406670567583381,
        "precision": 0.4873417721518987,
        "recall": 0.607095926412615
    },
    "StockCode": {
        "tp": 3236,
        "fp": 21,
        "fn": 12,
        "f1": 0.9949269792467332,
        "precision": 0.9935523487872275,
        "recall": 0.9963054187192119
    },
    "StockAbbr": {
        "tp": 4095,
        "fp": 578,
        "fn": 1000,
        "f1": 0.8384520884520884,
        "precision": 0.8763107211641344,
        "recall": 0.803729146221786
    },
    "precision": 0.8182293846797823,
    "recall": 0.845541056881263,
    "micro_f1": 0.8316610530047863,
    "macro_f1": 0.7167469066594322
}