{
    "EquityHolder": {
        "tp": 6946,
        "fp": 2260,
        "fn": 2667,
        "f1": 0.7381901269993091,
        "precision": 0.7545079296111232,
        "recall": 0.7225631956725268
    },
    "FrozeShares": {
        "tp": 90,
        "fp": 136,
        "fn": 208,
        "f1": 0.34351145038167935,
        "precision": 0.39823008849557523,
        "recall": 0.30201342281879195
    },
    "LegalInstitution": {
        "tp": 371,
        "fp": 122,
        "fn": 131,
        "f1": 0.7457286432160803,
        "precision": 0.7525354969574036,
        "recall": 0.7390438247011952
    },
    "TotalHoldingShares": {
        "tp": 1746,
        "fp": 1017,
        "fn": 413,
        "f1": 0.7094676960585127,
        "precision": 0.6319218241042345,
        "recall": 0.8087077350625289
    },
    "TotalHoldingRatio": {
        "tp": 1369,
        "fp": 714,
        "fn": 356,
        "f1": 0.7190126050420168,
        "precision": 0.657225156024964,
        "recall": 0.7936231884057972
    },
    "StartDate": {
        "tp": 3341,
        "fp": 1324,
        "fn": 1690,
        "f1": 0.6891501650165017,
        "precision": 0.7161843515541265,
        "recall": 0.6640826873385013
    },
    "EndDate": {
        "tp": 882,
        "fp": 582,
        "fn": 628,
        "f1": 0.5931405514458641,
        "precision": 0.6024590163934426,
        "recall": 0.5841059602649007
    },
    "UnfrozeDate": {
        "tp": 1,
        "fp": 14,
        "fn": 17,
        "f1": 0.0606060606060606,
        "precision": 0.06666666666666667,
        "recall": 0.05555555555555555
    },
    "CompanyName": {
        "tp": 9371,
        "fp": 536,
        "fn": 711,
        "f1": 0.9376156886287458,
        "precision": 0.945896840617745,
        "recall": 0.9294782781194207
    },
    "HighestTradingPrice": {
        "tp": 1317,
        "fp": 815,
        "fn": 307,
        "f1": 0.7012779552715654,
        "precision": 0.6177298311444653,
        "recall": 0.8109605911330049
    },
    "LowestTradingPrice": {
        "tp": 391,
        "fp": 201,
        "fn": 649,
        "f1": 0.4791666666666667,
        "precision": 0.660472972972973,
        "recall": 0.37596153846153846
    },
    "RepurchasedShares": {
        "tp": 1174,
        "fp": 294,
        "fn": 393,
        "f1": 0.7736408566721582,
        "precision": 0.7997275204359673,
        "recall": 0.7492022973835354
    },
    "ClosingDate": {
        "tp": 939,
        "fp": 748,
        "fn": 709,
        "f1": 0.5631184407796103,
        "precision": 0.5566093657379965,
        "recall": 0.5697815533980582
    },
    "RepurchaseAmount": {
        "tp": 1134,
        "fp": 436,
        "fn": 292,
        "f1": 0.7570093457943925,
        "precision": 0.7222929936305732,
        "recall": 0.7952314165497896
    },
    "TradedShares": {
        "tp": 657,
        "fp": 324,
        "fn": 477,
        "f1": 0.6212765957446809,
        "precision": 0.6697247706422018,
        "recall": 0.5793650793650794
    },
    "LaterHoldingShares": {
        "tp": 20,
        "fp": 58,
        "fn": 401,
        "f1": 0.08016032064128256,
        "precision": 0.2564102564102564,
        "recall": 0.047505938242280284
    },
    "AveragePrice": {
        "tp": 182,
        "fp": 104,
        "fn": 27,
        "f1": 0.7353535353535353,
        "precision": 0.6363636363636364,
        "recall": 0.8708133971291866
    },
    "Pledger": {
        "tp": 0,
        "fp": 0,
        "fn": 0,
        "f1": 0,
        "precision": 0,
        "recall": 0
    },
    "PledgedShares": {
        "tp": 2271,
        "fp": 1045,
        "fn": 600,
        "f1": 0.734119928883142,
        "precision": 0.6848612786489746,
        "recall": 0.7910135841170324
    },
    "Pledgee": {
        "tp": 1805,
        "fp": 339,
        "fn": 327,
        "f1": 0.844246959775491,
        "precision": 0.8418843283582089,
        "recall": 0.8466228893058161
    },
    "TotalPledgedShares": {
        "tp": 1061,
        "fp": 367,
        "fn": 309,
        "f1": 0.7583988563259472,
        "precision": 0.7429971988795518,
        "recall": 0.7744525547445256
    },
    "ReleasedDate": {
        "tp": 402,
        "fp": 514,
        "fn": 359,
        "f1": 0.47942754919499103,
        "precision": 0.4388646288209607,
        "recall": 0.5282522996057819
    },
    "StockCode": {
        "tp": 3217,
        "fp": 20,
        "fn": 31,
        "f1": 0.992135697764071,
        "precision": 0.9938214396045721,
        "recall": 0.9904556650246306
    },
    "StockAbbr": {
        "tp": 3514,
        "fp": 543,
        "fn": 1581,
        "f1": 0.7679195804195805,
        "precision": 0.8661572590584176,
        "recall": 0.6896957801766438
    },
    "precision": 0.7713016778155499,
    "recall": 0.7605976497729076,
    "micro_f1": 0.7659122670102907,
    "macro_f1": 0.6176531365284118
}