{
    "EquityHolder": {
        "tp": 7544,
        "fp": 2047,
        "fn": 2069,
        "f1": 0.7856696521558009,
        "precision": 0.7865707434052758,
        "recall": 0.7847706231145324
    },
    "FrozeShares": {
        "tp": 103,
        "fp": 134,
        "fn": 195,
        "f1": 0.3850467289719626,
        "precision": 0.4345991561181435,
        "recall": 0.34563758389261745
    },
    "LegalInstitution": {
        "tp": 307,
        "fp": 53,
        "fn": 195,
        "f1": 0.7122969837587007,
        "precision": 0.8527777777777777,
        "recall": 0.6115537848605578
    },
    "TotalHoldingShares": {
        "tp": 1628,
        "fp": 693,
        "fn": 531,
        "f1": 0.7267857142857143,
        "precision": 0.7014218009478673,
        "recall": 0.7540528022232516
    },
    "TotalHoldingRatio": {
        "tp": 1377,
        "fp": 438,
        "fn": 348,
        "f1": 0.7779661016949153,
        "precision": 0.7586776859504132,
        "recall": 0.7982608695652174
    },
    "StartDate": {
        "tp": 3746,
        "fp": 1873,
        "fn": 1285,
        "f1": 0.7034741784037559,
        "precision": 0.6666666666666666,
        "recall": 0.7445835817928841
    },
    "EndDate": {
        "tp": 815,
        "fp": 551,
        "fn": 695,
        "f1": 0.5667593880389429,
        "precision": 0.5966325036603221,
        "recall": 0.5397350993377483
    },
    "UnfrozeDate": {
        "tp": 3,
        "fp": 33,
        "fn": 15,
        "f1": 0.1111111111111111,
        "precision": 0.08333333333333333,
        "recall": 0.16666666666666666
    },
    "CompanyName": {
        "tp": 9009,
        "fp": 491,
        "fn": 1073,
        "f1": 0.9201307323051782,
        "precision": 0.9483157894736842,
        "recall": 0.8935727038286054
    },
    "HighestTradingPrice": {
        "tp": 1098,
        "fp": 572,
        "fn": 526,
        "f1": 0.6666666666666667,
        "precision": 0.6574850299401198,
        "recall": 0.6761083743842364
    },
    "LowestTradingPrice": {
        "tp": 582,
        "fp": 401,
        "fn": 458,
        "f1": 0.5753830944142363,
        "precision": 0.5920651068158698,
        "recall": 0.5596153846153846
    },
    "RepurchasedShares": {
        "tp": 1399,
        "fp": 317,
        "fn": 168,
        "f1": 0.8522692659153214,
        "precision": 0.8152680652680653,
        "recall": 0.8927887683471601
    },
    "ClosingDate": {
        "tp": 1037,
        "fp": 522,
        "fn": 611,
        "f1": 0.6467103211724354,
        "precision": 0.6651699807568955,
        "recall": 0.629247572815534
    },
    "RepurchaseAmount": {
        "tp": 1068,
        "fp": 367,
        "fn": 358,
        "f1": 0.7465921006641035,
        "precision": 0.7442508710801393,
        "recall": 0.7489481065918654
    },
    "TradedShares": {
        "tp": 846,
        "fp": 492,
        "fn": 288,
        "f1": 0.6844660194174758,
        "precision": 0.6322869955156951,
        "recall": 0.746031746031746
    },
    "LaterHoldingShares": {
        "tp": 73,
        "fp": 180,
        "fn": 348,
        "f1": 0.21661721068249257,
        "precision": 0.2885375494071146,
        "recall": 0.17339667458432304
    },
    "AveragePrice": {
        "tp": 196,
        "fp": 75,
        "fn": 13,
        "f1": 0.8166666666666667,
        "precision": 0.7232472324723247,
        "recall": 0.937799043062201
    },
    "Pledger": {
        "tp": 0,
        "fp": 0,
        "fn": 0,
        "f1": 0,
        "precision": 0,
        "recall": 0
    },
    "PledgedShares": {
        "tp": 2100,
        "fp": 1021,
        "fn": 771,
        "f1": 0.7009345794392523,
        "precision": 0.6728612624158924,
        "recall": 0.7314524555903866
    },
    "Pledgee": {
        "tp": 1787,
        "fp": 239,
        "fn": 345,
        "f1": 0.8595478595478595,
        "precision": 0.8820335636722606,
        "recall": 0.8381801125703565
    },
    "TotalPledgedShares": {
        "tp": 1139,
        "fp": 600,
        "fn": 231,
        "f1": 0.7327114827918945,
        "precision": 0.6549741230592294,
        "recall": 0.8313868613138686
    },
    "ReleasedDate": {
        "tp": 349,
        "fp": 301,
        "fn": 412,
        "f1": 0.49468462083628634,
        "precision": 0.536923076923077,
        "recall": 0.45860709592641263
    },
    "StockCode": {
        "tp": 3217,
        "fp": 33,
        "fn": 31,
        "f1": 0.9901508156355802,
        "precision": 0.9898461538461538,
        "recall": 0.9904556650246306
    },
    "StockAbbr": {
        "tp": 3179,
        "fp": 384,
        "fn": 1916,
        "f1": 0.7343497343497344,
        "precision": 0.8922256525399944,
        "recall": 0.6239450441609421
    },
    "precision": 0.782851577574009,
    "recall": 0.767824958546608,
    "micro_f1": 0.7752654613613824,
    "macro_f1": 0.6419579595385868
}