{
    "EquityHolder": {
        "tp": 7805,
        "fp": 2170,
        "fn": 1808,
        "f1": 0.7969164794772309,
        "precision": 0.7824561403508772,
        "recall": 0.8119213564964111
    },
    "FrozeShares": {
        "tp": 63,
        "fp": 75,
        "fn": 235,
        "f1": 0.2889908256880734,
        "precision": 0.45652173913043476,
        "recall": 0.21140939597315436
    },
    "LegalInstitution": {
        "tp": 389,
        "fp": 121,
        "fn": 113,
        "f1": 0.7687747035573123,
        "precision": 0.7627450980392156,
        "recall": 0.7749003984063745
    },
    "TotalHoldingShares": {
        "tp": 1751,
        "fp": 961,
        "fn": 408,
        "f1": 0.7189488811332375,
        "precision": 0.6456489675516224,
        "recall": 0.8110236220472441
    },
    "TotalHoldingRatio": {
        "tp": 1424,
        "fp": 591,
        "fn": 301,
        "f1": 0.7614973262032086,
        "precision": 0.7066997518610422,
        "recall": 0.8255072463768116
    },
    "StartDate": {
        "tp": 3237,
        "fp": 1332,
        "fn": 1794,
        "f1": 0.6743750000000001,
        "precision": 0.7084701247537755,
        "recall": 0.6434108527131783
    },
    "EndDate": {
        "tp": 828,
        "fp": 686,
        "fn": 682,
        "f1": 0.5476190476190476,
        "precision": 0.5468956406869221,
        "recall": 0.5483443708609271
    },
    "UnfrozeDate": {
        "tp": 2,
        "fp": 15,
        "fn": 16,
        "f1": 0.11428571428571428,
        "precision": 0.11764705882352941,
        "recall": 0.1111111111111111
    },
    "CompanyName": {
        "tp": 9364,
        "fp": 355,
        "fn": 718,
        "f1": 0.9458108176354729,
        "precision": 0.9634736083959256,
        "recall": 0.9287839714342392
    },
    "HighestTradingPrice": {
        "tp": 1256,
        "fp": 478,
        "fn": 368,
        "f1": 0.7480643240023823,
        "precision": 0.7243367935409458,
        "recall": 0.7733990147783252
    },
    "LowestTradingPrice": {
        "tp": 567,
        "fp": 343,
        "fn": 473,
        "f1": 0.5815384615384614,
        "precision": 0.6230769230769231,
        "recall": 0.5451923076923076
    },
    "RepurchasedShares": {
        "tp": 1201,
        "fp": 232,
        "fn": 366,
        "f1": 0.8006666666666667,
        "precision": 0.8381018841591068,
        "recall": 0.7664326738991704
    },
    "ClosingDate": {
        "tp": 792,
        "fp": 585,
        "fn": 856,
        "f1": 0.5236363636363636,
        "precision": 0.5751633986928104,
        "recall": 0.48058252427184467
    },
    "RepurchaseAmount": {
        "tp": 1098,
        "fp": 379,
        "fn": 328,
        "f1": 0.75645883568722,
        "precision": 0.7433987813134733,
        "recall": 0.7699859747545582
    },
    "TradedShares": {
        "tp": 604,
        "fp": 214,
        "fn": 530,
        "f1": 0.6188524590163935,
        "precision": 0.7383863080684596,
        "recall": 0.5326278659611993
    },
    "LaterHoldingShares": {
        "tp": 46,
        "fp": 245,
        "fn": 375,
        "f1": 0.12921348314606743,
        "precision": 0.15807560137457044,
        "recall": 0.10926365795724466
    },
    "AveragePrice": {
        "tp": 151,
        "fp": 38,
        "fn": 58,
        "f1": 0.7587939698492463,
        "precision": 0.798941798941799,
        "recall": 0.722488038277512
    },
    "Pledger": {
        "tp": 0,
        "fp": 0,
        "fn": 0,
        "f1": 0,
        "precision": 0,
        "recall": 0
    },
    "PledgedShares": {
        "tp": 2107,
        "fp": 958,
        "fn": 764,
        "f1": 0.7099056603773584,
        "precision": 0.6874388254486133,
        "recall": 0.7338906304423546
    },
    "Pledgee": {
        "tp": 1890,
        "fp": 297,
        "fn": 242,
        "f1": 0.8752025931928686,
        "precision": 0.8641975308641975,
        "recall": 0.8864915572232646
    },
    "TotalPledgedShares": {
        "tp": 1069,
        "fp": 674,
        "fn": 301,
        "f1": 0.686797301638291,
        "precision": 0.6133103843947217,
        "recall": 0.7802919708029197
    },
    "ReleasedDate": {
        "tp": 389,
        "fp": 581,
        "fn": 372,
        "f1": 0.4494511842865396,
        "precision": 0.40103092783505156,
        "recall": 0.5111695137976346
    },
    "StockCode": {
        "tp": 3209,
        "fp": 24,
        "fn": 39,
        "f1": 0.9902792778892145,
        "precision": 0.9925765542839468,
        "recall": 0.9879926108374384
    },
    "StockAbbr": {
        "tp": 3653,
        "fp": 726,
        "fn": 1442,
        "f1": 0.7711631834494406,
        "precision": 0.8342087234528431,
        "recall": 0.7169774288518155
    },
    "precision": 0.7802637562528422,
    "recall": 0.7731057602191623,
    "micro_f1": 0.7766682660534678,
    "macro_f1": 0.625718439998992
}