{
    "EquityHolder": {
        "tp": 7431,
        "fp": 2428,
        "fn": 2182,
        "f1": 0.7632497945768283,
        "precision": 0.7537275585759204,
        "recall": 0.7730157078955581
    },
    "FrozeShares": {
        "tp": 67,
        "fp": 138,
        "fn": 231,
        "f1": 0.2664015904572565,
        "precision": 0.32682926829268294,
        "recall": 0.22483221476510068
    },
    "LegalInstitution": {
        "tp": 377,
        "fp": 91,
        "fn": 125,
        "f1": 0.777319587628866,
        "precision": 0.8055555555555556,
        "recall": 0.750996015936255
    },
    "TotalHoldingShares": {
        "tp": 1578,
        "fp": 624,
        "fn": 581,
        "f1": 0.7236872277000687,
        "precision": 0.7166212534059946,
        "recall": 0.7308939323761
    },
    "TotalHoldingRatio": {
        "tp": 1287,
        "fp": 349,
        "fn": 438,
        "f1": 0.7658434989586432,
        "precision": 0.7866748166259169,
        "recall": 0.7460869565217392
    },
    "StartDate": {
        "tp": 3296,
        "fp": 1253,
        "fn": 1735,
        "f1": 0.6881002087682673,
        "precision": 0.7245548472191691,
        "recall": 0.6551381435102366
    },
    "EndDate": {
        "tp": 781,
        "fp": 592,
        "fn": 729,
        "f1": 0.5417967395074575,
        "precision": 0.5688273852876912,
        "recall": 0.5172185430463576
    },
    "UnfrozeDate": {
        "tp": 2,
        "fp": 19,
        "fn": 16,
        "f1": 0.10256410256410256,
        "precision": 0.09523809523809523,
        "recall": 0.1111111111111111
    },
    "CompanyName": {
        "tp": 9179,
        "fp": 550,
        "fn": 903,
        "f1": 0.9266569077785068,
        "precision": 0.9434679823208962,
        "recall": 0.910434437611585
    },
    "HighestTradingPrice": {
        "tp": 1474,
        "fp": 791,
        "fn": 150,
        "f1": 0.7580354847004372,
        "precision": 0.6507726269315673,
        "recall": 0.9076354679802956
    },
    "LowestTradingPrice": {
        "tp": 362,
        "fp": 138,
        "fn": 678,
        "f1": 0.4701298701298701,
        "precision": 0.724,
        "recall": 0.34807692307692306
    },
    "RepurchasedShares": {
        "tp": 1418,
        "fp": 355,
        "fn": 149,
        "f1": 0.8491017964071857,
        "precision": 0.7997743936830232,
        "recall": 0.9049138481174218
    },
    "ClosingDate": {
        "tp": 931,
        "fp": 582,
        "fn": 717,
        "f1": 0.5890540968048086,
        "precision": 0.6153337739590218,
        "recall": 0.5649271844660194
    },
    "RepurchaseAmount": {
        "tp": 1021,
        "fp": 451,
        "fn": 405,
        "f1": 0.7046238785369221,
        "precision": 0.6936141304347826,
        "recall": 0.7159887798036466
    },
    "TradedShares": {
        "tp": 697,
        "fp": 327,
        "fn": 437,
        "f1": 0.6459684893419834,
        "precision": 0.6806640625,
        "recall": 0.6146384479717814
    },
    "LaterHoldingShares": {
        "tp": 87,
        "fp": 411,
        "fn": 334,
        "f1": 0.1893362350380849,
        "precision": 0.1746987951807229,
        "recall": 0.20665083135391923
    },
    "AveragePrice": {
        "tp": 168,
        "fp": 48,
        "fn": 41,
        "f1": 0.7905882352941176,
        "precision": 0.7777777777777778,
        "recall": 0.8038277511961722
    },
    "Pledger": {
        "tp": 0,
        "fp": 0,
        "fn": 0,
        "f1": 0,
        "precision": 0,
        "recall": 0
    },
    "PledgedShares": {
        "tp": 1903,
        "fp": 1073,
        "fn": 968,
        "f1": 0.650932101932615,
        "precision": 0.6394489247311828,
        "recall": 0.6628352490421456
    },
    "Pledgee": {
        "tp": 1878,
        "fp": 350,
        "fn": 254,
        "f1": 0.8614678899082568,
        "precision": 0.8429084380610413,
        "recall": 0.8808630393996247
    },
    "TotalPledgedShares": {
        "tp": 891,
        "fp": 295,
        "fn": 479,
        "f1": 0.6971830985915493,
        "precision": 0.7512647554806071,
        "recall": 0.6503649635036496
    },
    "ReleasedDate": {
        "tp": 346,
        "fp": 415,
        "fn": 415,
        "f1": 0.45466491458607095,
        "precision": 0.45466491458607095,
        "recall": 0.45466491458607095
    },
    "StockCode": {
        "tp": 3209,
        "fp": 18,
        "fn": 39,
        "f1": 0.9911969111969111,
        "precision": 0.9944220638363805,
        "recall": 0.9879926108374384
    },
    "StockAbbr": {
        "tp": 3644,
        "fp": 904,
        "fn": 1451,
        "f1": 0.7557813958311729,
        "precision": 0.8012313104661389,
        "recall": 0.7152109911678116
    },
    "precision": 0.7749912408489923,
    "recall": 0.7574616105543941,
    "micro_f1": 0.7661261655410024,
    "macro_f1": 0.6234868356766657
}