{
    "EquityHolder": {
        "tp": 5986,
        "fp": 3276,
        "fn": 3627,
        "f1": 0.6342781456953641,
        "precision": 0.6462966961779313,
        "recall": 0.6226984292104442
    },
    "FrozeShares": {
        "tp": 0,
        "fp": 0,
        "fn": 298,
        "f1": 0,
        "precision": 0,
        "recall": 0
    },
    "LegalInstitution": {
        "tp": 0,
        "fp": 0,
        "fn": 502,
        "f1": 0,
        "precision": 0,
        "recall": 0
    },
    "TotalHoldingShares": {
        "tp": 1272,
        "fp": 883,
        "fn": 887,
        "f1": 0.5897079276773296,
        "precision": 0.5902552204176335,
        "recall": 0.5891616489115331
    },
    "TotalHoldingRatio": {
        "tp": 982,
        "fp": 471,
        "fn": 743,
        "f1": 0.617998741346759,
        "precision": 0.6758430832759807,
        "recall": 0.5692753623188406
    },
    "StartDate": {
        "tp": 2862,
        "fp": 4044,
        "fn": 2169,
        "f1": 0.4795174667001759,
        "precision": 0.4144222415291051,
        "recall": 0.5688729874776386
    },
    "EndDate": {
        "tp": 66,
        "fp": 600,
        "fn": 1444,
        "f1": 0.06066176470588236,
        "precision": 0.0990990990990991,
        "recall": 0.04370860927152318
    },
    "UnfrozeDate": {
        "tp": 0,
        "fp": 0,
        "fn": 18,
        "f1": 0,
        "precision": 0,
        "recall": 0
    },
    "CompanyName": {
        "tp": 9241,
        "fp": 556,
        "fn": 841,
        "f1": 0.9297248352532823,
        "precision": 0.9432479330407267,
        "recall": 0.916584011108907
    },
    "HighestTradingPrice": {
        "tp": 0,
        "fp": 0,
        "fn": 1624,
        "f1": 0,
        "precision": 0,
        "recall": 0
    },
    "LowestTradingPrice": {
        "tp": 0,
        "fp": 0,
        "fn": 1040,
        "f1": 0,
        "precision": 0,
        "recall": 0
    },
    "RepurchasedShares": {
        "tp": 157,
        "fp": 383,
        "fn": 1410,
        "f1": 0.14902705268153774,
        "precision": 0.29074074074074074,
        "recall": 0.1001914486279515
    },
    "ClosingDate": {
        "tp": 79,
        "fp": 68,
        "fn": 1569,
        "f1": 0.08802228412256267,
        "precision": 0.5374149659863946,
        "recall": 0.047936893203883495
    },
    "RepurchaseAmount": {
        "tp": 0,
        "fp": 0,
        "fn": 1426,
        "f1": 0,
        "precision": 0,
        "recall": 0
    },
    "TradedShares": {
        "tp": 552,
        "fp": 1397,
        "fn": 582,
        "f1": 0.3580927667855984,
        "precision": 0.2832221652129297,
        "recall": 0.48677248677248675
    },
    "LaterHoldingShares": {
        "tp": 0,
        "fp": 0,
        "fn": 421,
        "f1": 0,
        "precision": 0,
        "recall": 0
    },
    "AveragePrice": {
        "tp": 22,
        "fp": 97,
        "fn": 187,
        "f1": 0.13414634146341464,
        "precision": 0.18487394957983194,
        "recall": 0.10526315789473684
    },
    "Pledger": {
        "tp": 0,
        "fp": 0,
        "fn": 0,
        "f1": 0,
        "precision": 0,
        "recall": 0
    },
    "PledgedShares": {
        "tp": 1660,
        "fp": 1775,
        "fn": 1211,
        "f1": 0.5264827148747225,
        "precision": 0.48326055312954874,
        "recall": 0.5781957506095438
    },
    "Pledgee": {
        "tp": 1489,
        "fp": 694,
        "fn": 643,
        "f1": 0.6901506373117033,
        "precision": 0.6820888685295465,
        "recall": 0.698405253283302
    },
    "TotalPledgedShares": {
        "tp": 853,
        "fp": 816,
        "fn": 517,
        "f1": 0.5613688713392563,
        "precision": 0.5110844817255842,
        "recall": 0.6226277372262774
    },
    "ReleasedDate": {
        "tp": 319,
        "fp": 512,
        "fn": 442,
        "f1": 0.40075376884422115,
        "precision": 0.3838748495788207,
        "recall": 0.4191852825229961
    },
    "StockCode": {
        "tp": 3197,
        "fp": 20,
        "fn": 51,
        "f1": 0.9890177880897137,
        "precision": 0.9937830276655268,
        "recall": 0.9842980295566502
    },
    "StockAbbr": {
        "tp": 3125,
        "fp": 220,
        "fn": 1970,
        "f1": 0.740521327014218,
        "precision": 0.9342301943198804,
        "recall": 0.6133464180569186
    },
    "precision": 0.6683307463187481,
    "recall": 0.5742556412659505,
    "micro_f1": 0.6177320227224258,
    "macro_f1": 0.3312280180794059
}