{
    "EquityHolder": {
        "tp": 7542,
        "fp": 2384,
        "fn": 2071,
        "f1": 0.771994472593275,
        "precision": 0.7598226878903889,
        "recall": 0.7845625715177365
    },
    "FrozeShares": {
        "tp": 5,
        "fp": 31,
        "fn": 293,
        "f1": 0.029940119760479042,
        "precision": 0.1388888888888889,
        "recall": 0.016778523489932886
    },
    "LegalInstitution": {
        "tp": 276,
        "fp": 126,
        "fn": 226,
        "f1": 0.6106194690265486,
        "precision": 0.6865671641791045,
        "recall": 0.549800796812749
    },
    "TotalHoldingShares": {
        "tp": 1687,
        "fp": 1098,
        "fn": 472,
        "f1": 0.6824433656957929,
        "precision": 0.6057450628366248,
        "recall": 0.7813802686428902
    },
    "TotalHoldingRatio": {
        "tp": 1417,
        "fp": 803,
        "fn": 308,
        "f1": 0.7183776932826363,
        "precision": 0.6382882882882883,
        "recall": 0.8214492753623188
    },
    "StartDate": {
        "tp": 3425,
        "fp": 1744,
        "fn": 1606,
        "f1": 0.6715686274509803,
        "precision": 0.6626039852969626,
        "recall": 0.6807791691512621
    },
    "EndDate": {
        "tp": 601,
        "fp": 810,
        "fn": 909,
        "f1": 0.41150290996234173,
        "precision": 0.42593905031892276,
        "recall": 0.3980132450331126
    },
    "UnfrozeDate": {
        "tp": 0,
        "fp": 0,
        "fn": 18,
        "f1": 0,
        "precision": 0,
        "recall": 0
    },
    "CompanyName": {
        "tp": 9612,
        "fp": 741,
        "fn": 470,
        "f1": 0.9407389283092733,
        "precision": 0.9284265430310055,
        "recall": 0.9533822654235271
    },
    "HighestTradingPrice": {
        "tp": 780,
        "fp": 1442,
        "fn": 844,
        "f1": 0.405616224648986,
        "precision": 0.35103510351035105,
        "recall": 0.4802955665024631
    },
    "LowestTradingPrice": {
        "tp": 207,
        "fp": 84,
        "fn": 833,
        "f1": 0.3110443275732532,
        "precision": 0.711340206185567,
        "recall": 0.19903846153846153
    },
    "RepurchasedShares": {
        "tp": 1007,
        "fp": 133,
        "fn": 560,
        "f1": 0.7439970446989286,
        "precision": 0.8833333333333333,
        "recall": 0.6426292278238672
    },
    "ClosingDate": {
        "tp": 946,
        "fp": 528,
        "fn": 702,
        "f1": 0.6060217809096733,
        "precision": 0.6417910447761194,
        "recall": 0.5740291262135923
    },
    "RepurchaseAmount": {
        "tp": 376,
        "fp": 354,
        "fn": 1050,
        "f1": 0.34879406307977734,
        "precision": 0.5150684931506849,
        "recall": 0.26367461430575034
    },
    "TradedShares": {
        "tp": 731,
        "fp": 456,
        "fn": 403,
        "f1": 0.6299009047824213,
        "precision": 0.615838247683235,
        "recall": 0.644620811287478
    },
    "LaterHoldingShares": {
        "tp": 24,
        "fp": 71,
        "fn": 397,
        "f1": 0.09302325581395349,
        "precision": 0.25263157894736843,
        "recall": 0.057007125890736345
    },
    "AveragePrice": {
        "tp": 162,
        "fp": 104,
        "fn": 47,
        "f1": 0.6821052631578948,
        "precision": 0.6090225563909775,
        "recall": 0.7751196172248804
    },
    "Pledger": {
        "tp": 0,
        "fp": 0,
        "fn": 0,
        "f1": 0,
        "precision": 0,
        "recall": 0
    },
    "PledgedShares": {
        "tp": 2287,
        "fp": 1170,
        "fn": 584,
        "f1": 0.722819216182048,
        "precision": 0.6615562626554816,
        "recall": 0.7965865552072449
    },
    "Pledgee": {
        "tp": 1717,
        "fp": 491,
        "fn": 415,
        "f1": 0.7912442396313365,
        "precision": 0.7776268115942029,
        "recall": 0.8053470919324578
    },
    "TotalPledgedShares": {
        "tp": 1147,
        "fp": 536,
        "fn": 223,
        "f1": 0.7513920733704552,
        "precision": 0.6815210932857991,
        "recall": 0.8372262773722627
    },
    "ReleasedDate": {
        "tp": 380,
        "fp": 305,
        "fn": 381,
        "f1": 0.5255878284923927,
        "precision": 0.5547445255474452,
        "recall": 0.49934296977660975
    },
    "StockCode": {
        "tp": 3203,
        "fp": 20,
        "fn": 45,
        "f1": 0.9899551846700664,
        "precision": 0.9937946013031337,
        "recall": 0.9861453201970444
    },
    "StockAbbr": {
        "tp": 3472,
        "fp": 413,
        "fn": 1623,
        "f1": 0.7732739420935413,
        "precision": 0.8936936936936937,
        "recall": 0.6814524043179588
    },
    "precision": 0.7475933488914819,
    "recall": 0.7390238627352029,
    "micro_f1": 0.7432839067541601,
    "macro_f1": 0.5504983722994189
}