{
    "EquityHolder": {
        "tp": 7387,
        "fp": 2040,
        "fn": 2226,
        "f1": 0.7759453781512606,
        "precision": 0.7836002970192002,
        "recall": 0.768438572766046
    },
    "FrozeShares": {
        "tp": 57,
        "fp": 78,
        "fn": 241,
        "f1": 0.26327944572748263,
        "precision": 0.4222222222222222,
        "recall": 0.1912751677852349
    },
    "LegalInstitution": {
        "tp": 416,
        "fp": 99,
        "fn": 86,
        "f1": 0.8180924287118978,
        "precision": 0.8077669902912621,
        "recall": 0.8286852589641435
    },
    "TotalHoldingShares": {
        "tp": 1717,
        "fp": 889,
        "fn": 442,
        "f1": 0.7206715634837357,
        "precision": 0.6588641596316194,
        "recall": 0.7952755905511811
    },
    "TotalHoldingRatio": {
        "tp": 1449,
        "fp": 547,
        "fn": 276,
        "f1": 0.77882289707068,
        "precision": 0.7259519038076152,
        "recall": 0.84
    },
    "StartDate": {
        "tp": 3772,
        "fp": 1732,
        "fn": 1259,
        "f1": 0.7160892263882297,
        "precision": 0.6853197674418605,
        "recall": 0.7497515404492149
    },
    "EndDate": {
        "tp": 914,
        "fp": 748,
        "fn": 596,
        "f1": 0.5762925598991172,
        "precision": 0.5499398315282792,
        "recall": 0.6052980132450331
    },
    "UnfrozeDate": {
        "tp": 0,
        "fp": 8,
        "fn": 18,
        "f1": 0,
        "precision": 0,
        "recall": 0
    },
    "CompanyName": {
        "tp": 9213,
        "fp": 356,
        "fn": 869,
        "f1": 0.937662205485726,
        "precision": 0.9627965304629533,
        "recall": 0.913806784368181
    },
    "HighestTradingPrice": {
        "tp": 1087,
        "fp": 598,
        "fn": 537,
        "f1": 0.6569960713206408,
        "precision": 0.6451038575667656,
        "recall": 0.6693349753694581
    },
    "LowestTradingPrice": {
        "tp": 548,
        "fp": 189,
        "fn": 492,
        "f1": 0.6167698368036015,
        "precision": 0.7435549525101763,
        "recall": 0.5269230769230769
    },
    "RepurchasedShares": {
        "tp": 1218,
        "fp": 176,
        "fn": 349,
        "f1": 0.822695035460993,
        "precision": 0.8737446197991392,
        "recall": 0.7772814294830888
    },
    "ClosingDate": {
        "tp": 905,
        "fp": 482,
        "fn": 743,
        "f1": 0.5963756177924219,
        "precision": 0.6524873828406633,
        "recall": 0.5491504854368932
    },
    "RepurchaseAmount": {
        "tp": 753,
        "fp": 318,
        "fn": 673,
        "f1": 0.6031237484981978,
        "precision": 0.7030812324929971,
        "recall": 0.5280504908835905
    },
    "TradedShares": {
        "tp": 792,
        "fp": 436,
        "fn": 342,
        "f1": 0.6706181202370871,
        "precision": 0.6449511400651465,
        "recall": 0.6984126984126984
    },
    "LaterHoldingShares": {
        "tp": 97,
        "fp": 283,
        "fn": 324,
        "f1": 0.2421972534332085,
        "precision": 0.25526315789473686,
        "recall": 0.23040380047505937
    },
    "AveragePrice": {
        "tp": 187,
        "fp": 89,
        "fn": 22,
        "f1": 0.7711340206185566,
        "precision": 0.677536231884058,
        "recall": 0.8947368421052632
    },
    "Pledger": {
        "tp": 0,
        "fp": 0,
        "fn": 0,
        "f1": 0,
        "precision": 0,
        "recall": 0
    },
    "PledgedShares": {
        "tp": 1930,
        "fp": 760,
        "fn": 941,
        "f1": 0.69411976263262,
        "precision": 0.7174721189591078,
        "recall": 0.6722396377568791
    },
    "Pledgee": {
        "tp": 1863,
        "fp": 338,
        "fn": 269,
        "f1": 0.8599123009462266,
        "precision": 0.8464334393457519,
        "recall": 0.8738273921200751
    },
    "TotalPledgedShares": {
        "tp": 1185,
        "fp": 853,
        "fn": 185,
        "f1": 0.6954225352112675,
        "precision": 0.5814524043179587,
        "recall": 0.864963503649635
    },
    "ReleasedDate": {
        "tp": 386,
        "fp": 368,
        "fn": 375,
        "f1": 0.5095709570957095,
        "precision": 0.5119363395225465,
        "recall": 0.507227332457293
    },
    "StockCode": {
        "tp": 3208,
        "fp": 9,
        "fn": 40,
        "f1": 0.9924207269914926,
        "precision": 0.9972023624494871,
        "recall": 0.9876847290640394
    },
    "StockAbbr": {
        "tp": 3569,
        "fp": 614,
        "fn": 1526,
        "f1": 0.7693468419918087,
        "precision": 0.8532153956490557,
        "recall": 0.7004906771344456
    },
    "precision": 0.780290141411924,
    "recall": 0.7687441424554826,
    "micro_f1": 0.7744741118686845,
    "macro_f1": 0.6286482722479988
}