{
    "EquityHolder": {
        "tp": 8037,
        "fp": 1386,
        "fn": 1576,
        "f1": 0.8444000840512712,
        "precision": 0.8529130850047756,
        "recall": 0.8360553417247477
    },
    "FrozeShares": {
        "tp": 81,
        "fp": 110,
        "fn": 217,
        "f1": 0.3312883435582822,
        "precision": 0.42408376963350786,
        "recall": 0.27181208053691275
    },
    "LegalInstitution": {
        "tp": 446,
        "fp": 60,
        "fn": 56,
        "f1": 0.884920634920635,
        "precision": 0.8814229249011858,
        "recall": 0.8884462151394422
    },
    "TotalHoldingShares": {
        "tp": 1671,
        "fp": 596,
        "fn": 488,
        "f1": 0.755083596927248,
        "precision": 0.737097485663873,
        "recall": 0.7739694302918018
    },
    "TotalHoldingRatio": {
        "tp": 1429,
        "fp": 329,
        "fn": 296,
        "f1": 0.8205569910996268,
        "precision": 0.8128555176336746,
        "recall": 0.8284057971014492
    },
    "StartDate": {
        "tp": 3860,
        "fp": 1197,
        "fn": 1171,
        "f1": 0.7652656621728787,
        "precision": 0.7632983982598378,
        "recall": 0.7672430928244882
    },
    "EndDate": {
        "tp": 980,
        "fp": 625,
        "fn": 530,
        "f1": 0.6292134831460675,
        "precision": 0.6105919003115264,
        "recall": 0.6490066225165563
    },
    "UnfrozeDate": {
        "tp": 8,
        "fp": 38,
        "fn": 10,
        "f1": 0.25,
        "precision": 0.17391304347826086,
        "recall": 0.4444444444444444
    },
    "CompanyName": {
        "tp": 9484,
        "fp": 336,
        "fn": 598,
        "f1": 0.9530700432117375,
        "precision": 0.9657841140529532,
        "recall": 0.9406863717516366
    },
    "HighestTradingPrice": {
        "tp": 1212,
        "fp": 291,
        "fn": 412,
        "f1": 0.7751838823153183,
        "precision": 0.8063872255489022,
        "recall": 0.7463054187192119
    },
    "LowestTradingPrice": {
        "tp": 894,
        "fp": 273,
        "fn": 146,
        "f1": 0.8101495242410511,
        "precision": 0.7660668380462725,
        "recall": 0.8596153846153847
    },
    "RepurchasedShares": {
        "tp": 1371,
        "fp": 203,
        "fn": 196,
        "f1": 0.8729703915950334,
        "precision": 0.8710292249047014,
        "recall": 0.8749202297383536
    },
    "ClosingDate": {
        "tp": 1020,
        "fp": 604,
        "fn": 628,
        "f1": 0.6234718826405867,
        "precision": 0.6280788177339901,
        "recall": 0.6189320388349514
    },
    "RepurchaseAmount": {
        "tp": 1254,
        "fp": 338,
        "fn": 172,
        "f1": 0.831013916500994,
        "precision": 0.7876884422110553,
        "recall": 0.879382889200561
    },
    "TradedShares": {
        "tp": 887,
        "fp": 365,
        "fn": 247,
        "f1": 0.7435037720033528,
        "precision": 0.7084664536741214,
        "recall": 0.7821869488536155
    },
    "LaterHoldingShares": {
        "tp": 106,
        "fp": 162,
        "fn": 315,
        "f1": 0.3076923076923077,
        "precision": 0.39552238805970147,
        "recall": 0.2517814726840855
    },
    "AveragePrice": {
        "tp": 199,
        "fp": 49,
        "fn": 10,
        "f1": 0.8708971553610503,
        "precision": 0.8024193548387096,
        "recall": 0.9521531100478469
    },
    "Pledger": {
        "tp": 0,
        "fp": 0,
        "fn": 0,
        "f1": 0,
        "precision": 0,
        "recall": 0
    },
    "PledgedShares": {
        "tp": 2286,
        "fp": 798,
        "fn": 585,
        "f1": 0.767758186397985,
        "precision": 0.7412451361867705,
        "recall": 0.7962382445141066
    },
    "Pledgee": {
        "tp": 2013,
        "fp": 146,
        "fn": 119,
        "f1": 0.9382428338382662,
        "precision": 0.9323761000463178,
        "recall": 0.9441838649155723
    },
    "TotalPledgedShares": {
        "tp": 1104,
        "fp": 384,
        "fn": 266,
        "f1": 0.7725682295311407,
        "precision": 0.7419354838709677,
        "recall": 0.8058394160583942
    },
    "ReleasedDate": {
        "tp": 447,
        "fp": 424,
        "fn": 314,
        "f1": 0.5477941176470589,
        "precision": 0.513203214695752,
        "recall": 0.5873850197109067
    },
    "StockCode": {
        "tp": 3235,
        "fp": 25,
        "fn": 13,
        "f1": 0.994161032575292,
        "precision": 0.9923312883435583,
        "recall": 0.9959975369458128
    },
    "StockAbbr": {
        "tp": 4146,
        "fp": 498,
        "fn": 949,
        "f1": 0.8514221172604991,
        "precision": 0.8927648578811369,
        "recall": 0.813738959764475
    },
    "precision": 0.8332882126807082,
    "recall": 0.8321317857400332,
    "micro_f1": 0.8327095977130695,
    "macro_f1": 0.7058595078619866
}