{
    "EquityHolder": {
        "tp": 7229,
        "fp": 582,
        "fn": 2384,
        "f1": 0.829775022956841,
        "precision": 0.925489694021252,
        "recall": 0.7520024966191615
    },
    "FrozeShares": {
        "tp": 44,
        "fp": 59,
        "fn": 254,
        "f1": 0.21945137157107233,
        "precision": 0.42718446601941745,
        "recall": 0.1476510067114094
    },
    "LegalInstitution": {
        "tp": 439,
        "fp": 62,
        "fn": 63,
        "f1": 0.8753738783649052,
        "precision": 0.8762475049900199,
        "recall": 0.8745019920318725
    },
    "TotalHoldingShares": {
        "tp": 1628,
        "fp": 617,
        "fn": 531,
        "f1": 0.7393278837420528,
        "precision": 0.7251670378619154,
        "recall": 0.7540528022232516
    },
    "TotalHoldingRatio": {
        "tp": 1179,
        "fp": 329,
        "fn": 546,
        "f1": 0.7293535416022271,
        "precision": 0.7818302387267905,
        "recall": 0.6834782608695652
    },
    "StartDate": {
        "tp": 3661,
        "fp": 1113,
        "fn": 1370,
        "f1": 0.7467618561958184,
        "precision": 0.7668621700879765,
        "recall": 0.7276883323394951
    },
    "EndDate": {
        "tp": 847,
        "fp": 364,
        "fn": 663,
        "f1": 0.6225652333700845,
        "precision": 0.6994219653179191,
        "recall": 0.5609271523178808
    },
    "UnfrozeDate": {
        "tp": 7,
        "fp": 14,
        "fn": 11,
        "f1": 0.358974358974359,
        "precision": 0.3333333333333333,
        "recall": 0.3888888888888889
    },
    "CompanyName": {
        "tp": 9822,
        "fp": 354,
        "fn": 260,
        "f1": 0.9696909862770264,
        "precision": 0.9652122641509434,
        "recall": 0.9742114659789725
    },
    "HighestTradingPrice": {
        "tp": 1046,
        "fp": 303,
        "fn": 578,
        "f1": 0.7036663303060882,
        "precision": 0.7753891771682728,
        "recall": 0.6440886699507389
    },
    "LowestTradingPrice": {
        "tp": 896,
        "fp": 423,
        "fn": 144,
        "f1": 0.7596439169139466,
        "precision": 0.6793025018953753,
        "recall": 0.8615384615384616
    },
    "RepurchasedShares": {
        "tp": 1442,
        "fp": 203,
        "fn": 125,
        "f1": 0.8978829389788293,
        "precision": 0.8765957446808511,
        "recall": 0.9202297383535418
    },
    "ClosingDate": {
        "tp": 1002,
        "fp": 474,
        "fn": 646,
        "f1": 0.6414852752880922,
        "precision": 0.6788617886178862,
        "recall": 0.6080097087378641
    },
    "RepurchaseAmount": {
        "tp": 1176,
        "fp": 271,
        "fn": 250,
        "f1": 0.8186564566655065,
        "precision": 0.8127159640635798,
        "recall": 0.8246844319775596
    },
    "TradedShares": {
        "tp": 837,
        "fp": 292,
        "fn": 297,
        "f1": 0.7397260273972603,
        "precision": 0.7413640389725421,
        "recall": 0.7380952380952381
    },
    "LaterHoldingShares": {
        "tp": 77,
        "fp": 168,
        "fn": 344,
        "f1": 0.23123123123123124,
        "precision": 0.3142857142857143,
        "recall": 0.1828978622327791
    },
    "AveragePrice": {
        "tp": 175,
        "fp": 65,
        "fn": 34,
        "f1": 0.779510022271715,
        "precision": 0.7291666666666666,
        "recall": 0.8373205741626795
    },
    "Pledger": {
        "tp": 0,
        "fp": 0,
        "fn": 0,
        "f1": 0,
        "precision": 0,
        "recall": 0
    },
    "PledgedShares": {
        "tp": 2266,
        "fp": 772,
        "fn": 605,
        "f1": 0.7669656456253173,
        "precision": 0.7458854509545754,
        "recall": 0.789272030651341
    },
    "Pledgee": {
        "tp": 1927,
        "fp": 163,
        "fn": 205,
        "f1": 0.9128375177640927,
        "precision": 0.9220095693779904,
        "recall": 0.9038461538461539
    },
    "TotalPledgedShares": {
        "tp": 1214,
        "fp": 453,
        "fn": 156,
        "f1": 0.7994731643068819,
        "precision": 0.728254349130174,
        "recall": 0.8861313868613139
    },
    "ReleasedDate": {
        "tp": 515,
        "fp": 764,
        "fn": 246,
        "f1": 0.5049019607843137,
        "precision": 0.40265832681782643,
        "recall": 0.6767411300919842
    },
    "StockCode": {
        "tp": 3222,
        "fp": 29,
        "fn": 26,
        "f1": 0.9915371595630097,
        "precision": 0.9910796677945247,
        "recall": 0.9919950738916257
    },
    "StockAbbr": {
        "tp": 4007,
        "fp": 507,
        "fn": 1088,
        "f1": 0.834009782495577,
        "precision": 0.8876827647319451,
        "recall": 0.7864573110893033
    },
    "precision": 0.8419842003054356,
    "recall": 0.8048806863239852,
    "micro_f1": 0.8230144761939865,
    "macro_f1": 0.686366731776927
}