{
    "EquityHolder": {
        "tp": 8209,
        "fp": 1471,
        "fn": 1404,
        "f1": 0.8509822215311251,
        "precision": 0.8480371900826447,
        "recall": 0.8539477790492042
    },
    "FrozeShares": {
        "tp": 117,
        "fp": 189,
        "fn": 181,
        "f1": 0.38741721854304634,
        "precision": 0.38235294117647056,
        "recall": 0.3926174496644295
    },
    "LegalInstitution": {
        "tp": 441,
        "fp": 72,
        "fn": 61,
        "f1": 0.8689655172413793,
        "precision": 0.8596491228070176,
        "recall": 0.8784860557768924
    },
    "TotalHoldingShares": {
        "tp": 1694,
        "fp": 674,
        "fn": 465,
        "f1": 0.7483984979014802,
        "precision": 0.7153716216216216,
        "recall": 0.7846225104214914
    },
    "TotalHoldingRatio": {
        "tp": 1449,
        "fp": 450,
        "fn": 276,
        "f1": 0.7996688741721856,
        "precision": 0.7630331753554502,
        "recall": 0.84
    },
    "StartDate": {
        "tp": 3951,
        "fp": 1412,
        "fn": 1080,
        "f1": 0.7602462959399654,
        "precision": 0.7367145254521723,
        "recall": 0.7853309481216458
    },
    "EndDate": {
        "tp": 965,
        "fp": 580,
        "fn": 545,
        "f1": 0.6317512274959084,
        "precision": 0.6245954692556634,
        "recall": 0.6390728476821192
    },
    "UnfrozeDate": {
        "tp": 2,
        "fp": 10,
        "fn": 16,
        "f1": 0.13333333333333333,
        "precision": 0.16666666666666666,
        "recall": 0.1111111111111111
    },
    "CompanyName": {
        "tp": 9447,
        "fp": 331,
        "fn": 635,
        "f1": 0.9513595166163142,
        "precision": 0.9661484966250767,
        "recall": 0.9370164649871058
    },
    "HighestTradingPrice": {
        "tp": 1488,
        "fp": 321,
        "fn": 136,
        "f1": 0.8668802796387999,
        "precision": 0.8225538971807629,
        "recall": 0.916256157635468
    },
    "LowestTradingPrice": {
        "tp": 842,
        "fp": 87,
        "fn": 198,
        "f1": 0.8552564753682073,
        "precision": 0.9063509149623251,
        "recall": 0.8096153846153846
    },
    "RepurchasedShares": {
        "tp": 1416,
        "fp": 249,
        "fn": 151,
        "f1": 0.8762376237623762,
        "precision": 0.8504504504504504,
        "recall": 0.9036375239310785
    },
    "ClosingDate": {
        "tp": 944,
        "fp": 465,
        "fn": 704,
        "f1": 0.6175989532221131,
        "precision": 0.6699787083037615,
        "recall": 0.5728155339805825
    },
    "RepurchaseAmount": {
        "tp": 1274,
        "fp": 291,
        "fn": 152,
        "f1": 0.8518890003343363,
        "precision": 0.8140575079872204,
        "recall": 0.8934081346423562
    },
    "TradedShares": {
        "tp": 871,
        "fp": 366,
        "fn": 263,
        "f1": 0.7347110923660902,
        "precision": 0.704122877930477,
        "recall": 0.7680776014109347
    },
    "LaterHoldingShares": {
        "tp": 87,
        "fp": 238,
        "fn": 334,
        "f1": 0.23324396782841822,
        "precision": 0.2676923076923077,
        "recall": 0.20665083135391923
    },
    "AveragePrice": {
        "tp": 198,
        "fp": 54,
        "fn": 11,
        "f1": 0.8590021691973969,
        "precision": 0.7857142857142857,
        "recall": 0.9473684210526315
    },
    "Pledger": {
        "tp": 0,
        "fp": 0,
        "fn": 0,
        "f1": 0,
        "precision": 0,
        "recall": 0
    },
    "PledgedShares": {
        "tp": 2212,
        "fp": 753,
        "fn": 659,
        "f1": 0.7580534612748457,
        "precision": 0.7460370994940978,
        "recall": 0.7704632532218739
    },
    "Pledgee": {
        "tp": 2026,
        "fp": 181,
        "fn": 106,
        "f1": 0.9338557271260659,
        "precision": 0.9179882193022202,
        "recall": 0.950281425891182
    },
    "TotalPledgedShares": {
        "tp": 1065,
        "fp": 284,
        "fn": 305,
        "f1": 0.7833762412651709,
        "precision": 0.7894736842105263,
        "recall": 0.7773722627737226
    },
    "ReleasedDate": {
        "tp": 411,
        "fp": 304,
        "fn": 350,
        "f1": 0.556910569105691,
        "precision": 0.5748251748251748,
        "recall": 0.5400788436268068
    },
    "StockCode": {
        "tp": 3229,
        "fp": 25,
        "fn": 19,
        "f1": 0.9932328514303291,
        "precision": 0.9923171481253842,
        "recall": 0.9941502463054187
    },
    "StockAbbr": {
        "tp": 4193,
        "fp": 805,
        "fn": 902,
        "f1": 0.8308728821955811,
        "precision": 0.8389355742296919,
        "recall": 0.822963689892051
    },
    "precision": 0.8287943287676113,
    "recall": 0.8386381659577535,
    "micro_f1": 0.8336871903750883,
    "macro_f1": 0.7034684998704229
}