{
    "EquityHolder": {
        "tp": 8178,
        "fp": 2117,
        "fn": 1435,
        "f1": 0.8215792646172393,
        "precision": 0.7943661971830986,
        "recall": 0.8507229792988661
    },
    "FrozeShares": {
        "tp": 0,
        "fp": 0,
        "fn": 298,
        "f1": 0,
        "precision": 0,
        "recall": 0
    },
    "LegalInstitution": {
        "tp": 401,
        "fp": 67,
        "fn": 101,
        "f1": 0.8268041237113402,
        "precision": 0.8568376068376068,
        "recall": 0.798804780876494
    },
    "TotalHoldingShares": {
        "tp": 1386,
        "fp": 386,
        "fn": 773,
        "f1": 0.7051640803866701,
        "precision": 0.7821670428893905,
        "recall": 0.6419638721630384
    },
    "TotalHoldingRatio": {
        "tp": 1158,
        "fp": 227,
        "fn": 567,
        "f1": 0.7446945337620579,
        "precision": 0.836101083032491,
        "recall": 0.671304347826087
    },
    "StartDate": {
        "tp": 4047,
        "fp": 2239,
        "fn": 984,
        "f1": 0.7152072103914464,
        "precision": 0.6438116449252307,
        "recall": 0.8044126416219439
    },
    "EndDate": {
        "tp": 738,
        "fp": 424,
        "fn": 772,
        "f1": 0.5523952095808383,
        "precision": 0.6351118760757315,
        "recall": 0.48874172185430464
    },
    "UnfrozeDate": {
        "tp": 0,
        "fp": 0,
        "fn": 18,
        "f1": 0,
        "precision": 0,
        "recall": 0
    },
    "CompanyName": {
        "tp": 9919,
        "fp": 362,
        "fn": 163,
        "f1": 0.9742179443107597,
        "precision": 0.964789417371851,
        "recall": 0.9838325729022019
    },
    "HighestTradingPrice": {
        "tp": 0,
        "fp": 0,
        "fn": 1624,
        "f1": 0,
        "precision": 0,
        "recall": 0
    },
    "LowestTradingPrice": {
        "tp": 0,
        "fp": 0,
        "fn": 1040,
        "f1": 0,
        "precision": 0,
        "recall": 0
    },
    "RepurchasedShares": {
        "tp": 514,
        "fp": 49,
        "fn": 1053,
        "f1": 0.48262910798122066,
        "precision": 0.9129662522202486,
        "recall": 0.32801531589023614
    },
    "ClosingDate": {
        "tp": 0,
        "fp": 0,
        "fn": 1648,
        "f1": 0,
        "precision": 0,
        "recall": 0
    },
    "RepurchaseAmount": {
        "tp": 0,
        "fp": 0,
        "fn": 1426,
        "f1": 0,
        "precision": 0,
        "recall": 0
    },
    "TradedShares": {
        "tp": 721,
        "fp": 548,
        "fn": 413,
        "f1": 0.6000832292967125,
        "precision": 0.5681639085894405,
        "recall": 0.6358024691358025
    },
    "LaterHoldingShares": {
        "tp": 0,
        "fp": 22,
        "fn": 421,
        "f1": 0,
        "precision": 0,
        "recall": 0
    },
    "AveragePrice": {
        "tp": 177,
        "fp": 32,
        "fn": 32,
        "f1": 0.84688995215311,
        "precision": 0.84688995215311,
        "recall": 0.84688995215311
    },
    "Pledger": {
        "tp": 0,
        "fp": 0,
        "fn": 0,
        "f1": 0,
        "precision": 0,
        "recall": 0
    },
    "PledgedShares": {
        "tp": 2506,
        "fp": 1358,
        "fn": 365,
        "f1": 0.7441722345953972,
        "precision": 0.6485507246376812,
        "recall": 0.8728665970045281
    },
    "Pledgee": {
        "tp": 1988,
        "fp": 190,
        "fn": 144,
        "f1": 0.9225058004640371,
        "precision": 0.9127640036730946,
        "recall": 0.9324577861163227
    },
    "TotalPledgedShares": {
        "tp": 1065,
        "fp": 432,
        "fn": 305,
        "f1": 0.742936867806069,
        "precision": 0.7114228456913828,
        "recall": 0.7773722627737226
    },
    "ReleasedDate": {
        "tp": 163,
        "fp": 198,
        "fn": 598,
        "f1": 0.29055258467023176,
        "precision": 0.4515235457063712,
        "recall": 0.21419185282522996
    },
    "StockCode": {
        "tp": 3203,
        "fp": 26,
        "fn": 45,
        "f1": 0.9890381349390149,
        "precision": 0.9919479715082069,
        "recall": 0.9861453201970444
    },
    "StockAbbr": {
        "tp": 3378,
        "fp": 268,
        "fn": 1717,
        "f1": 0.7729092781146322,
        "precision": 0.9264947888096544,
        "recall": 0.6630029440628067
    },
    "precision": 0.8155175614082125,
    "recall": 0.7126739240141302,
    "micro_f1": 0.7606351771166959,
    "macro_f1": 0.488824148199199
}