{
    "EquityHolder": {
        "tp": 7528,
        "fp": 1409,
        "fn": 2085,
        "f1": 0.8116442048517519,
        "precision": 0.8423408302562381,
        "recall": 0.7831062103401644
    },
    "FrozeShares": {
        "tp": 1,
        "fp": 3,
        "fn": 297,
        "f1": 0.006622516556291391,
        "precision": 0.25,
        "recall": 0.003355704697986577
    },
    "LegalInstitution": {
        "tp": 383,
        "fp": 66,
        "fn": 119,
        "f1": 0.8054679284963197,
        "precision": 0.8530066815144766,
        "recall": 0.7629482071713147
    },
    "TotalHoldingShares": {
        "tp": 1776,
        "fp": 689,
        "fn": 383,
        "f1": 0.7681660899653979,
        "precision": 0.7204868154158215,
        "recall": 0.8226030569708198
    },
    "TotalHoldingRatio": {
        "tp": 1397,
        "fp": 411,
        "fn": 328,
        "f1": 0.7908293235210868,
        "precision": 0.7726769911504425,
        "recall": 0.8098550724637681
    },
    "StartDate": {
        "tp": 3169,
        "fp": 890,
        "fn": 1862,
        "f1": 0.6972497249724973,
        "precision": 0.7807341709780734,
        "recall": 0.6298946531504671
    },
    "EndDate": {
        "tp": 915,
        "fp": 443,
        "fn": 595,
        "f1": 0.6380753138075315,
        "precision": 0.6737849779086893,
        "recall": 0.6059602649006622
    },
    "UnfrozeDate": {
        "tp": 0,
        "fp": 0,
        "fn": 18,
        "f1": 0,
        "precision": 0,
        "recall": 0
    },
    "CompanyName": {
        "tp": 9751,
        "fp": 358,
        "fn": 331,
        "f1": 0.9658758852954287,
        "precision": 0.9645860124641409,
        "recall": 0.9671692124578457
    },
    "HighestTradingPrice": {
        "tp": 660,
        "fp": 849,
        "fn": 964,
        "f1": 0.4213214171720395,
        "precision": 0.43737574552683894,
        "recall": 0.4064039408866995
    },
    "LowestTradingPrice": {
        "tp": 910,
        "fp": 270,
        "fn": 130,
        "f1": 0.8198198198198198,
        "precision": 0.7711864406779662,
        "recall": 0.875
    },
    "RepurchasedShares": {
        "tp": 1403,
        "fp": 241,
        "fn": 164,
        "f1": 0.8738710682030519,
        "precision": 0.8534063260340633,
        "recall": 0.8953414167198468
    },
    "ClosingDate": {
        "tp": 346,
        "fp": 77,
        "fn": 1302,
        "f1": 0.3341380975374215,
        "precision": 0.817966903073286,
        "recall": 0.2099514563106796
    },
    "RepurchaseAmount": {
        "tp": 1057,
        "fp": 136,
        "fn": 369,
        "f1": 0.8071783123329516,
        "precision": 0.8860016764459346,
        "recall": 0.741234221598878
    },
    "TradedShares": {
        "tp": 834,
        "fp": 369,
        "fn": 300,
        "f1": 0.7137355584082157,
        "precision": 0.6932668329177057,
        "recall": 0.7354497354497355
    },
    "LaterHoldingShares": {
        "tp": 46,
        "fp": 57,
        "fn": 375,
        "f1": 0.17557251908396948,
        "precision": 0.44660194174757284,
        "recall": 0.10926365795724466
    },
    "AveragePrice": {
        "tp": 199,
        "fp": 114,
        "fn": 10,
        "f1": 0.7624521072796935,
        "precision": 0.6357827476038339,
        "recall": 0.9521531100478469
    },
    "Pledger": {
        "tp": 0,
        "fp": 0,
        "fn": 0,
        "f1": 0,
        "precision": 0,
        "recall": 0
    },
    "PledgedShares": {
        "tp": 2557,
        "fp": 901,
        "fn": 314,
        "f1": 0.8080265444778008,
        "precision": 0.7394447657605553,
        "recall": 0.8906304423545803
    },
    "Pledgee": {
        "tp": 1939,
        "fp": 207,
        "fn": 193,
        "f1": 0.906498363721365,
        "precision": 0.9035414725069898,
        "recall": 0.9094746716697936
    },
    "TotalPledgedShares": {
        "tp": 1212,
        "fp": 499,
        "fn": 158,
        "f1": 0.7867575462512171,
        "precision": 0.7083576855639977,
        "recall": 0.8846715328467153
    },
    "ReleasedDate": {
        "tp": 437,
        "fp": 988,
        "fn": 324,
        "f1": 0.3998170173833485,
        "precision": 0.30666666666666664,
        "recall": 0.5742444152431012
    },
    "StockCode": {
        "tp": 3232,
        "fp": 15,
        "fn": 16,
        "f1": 0.9952270977675135,
        "precision": 0.9953803510933169,
        "recall": 0.9950738916256158
    },
    "StockAbbr": {
        "tp": 3547,
        "fp": 605,
        "fn": 1548,
        "f1": 0.7671677300746188,
        "precision": 0.8542870905587668,
        "recall": 0.6961727183513249
    },
    "precision": 0.8185685117967332,
    "recall": 0.7803871386345613,
    "micro_f1": 0.7990219597711754,
    "macro_f1": 0.6273130911241389
}