{
    "EquityHolder": {
        "tp": 7660,
        "fp": 1528,
        "fn": 1953,
        "f1": 0.8148502739215998,
        "precision": 0.8336961253809316,
        "recall": 0.7968376157287007
    },
    "FrozeShares": {
        "tp": 0,
        "fp": 0,
        "fn": 298,
        "f1": 0,
        "precision": 0,
        "recall": 0
    },
    "LegalInstitution": {
        "tp": 397,
        "fp": 82,
        "fn": 105,
        "f1": 0.8093781855249745,
        "precision": 0.8288100208768268,
        "recall": 0.7908366533864541
    },
    "TotalHoldingShares": {
        "tp": 1847,
        "fp": 915,
        "fn": 312,
        "f1": 0.7506604348709612,
        "precision": 0.6687183200579291,
        "recall": 0.8554886521537749
    },
    "TotalHoldingRatio": {
        "tp": 1420,
        "fp": 334,
        "fn": 305,
        "f1": 0.8163265306122448,
        "precision": 0.8095781071835804,
        "recall": 0.8231884057971014
    },
    "StartDate": {
        "tp": 3801,
        "fp": 2010,
        "fn": 1230,
        "f1": 0.7011621472053127,
        "precision": 0.6541042849767682,
        "recall": 0.75551580202743
    },
    "EndDate": {
        "tp": 943,
        "fp": 633,
        "fn": 567,
        "f1": 0.611147116007777,
        "precision": 0.5983502538071066,
        "recall": 0.6245033112582782
    },
    "UnfrozeDate": {
        "tp": 0,
        "fp": 0,
        "fn": 18,
        "f1": 0,
        "precision": 0,
        "recall": 0
    },
    "CompanyName": {
        "tp": 9498,
        "fp": 419,
        "fn": 584,
        "f1": 0.9498474923746187,
        "precision": 0.95774931935061,
        "recall": 0.9420749851219996
    },
    "HighestTradingPrice": {
        "tp": 1373,
        "fp": 328,
        "fn": 251,
        "f1": 0.8258646616541353,
        "precision": 0.807172251616696,
        "recall": 0.8454433497536946
    },
    "LowestTradingPrice": {
        "tp": 889,
        "fp": 129,
        "fn": 151,
        "f1": 0.8639455782312925,
        "precision": 0.8732809430255403,
        "recall": 0.8548076923076923
    },
    "RepurchasedShares": {
        "tp": 1417,
        "fp": 221,
        "fn": 150,
        "f1": 0.8842433697347895,
        "precision": 0.8650793650793651,
        "recall": 0.9042756860242501
    },
    "ClosingDate": {
        "tp": 981,
        "fp": 527,
        "fn": 667,
        "f1": 0.6216730038022814,
        "precision": 0.6505305039787799,
        "recall": 0.5952669902912622
    },
    "RepurchaseAmount": {
        "tp": 980,
        "fp": 101,
        "fn": 446,
        "f1": 0.7818109293976866,
        "precision": 0.906567992599445,
        "recall": 0.6872370266479664
    },
    "TradedShares": {
        "tp": 908,
        "fp": 440,
        "fn": 226,
        "f1": 0.7316680096696212,
        "precision": 0.6735905044510386,
        "recall": 0.800705467372134
    },
    "LaterHoldingShares": {
        "tp": 31,
        "fp": 97,
        "fn": 390,
        "f1": 0.1129326047358834,
        "precision": 0.2421875,
        "recall": 0.07363420427553444
    },
    "AveragePrice": {
        "tp": 192,
        "fp": 46,
        "fn": 17,
        "f1": 0.8590604026845637,
        "precision": 0.8067226890756303,
        "recall": 0.9186602870813397
    },
    "Pledger": {
        "tp": 0,
        "fp": 0,
        "fn": 0,
        "f1": 0,
        "precision": 0,
        "recall": 0
    },
    "PledgedShares": {
        "tp": 2583,
        "fp": 1031,
        "fn": 288,
        "f1": 0.7966075558982266,
        "precision": 0.7147205312672938,
        "recall": 0.8996865203761756
    },
    "Pledgee": {
        "tp": 1968,
        "fp": 199,
        "fn": 164,
        "f1": 0.9155617585484996,
        "precision": 0.9081679741578219,
        "recall": 0.9230769230769231
    },
    "TotalPledgedShares": {
        "tp": 1165,
        "fp": 485,
        "fn": 205,
        "f1": 0.7715231788079471,
        "precision": 0.706060606060606,
        "recall": 0.8503649635036497
    },
    "ReleasedDate": {
        "tp": 449,
        "fp": 739,
        "fn": 312,
        "f1": 0.4607491021036429,
        "precision": 0.3779461279461279,
        "recall": 0.5900131406044679
    },
    "StockCode": {
        "tp": 3232,
        "fp": 15,
        "fn": 16,
        "f1": 0.9952270977675135,
        "precision": 0.9953803510933169,
        "recall": 0.9950738916256158
    },
    "StockAbbr": {
        "tp": 3712,
        "fp": 622,
        "fn": 1383,
        "f1": 0.7873581503871037,
        "precision": 0.8564836179049377,
        "recall": 0.7285574092247301
    },
    "precision": 0.8065380588141339,
    "recall": 0.8190829788767933,
    "micro_f1": 0.8127621142616985,
    "macro_f1": 0.6608998993308616
}