{
    "EquityHolder": {
        "tp": 8472,
        "fp": 1642,
        "fn": 1141,
        "f1": 0.8589243169260404,
        "precision": 0.8376507810955112,
        "recall": 0.8813065640278789
    },
    "FrozeShares": {
        "tp": 0,
        "fp": 0,
        "fn": 298,
        "f1": 0,
        "precision": 0,
        "recall": 0
    },
    "LegalInstitution": {
        "tp": 429,
        "fp": 83,
        "fn": 73,
        "f1": 0.8461538461538461,
        "precision": 0.837890625,
        "recall": 0.8545816733067729
    },
    "TotalHoldingShares": {
        "tp": 1602,
        "fp": 456,
        "fn": 557,
        "f1": 0.7597818354280294,
        "precision": 0.7784256559766763,
        "recall": 0.7420101899027327
    },
    "TotalHoldingRatio": {
        "tp": 1315,
        "fp": 205,
        "fn": 410,
        "f1": 0.810477657935285,
        "precision": 0.8651315789473685,
        "recall": 0.7623188405797101
    },
    "StartDate": {
        "tp": 3223,
        "fp": 921,
        "fn": 1808,
        "f1": 0.7025613079019074,
        "precision": 0.7777509652509652,
        "recall": 0.6406281057443848
    },
    "EndDate": {
        "tp": 931,
        "fp": 463,
        "fn": 579,
        "f1": 0.6411845730027548,
        "precision": 0.6678622668579627,
        "recall": 0.6165562913907284
    },
    "UnfrozeDate": {
        "tp": 0,
        "fp": 0,
        "fn": 18,
        "f1": 0,
        "precision": 0,
        "recall": 0
    },
    "CompanyName": {
        "tp": 9712,
        "fp": 372,
        "fn": 370,
        "f1": 0.9632053952196766,
        "precision": 0.9631098770329234,
        "recall": 0.9633009323546915
    },
    "HighestTradingPrice": {
        "tp": 1503,
        "fp": 1182,
        "fn": 121,
        "f1": 0.6976096542121141,
        "precision": 0.5597765363128492,
        "recall": 0.9254926108374384
    },
    "LowestTradingPrice": {
        "tp": 0,
        "fp": 0,
        "fn": 1040,
        "f1": 0,
        "precision": 0,
        "recall": 0
    },
    "RepurchasedShares": {
        "tp": 1449,
        "fp": 224,
        "fn": 118,
        "f1": 0.8944444444444445,
        "precision": 0.8661087866108786,
        "recall": 0.9246968730057434
    },
    "ClosingDate": {
        "tp": 929,
        "fp": 266,
        "fn": 719,
        "f1": 0.6535349982412944,
        "precision": 0.7774058577405858,
        "recall": 0.5637135922330098
    },
    "RepurchaseAmount": {
        "tp": 955,
        "fp": 181,
        "fn": 471,
        "f1": 0.7455113192818111,
        "precision": 0.840669014084507,
        "recall": 0.6697054698457223
    },
    "TradedShares": {
        "tp": 784,
        "fp": 289,
        "fn": 350,
        "f1": 0.710466696873584,
        "precision": 0.7306616961789375,
        "recall": 0.691358024691358
    },
    "LaterHoldingShares": {
        "tp": 61,
        "fp": 214,
        "fn": 360,
        "f1": 0.17528735632183912,
        "precision": 0.22181818181818183,
        "recall": 0.14489311163895488
    },
    "AveragePrice": {
        "tp": 181,
        "fp": 33,
        "fn": 28,
        "f1": 0.855791962174941,
        "precision": 0.8457943925233645,
        "recall": 0.8660287081339713
    },
    "Pledger": {
        "tp": 0,
        "fp": 0,
        "fn": 0,
        "f1": 0,
        "precision": 0,
        "recall": 0
    },
    "PledgedShares": {
        "tp": 2209,
        "fp": 734,
        "fn": 662,
        "f1": 0.7598899208806331,
        "precision": 0.7505946313285763,
        "recall": 0.7694183211424591
    },
    "Pledgee": {
        "tp": 1865,
        "fp": 170,
        "fn": 267,
        "f1": 0.8951283897288217,
        "precision": 0.9164619164619164,
        "recall": 0.874765478424015
    },
    "TotalPledgedShares": {
        "tp": 669,
        "fp": 397,
        "fn": 701,
        "f1": 0.5492610837438423,
        "precision": 0.6275797373358349,
        "recall": 0.48832116788321167
    },
    "ReleasedDate": {
        "tp": 381,
        "fp": 296,
        "fn": 380,
        "f1": 0.5299026425591098,
        "precision": 0.5627769571639586,
        "recall": 0.5006570302233903
    },
    "StockCode": {
        "tp": 3201,
        "fp": 77,
        "fn": 47,
        "f1": 0.9809990806006742,
        "precision": 0.9765100671140939,
        "recall": 0.9855295566502463
    },
    "StockAbbr": {
        "tp": 3908,
        "fp": 800,
        "fn": 1187,
        "f1": 0.7973069468530041,
        "precision": 0.8300764655904843,
        "recall": 0.76702649656526
    },
    "precision": 0.8293990603213095,
    "recall": 0.7890382813063226,
    "micro_f1": 0.808715409908745,
    "macro_f1": 0.6178093095201523
}