{
    "EquityHolder": {
        "tp": 8604,
        "fp": 1868,
        "fn": 1009,
        "f1": 0.8567587752053772,
        "precision": 0.8216195569136746,
        "recall": 0.8950379694164152
    },
    "FrozeShares": {
        "tp": 45,
        "fp": 78,
        "fn": 253,
        "f1": 0.2137767220902613,
        "precision": 0.36585365853658536,
        "recall": 0.15100671140939598
    },
    "LegalInstitution": {
        "tp": 442,
        "fp": 57,
        "fn": 60,
        "f1": 0.8831168831168831,
        "precision": 0.8857715430861723,
        "recall": 0.8804780876494024
    },
    "TotalHoldingShares": {
        "tp": 1798,
        "fp": 538,
        "fn": 361,
        "f1": 0.8,
        "precision": 0.7696917808219178,
        "recall": 0.8327929597035665
    },
    "TotalHoldingRatio": {
        "tp": 1407,
        "fp": 192,
        "fn": 318,
        "f1": 0.8465703971119133,
        "precision": 0.8799249530956847,
        "recall": 0.8156521739130435
    },
    "StartDate": {
        "tp": 3898,
        "fp": 1463,
        "fn": 1133,
        "f1": 0.7501924557351809,
        "precision": 0.7271031523969409,
        "recall": 0.7747962631683561
    },
    "EndDate": {
        "tp": 1149,
        "fp": 767,
        "fn": 361,
        "f1": 0.6707530647985989,
        "precision": 0.5996868475991649,
        "recall": 0.7609271523178808
    },
    "UnfrozeDate": {
        "tp": 0,
        "fp": 0,
        "fn": 18,
        "f1": 0,
        "precision": 0,
        "recall": 0
    },
    "CompanyName": {
        "tp": 9406,
        "fp": 332,
        "fn": 676,
        "f1": 0.9491422805247226,
        "precision": 0.9659067570342986,
        "recall": 0.9329498115453283
    },
    "HighestTradingPrice": {
        "tp": 1532,
        "fp": 760,
        "fn": 92,
        "f1": 0.7824310520939733,
        "precision": 0.6684118673647469,
        "recall": 0.9433497536945813
    },
    "LowestTradingPrice": {
        "tp": 367,
        "fp": 93,
        "fn": 673,
        "f1": 0.4893333333333333,
        "precision": 0.7978260869565217,
        "recall": 0.3528846153846154
    },
    "RepurchasedShares": {
        "tp": 1514,
        "fp": 287,
        "fn": 53,
        "f1": 0.8990498812351544,
        "precision": 0.8406440866185453,
        "recall": 0.9661774090619017
    },
    "ClosingDate": {
        "tp": 1145,
        "fp": 899,
        "fn": 503,
        "f1": 0.6202600216684724,
        "precision": 0.5601761252446184,
        "recall": 0.6947815533980582
    },
    "RepurchaseAmount": {
        "tp": 1355,
        "fp": 385,
        "fn": 71,
        "f1": 0.855969677826911,
        "precision": 0.7787356321839081,
        "recall": 0.9502103786816269
    },
    "TradedShares": {
        "tp": 817,
        "fp": 453,
        "fn": 317,
        "f1": 0.6797004991680532,
        "precision": 0.6433070866141732,
        "recall": 0.7204585537918872
    },
    "LaterHoldingShares": {
        "tp": 56,
        "fp": 128,
        "fn": 365,
        "f1": 0.18512396694214875,
        "precision": 0.30434782608695654,
        "recall": 0.1330166270783848
    },
    "AveragePrice": {
        "tp": 182,
        "fp": 34,
        "fn": 27,
        "f1": 0.8564705882352942,
        "precision": 0.8425925925925926,
        "recall": 0.8708133971291866
    },
    "Pledger": {
        "tp": 0,
        "fp": 0,
        "fn": 0,
        "f1": 0,
        "precision": 0,
        "recall": 0
    },
    "PledgedShares": {
        "tp": 1863,
        "fp": 683,
        "fn": 1008,
        "f1": 0.6878345947941664,
        "precision": 0.7317360565593087,
        "recall": 0.6489028213166145
    },
    "Pledgee": {
        "tp": 1918,
        "fp": 135,
        "fn": 214,
        "f1": 0.9166069295101553,
        "precision": 0.934242571846079,
        "recall": 0.899624765478424
    },
    "TotalPledgedShares": {
        "tp": 1053,
        "fp": 348,
        "fn": 317,
        "f1": 0.7600144352219416,
        "precision": 0.7516059957173448,
        "recall": 0.7686131386861313
    },
    "ReleasedDate": {
        "tp": 408,
        "fp": 262,
        "fn": 353,
        "f1": 0.570230607966457,
        "precision": 0.608955223880597,
        "recall": 0.5361366622864652
    },
    "StockCode": {
        "tp": 3217,
        "fp": 19,
        "fn": 31,
        "f1": 0.9922887106724244,
        "precision": 0.9941285537700866,
        "recall": 0.9904556650246306
    },
    "StockAbbr": {
        "tp": 4000,
        "fp": 690,
        "fn": 1095,
        "f1": 0.8175779253960144,
        "precision": 0.8528784648187633,
        "recall": 0.7850834151128557
    },
    "precision": 0.8151534944480732,
    "recall": 0.8322399250234301,
    "micro_f1": 0.8236081012387296,
    "macro_f1": 0.6701334501103099
}