{
    "EquityHolder": {
        "tp": 8720,
        "fp": 2032,
        "fn": 893,
        "f1": 0.8563712251411737,
        "precision": 0.8110119047619048,
        "recall": 0.9071049620305836
    },
    "FrozeShares": {
        "tp": 0,
        "fp": 0,
        "fn": 298,
        "f1": 0,
        "precision": 0,
        "recall": 0
    },
    "LegalInstitution": {
        "tp": 447,
        "fp": 59,
        "fn": 55,
        "f1": 0.8869047619047619,
        "precision": 0.883399209486166,
        "recall": 0.8904382470119522
    },
    "TotalHoldingShares": {
        "tp": 1835,
        "fp": 798,
        "fn": 324,
        "f1": 0.7658597662771285,
        "precision": 0.6969236612229396,
        "recall": 0.8499305233904585
    },
    "TotalHoldingRatio": {
        "tp": 1429,
        "fp": 395,
        "fn": 296,
        "f1": 0.8052972668357283,
        "precision": 0.7834429824561403,
        "recall": 0.8284057971014492
    },
    "StartDate": {
        "tp": 4032,
        "fp": 1807,
        "fn": 999,
        "f1": 0.7418583256669733,
        "precision": 0.6905292002055147,
        "recall": 0.8014311270125224
    },
    "EndDate": {
        "tp": 983,
        "fp": 392,
        "fn": 527,
        "f1": 0.6814558058925476,
        "precision": 0.7149090909090909,
        "recall": 0.6509933774834437
    },
    "UnfrozeDate": {
        "tp": 0,
        "fp": 0,
        "fn": 18,
        "f1": 0,
        "precision": 0,
        "recall": 0
    },
    "CompanyName": {
        "tp": 9925,
        "fp": 293,
        "fn": 157,
        "f1": 0.9778325123152709,
        "precision": 0.9713251125464866,
        "recall": 0.9844276929180719
    },
    "HighestTradingPrice": {
        "tp": 1366,
        "fp": 1244,
        "fn": 258,
        "f1": 0.6452527161076996,
        "precision": 0.5233716475095785,
        "recall": 0.8411330049261084
    },
    "LowestTradingPrice": {
        "tp": 0,
        "fp": 2,
        "fn": 1040,
        "f1": 0,
        "precision": 0,
        "recall": 0
    },
    "RepurchasedShares": {
        "tp": 1089,
        "fp": 182,
        "fn": 478,
        "f1": 0.7674418604651163,
        "precision": 0.8568056648308419,
        "recall": 0.6949585194639438
    },
    "ClosingDate": {
        "tp": 773,
        "fp": 286,
        "fn": 875,
        "f1": 0.5711119320280754,
        "precision": 0.7299338999055713,
        "recall": 0.4690533980582524
    },
    "RepurchaseAmount": {
        "tp": 853,
        "fp": 125,
        "fn": 573,
        "f1": 0.7096505823627288,
        "precision": 0.8721881390593047,
        "recall": 0.5981767180925667
    },
    "TradedShares": {
        "tp": 797,
        "fp": 250,
        "fn": 337,
        "f1": 0.7308574048601558,
        "precision": 0.7612225405921681,
        "recall": 0.7028218694885362
    },
    "LaterHoldingShares": {
        "tp": 26,
        "fp": 58,
        "fn": 395,
        "f1": 0.10297029702970296,
        "precision": 0.30952380952380953,
        "recall": 0.06175771971496437
    },
    "AveragePrice": {
        "tp": 187,
        "fp": 37,
        "fn": 22,
        "f1": 0.8637413394919169,
        "precision": 0.8348214285714286,
        "recall": 0.8947368421052632
    },
    "Pledger": {
        "tp": 0,
        "fp": 0,
        "fn": 0,
        "f1": 0,
        "precision": 0,
        "recall": 0
    },
    "PledgedShares": {
        "tp": 2506,
        "fp": 941,
        "fn": 365,
        "f1": 0.7932890155112378,
        "precision": 0.7270089933275312,
        "recall": 0.8728665970045281
    },
    "Pledgee": {
        "tp": 2033,
        "fp": 285,
        "fn": 99,
        "f1": 0.9137078651685393,
        "precision": 0.8770491803278688,
        "recall": 0.9535647279549718
    },
    "TotalPledgedShares": {
        "tp": 1120,
        "fp": 331,
        "fn": 250,
        "f1": 0.794044665012407,
        "precision": 0.771881461061337,
        "recall": 0.8175182481751825
    },
    "ReleasedDate": {
        "tp": 384,
        "fp": 246,
        "fn": 377,
        "f1": 0.5521207764198418,
        "precision": 0.6095238095238096,
        "recall": 0.5045992115637319
    },
    "StockCode": {
        "tp": 3188,
        "fp": 46,
        "fn": 60,
        "f1": 0.9836470225239123,
        "precision": 0.9857761286332715,
        "recall": 0.9815270935960592
    },
    "StockAbbr": {
        "tp": 4106,
        "fp": 880,
        "fn": 989,
        "f1": 0.8146017260192441,
        "precision": 0.8235058162855997,
        "recall": 0.8058881256133464
    },
    "precision": 0.8107739696926781,
    "recall": 0.8254451733833177,
    "micro_f1": 0.8180437966634516,
    "macro_f1": 0.6232507027930901
}