{
    "EquityHolder": {
        "tp": 8269,
        "fp": 1567,
        "fn": 1344,
        "f1": 0.8503264949354722,
        "precision": 0.840687271248475,
        "recall": 0.8601893269530844
    },
    "FrozeShares": {
        "tp": 86,
        "fp": 96,
        "fn": 212,
        "f1": 0.35833333333333334,
        "precision": 0.4725274725274725,
        "recall": 0.28859060402684567
    },
    "LegalInstitution": {
        "tp": 459,
        "fp": 67,
        "fn": 43,
        "f1": 0.8929961089494163,
        "precision": 0.8726235741444867,
        "recall": 0.9143426294820717
    },
    "TotalHoldingShares": {
        "tp": 1770,
        "fp": 617,
        "fn": 389,
        "f1": 0.7787065552133744,
        "precision": 0.7415165479681609,
        "recall": 0.8198239925891616
    },
    "TotalHoldingRatio": {
        "tp": 1418,
        "fp": 303,
        "fn": 307,
        "f1": 0.8229831688914683,
        "precision": 0.8239395700174317,
        "recall": 0.8220289855072463
    },
    "StartDate": {
        "tp": 3891,
        "fp": 1690,
        "fn": 1140,
        "f1": 0.7333207689408217,
        "precision": 0.697186884070955,
        "recall": 0.7734048896839595
    },
    "EndDate": {
        "tp": 672,
        "fp": 265,
        "fn": 838,
        "f1": 0.5492439722108704,
        "precision": 0.7171824973319103,
        "recall": 0.44503311258278144
    },
    "UnfrozeDate": {
        "tp": 2,
        "fp": 9,
        "fn": 16,
        "f1": 0.13793103448275862,
        "precision": 0.18181818181818182,
        "recall": 0.1111111111111111
    },
    "CompanyName": {
        "tp": 9508,
        "fp": 307,
        "fn": 574,
        "f1": 0.9557219681358999,
        "precision": 0.9687213448802853,
        "recall": 0.9430668518151161
    },
    "HighestTradingPrice": {
        "tp": 1500,
        "fp": 308,
        "fn": 124,
        "f1": 0.8741258741258741,
        "precision": 0.8296460176991151,
        "recall": 0.9236453201970444
    },
    "LowestTradingPrice": {
        "tp": 904,
        "fp": 85,
        "fn": 136,
        "f1": 0.8910793494332183,
        "precision": 0.9140546006066734,
        "recall": 0.8692307692307693
    },
    "RepurchasedShares": {
        "tp": 1469,
        "fp": 216,
        "fn": 98,
        "f1": 0.9034440344403445,
        "precision": 0.8718100890207715,
        "recall": 0.9374601148691768
    },
    "ClosingDate": {
        "tp": 1038,
        "fp": 579,
        "fn": 610,
        "f1": 0.63583460949464,
        "precision": 0.6419294990723562,
        "recall": 0.6298543689320388
    },
    "RepurchaseAmount": {
        "tp": 1277,
        "fp": 303,
        "fn": 149,
        "f1": 0.8496340652029274,
        "precision": 0.8082278481012658,
        "recall": 0.8955119214586256
    },
    "TradedShares": {
        "tp": 852,
        "fp": 310,
        "fn": 282,
        "f1": 0.7421602787456446,
        "precision": 0.7332185886402753,
        "recall": 0.7513227513227513
    },
    "LaterHoldingShares": {
        "tp": 106,
        "fp": 157,
        "fn": 315,
        "f1": 0.30994152046783624,
        "precision": 0.40304182509505704,
        "recall": 0.2517814726840855
    },
    "AveragePrice": {
        "tp": 193,
        "fp": 40,
        "fn": 16,
        "f1": 0.8733031674208145,
        "precision": 0.8283261802575107,
        "recall": 0.9234449760765551
    },
    "Pledger": {
        "tp": 0,
        "fp": 0,
        "fn": 0,
        "f1": 0,
        "precision": 0,
        "recall": 0
    },
    "PledgedShares": {
        "tp": 2243,
        "fp": 738,
        "fn": 628,
        "f1": 0.7665755297334245,
        "precision": 0.7524320697752432,
        "recall": 0.7812608847091606
    },
    "Pledgee": {
        "tp": 1888,
        "fp": 144,
        "fn": 244,
        "f1": 0.9068203650336215,
        "precision": 0.9291338582677166,
        "recall": 0.8855534709193246
    },
    "TotalPledgedShares": {
        "tp": 1157,
        "fp": 381,
        "fn": 213,
        "f1": 0.7957359009628611,
        "precision": 0.7522756827048115,
        "recall": 0.8445255474452554
    },
    "ReleasedDate": {
        "tp": 492,
        "fp": 581,
        "fn": 269,
        "f1": 0.5365321701199565,
        "precision": 0.45852749301025164,
        "recall": 0.6465177398160316
    },
    "StockCode": {
        "tp": 3219,
        "fp": 18,
        "fn": 29,
        "f1": 0.9927525057825751,
        "precision": 0.9944392956441149,
        "recall": 0.9910714285714286
    },
    "StockAbbr": {
        "tp": 4076,
        "fp": 668,
        "fn": 1019,
        "f1": 0.8285394857200936,
        "precision": 0.8591905564924115,
        "recall": 0.8
    },
    "precision": 0.831080839500876,
    "recall": 0.8378811909739745,
    "micro_f1": 0.834467160883847,
    "macro_f1": 0.7077517609073851
}