{
    "EquityHolder": {
        "tp": 8452,
        "fp": 2168,
        "fn": 1161,
        "f1": 0.8354668116443434,
        "precision": 0.7958568738229755,
        "recall": 0.8792260480599189
    },
    "FrozeShares": {
        "tp": 73,
        "fp": 68,
        "fn": 225,
        "f1": 0.33257403189066054,
        "precision": 0.5177304964539007,
        "recall": 0.24496644295302014
    },
    "LegalInstitution": {
        "tp": 445,
        "fp": 62,
        "fn": 57,
        "f1": 0.8820614469772052,
        "precision": 0.8777120315581854,
        "recall": 0.8864541832669323
    },
    "TotalHoldingShares": {
        "tp": 1694,
        "fp": 433,
        "fn": 465,
        "f1": 0.7904806346243584,
        "precision": 0.7964268923366243,
        "recall": 0.7846225104214914
    },
    "TotalHoldingRatio": {
        "tp": 1427,
        "fp": 279,
        "fn": 298,
        "f1": 0.8318274555523172,
        "precision": 0.8364595545134819,
        "recall": 0.8272463768115942
    },
    "StartDate": {
        "tp": 3692,
        "fp": 1229,
        "fn": 1339,
        "f1": 0.7419614147909969,
        "precision": 0.7502540134119081,
        "recall": 0.7338501291989664
    },
    "EndDate": {
        "tp": 936,
        "fp": 396,
        "fn": 574,
        "f1": 0.6586910626319493,
        "precision": 0.7027027027027027,
        "recall": 0.6198675496688741
    },
    "UnfrozeDate": {
        "tp": 5,
        "fp": 8,
        "fn": 13,
        "f1": 0.3225806451612903,
        "precision": 0.38461538461538464,
        "recall": 0.2777777777777778
    },
    "CompanyName": {
        "tp": 9559,
        "fp": 215,
        "fn": 523,
        "f1": 0.962832393231265,
        "precision": 0.9780028647431962,
        "recall": 0.9481253719500099
    },
    "HighestTradingPrice": {
        "tp": 1481,
        "fp": 318,
        "fn": 143,
        "f1": 0.8653228162430615,
        "precision": 0.8232351306281267,
        "recall": 0.9119458128078818
    },
    "LowestTradingPrice": {
        "tp": 887,
        "fp": 53,
        "fn": 153,
        "f1": 0.8959595959595961,
        "precision": 0.9436170212765957,
        "recall": 0.8528846153846154
    },
    "RepurchasedShares": {
        "tp": 1416,
        "fp": 165,
        "fn": 151,
        "f1": 0.8996188055908513,
        "precision": 0.8956356736242884,
        "recall": 0.9036375239310785
    },
    "ClosingDate": {
        "tp": 930,
        "fp": 312,
        "fn": 718,
        "f1": 0.6435986159169551,
        "precision": 0.748792270531401,
        "recall": 0.5643203883495146
    },
    "RepurchaseAmount": {
        "tp": 1149,
        "fp": 306,
        "fn": 277,
        "f1": 0.7976397084345713,
        "precision": 0.7896907216494845,
        "recall": 0.8057503506311361
    },
    "TradedShares": {
        "tp": 782,
        "fp": 306,
        "fn": 352,
        "f1": 0.703870387038704,
        "precision": 0.71875,
        "recall": 0.689594356261023
    },
    "LaterHoldingShares": {
        "tp": 68,
        "fp": 158,
        "fn": 353,
        "f1": 0.2102009273570325,
        "precision": 0.3008849557522124,
        "recall": 0.16152019002375298
    },
    "AveragePrice": {
        "tp": 195,
        "fp": 40,
        "fn": 14,
        "f1": 0.8783783783783783,
        "precision": 0.8297872340425532,
        "recall": 0.9330143540669856
    },
    "Pledger": {
        "tp": 0,
        "fp": 0,
        "fn": 0,
        "f1": 0,
        "precision": 0,
        "recall": 0
    },
    "PledgedShares": {
        "tp": 2312,
        "fp": 808,
        "fn": 559,
        "f1": 0.7718244032715741,
        "precision": 0.7410256410256411,
        "recall": 0.8052943225357019
    },
    "Pledgee": {
        "tp": 1983,
        "fp": 170,
        "fn": 149,
        "f1": 0.9255542590431739,
        "precision": 0.9210404087320019,
        "recall": 0.9301125703564728
    },
    "TotalPledgedShares": {
        "tp": 1005,
        "fp": 297,
        "fn": 365,
        "f1": 0.752245508982036,
        "precision": 0.771889400921659,
        "recall": 0.7335766423357665
    },
    "ReleasedDate": {
        "tp": 425,
        "fp": 308,
        "fn": 336,
        "f1": 0.5689424364123159,
        "precision": 0.5798090040927695,
        "recall": 0.5584756898817346
    },
    "StockCode": {
        "tp": 3222,
        "fp": 22,
        "fn": 26,
        "f1": 0.9926062846580407,
        "precision": 0.9932182490752158,
        "recall": 0.9919950738916257
    },
    "StockAbbr": {
        "tp": 4039,
        "fp": 619,
        "fn": 1056,
        "f1": 0.8282579719060802,
        "precision": 0.8671103477887505,
        "recall": 0.7927379784102061
    },
    "precision": 0.8408507383870204,
    "recall": 0.8322579482373297,
    "micro_f1": 0.836532277787339,
    "macro_f1": 0.7121873331540316
}