{
    "EquityHolder": {
        "tp": 8427,
        "fp": 1569,
        "fn": 1186,
        "f1": 0.8595032893059309,
        "precision": 0.8430372148859544,
        "recall": 0.8766254030999688
    },
    "FrozeShares": {
        "tp": 128,
        "fp": 152,
        "fn": 170,
        "f1": 0.4429065743944637,
        "precision": 0.45714285714285713,
        "recall": 0.42953020134228187
    },
    "LegalInstitution": {
        "tp": 449,
        "fp": 63,
        "fn": 53,
        "f1": 0.8856015779092702,
        "precision": 0.876953125,
        "recall": 0.8944223107569721
    },
    "TotalHoldingShares": {
        "tp": 1645,
        "fp": 369,
        "fn": 514,
        "f1": 0.7884016295231248,
        "precision": 0.8167825223435948,
        "recall": 0.761926817971283
    },
    "TotalHoldingRatio": {
        "tp": 1389,
        "fp": 190,
        "fn": 336,
        "f1": 0.8407990314769975,
        "precision": 0.8796706776440786,
        "recall": 0.8052173913043478
    },
    "StartDate": {
        "tp": 3696,
        "fp": 1109,
        "fn": 1335,
        "f1": 0.7515250101667343,
        "precision": 0.7691987513007285,
        "recall": 0.7346451997614788
    },
    "EndDate": {
        "tp": 874,
        "fp": 328,
        "fn": 636,
        "f1": 0.644542772861357,
        "precision": 0.7271214642262895,
        "recall": 0.5788079470198676
    },
    "UnfrozeDate": {
        "tp": 6,
        "fp": 8,
        "fn": 12,
        "f1": 0.375,
        "precision": 0.42857142857142855,
        "recall": 0.3333333333333333
    },
    "CompanyName": {
        "tp": 9623,
        "fp": 253,
        "fn": 459,
        "f1": 0.9643250826736146,
        "precision": 0.9743823410287565,
        "recall": 0.9544733187859552
    },
    "HighestTradingPrice": {
        "tp": 1439,
        "fp": 274,
        "fn": 185,
        "f1": 0.8624513035660774,
        "precision": 0.8400467016929364,
        "recall": 0.8860837438423645
    },
    "LowestTradingPrice": {
        "tp": 902,
        "fp": 113,
        "fn": 138,
        "f1": 0.877858880778589,
        "precision": 0.8886699507389163,
        "recall": 0.8673076923076923
    },
    "RepurchasedShares": {
        "tp": 1391,
        "fp": 191,
        "fn": 176,
        "f1": 0.8834550651000318,
        "precision": 0.8792667509481669,
        "recall": 0.8876834716017868
    },
    "ClosingDate": {
        "tp": 902,
        "fp": 359,
        "fn": 746,
        "f1": 0.6201443795118597,
        "precision": 0.7153053132434576,
        "recall": 0.5473300970873787
    },
    "RepurchaseAmount": {
        "tp": 1156,
        "fp": 242,
        "fn": 270,
        "f1": 0.8186968838526911,
        "precision": 0.82689556509299,
        "recall": 0.8106591865357644
    },
    "TradedShares": {
        "tp": 848,
        "fp": 334,
        "fn": 286,
        "f1": 0.7322970639032814,
        "precision": 0.7174280879864636,
        "recall": 0.7477954144620811
    },
    "LaterHoldingShares": {
        "tp": 114,
        "fp": 192,
        "fn": 307,
        "f1": 0.31361760660247595,
        "precision": 0.37254901960784315,
        "recall": 0.27078384798099764
    },
    "AveragePrice": {
        "tp": 196,
        "fp": 35,
        "fn": 13,
        "f1": 0.8909090909090909,
        "precision": 0.8484848484848485,
        "recall": 0.937799043062201
    },
    "Pledger": {
        "tp": 0,
        "fp": 0,
        "fn": 0,
        "f1": 0,
        "precision": 0,
        "recall": 0
    },
    "PledgedShares": {
        "tp": 2362,
        "fp": 919,
        "fn": 509,
        "f1": 0.7678803641092328,
        "precision": 0.7199024687595246,
        "recall": 0.8227098571926158
    },
    "Pledgee": {
        "tp": 1936,
        "fp": 116,
        "fn": 196,
        "f1": 0.9254302103250477,
        "precision": 0.9434697855750487,
        "recall": 0.9080675422138836
    },
    "TotalPledgedShares": {
        "tp": 787,
        "fp": 190,
        "fn": 583,
        "f1": 0.6706433745206646,
        "precision": 0.8055271238485159,
        "recall": 0.5744525547445255
    },
    "ReleasedDate": {
        "tp": 399,
        "fp": 232,
        "fn": 362,
        "f1": 0.5732758620689655,
        "precision": 0.6323296354992076,
        "recall": 0.5243101182654402
    },
    "StockCode": {
        "tp": 3215,
        "fp": 20,
        "fn": 33,
        "f1": 0.9918247724818757,
        "precision": 0.9938176197836167,
        "recall": 0.9898399014778325
    },
    "StockAbbr": {
        "tp": 4031,
        "fp": 728,
        "fn": 1064,
        "f1": 0.8181449157702457,
        "precision": 0.84702668627863,
        "recall": 0.7911678115799804
    },
    "precision": 0.8518394834975233,
    "recall": 0.82753586619566,
    "micro_f1": 0.8395118160625314,
    "macro_f1": 0.7208014475754844
}