{
    "EquityHolder": {
        "tp": 8431,
        "fp": 1636,
        "fn": 1182,
        "f1": 0.8568089430894309,
        "precision": 0.8374888248733485,
        "recall": 0.8770415062935608
    },
    "FrozeShares": {
        "tp": 66,
        "fp": 105,
        "fn": 232,
        "f1": 0.2814498933901919,
        "precision": 0.38596491228070173,
        "recall": 0.2214765100671141
    },
    "LegalInstitution": {
        "tp": 446,
        "fp": 49,
        "fn": 56,
        "f1": 0.8946840521564694,
        "precision": 0.901010101010101,
        "recall": 0.8884462151394422
    },
    "TotalHoldingShares": {
        "tp": 1796,
        "fp": 542,
        "fn": 363,
        "f1": 0.7987547253724706,
        "precision": 0.7681779298545766,
        "recall": 0.8318666049096805
    },
    "TotalHoldingRatio": {
        "tp": 1516,
        "fp": 460,
        "fn": 209,
        "f1": 0.8192380437719535,
        "precision": 0.7672064777327935,
        "recall": 0.878840579710145
    },
    "StartDate": {
        "tp": 3554,
        "fp": 1066,
        "fn": 1477,
        "f1": 0.7365039892239147,
        "precision": 0.7692640692640693,
        "recall": 0.7064201947922878
    },
    "EndDate": {
        "tp": 868,
        "fp": 370,
        "fn": 642,
        "f1": 0.6317321688500728,
        "precision": 0.7011308562197092,
        "recall": 0.5748344370860927
    },
    "UnfrozeDate": {
        "tp": 7,
        "fp": 21,
        "fn": 11,
        "f1": 0.30434782608695654,
        "precision": 0.25,
        "recall": 0.3888888888888889
    },
    "CompanyName": {
        "tp": 9582,
        "fp": 283,
        "fn": 500,
        "f1": 0.9607459768386223,
        "precision": 0.9713127217435378,
        "recall": 0.9504066653441777
    },
    "HighestTradingPrice": {
        "tp": 1412,
        "fp": 285,
        "fn": 212,
        "f1": 0.8503462812405903,
        "precision": 0.8320565704183854,
        "recall": 0.8694581280788177
    },
    "LowestTradingPrice": {
        "tp": 950,
        "fp": 115,
        "fn": 90,
        "f1": 0.9026128266033254,
        "precision": 0.892018779342723,
        "recall": 0.9134615384615384
    },
    "RepurchasedShares": {
        "tp": 1487,
        "fp": 220,
        "fn": 80,
        "f1": 0.9083689676237019,
        "precision": 0.8711189220855302,
        "recall": 0.9489470325462668
    },
    "ClosingDate": {
        "tp": 1003,
        "fp": 456,
        "fn": 645,
        "f1": 0.6456388799485033,
        "precision": 0.6874571624400274,
        "recall": 0.6086165048543689
    },
    "RepurchaseAmount": {
        "tp": 1219,
        "fp": 253,
        "fn": 207,
        "f1": 0.8412698412698412,
        "precision": 0.828125,
        "recall": 0.8548387096774194
    },
    "TradedShares": {
        "tp": 872,
        "fp": 358,
        "fn": 262,
        "f1": 0.7377326565143824,
        "precision": 0.7089430894308943,
        "recall": 0.7689594356261023
    },
    "LaterHoldingShares": {
        "tp": 118,
        "fp": 200,
        "fn": 303,
        "f1": 0.3193504736129905,
        "precision": 0.3710691823899371,
        "recall": 0.28028503562945367
    },
    "AveragePrice": {
        "tp": 187,
        "fp": 32,
        "fn": 22,
        "f1": 0.8738317757009345,
        "precision": 0.8538812785388128,
        "recall": 0.8947368421052632
    },
    "Pledger": {
        "tp": 0,
        "fp": 0,
        "fn": 0,
        "f1": 0,
        "precision": 0,
        "recall": 0
    },
    "PledgedShares": {
        "tp": 2177,
        "fp": 799,
        "fn": 694,
        "f1": 0.7446553788267488,
        "precision": 0.7315188172043011,
        "recall": 0.7582723789620341
    },
    "Pledgee": {
        "tp": 2002,
        "fp": 162,
        "fn": 130,
        "f1": 0.9320297951582868,
        "precision": 0.9251386321626618,
        "recall": 0.9390243902439024
    },
    "TotalPledgedShares": {
        "tp": 1041,
        "fp": 320,
        "fn": 329,
        "f1": 0.7623581105822043,
        "precision": 0.7648787656135194,
        "recall": 0.7598540145985402
    },
    "ReleasedDate": {
        "tp": 494,
        "fp": 617,
        "fn": 267,
        "f1": 0.5277777777777778,
        "precision": 0.4446444644464446,
        "recall": 0.6491458607095927
    },
    "StockCode": {
        "tp": 3218,
        "fp": 22,
        "fn": 30,
        "f1": 0.9919852034525277,
        "precision": 0.9932098765432099,
        "recall": 0.9907635467980296
    },
    "StockAbbr": {
        "tp": 4158,
        "fp": 479,
        "fn": 937,
        "f1": 0.8545006165228113,
        "precision": 0.8967004528790166,
        "recall": 0.8160942100098135
    },
    "precision": 0.8404082663108162,
    "recall": 0.8399538605724173,
    "micro_f1": 0.8401810020011179,
    "macro_f1": 0.7156968418172797
}