{
    "EquityHolder": {
        "tp": 8206,
        "fp": 1453,
        "fn": 1407,
        "f1": 0.8515981735159818,
        "precision": 0.8495703488974014,
        "recall": 0.8536357016540101
    },
    "FrozeShares": {
        "tp": 88,
        "fp": 120,
        "fn": 210,
        "f1": 0.34782608695652173,
        "precision": 0.4230769230769231,
        "recall": 0.2953020134228188
    },
    "LegalInstitution": {
        "tp": 453,
        "fp": 79,
        "fn": 49,
        "f1": 0.8762088974854931,
        "precision": 0.8515037593984962,
        "recall": 0.9023904382470119
    },
    "TotalHoldingShares": {
        "tp": 1729,
        "fp": 414,
        "fn": 430,
        "f1": 0.803812180381218,
        "precision": 0.8068128791413905,
        "recall": 0.8008337193144974
    },
    "TotalHoldingRatio": {
        "tp": 1405,
        "fp": 420,
        "fn": 320,
        "f1": 0.7915492957746478,
        "precision": 0.7698630136986301,
        "recall": 0.8144927536231884
    },
    "StartDate": {
        "tp": 3583,
        "fp": 1064,
        "fn": 1448,
        "f1": 0.7404422401322588,
        "precision": 0.7710350763933721,
        "recall": 0.7121844563705029
    },
    "EndDate": {
        "tp": 1029,
        "fp": 523,
        "fn": 481,
        "f1": 0.6721097322011756,
        "precision": 0.6630154639175257,
        "recall": 0.6814569536423841
    },
    "UnfrozeDate": {
        "tp": 0,
        "fp": 0,
        "fn": 18,
        "f1": 0,
        "precision": 0,
        "recall": 0
    },
    "CompanyName": {
        "tp": 9573,
        "fp": 260,
        "fn": 509,
        "f1": 0.9613858900326385,
        "precision": 0.973558425709346,
        "recall": 0.9495139853203729
    },
    "HighestTradingPrice": {
        "tp": 1494,
        "fp": 670,
        "fn": 130,
        "f1": 0.788806758183738,
        "precision": 0.6903881700554528,
        "recall": 0.9199507389162561
    },
    "LowestTradingPrice": {
        "tp": 509,
        "fp": 21,
        "fn": 531,
        "f1": 0.648407643312102,
        "precision": 0.960377358490566,
        "recall": 0.4894230769230769
    },
    "RepurchasedShares": {
        "tp": 1437,
        "fp": 198,
        "fn": 130,
        "f1": 0.8975640224859462,
        "precision": 0.8788990825688073,
        "recall": 0.9170389278876835
    },
    "ClosingDate": {
        "tp": 1126,
        "fp": 570,
        "fn": 522,
        "f1": 0.673444976076555,
        "precision": 0.6639150943396226,
        "recall": 0.683252427184466
    },
    "RepurchaseAmount": {
        "tp": 1145,
        "fp": 346,
        "fn": 281,
        "f1": 0.7850531367843675,
        "precision": 0.7679409792085848,
        "recall": 0.802945301542777
    },
    "TradedShares": {
        "tp": 886,
        "fp": 422,
        "fn": 248,
        "f1": 0.7256347256347256,
        "precision": 0.6773700305810397,
        "recall": 0.781305114638448
    },
    "LaterHoldingShares": {
        "tp": 156,
        "fp": 319,
        "fn": 265,
        "f1": 0.3482142857142857,
        "precision": 0.32842105263157895,
        "recall": 0.37054631828978624
    },
    "AveragePrice": {
        "tp": 197,
        "fp": 42,
        "fn": 12,
        "f1": 0.8794642857142857,
        "precision": 0.8242677824267782,
        "recall": 0.9425837320574163
    },
    "Pledger": {
        "tp": 0,
        "fp": 0,
        "fn": 0,
        "f1": 0,
        "precision": 0,
        "recall": 0
    },
    "PledgedShares": {
        "tp": 2308,
        "fp": 872,
        "fn": 563,
        "f1": 0.76284911584862,
        "precision": 0.7257861635220125,
        "recall": 0.8039010797631487
    },
    "Pledgee": {
        "tp": 1965,
        "fp": 158,
        "fn": 167,
        "f1": 0.9236192714453584,
        "precision": 0.9255770136599152,
        "recall": 0.9216697936210131
    },
    "TotalPledgedShares": {
        "tp": 1076,
        "fp": 255,
        "fn": 294,
        "f1": 0.796741947426879,
        "precision": 0.8084147257700977,
        "recall": 0.7854014598540145
    },
    "ReleasedDate": {
        "tp": 477,
        "fp": 517,
        "fn": 284,
        "f1": 0.5435897435897435,
        "precision": 0.4798792756539235,
        "recall": 0.6268068331143233
    },
    "StockCode": {
        "tp": 3205,
        "fp": 42,
        "fn": 43,
        "f1": 0.9869130100076982,
        "precision": 0.9870649830612873,
        "recall": 0.9867610837438424
    },
    "StockAbbr": {
        "tp": 4177,
        "fp": 595,
        "fn": 918,
        "f1": 0.8466605857910207,
        "precision": 0.875314333612741,
        "recall": 0.8198233562315996
    },
    "precision": 0.8316062176165803,
    "recall": 0.8331050392906063,
    "micro_f1": 0.832354953722044,
    "macro_f1": 0.6938290001873023
}