{
    "EquityHolder": {
        "tp": 7868,
        "fp": 1028,
        "fn": 1745,
        "f1": 0.8501809930304177,
        "precision": 0.8844424460431655,
        "recall": 0.8184749817954853
    },
    "FrozeShares": {
        "tp": 98,
        "fp": 107,
        "fn": 200,
        "f1": 0.389662027833002,
        "precision": 0.47804878048780486,
        "recall": 0.3288590604026846
    },
    "LegalInstitution": {
        "tp": 432,
        "fp": 61,
        "fn": 70,
        "f1": 0.8683417085427136,
        "precision": 0.8762677484787018,
        "recall": 0.8605577689243028
    },
    "TotalHoldingShares": {
        "tp": 1609,
        "fp": 404,
        "fn": 550,
        "f1": 0.7713326941514861,
        "precision": 0.799304520615996,
        "recall": 0.7452524316813339
    },
    "TotalHoldingRatio": {
        "tp": 1402,
        "fp": 428,
        "fn": 323,
        "f1": 0.7887482419127989,
        "precision": 0.766120218579235,
        "recall": 0.8127536231884058
    },
    "StartDate": {
        "tp": 3927,
        "fp": 1501,
        "fn": 1104,
        "f1": 0.7509322114924945,
        "precision": 0.7234708916728076,
        "recall": 0.7805605247465712
    },
    "EndDate": {
        "tp": 1033,
        "fp": 709,
        "fn": 477,
        "f1": 0.6353013530135301,
        "precision": 0.5929965556831228,
        "recall": 0.6841059602649007
    },
    "UnfrozeDate": {
        "tp": 1,
        "fp": 0,
        "fn": 17,
        "f1": 0.10526315789473684,
        "precision": 1.0,
        "recall": 0.05555555555555555
    },
    "CompanyName": {
        "tp": 9217,
        "fp": 637,
        "fn": 865,
        "f1": 0.9246589085072232,
        "precision": 0.9353562005277045,
        "recall": 0.9142035310454275
    },
    "HighestTradingPrice": {
        "tp": 1444,
        "fp": 229,
        "fn": 180,
        "f1": 0.8759478313618442,
        "precision": 0.8631201434548715,
        "recall": 0.8891625615763546
    },
    "LowestTradingPrice": {
        "tp": 926,
        "fp": 116,
        "fn": 114,
        "f1": 0.8895292987512008,
        "precision": 0.8886756238003839,
        "recall": 0.8903846153846153
    },
    "RepurchasedShares": {
        "tp": 1042,
        "fp": 195,
        "fn": 525,
        "f1": 0.7432239657631955,
        "precision": 0.8423605497170574,
        "recall": 0.6649649010848756
    },
    "ClosingDate": {
        "tp": 529,
        "fp": 211,
        "fn": 1119,
        "f1": 0.4430485762144054,
        "precision": 0.7148648648648649,
        "recall": 0.32099514563106796
    },
    "RepurchaseAmount": {
        "tp": 1307,
        "fp": 399,
        "fn": 119,
        "f1": 0.834610472541507,
        "precision": 0.7661195779601406,
        "recall": 0.9165497896213184
    },
    "TradedShares": {
        "tp": 842,
        "fp": 324,
        "fn": 292,
        "f1": 0.7321739130434785,
        "precision": 0.7221269296740995,
        "recall": 0.7425044091710759
    },
    "LaterHoldingShares": {
        "tp": 129,
        "fp": 334,
        "fn": 292,
        "f1": 0.29185520361990946,
        "precision": 0.2786177105831533,
        "recall": 0.30641330166270786
    },
    "AveragePrice": {
        "tp": 202,
        "fp": 64,
        "fn": 7,
        "f1": 0.8505263157894738,
        "precision": 0.7593984962406015,
        "recall": 0.9665071770334929
    },
    "Pledger": {
        "tp": 0,
        "fp": 0,
        "fn": 0,
        "f1": 0,
        "precision": 0,
        "recall": 0
    },
    "PledgedShares": {
        "tp": 2353,
        "fp": 1065,
        "fn": 518,
        "f1": 0.7482906662426458,
        "precision": 0.6884142773551785,
        "recall": 0.8195750609543713
    },
    "Pledgee": {
        "tp": 1957,
        "fp": 168,
        "fn": 175,
        "f1": 0.9194268264035707,
        "precision": 0.9209411764705883,
        "recall": 0.9179174484052532
    },
    "TotalPledgedShares": {
        "tp": 1055,
        "fp": 387,
        "fn": 315,
        "f1": 0.7503556187766715,
        "precision": 0.731622746185853,
        "recall": 0.7700729927007299
    },
    "ReleasedDate": {
        "tp": 367,
        "fp": 243,
        "fn": 394,
        "f1": 0.5353756382202771,
        "precision": 0.601639344262295,
        "recall": 0.48226018396846254
    },
    "StockCode": {
        "tp": 3231,
        "fp": 27,
        "fn": 17,
        "f1": 0.9932370119889333,
        "precision": 0.9917127071823204,
        "recall": 0.9947660098522167
    },
    "StockAbbr": {
        "tp": 4191,
        "fp": 795,
        "fn": 904,
        "f1": 0.8314651324273385,
        "precision": 0.8405535499398316,
        "recall": 0.8225711481844946
    },
    "micro_f1": 0.8205454314213557,
    "macro_f1": 0.6884786569801188
}