{
    "EquityHolder": {
        "tp": 8512,
        "fp": 1427,
        "fn": 1101,
        "f1": 0.8707037643207854,
        "precision": 0.8564241875440185,
        "recall": 0.885467595963799
    },
    "FrozeShares": {
        "tp": 79,
        "fp": 65,
        "fn": 219,
        "f1": 0.3574660633484163,
        "precision": 0.5486111111111112,
        "recall": 0.2651006711409396
    },
    "LegalInstitution": {
        "tp": 431,
        "fp": 66,
        "fn": 71,
        "f1": 0.862862862862863,
        "precision": 0.8672032193158954,
        "recall": 0.8585657370517928
    },
    "TotalHoldingShares": {
        "tp": 1777,
        "fp": 648,
        "fn": 382,
        "f1": 0.775305410122164,
        "precision": 0.7327835051546392,
        "recall": 0.8230662343677628
    },
    "TotalHoldingRatio": {
        "tp": 1449,
        "fp": 425,
        "fn": 276,
        "f1": 0.8052236732425674,
        "precision": 0.7732123799359658,
        "recall": 0.84
    },
    "StartDate": {
        "tp": 3649,
        "fp": 1225,
        "fn": 1382,
        "f1": 0.7367995961635538,
        "precision": 0.7486663931062782,
        "recall": 0.7253031206519579
    },
    "EndDate": {
        "tp": 1027,
        "fp": 439,
        "fn": 483,
        "f1": 0.6901881720430108,
        "precision": 0.7005457025920873,
        "recall": 0.6801324503311258
    },
    "UnfrozeDate": {
        "tp": 0,
        "fp": 3,
        "fn": 18,
        "f1": 0,
        "precision": 0,
        "recall": 0
    },
    "CompanyName": {
        "tp": 9216,
        "fp": 359,
        "fn": 866,
        "f1": 0.9376812331484967,
        "precision": 0.9625065274151436,
        "recall": 0.9141043443761159
    },
    "HighestTradingPrice": {
        "tp": 1422,
        "fp": 328,
        "fn": 202,
        "f1": 0.8429164196799052,
        "precision": 0.8125714285714286,
        "recall": 0.875615763546798
    },
    "LowestTradingPrice": {
        "tp": 937,
        "fp": 106,
        "fn": 103,
        "f1": 0.899663946231397,
        "precision": 0.8983700862895494,
        "recall": 0.9009615384615385
    },
    "RepurchasedShares": {
        "tp": 844,
        "fp": 284,
        "fn": 723,
        "f1": 0.6263450834879407,
        "precision": 0.74822695035461,
        "recall": 0.5386088066368858
    },
    "ClosingDate": {
        "tp": 797,
        "fp": 395,
        "fn": 851,
        "f1": 0.5612676056338028,
        "precision": 0.6686241610738255,
        "recall": 0.4836165048543689
    },
    "RepurchaseAmount": {
        "tp": 1134,
        "fp": 278,
        "fn": 292,
        "f1": 0.799154334038055,
        "precision": 0.8031161473087819,
        "recall": 0.7952314165497896
    },
    "TradedShares": {
        "tp": 820,
        "fp": 391,
        "fn": 314,
        "f1": 0.6993603411513859,
        "precision": 0.6771263418662262,
        "recall": 0.7231040564373897
    },
    "LaterHoldingShares": {
        "tp": 80,
        "fp": 193,
        "fn": 341,
        "f1": 0.23054755043227665,
        "precision": 0.29304029304029305,
        "recall": 0.19002375296912113
    },
    "AveragePrice": {
        "tp": 196,
        "fp": 46,
        "fn": 13,
        "f1": 0.8691796008869179,
        "precision": 0.8099173553719008,
        "recall": 0.937799043062201
    },
    "Pledger": {
        "tp": 0,
        "fp": 0,
        "fn": 0,
        "f1": 0,
        "precision": 0,
        "recall": 0
    },
    "PledgedShares": {
        "tp": 2410,
        "fp": 828,
        "fn": 461,
        "f1": 0.7889998363070879,
        "precision": 0.7442865966646078,
        "recall": 0.8394287704632533
    },
    "Pledgee": {
        "tp": 1986,
        "fp": 184,
        "fn": 146,
        "f1": 0.9232914923291493,
        "precision": 0.9152073732718894,
        "recall": 0.9315196998123827
    },
    "TotalPledgedShares": {
        "tp": 1091,
        "fp": 322,
        "fn": 279,
        "f1": 0.7840459935321596,
        "precision": 0.7721160651096957,
        "recall": 0.7963503649635036
    },
    "ReleasedDate": {
        "tp": 463,
        "fp": 400,
        "fn": 298,
        "f1": 0.5701970443349753,
        "precision": 0.5365005793742758,
        "recall": 0.6084099868593955
    },
    "StockCode": {
        "tp": 3236,
        "fp": 8,
        "fn": 12,
        "f1": 0.9969192852741836,
        "precision": 0.9975339087546239,
        "recall": 0.9963054187192119
    },
    "StockAbbr": {
        "tp": 3946,
        "fp": 660,
        "fn": 1149,
        "f1": 0.8135243789300072,
        "precision": 0.8567086409031698,
        "recall": 0.7744847890088322
    },
    "micro_f1": 0.8268130031072266,
    "macro_f1": 0.6850684869792124
}