{
    "EquityHolder": {
        "tp": 8230,
        "fp": 1098,
        "fn": 1383,
        "f1": 0.8690143075867166,
        "precision": 0.8822898799313894,
        "recall": 0.8561323208155622
    },
    "FrozeShares": {
        "tp": 147,
        "fp": 179,
        "fn": 151,
        "f1": 0.4711538461538462,
        "precision": 0.450920245398773,
        "recall": 0.49328859060402686
    },
    "LegalInstitution": {
        "tp": 440,
        "fp": 50,
        "fn": 62,
        "f1": 0.8870967741935485,
        "precision": 0.8979591836734694,
        "recall": 0.8764940239043825
    },
    "TotalHoldingShares": {
        "tp": 1615,
        "fp": 674,
        "fn": 544,
        "f1": 0.7261690647482015,
        "precision": 0.7055482743556138,
        "recall": 0.7480314960629921
    },
    "TotalHoldingRatio": {
        "tp": 1462,
        "fp": 583,
        "fn": 263,
        "f1": 0.7755968169761275,
        "precision": 0.7149144254278729,
        "recall": 0.847536231884058
    },
    "StartDate": {
        "tp": 3698,
        "fp": 1306,
        "fn": 1333,
        "f1": 0.7370204285002492,
        "precision": 0.7390087929656275,
        "recall": 0.7350427350427351
    },
    "EndDate": {
        "tp": 969,
        "fp": 427,
        "fn": 541,
        "f1": 0.6668960770818996,
        "precision": 0.6941260744985673,
        "recall": 0.6417218543046358
    },
    "UnfrozeDate": {
        "tp": 2,
        "fp": 6,
        "fn": 16,
        "f1": 0.15384615384615383,
        "precision": 0.25,
        "recall": 0.1111111111111111
    },
    "CompanyName": {
        "tp": 9488,
        "fp": 484,
        "fn": 594,
        "f1": 0.9462451381270569,
        "precision": 0.9514640994785399,
        "recall": 0.9410831184288831
    },
    "HighestTradingPrice": {
        "tp": 1450,
        "fp": 282,
        "fn": 174,
        "f1": 0.8641239570917759,
        "precision": 0.8371824480369515,
        "recall": 0.8928571428571429
    },
    "LowestTradingPrice": {
        "tp": 942,
        "fp": 113,
        "fn": 98,
        "f1": 0.8992840095465393,
        "precision": 0.8928909952606635,
        "recall": 0.9057692307692308
    },
    "RepurchasedShares": {
        "tp": 1452,
        "fp": 212,
        "fn": 115,
        "f1": 0.8987929433611884,
        "precision": 0.8725961538461539,
        "recall": 0.9266113592852585
    },
    "ClosingDate": {
        "tp": 1095,
        "fp": 441,
        "fn": 553,
        "f1": 0.6878140703517588,
        "precision": 0.712890625,
        "recall": 0.6644417475728155
    },
    "RepurchaseAmount": {
        "tp": 1220,
        "fp": 344,
        "fn": 206,
        "f1": 0.8160535117056856,
        "precision": 0.7800511508951407,
        "recall": 0.8555399719495091
    },
    "TradedShares": {
        "tp": 880,
        "fp": 399,
        "fn": 254,
        "f1": 0.7293825113966018,
        "precision": 0.6880375293197811,
        "recall": 0.7760141093474426
    },
    "LaterHoldingShares": {
        "tp": 98,
        "fp": 289,
        "fn": 323,
        "f1": 0.24257425742574257,
        "precision": 0.2532299741602067,
        "recall": 0.2327790973871734
    },
    "AveragePrice": {
        "tp": 202,
        "fp": 53,
        "fn": 7,
        "f1": 0.8706896551724137,
        "precision": 0.792156862745098,
        "recall": 0.9665071770334929
    },
    "Pledger": {
        "tp": 0,
        "fp": 0,
        "fn": 0,
        "f1": 0,
        "precision": 0,
        "recall": 0
    },
    "PledgedShares": {
        "tp": 2428,
        "fp": 1022,
        "fn": 443,
        "f1": 0.7682328745451668,
        "precision": 0.703768115942029,
        "recall": 0.8456983629397422
    },
    "Pledgee": {
        "tp": 2020,
        "fp": 259,
        "fn": 112,
        "f1": 0.9158920879619133,
        "precision": 0.88635366388767,
        "recall": 0.9474671669793621
    },
    "TotalPledgedShares": {
        "tp": 1178,
        "fp": 488,
        "fn": 192,
        "f1": 0.7760210803689065,
        "precision": 0.7070828331332533,
        "recall": 0.8598540145985402
    },
    "ReleasedDate": {
        "tp": 455,
        "fp": 437,
        "fn": 306,
        "f1": 0.5505142165759226,
        "precision": 0.5100896860986547,
        "recall": 0.5978975032851511
    },
    "StockCode": {
        "tp": 3237,
        "fp": 15,
        "fn": 11,
        "f1": 0.9960000000000001,
        "precision": 0.9953874538745388,
        "recall": 0.9966133004926109
    },
    "StockAbbr": {
        "tp": 4108,
        "fp": 546,
        "fn": 987,
        "f1": 0.8427531028823468,
        "precision": 0.88268156424581,
        "recall": 0.8062806673209029
    },
    "precision": 0.8282646002512252,
    "recall": 0.8437747819191118,
    "micro_f1": 0.8359477532654209,
    "macro_f1": 0.7121319535666569
}