{
    "EquityHolder": {
        "tp": 7518,
        "fp": 2000,
        "fn": 2095,
        "f1": 0.7859495060373216,
        "precision": 0.7898718218113049,
        "recall": 0.7820659523561844
    },
    "FrozeShares": {
        "tp": 0,
        "fp": 0,
        "fn": 298,
        "f1": 0,
        "precision": 0,
        "recall": 0
    },
    "LegalInstitution": {
        "tp": 337,
        "fp": 53,
        "fn": 165,
        "f1": 0.7556053811659194,
        "precision": 0.8641025641025641,
        "recall": 0.6713147410358565
    },
    "TotalHoldingShares": {
        "tp": 1656,
        "fp": 676,
        "fn": 503,
        "f1": 0.7374749498997997,
        "precision": 0.7101200686106347,
        "recall": 0.7670217693376563
    },
    "TotalHoldingRatio": {
        "tp": 1456,
        "fp": 530,
        "fn": 269,
        "f1": 0.7846941525195366,
        "precision": 0.7331319234642497,
        "recall": 0.8440579710144928
    },
    "StartDate": {
        "tp": 3632,
        "fp": 2686,
        "fn": 1399,
        "f1": 0.6400563926337123,
        "precision": 0.5748654637543527,
        "recall": 0.7219240707612801
    },
    "EndDate": {
        "tp": 850,
        "fp": 1051,
        "fn": 660,
        "f1": 0.49838756962767516,
        "precision": 0.4471330878485008,
        "recall": 0.5629139072847682
    },
    "UnfrozeDate": {
        "tp": 0,
        "fp": 0,
        "fn": 18,
        "f1": 0,
        "precision": 0,
        "recall": 0
    },
    "CompanyName": {
        "tp": 9367,
        "fp": 436,
        "fn": 715,
        "f1": 0.942117173749057,
        "precision": 0.9555238192390084,
        "recall": 0.9290815314421742
    },
    "HighestTradingPrice": {
        "tp": 904,
        "fp": 1259,
        "fn": 720,
        "f1": 0.47742276208080275,
        "precision": 0.41793804900601017,
        "recall": 0.5566502463054187
    },
    "LowestTradingPrice": {
        "tp": 0,
        "fp": 0,
        "fn": 1040,
        "f1": 0,
        "precision": 0,
        "recall": 0
    },
    "RepurchasedShares": {
        "tp": 634,
        "fp": 174,
        "fn": 933,
        "f1": 0.5338947368421052,
        "precision": 0.7846534653465347,
        "recall": 0.40459476707083597
    },
    "ClosingDate": {
        "tp": 0,
        "fp": 0,
        "fn": 1648,
        "f1": 0,
        "precision": 0,
        "recall": 0
    },
    "RepurchaseAmount": {
        "tp": 150,
        "fp": 136,
        "fn": 1276,
        "f1": 0.1752336448598131,
        "precision": 0.5244755244755245,
        "recall": 0.10518934081346423
    },
    "TradedShares": {
        "tp": 971,
        "fp": 1260,
        "fn": 163,
        "f1": 0.5771173848439822,
        "precision": 0.43523083818915287,
        "recall": 0.8562610229276896
    },
    "LaterHoldingShares": {
        "tp": 0,
        "fp": 2,
        "fn": 421,
        "f1": 0,
        "precision": 0,
        "recall": 0
    },
    "AveragePrice": {
        "tp": 187,
        "fp": 417,
        "fn": 22,
        "f1": 0.4600246002460025,
        "precision": 0.30960264900662254,
        "recall": 0.8947368421052632
    },
    "Pledger": {
        "tp": 0,
        "fp": 0,
        "fn": 0,
        "f1": 0,
        "precision": 0,
        "recall": 0
    },
    "PledgedShares": {
        "tp": 2587,
        "fp": 1123,
        "fn": 284,
        "f1": 0.7862027047561161,
        "precision": 0.6973045822102426,
        "recall": 0.9010797631487286
    },
    "Pledgee": {
        "tp": 1990,
        "fp": 282,
        "fn": 142,
        "f1": 0.9037238873751134,
        "precision": 0.8758802816901409,
        "recall": 0.9333958724202627
    },
    "TotalPledgedShares": {
        "tp": 1170,
        "fp": 489,
        "fn": 200,
        "f1": 0.7725321888412018,
        "precision": 0.705244122965642,
        "recall": 0.8540145985401459
    },
    "ReleasedDate": {
        "tp": 313,
        "fp": 653,
        "fn": 448,
        "f1": 0.362478286045165,
        "precision": 0.32401656314699795,
        "recall": 0.41130091984231276
    },
    "StockCode": {
        "tp": 3233,
        "fp": 17,
        "fn": 15,
        "f1": 0.99507540781779,
        "precision": 0.9947692307692307,
        "recall": 0.9953817733990148
    },
    "StockAbbr": {
        "tp": 3562,
        "fp": 489,
        "fn": 1533,
        "f1": 0.7789197463371965,
        "precision": 0.8792890644285362,
        "recall": 0.699116781157998
    },
    "precision": 0.7468571428571429,
    "recall": 0.7302465575661452,
    "micro_f1": 0.738458454079866,
    "macro_f1": 0.49862126981992955
}