{
    "EquityHolder": {
        "tp": 7425,
        "fp": 791,
        "fn": 2188,
        "f1": 0.8329126703685008,
        "precision": 0.9037244401168452,
        "recall": 0.77239155310517
    },
    "FrozeShares": {
        "tp": 21,
        "fp": 11,
        "fn": 277,
        "f1": 0.1272727272727273,
        "precision": 0.65625,
        "recall": 0.07046979865771812
    },
    "LegalInstitution": {
        "tp": 402,
        "fp": 61,
        "fn": 100,
        "f1": 0.833160621761658,
        "precision": 0.8682505399568035,
        "recall": 0.8007968127490039
    },
    "TotalHoldingShares": {
        "tp": 1776,
        "fp": 516,
        "fn": 383,
        "f1": 0.7980229161986071,
        "precision": 0.774869109947644,
        "recall": 0.8226030569708198
    },
    "TotalHoldingRatio": {
        "tp": 1416,
        "fp": 191,
        "fn": 309,
        "f1": 0.8499399759903961,
        "precision": 0.881144990665837,
        "recall": 0.8208695652173913
    },
    "StartDate": {
        "tp": 3406,
        "fp": 922,
        "fn": 1625,
        "f1": 0.727855540121808,
        "precision": 0.7869685767097967,
        "recall": 0.6770025839793282
    },
    "EndDate": {
        "tp": 864,
        "fp": 297,
        "fn": 646,
        "f1": 0.646948708348933,
        "precision": 0.7441860465116279,
        "recall": 0.5721854304635762
    },
    "UnfrozeDate": {
        "tp": 0,
        "fp": 0,
        "fn": 18,
        "f1": 0,
        "precision": 0,
        "recall": 0
    },
    "CompanyName": {
        "tp": 9207,
        "fp": 368,
        "fn": 875,
        "f1": 0.9367655288192501,
        "precision": 0.9615665796344648,
        "recall": 0.913211664352311
    },
    "HighestTradingPrice": {
        "tp": 1390,
        "fp": 259,
        "fn": 234,
        "f1": 0.8493736633058356,
        "precision": 0.8429351121892056,
        "recall": 0.8559113300492611
    },
    "LowestTradingPrice": {
        "tp": 932,
        "fp": 88,
        "fn": 108,
        "f1": 0.9048543689320389,
        "precision": 0.9137254901960784,
        "recall": 0.8961538461538462
    },
    "RepurchasedShares": {
        "tp": 1381,
        "fp": 167,
        "fn": 186,
        "f1": 0.8866773675762439,
        "precision": 0.8921188630490956,
        "recall": 0.8813018506700702
    },
    "ClosingDate": {
        "tp": 754,
        "fp": 266,
        "fn": 894,
        "f1": 0.5652173913043479,
        "precision": 0.7392156862745098,
        "recall": 0.4575242718446602
    },
    "RepurchaseAmount": {
        "tp": 913,
        "fp": 177,
        "fn": 513,
        "f1": 0.7257551669316374,
        "precision": 0.8376146788990826,
        "recall": 0.6402524544179523
    },
    "TradedShares": {
        "tp": 642,
        "fp": 105,
        "fn": 492,
        "f1": 0.6826156299840511,
        "precision": 0.8594377510040161,
        "recall": 0.5661375661375662
    },
    "LaterHoldingShares": {
        "tp": 50,
        "fp": 60,
        "fn": 371,
        "f1": 0.18832391713747645,
        "precision": 0.45454545454545453,
        "recall": 0.1187648456057007
    },
    "AveragePrice": {
        "tp": 194,
        "fp": 57,
        "fn": 15,
        "f1": 0.8434782608695651,
        "precision": 0.7729083665338645,
        "recall": 0.9282296650717703
    },
    "Pledger": {
        "tp": 0,
        "fp": 0,
        "fn": 0,
        "f1": 0,
        "precision": 0,
        "recall": 0
    },
    "PledgedShares": {
        "tp": 2276,
        "fp": 624,
        "fn": 595,
        "f1": 0.7887714434240166,
        "precision": 0.7848275862068965,
        "recall": 0.7927551375827238
    },
    "Pledgee": {
        "tp": 1820,
        "fp": 217,
        "fn": 312,
        "f1": 0.8731110578076278,
        "precision": 0.8934707903780069,
        "recall": 0.8536585365853658
    },
    "TotalPledgedShares": {
        "tp": 1083,
        "fp": 259,
        "fn": 287,
        "f1": 0.7986725663716815,
        "precision": 0.8070044709388972,
        "recall": 0.7905109489051095
    },
    "ReleasedDate": {
        "tp": 472,
        "fp": 601,
        "fn": 289,
        "f1": 0.514721919302072,
        "precision": 0.43988816402609504,
        "recall": 0.6202365308804205
    },
    "StockCode": {
        "tp": 3230,
        "fp": 16,
        "fn": 18,
        "f1": 0.9947643979057591,
        "precision": 0.9950708564386938,
        "recall": 0.9944581280788177
    },
    "StockAbbr": {
        "tp": 3893,
        "fp": 402,
        "fn": 1202,
        "f1": 0.8291799787007453,
        "precision": 0.9064027939464494,
        "recall": 0.7640824337585869
    },
    "precision": 0.8709051637934483,
    "recall": 0.784856895681638,
    "micro_f1": 0.8256451093036042,
    "macro_f1": 0.6749331591014576
}