{
    "EquityHolder": {
        "tp": 7266,
        "fp": 687,
        "fn": 2347,
        "f1": 0.8272799726744847,
        "precision": 0.9136175028291211,
        "recall": 0.7558514511598876
    },
    "FrozeShares": {
        "tp": 29,
        "fp": 13,
        "fn": 269,
        "f1": 0.17058823529411765,
        "precision": 0.6904761904761905,
        "recall": 0.09731543624161074
    },
    "LegalInstitution": {
        "tp": 403,
        "fp": 68,
        "fn": 99,
        "f1": 0.828365878725591,
        "precision": 0.8556263269639066,
        "recall": 0.8027888446215139
    },
    "TotalHoldingShares": {
        "tp": 1776,
        "fp": 457,
        "fn": 383,
        "f1": 0.8087431693989071,
        "precision": 0.7953425884460367,
        "recall": 0.8226030569708198
    },
    "TotalHoldingRatio": {
        "tp": 1347,
        "fp": 228,
        "fn": 378,
        "f1": 0.8163636363636363,
        "precision": 0.8552380952380952,
        "recall": 0.7808695652173913
    },
    "StartDate": {
        "tp": 3545,
        "fp": 1028,
        "fn": 1486,
        "f1": 0.7382340691378592,
        "precision": 0.7752022742182375,
        "recall": 0.7046312860266348
    },
    "EndDate": {
        "tp": 900,
        "fp": 331,
        "fn": 610,
        "f1": 0.6566946369937979,
        "precision": 0.7311129163281884,
        "recall": 0.5960264900662252
    },
    "UnfrozeDate": {
        "tp": 0,
        "fp": 0,
        "fn": 18,
        "f1": 0,
        "precision": 0,
        "recall": 0
    },
    "CompanyName": {
        "tp": 9154,
        "fp": 355,
        "fn": 928,
        "f1": 0.934510744729723,
        "precision": 0.9626669471027448,
        "recall": 0.9079547708787938
    },
    "HighestTradingPrice": {
        "tp": 1355,
        "fp": 283,
        "fn": 269,
        "f1": 0.8307786633966892,
        "precision": 0.8272283272283272,
        "recall": 0.8343596059113301
    },
    "LowestTradingPrice": {
        "tp": 937,
        "fp": 86,
        "fn": 103,
        "f1": 0.9083858458555503,
        "precision": 0.9159335288367546,
        "recall": 0.9009615384615385
    },
    "RepurchasedShares": {
        "tp": 1410,
        "fp": 183,
        "fn": 157,
        "f1": 0.8924050632911392,
        "precision": 0.8851224105461394,
        "recall": 0.8998085513720485
    },
    "ClosingDate": {
        "tp": 863,
        "fp": 326,
        "fn": 785,
        "f1": 0.6083891434614029,
        "precision": 0.7258200168208578,
        "recall": 0.5236650485436893
    },
    "RepurchaseAmount": {
        "tp": 892,
        "fp": 202,
        "fn": 534,
        "f1": 0.707936507936508,
        "precision": 0.8153564899451554,
        "recall": 0.6255259467040674
    },
    "TradedShares": {
        "tp": 655,
        "fp": 143,
        "fn": 479,
        "f1": 0.6780538302277432,
        "precision": 0.8208020050125313,
        "recall": 0.5776014109347443
    },
    "LaterHoldingShares": {
        "tp": 45,
        "fp": 47,
        "fn": 376,
        "f1": 0.17543859649122806,
        "precision": 0.4891304347826087,
        "recall": 0.10688836104513064
    },
    "AveragePrice": {
        "tp": 197,
        "fp": 53,
        "fn": 12,
        "f1": 0.8583877995642702,
        "precision": 0.788,
        "recall": 0.9425837320574163
    },
    "Pledger": {
        "tp": 0,
        "fp": 0,
        "fn": 0,
        "f1": 0,
        "precision": 0,
        "recall": 0
    },
    "PledgedShares": {
        "tp": 2326,
        "fp": 684,
        "fn": 545,
        "f1": 0.7910219350450604,
        "precision": 0.7727574750830565,
        "recall": 0.8101706722396378
    },
    "Pledgee": {
        "tp": 1786,
        "fp": 269,
        "fn": 346,
        "f1": 0.8531167900644854,
        "precision": 0.8690997566909976,
        "recall": 0.8377110694183865
    },
    "TotalPledgedShares": {
        "tp": 1125,
        "fp": 311,
        "fn": 245,
        "f1": 0.8018531717747684,
        "precision": 0.7834261838440112,
        "recall": 0.8211678832116789
    },
    "ReleasedDate": {
        "tp": 461,
        "fp": 506,
        "fn": 300,
        "f1": 0.5335648148148149,
        "precision": 0.4767321613236815,
        "recall": 0.6057818659658344
    },
    "StockCode": {
        "tp": 3230,
        "fp": 23,
        "fn": 18,
        "f1": 0.9936932779572375,
        "precision": 0.9929296034429758,
        "recall": 0.9944581280788177
    },
    "StockAbbr": {
        "tp": 3642,
        "fp": 494,
        "fn": 1453,
        "f1": 0.7890802729931752,
        "precision": 0.8805609284332688,
        "recall": 0.7148184494602552
    },
    "precision": 0.8647872149398456,
    "recall": 0.781198183260039,
    "micro_f1": 0.8208702239477297,
    "macro_f1": 0.6751202523413413
}