{
    "EquityHolder": {
        "tp": 8360,
        "fp": 1580,
        "fn": 1253,
        "f1": 0.8551117475579195,
        "precision": 0.8410462776659959,
        "recall": 0.8696556746073026
    },
    "FrozeShares": {
        "tp": 82,
        "fp": 133,
        "fn": 216,
        "f1": 0.31968810916179335,
        "precision": 0.3813953488372093,
        "recall": 0.2751677852348993
    },
    "LegalInstitution": {
        "tp": 442,
        "fp": 72,
        "fn": 60,
        "f1": 0.8700787401574802,
        "precision": 0.8599221789883269,
        "recall": 0.8804780876494024
    },
    "TotalHoldingShares": {
        "tp": 1762,
        "fp": 680,
        "fn": 397,
        "f1": 0.7659204520756356,
        "precision": 0.7215397215397216,
        "recall": 0.8161185734136174
    },
    "TotalHoldingRatio": {
        "tp": 1445,
        "fp": 369,
        "fn": 280,
        "f1": 0.8166148629556372,
        "precision": 0.7965821389195149,
        "recall": 0.8376811594202899
    },
    "StartDate": {
        "tp": 3853,
        "fp": 1536,
        "fn": 1178,
        "f1": 0.7395393474088292,
        "precision": 0.7149749489701244,
        "recall": 0.7658517193400914
    },
    "EndDate": {
        "tp": 883,
        "fp": 625,
        "fn": 627,
        "f1": 0.5851557322730285,
        "precision": 0.5855437665782494,
        "recall": 0.5847682119205299
    },
    "UnfrozeDate": {
        "tp": 8,
        "fp": 20,
        "fn": 10,
        "f1": 0.34782608695652173,
        "precision": 0.2857142857142857,
        "recall": 0.4444444444444444
    },
    "CompanyName": {
        "tp": 9592,
        "fp": 375,
        "fn": 490,
        "f1": 0.9568557035263604,
        "precision": 0.9623758402729006,
        "recall": 0.9513985320372942
    },
    "HighestTradingPrice": {
        "tp": 1384,
        "fp": 781,
        "fn": 240,
        "f1": 0.7305357614146214,
        "precision": 0.6392609699769053,
        "recall": 0.8522167487684729
    },
    "LowestTradingPrice": {
        "tp": 621,
        "fp": 47,
        "fn": 419,
        "f1": 0.7271662763466041,
        "precision": 0.9296407185628742,
        "recall": 0.5971153846153846
    },
    "RepurchasedShares": {
        "tp": 1435,
        "fp": 271,
        "fn": 132,
        "f1": 0.8768713718301253,
        "precision": 0.8411488862837045,
        "recall": 0.9157626037013401
    },
    "ClosingDate": {
        "tp": 1269,
        "fp": 976,
        "fn": 379,
        "f1": 0.6519393783714359,
        "precision": 0.5652561247216036,
        "recall": 0.7700242718446602
    },
    "RepurchaseAmount": {
        "tp": 1254,
        "fp": 324,
        "fn": 172,
        "f1": 0.8348868175765645,
        "precision": 0.7946768060836502,
        "recall": 0.879382889200561
    },
    "TradedShares": {
        "tp": 820,
        "fp": 341,
        "fn": 314,
        "f1": 0.7145969498910676,
        "precision": 0.7062876830318691,
        "recall": 0.7231040564373897
    },
    "LaterHoldingShares": {
        "tp": 85,
        "fp": 221,
        "fn": 336,
        "f1": 0.23383768913342506,
        "precision": 0.2777777777777778,
        "recall": 0.20190023752969122
    },
    "AveragePrice": {
        "tp": 195,
        "fp": 61,
        "fn": 14,
        "f1": 0.8387096774193549,
        "precision": 0.76171875,
        "recall": 0.9330143540669856
    },
    "Pledger": {
        "tp": 0,
        "fp": 0,
        "fn": 0,
        "f1": 0,
        "precision": 0,
        "recall": 0
    },
    "PledgedShares": {
        "tp": 2109,
        "fp": 810,
        "fn": 762,
        "f1": 0.7284974093264249,
        "precision": 0.7225077081192189,
        "recall": 0.7345872518286312
    },
    "Pledgee": {
        "tp": 2011,
        "fp": 159,
        "fn": 121,
        "f1": 0.9349139934913993,
        "precision": 0.9267281105990783,
        "recall": 0.9432457786116323
    },
    "TotalPledgedShares": {
        "tp": 1160,
        "fp": 486,
        "fn": 210,
        "f1": 0.7692307692307692,
        "precision": 0.7047387606318347,
        "recall": 0.8467153284671532
    },
    "ReleasedDate": {
        "tp": 501,
        "fp": 727,
        "fn": 260,
        "f1": 0.5037707390648567,
        "precision": 0.40798045602605865,
        "recall": 0.6583442838370565
    },
    "StockCode": {
        "tp": 3237,
        "fp": 11,
        "fn": 11,
        "f1": 0.9966133004926109,
        "precision": 0.9966133004926109,
        "recall": 0.9966133004926109
    },
    "StockAbbr": {
        "tp": 4094,
        "fp": 607,
        "fn": 1001,
        "f1": 0.8358513679052675,
        "precision": 0.8708785364815996,
        "recall": 0.8035328753680079
    },
    "precision": 0.8060677344587817,
    "recall": 0.8399178141446183,
    "micro_f1": 0.8226447068792035,
    "macro_f1": 0.6930921784819889
}