{
    "EquityHolder": {
        "tp": 8314,
        "fp": 1498,
        "fn": 1299,
        "f1": 0.8560102960102961,
        "precision": 0.8473298002445985,
        "recall": 0.8648704878809945
    },
    "FrozeShares": {
        "tp": 117,
        "fp": 159,
        "fn": 181,
        "f1": 0.4076655052264808,
        "precision": 0.42391304347826086,
        "recall": 0.3926174496644295
    },
    "LegalInstitution": {
        "tp": 440,
        "fp": 67,
        "fn": 62,
        "f1": 0.8721506442021804,
        "precision": 0.8678500986193294,
        "recall": 0.8764940239043825
    },
    "TotalHoldingShares": {
        "tp": 1692,
        "fp": 500,
        "fn": 467,
        "f1": 0.777752240864169,
        "precision": 0.7718978102189781,
        "recall": 0.7836961556276054
    },
    "TotalHoldingRatio": {
        "tp": 1439,
        "fp": 356,
        "fn": 286,
        "f1": 0.8176136363636364,
        "precision": 0.8016713091922005,
        "recall": 0.8342028985507246
    },
    "StartDate": {
        "tp": 3811,
        "fp": 1359,
        "fn": 1220,
        "f1": 0.747181648857955,
        "precision": 0.7371373307543521,
        "recall": 0.757503478433711
    },
    "EndDate": {
        "tp": 911,
        "fp": 450,
        "fn": 599,
        "f1": 0.634622082897945,
        "precision": 0.6693607641440118,
        "recall": 0.6033112582781457
    },
    "UnfrozeDate": {
        "tp": 9,
        "fp": 8,
        "fn": 9,
        "f1": 0.5142857142857143,
        "precision": 0.5294117647058824,
        "recall": 0.5
    },
    "CompanyName": {
        "tp": 9713,
        "fp": 329,
        "fn": 369,
        "f1": 0.9653150467103956,
        "precision": 0.9672376020713005,
        "recall": 0.9634001190240031
    },
    "HighestTradingPrice": {
        "tp": 1421,
        "fp": 412,
        "fn": 203,
        "f1": 0.8221000867804455,
        "precision": 0.7752318603382433,
        "recall": 0.875
    },
    "LowestTradingPrice": {
        "tp": 842,
        "fp": 120,
        "fn": 198,
        "f1": 0.8411588411588412,
        "precision": 0.8752598752598753,
        "recall": 0.8096153846153846
    },
    "RepurchasedShares": {
        "tp": 1421,
        "fp": 217,
        "fn": 146,
        "f1": 0.8867394695787831,
        "precision": 0.8675213675213675,
        "recall": 0.9068283343969368
    },
    "ClosingDate": {
        "tp": 864,
        "fp": 465,
        "fn": 784,
        "f1": 0.5804501175680216,
        "precision": 0.6501128668171557,
        "recall": 0.5242718446601942
    },
    "RepurchaseAmount": {
        "tp": 1278,
        "fp": 344,
        "fn": 148,
        "f1": 0.8385826771653543,
        "precision": 0.7879161528976573,
        "recall": 0.8962131837307152
    },
    "TradedShares": {
        "tp": 832,
        "fp": 346,
        "fn": 302,
        "f1": 0.7197231833910035,
        "precision": 0.7062818336162988,
        "recall": 0.7336860670194003
    },
    "LaterHoldingShares": {
        "tp": 95,
        "fp": 249,
        "fn": 326,
        "f1": 0.2483660130718954,
        "precision": 0.2761627906976744,
        "recall": 0.22565320665083136
    },
    "AveragePrice": {
        "tp": 195,
        "fp": 58,
        "fn": 14,
        "f1": 0.8441558441558442,
        "precision": 0.7707509881422925,
        "recall": 0.9330143540669856
    },
    "Pledger": {
        "tp": 0,
        "fp": 0,
        "fn": 0,
        "f1": 0,
        "precision": 0,
        "recall": 0
    },
    "PledgedShares": {
        "tp": 2377,
        "fp": 844,
        "fn": 494,
        "f1": 0.7803676953381484,
        "precision": 0.7379695746662527,
        "recall": 0.82793451758969
    },
    "Pledgee": {
        "tp": 2024,
        "fp": 171,
        "fn": 108,
        "f1": 0.9355211462907327,
        "precision": 0.9220956719817768,
        "recall": 0.949343339587242
    },
    "TotalPledgedShares": {
        "tp": 1169,
        "fp": 490,
        "fn": 201,
        "f1": 0.7718719049191153,
        "precision": 0.7046413502109705,
        "recall": 0.8532846715328467
    },
    "ReleasedDate": {
        "tp": 421,
        "fp": 362,
        "fn": 340,
        "f1": 0.5453367875647669,
        "precision": 0.5376756066411239,
        "recall": 0.5532194480946123
    },
    "StockCode": {
        "tp": 3232,
        "fp": 6,
        "fn": 16,
        "f1": 0.9966080789392537,
        "precision": 0.9981470043236566,
        "recall": 0.9950738916256158
    },
    "StockAbbr": {
        "tp": 4120,
        "fp": 638,
        "fn": 975,
        "f1": 0.836293514665584,
        "precision": 0.8659100462379151,
        "recall": 0.8086359175662414
    },
    "precision": 0.8318412387647949,
    "recall": 0.8423509480210511,
    "micro_f1": 0.8370631061440508,
    "macro_f1": 0.7183280073336067
}