{
    "EquityHolder": {
        "tp": 8345,
        "fp": 1489,
        "fn": 1268,
        "f1": 0.8582300611919577,
        "precision": 0.8485865365059996,
        "recall": 0.8680952876313326
    },
    "FrozeShares": {
        "tp": 67,
        "fp": 96,
        "fn": 231,
        "f1": 0.29067245119305857,
        "precision": 0.4110429447852761,
        "recall": 0.22483221476510068
    },
    "LegalInstitution": {
        "tp": 445,
        "fp": 65,
        "fn": 57,
        "f1": 0.8794466403162055,
        "precision": 0.8725490196078431,
        "recall": 0.8864541832669323
    },
    "TotalHoldingShares": {
        "tp": 1731,
        "fp": 764,
        "fn": 428,
        "f1": 0.7438762354963473,
        "precision": 0.6937875751503007,
        "recall": 0.8017600741083835
    },
    "TotalHoldingRatio": {
        "tp": 1421,
        "fp": 355,
        "fn": 304,
        "f1": 0.8117680662667808,
        "precision": 0.8001126126126126,
        "recall": 0.823768115942029
    },
    "StartDate": {
        "tp": 3737,
        "fp": 1109,
        "fn": 1294,
        "f1": 0.7567075022780196,
        "precision": 0.7711514651258771,
        "recall": 0.7427946730272311
    },
    "EndDate": {
        "tp": 1035,
        "fp": 499,
        "fn": 475,
        "f1": 0.6800262812089356,
        "precision": 0.6747066492829205,
        "recall": 0.6854304635761589
    },
    "UnfrozeDate": {
        "tp": 0,
        "fp": 0,
        "fn": 18,
        "f1": 0,
        "precision": 0,
        "recall": 0
    },
    "CompanyName": {
        "tp": 9130,
        "fp": 570,
        "fn": 952,
        "f1": 0.9230613689212416,
        "precision": 0.9412371134020618,
        "recall": 0.9055742908153144
    },
    "HighestTradingPrice": {
        "tp": 1488,
        "fp": 1315,
        "fn": 136,
        "f1": 0.6722385362548001,
        "precision": 0.5308597930788441,
        "recall": 0.916256157635468
    },
    "LowestTradingPrice": {
        "tp": 0,
        "fp": 0,
        "fn": 1040,
        "f1": 0,
        "precision": 0,
        "recall": 0
    },
    "RepurchasedShares": {
        "tp": 1431,
        "fp": 243,
        "fn": 136,
        "f1": 0.8830607837087319,
        "precision": 0.8548387096774194,
        "recall": 0.9132099553286535
    },
    "ClosingDate": {
        "tp": 1094,
        "fp": 513,
        "fn": 554,
        "f1": 0.6721966205837173,
        "precision": 0.6807716241443684,
        "recall": 0.6638349514563107
    },
    "RepurchaseAmount": {
        "tp": 1200,
        "fp": 217,
        "fn": 226,
        "f1": 0.8441786844882168,
        "precision": 0.8468595624558928,
        "recall": 0.8415147265077139
    },
    "TradedShares": {
        "tp": 884,
        "fp": 337,
        "fn": 250,
        "f1": 0.7507430997876857,
        "precision": 0.723996723996724,
        "recall": 0.7795414462081128
    },
    "LaterHoldingShares": {
        "tp": 69,
        "fp": 154,
        "fn": 352,
        "f1": 0.2142857142857143,
        "precision": 0.3094170403587444,
        "recall": 0.16389548693586697
    },
    "AveragePrice": {
        "tp": 197,
        "fp": 81,
        "fn": 12,
        "f1": 0.8090349075975358,
        "precision": 0.7086330935251799,
        "recall": 0.9425837320574163
    },
    "Pledger": {
        "tp": 0,
        "fp": 0,
        "fn": 0,
        "f1": 0,
        "precision": 0,
        "recall": 0
    },
    "PledgedShares": {
        "tp": 2478,
        "fp": 894,
        "fn": 393,
        "f1": 0.793849111004325,
        "precision": 0.7348754448398577,
        "recall": 0.8631138975966562
    },
    "Pledgee": {
        "tp": 2015,
        "fp": 173,
        "fn": 117,
        "f1": 0.9328703703703703,
        "precision": 0.9209323583180987,
        "recall": 0.9451219512195121
    },
    "TotalPledgedShares": {
        "tp": 1151,
        "fp": 363,
        "fn": 219,
        "f1": 0.7981969486823854,
        "precision": 0.7602377807133421,
        "recall": 0.8401459854014599
    },
    "ReleasedDate": {
        "tp": 479,
        "fp": 471,
        "fn": 282,
        "f1": 0.5599064874342491,
        "precision": 0.5042105263157894,
        "recall": 0.6294349540078844
    },
    "StockCode": {
        "tp": 3235,
        "fp": 12,
        "fn": 13,
        "f1": 0.9961508852963817,
        "precision": 0.9963042808746535,
        "recall": 0.9959975369458128
    },
    "StockAbbr": {
        "tp": 4029,
        "fp": 545,
        "fn": 1066,
        "f1": 0.8333850449891405,
        "precision": 0.8808482728465238,
        "recall": 0.790775269872424
    },
    "precision": 0.8164538854915424,
    "recall": 0.8229579698651863,
    "micro_f1": 0.8196930257607037,
    "macro_f1": 0.6543285750564914
}