{
    "EquityHolder": {
        "tp": 8446,
        "fp": 1577,
        "fn": 1167,
        "f1": 0.8602566714198412,
        "precision": 0.8426618776813329,
        "recall": 0.8786018932695309
    },
    "FrozeShares": {
        "tp": 100,
        "fp": 151,
        "fn": 198,
        "f1": 0.36429872495446264,
        "precision": 0.398406374501992,
        "recall": 0.33557046979865773
    },
    "LegalInstitution": {
        "tp": 440,
        "fp": 65,
        "fn": 62,
        "f1": 0.8738828202581926,
        "precision": 0.8712871287128713,
        "recall": 0.8764940239043825
    },
    "TotalHoldingShares": {
        "tp": 1706,
        "fp": 532,
        "fn": 453,
        "f1": 0.7759836251989993,
        "precision": 0.7622877569258266,
        "recall": 0.7901806391848077
    },
    "TotalHoldingRatio": {
        "tp": 1415,
        "fp": 303,
        "fn": 310,
        "f1": 0.8219575951205345,
        "precision": 0.8236321303841676,
        "recall": 0.8202898550724638
    },
    "StartDate": {
        "tp": 3972,
        "fp": 1460,
        "fn": 1059,
        "f1": 0.7592468699225844,
        "precision": 0.7312223858615611,
        "recall": 0.789505068574836
    },
    "EndDate": {
        "tp": 967,
        "fp": 600,
        "fn": 543,
        "f1": 0.6285342866428338,
        "precision": 0.6171027440970006,
        "recall": 0.6403973509933775
    },
    "UnfrozeDate": {
        "tp": 10,
        "fp": 11,
        "fn": 8,
        "f1": 0.5128205128205129,
        "precision": 0.47619047619047616,
        "recall": 0.5555555555555556
    },
    "CompanyName": {
        "tp": 9479,
        "fp": 435,
        "fn": 603,
        "f1": 0.9480896179235847,
        "precision": 0.9561226548315513,
        "recall": 0.9401904384050783
    },
    "HighestTradingPrice": {
        "tp": 1365,
        "fp": 358,
        "fn": 259,
        "f1": 0.8156558111741858,
        "precision": 0.792222867092281,
        "recall": 0.8405172413793104
    },
    "LowestTradingPrice": {
        "tp": 883,
        "fp": 137,
        "fn": 157,
        "f1": 0.8572815533980583,
        "precision": 0.865686274509804,
        "recall": 0.8490384615384615
    },
    "RepurchasedShares": {
        "tp": 1414,
        "fp": 233,
        "fn": 153,
        "f1": 0.8799004355942751,
        "precision": 0.8585306618093503,
        "recall": 0.9023611997447352
    },
    "ClosingDate": {
        "tp": 785,
        "fp": 378,
        "fn": 863,
        "f1": 0.5585200996086801,
        "precision": 0.6749785038693035,
        "recall": 0.47633495145631066
    },
    "RepurchaseAmount": {
        "tp": 1283,
        "fp": 362,
        "fn": 143,
        "f1": 0.8355584500162815,
        "precision": 0.7799392097264438,
        "recall": 0.8997194950911641
    },
    "TradedShares": {
        "tp": 814,
        "fp": 353,
        "fn": 320,
        "f1": 0.7075184702303345,
        "precision": 0.6975149957155099,
        "recall": 0.7178130511463845
    },
    "LaterHoldingShares": {
        "tp": 110,
        "fp": 302,
        "fn": 311,
        "f1": 0.26410564225690275,
        "precision": 0.2669902912621359,
        "recall": 0.26128266033254155
    },
    "AveragePrice": {
        "tp": 191,
        "fp": 70,
        "fn": 18,
        "f1": 0.8127659574468085,
        "precision": 0.7318007662835249,
        "recall": 0.9138755980861244
    },
    "Pledger": {
        "tp": 0,
        "fp": 0,
        "fn": 0,
        "f1": 0,
        "precision": 0,
        "recall": 0
    },
    "PledgedShares": {
        "tp": 2355,
        "fp": 817,
        "fn": 516,
        "f1": 0.7794141982459044,
        "precision": 0.7424337957124842,
        "recall": 0.8202716823406478
    },
    "Pledgee": {
        "tp": 2029,
        "fp": 169,
        "fn": 103,
        "f1": 0.9371824480369515,
        "precision": 0.9231119199272065,
        "recall": 0.951688555347092
    },
    "TotalPledgedShares": {
        "tp": 1150,
        "fp": 445,
        "fn": 220,
        "f1": 0.7757166947723441,
        "precision": 0.7210031347962382,
        "recall": 0.8394160583941606
    },
    "ReleasedDate": {
        "tp": 392,
        "fp": 322,
        "fn": 369,
        "f1": 0.5315254237288135,
        "precision": 0.5490196078431373,
        "recall": 0.5151116951379764
    },
    "StockCode": {
        "tp": 3236,
        "fp": 8,
        "fn": 12,
        "f1": 0.9969192852741836,
        "precision": 0.9975339087546239,
        "recall": 0.9963054187192119
    },
    "StockAbbr": {
        "tp": 4116,
        "fp": 672,
        "fn": 979,
        "f1": 0.8329454619042801,
        "precision": 0.8596491228070176,
        "recall": 0.8078508341511286
    },
    "precision": 0.8270055655996313,
    "recall": 0.8409271141229904,
    "micro_f1": 0.8339082411395685,
    "macro_f1": 0.7137533606645646
}