{
    "EquityHolder": {
        "tp": 8090,
        "fp": 1427,
        "fn": 1523,
        "f1": 0.8457919498170414,
        "precision": 0.8500577913207944,
        "recall": 0.8415687090398419
    },
    "FrozeShares": {
        "tp": 95,
        "fp": 137,
        "fn": 203,
        "f1": 0.3584905660377358,
        "precision": 0.40948275862068967,
        "recall": 0.3187919463087248
    },
    "LegalInstitution": {
        "tp": 445,
        "fp": 63,
        "fn": 57,
        "f1": 0.8811881188118813,
        "precision": 0.8759842519685039,
        "recall": 0.8864541832669323
    },
    "TotalHoldingShares": {
        "tp": 1690,
        "fp": 598,
        "fn": 469,
        "f1": 0.7600629637958174,
        "precision": 0.7386363636363636,
        "recall": 0.7827698008337193
    },
    "TotalHoldingRatio": {
        "tp": 1400,
        "fp": 303,
        "fn": 325,
        "f1": 0.8168028004667445,
        "precision": 0.8220786846741045,
        "recall": 0.8115942028985508
    },
    "StartDate": {
        "tp": 3803,
        "fp": 1196,
        "fn": 1228,
        "f1": 0.7583250249252244,
        "precision": 0.760752150430086,
        "recall": 0.7559133373086862
    },
    "EndDate": {
        "tp": 990,
        "fp": 490,
        "fn": 520,
        "f1": 0.6622073578595319,
        "precision": 0.668918918918919,
        "recall": 0.6556291390728477
    },
    "UnfrozeDate": {
        "tp": 0,
        "fp": 0,
        "fn": 18,
        "f1": 0,
        "precision": 0,
        "recall": 0
    },
    "CompanyName": {
        "tp": 9454,
        "fp": 396,
        "fn": 628,
        "f1": 0.9486253261087698,
        "precision": 0.9597969543147208,
        "recall": 0.9377107716722872
    },
    "HighestTradingPrice": {
        "tp": 1469,
        "fp": 1333,
        "fn": 155,
        "f1": 0.6638047898779936,
        "precision": 0.5242683797287652,
        "recall": 0.9045566502463054
    },
    "LowestTradingPrice": {
        "tp": 0,
        "fp": 0,
        "fn": 1040,
        "f1": 0,
        "precision": 0,
        "recall": 0
    },
    "RepurchasedShares": {
        "tp": 1470,
        "fp": 261,
        "fn": 97,
        "f1": 0.8914493632504548,
        "precision": 0.8492201039861352,
        "recall": 0.9380982769623485
    },
    "ClosingDate": {
        "tp": 1048,
        "fp": 592,
        "fn": 600,
        "f1": 0.6374695863746959,
        "precision": 0.6390243902439025,
        "recall": 0.6359223300970874
    },
    "RepurchaseAmount": {
        "tp": 1261,
        "fp": 295,
        "fn": 165,
        "f1": 0.8457411133467472,
        "precision": 0.8104113110539846,
        "recall": 0.8842917251051894
    },
    "TradedShares": {
        "tp": 906,
        "fp": 413,
        "fn": 228,
        "f1": 0.7386873216469628,
        "precision": 0.6868840030326004,
        "recall": 0.798941798941799
    },
    "LaterHoldingShares": {
        "tp": 80,
        "fp": 203,
        "fn": 341,
        "f1": 0.2272727272727273,
        "precision": 0.2826855123674912,
        "recall": 0.19002375296912113
    },
    "AveragePrice": {
        "tp": 197,
        "fp": 83,
        "fn": 12,
        "f1": 0.8057259713701432,
        "precision": 0.7035714285714286,
        "recall": 0.9425837320574163
    },
    "Pledger": {
        "tp": 0,
        "fp": 0,
        "fn": 0,
        "f1": 0,
        "precision": 0,
        "recall": 0
    },
    "PledgedShares": {
        "tp": 2352,
        "fp": 851,
        "fn": 519,
        "f1": 0.774448468883767,
        "precision": 0.7343115828910397,
        "recall": 0.819226750261233
    },
    "Pledgee": {
        "tp": 2003,
        "fp": 149,
        "fn": 129,
        "f1": 0.9351073762838468,
        "precision": 0.9307620817843866,
        "recall": 0.9394934333958724
    },
    "TotalPledgedShares": {
        "tp": 1147,
        "fp": 373,
        "fn": 223,
        "f1": 0.7937716262975779,
        "precision": 0.7546052631578948,
        "recall": 0.8372262773722627
    },
    "ReleasedDate": {
        "tp": 469,
        "fp": 422,
        "fn": 292,
        "f1": 0.5677966101694916,
        "precision": 0.5263748597081931,
        "recall": 0.6162943495400789
    },
    "StockCode": {
        "tp": 3236,
        "fp": 9,
        "fn": 12,
        "f1": 0.9967657477283229,
        "precision": 0.9972265023112481,
        "recall": 0.9963054187192119
    },
    "StockAbbr": {
        "tp": 4024,
        "fp": 552,
        "fn": 1071,
        "f1": 0.8321786785234206,
        "precision": 0.8793706293706294,
        "recall": 0.7897939156035328
    },
    "precision": 0.8180905423576872,
    "recall": 0.8223812270204023,
    "micro_f1": 0.8202302735059636,
    "macro_f1": 0.6559047287020374
}