{
    "EquityHolder": {
        "tp": 8233,
        "fp": 1447,
        "fn": 1380,
        "f1": 0.8534701705281706,
        "precision": 0.8505165289256198,
        "recall": 0.8564443982107562
    },
    "FrozeShares": {
        "tp": 111,
        "fp": 152,
        "fn": 187,
        "f1": 0.39572192513368987,
        "precision": 0.4220532319391635,
        "recall": 0.3724832214765101
    },
    "LegalInstitution": {
        "tp": 443,
        "fp": 61,
        "fn": 59,
        "f1": 0.8807157057654075,
        "precision": 0.878968253968254,
        "recall": 0.8824701195219123
    },
    "TotalHoldingShares": {
        "tp": 1663,
        "fp": 529,
        "fn": 496,
        "f1": 0.7644219719604688,
        "precision": 0.7586678832116789,
        "recall": 0.7702640111162575
    },
    "TotalHoldingRatio": {
        "tp": 1415,
        "fp": 305,
        "fn": 310,
        "f1": 0.8214804063860668,
        "precision": 0.8226744186046512,
        "recall": 0.8202898550724638
    },
    "StartDate": {
        "tp": 3825,
        "fp": 1225,
        "fn": 1206,
        "f1": 0.7588532883642496,
        "precision": 0.7574257425742574,
        "recall": 0.7602862254025045
    },
    "EndDate": {
        "tp": 1021,
        "fp": 579,
        "fn": 489,
        "f1": 0.6565916398713826,
        "precision": 0.638125,
        "recall": 0.676158940397351
    },
    "UnfrozeDate": {
        "tp": 7,
        "fp": 7,
        "fn": 11,
        "f1": 0.43750000000000006,
        "precision": 0.5,
        "recall": 0.3888888888888889
    },
    "CompanyName": {
        "tp": 9493,
        "fp": 397,
        "fn": 589,
        "f1": 0.9506308832365311,
        "precision": 0.9598584428715875,
        "recall": 0.9415790517754414
    },
    "HighestTradingPrice": {
        "tp": 1367,
        "fp": 1158,
        "fn": 257,
        "f1": 0.6589539648107978,
        "precision": 0.5413861386138614,
        "recall": 0.8417487684729064
    },
    "LowestTradingPrice": {
        "tp": 276,
        "fp": 3,
        "fn": 764,
        "f1": 0.41849886277482945,
        "precision": 0.989247311827957,
        "recall": 0.2653846153846154
    },
    "RepurchasedShares": {
        "tp": 1413,
        "fp": 231,
        "fn": 154,
        "f1": 0.8800996574275927,
        "precision": 0.8594890510948905,
        "recall": 0.9017230376515635
    },
    "ClosingDate": {
        "tp": 1118,
        "fp": 487,
        "fn": 530,
        "f1": 0.6873655087611436,
        "precision": 0.6965732087227414,
        "recall": 0.6783980582524272
    },
    "RepurchaseAmount": {
        "tp": 1233,
        "fp": 318,
        "fn": 193,
        "f1": 0.8283506886126972,
        "precision": 0.7949709864603481,
        "recall": 0.864656381486676
    },
    "TradedShares": {
        "tp": 883,
        "fp": 406,
        "fn": 251,
        "f1": 0.7288485348741229,
        "precision": 0.6850271528316525,
        "recall": 0.7786596119929453
    },
    "LaterHoldingShares": {
        "tp": 62,
        "fp": 137,
        "fn": 359,
        "f1": 0.2,
        "precision": 0.31155778894472363,
        "recall": 0.14726840855106887
    },
    "AveragePrice": {
        "tp": 193,
        "fp": 66,
        "fn": 16,
        "f1": 0.8247863247863247,
        "precision": 0.7451737451737451,
        "recall": 0.9234449760765551
    },
    "Pledger": {
        "tp": 0,
        "fp": 0,
        "fn": 0,
        "f1": 0,
        "precision": 0,
        "recall": 0
    },
    "PledgedShares": {
        "tp": 2482,
        "fp": 922,
        "fn": 389,
        "f1": 0.7910756972111554,
        "precision": 0.7291421856639247,
        "recall": 0.8645071403692093
    },
    "Pledgee": {
        "tp": 2026,
        "fp": 161,
        "fn": 106,
        "f1": 0.9381801342903451,
        "precision": 0.9263831732967536,
        "recall": 0.950281425891182
    },
    "TotalPledgedShares": {
        "tp": 1003,
        "fp": 422,
        "fn": 367,
        "f1": 0.7177101967799642,
        "precision": 0.703859649122807,
        "recall": 0.7321167883211679
    },
    "ReleasedDate": {
        "tp": 407,
        "fp": 397,
        "fn": 354,
        "f1": 0.5201277955271566,
        "precision": 0.5062189054726368,
        "recall": 0.5348226018396847
    },
    "StockCode": {
        "tp": 3233,
        "fp": 14,
        "fn": 15,
        "f1": 0.9955350269438029,
        "precision": 0.9956883276870958,
        "recall": 0.9953817733990148
    },
    "StockAbbr": {
        "tp": 4047,
        "fp": 610,
        "fn": 1048,
        "f1": 0.8299835931091059,
        "precision": 0.8690143869443848,
        "recall": 0.7943081452404318
    },
    "precision": 0.8207830249339144,
    "recall": 0.8282387715377406,
    "micro_f1": 0.8244940433472082,
    "macro_f1": 0.689120915714792
}