{
    "EquityHolder": {
        "tp": 8414,
        "fp": 1616,
        "fn": 1199,
        "f1": 0.8566919513312631,
        "precision": 0.8388833499501496,
        "recall": 0.8752730677207947
    },
    "FrozeShares": {
        "tp": 100,
        "fp": 129,
        "fn": 198,
        "f1": 0.37950664136622386,
        "precision": 0.4366812227074236,
        "recall": 0.33557046979865773
    },
    "LegalInstitution": {
        "tp": 441,
        "fp": 66,
        "fn": 61,
        "f1": 0.8741328047571854,
        "precision": 0.8698224852071006,
        "recall": 0.8784860557768924
    },
    "TotalHoldingShares": {
        "tp": 1777,
        "fp": 681,
        "fn": 382,
        "f1": 0.7697639159627463,
        "precision": 0.7229454841334418,
        "recall": 0.8230662343677628
    },
    "TotalHoldingRatio": {
        "tp": 1461,
        "fp": 404,
        "fn": 264,
        "f1": 0.8139275766016713,
        "precision": 0.7833780160857908,
        "recall": 0.8469565217391304
    },
    "StartDate": {
        "tp": 3888,
        "fp": 1546,
        "fn": 1143,
        "f1": 0.7430482560917344,
        "precision": 0.715495031284505,
        "recall": 0.7728085867620751
    },
    "EndDate": {
        "tp": 1024,
        "fp": 613,
        "fn": 486,
        "f1": 0.6507785192246585,
        "precision": 0.6255345143555284,
        "recall": 0.6781456953642384
    },
    "UnfrozeDate": {
        "tp": 8,
        "fp": 9,
        "fn": 10,
        "f1": 0.45714285714285713,
        "precision": 0.47058823529411764,
        "recall": 0.4444444444444444
    },
    "CompanyName": {
        "tp": 9582,
        "fp": 368,
        "fn": 500,
        "f1": 0.9566693290734825,
        "precision": 0.9630150753768845,
        "recall": 0.9504066653441777
    },
    "HighestTradingPrice": {
        "tp": 1343,
        "fp": 948,
        "fn": 281,
        "f1": 0.6860791826309067,
        "precision": 0.5862068965517241,
        "recall": 0.8269704433497537
    },
    "LowestTradingPrice": {
        "tp": 470,
        "fp": 16,
        "fn": 570,
        "f1": 0.6159895150720839,
        "precision": 0.9670781893004116,
        "recall": 0.4519230769230769
    },
    "RepurchasedShares": {
        "tp": 1415,
        "fp": 239,
        "fn": 152,
        "f1": 0.8786091276001242,
        "precision": 0.8555018137847642,
        "recall": 0.9029993618379069
    },
    "ClosingDate": {
        "tp": 988,
        "fp": 588,
        "fn": 660,
        "f1": 0.6129032258064517,
        "precision": 0.6269035532994924,
        "recall": 0.5995145631067961
    },
    "RepurchaseAmount": {
        "tp": 1166,
        "fp": 306,
        "fn": 260,
        "f1": 0.8046928916494134,
        "precision": 0.7921195652173914,
        "recall": 0.8176718092566619
    },
    "TradedShares": {
        "tp": 877,
        "fp": 396,
        "fn": 257,
        "f1": 0.728707935189032,
        "precision": 0.6889238020424194,
        "recall": 0.7733686067019401
    },
    "LaterHoldingShares": {
        "tp": 110,
        "fp": 285,
        "fn": 311,
        "f1": 0.2696078431372549,
        "precision": 0.27848101265822783,
        "recall": 0.26128266033254155
    },
    "AveragePrice": {
        "tp": 196,
        "fp": 73,
        "fn": 13,
        "f1": 0.8200836820083681,
        "precision": 0.7286245353159851,
        "recall": 0.937799043062201
    },
    "Pledger": {
        "tp": 0,
        "fp": 0,
        "fn": 0,
        "f1": 0,
        "precision": 0,
        "recall": 0
    },
    "PledgedShares": {
        "tp": 2343,
        "fp": 876,
        "fn": 528,
        "f1": 0.7694581280788177,
        "precision": 0.727865796831314,
        "recall": 0.8160919540229885
    },
    "Pledgee": {
        "tp": 2014,
        "fp": 159,
        "fn": 118,
        "f1": 0.9356562137049942,
        "precision": 0.926829268292683,
        "recall": 0.9446529080675422
    },
    "TotalPledgedShares": {
        "tp": 1094,
        "fp": 452,
        "fn": 276,
        "f1": 0.7503429355281206,
        "precision": 0.7076326002587322,
        "recall": 0.7985401459854015
    },
    "ReleasedDate": {
        "tp": 456,
        "fp": 491,
        "fn": 305,
        "f1": 0.5339578454332553,
        "precision": 0.4815205913410771,
        "recall": 0.5992115637319316
    },
    "StockCode": {
        "tp": 3231,
        "fp": 12,
        "fn": 17,
        "f1": 0.9955322754583269,
        "precision": 0.996299722479186,
        "recall": 0.9947660098522167
    },
    "StockAbbr": {
        "tp": 4019,
        "fp": 583,
        "fn": 1076,
        "f1": 0.8289161596370012,
        "precision": 0.873315949587136,
        "recall": 0.7888125613346418
    },
    "precision": 0.8104516962617638,
    "recall": 0.8365835195732103,
    "micro_f1": 0.8233103044600335,
    "macro_f1": 0.697174950520249
}