{
    "EquityHolder": {
        "tp": 8232,
        "fp": 1496,
        "fn": 1381,
        "f1": 0.8512486427795873,
        "precision": 0.8462171052631579,
        "recall": 0.8563403724123583
    },
    "FrozeShares": {
        "tp": 69,
        "fp": 129,
        "fn": 229,
        "f1": 0.2782258064516129,
        "precision": 0.3484848484848485,
        "recall": 0.23154362416107382
    },
    "LegalInstitution": {
        "tp": 444,
        "fp": 59,
        "fn": 58,
        "f1": 0.8835820895522388,
        "precision": 0.882703777335984,
        "recall": 0.8844621513944223
    },
    "TotalHoldingShares": {
        "tp": 1736,
        "fp": 570,
        "fn": 423,
        "f1": 0.7776035834266518,
        "precision": 0.7528187337380746,
        "recall": 0.8040759610930986
    },
    "TotalHoldingRatio": {
        "tp": 1431,
        "fp": 313,
        "fn": 294,
        "f1": 0.8250216200634188,
        "precision": 0.8205275229357798,
        "recall": 0.8295652173913044
    },
    "StartDate": {
        "tp": 3761,
        "fp": 1138,
        "fn": 1270,
        "f1": 0.7575025176233635,
        "precision": 0.7677076954480506,
        "recall": 0.7475650964023057
    },
    "EndDate": {
        "tp": 1013,
        "fp": 516,
        "fn": 497,
        "f1": 0.6666666666666666,
        "precision": 0.6625245258338783,
        "recall": 0.6708609271523179
    },
    "UnfrozeDate": {
        "tp": 4,
        "fp": 5,
        "fn": 14,
        "f1": 0.2962962962962963,
        "precision": 0.4444444444444444,
        "recall": 0.2222222222222222
    },
    "CompanyName": {
        "tp": 9596,
        "fp": 351,
        "fn": 486,
        "f1": 0.9582105946377752,
        "precision": 0.9647129787875741,
        "recall": 0.9517952787145407
    },
    "HighestTradingPrice": {
        "tp": 1374,
        "fp": 1409,
        "fn": 250,
        "f1": 0.6235534377127298,
        "precision": 0.4937118217750629,
        "recall": 0.8460591133004927
    },
    "LowestTradingPrice": {
        "tp": 16,
        "fp": 0,
        "fn": 1024,
        "f1": 0.030303030303030307,
        "precision": 1.0,
        "recall": 0.015384615384615385
    },
    "RepurchasedShares": {
        "tp": 1437,
        "fp": 239,
        "fn": 130,
        "f1": 0.8862164662349676,
        "precision": 0.8573985680190931,
        "recall": 0.9170389278876835
    },
    "ClosingDate": {
        "tp": 1101,
        "fp": 551,
        "fn": 547,
        "f1": 0.6672727272727274,
        "precision": 0.6664648910411622,
        "recall": 0.6680825242718447
    },
    "RepurchaseAmount": {
        "tp": 1219,
        "fp": 306,
        "fn": 207,
        "f1": 0.8261606235174518,
        "precision": 0.7993442622950819,
        "recall": 0.8548387096774194
    },
    "TradedShares": {
        "tp": 882,
        "fp": 381,
        "fn": 252,
        "f1": 0.7359198998748435,
        "precision": 0.6983372921615202,
        "recall": 0.7777777777777778
    },
    "LaterHoldingShares": {
        "tp": 100,
        "fp": 245,
        "fn": 321,
        "f1": 0.26109660574412535,
        "precision": 0.2898550724637681,
        "recall": 0.2375296912114014
    },
    "AveragePrice": {
        "tp": 194,
        "fp": 71,
        "fn": 15,
        "f1": 0.8185654008438819,
        "precision": 0.7320754716981132,
        "recall": 0.9282296650717703
    },
    "Pledger": {
        "tp": 0,
        "fp": 0,
        "fn": 0,
        "f1": 0,
        "precision": 0,
        "recall": 0
    },
    "PledgedShares": {
        "tp": 2127,
        "fp": 778,
        "fn": 744,
        "f1": 0.7364958448753463,
        "precision": 0.7321858864027538,
        "recall": 0.7408568443051202
    },
    "Pledgee": {
        "tp": 2010,
        "fp": 151,
        "fn": 122,
        "f1": 0.936408106219427,
        "precision": 0.9301249421564091,
        "recall": 0.9427767354596623
    },
    "TotalPledgedShares": {
        "tp": 1080,
        "fp": 458,
        "fn": 290,
        "f1": 0.7427785419532325,
        "precision": 0.7022106631989596,
        "recall": 0.7883211678832117
    },
    "ReleasedDate": {
        "tp": 460,
        "fp": 401,
        "fn": 301,
        "f1": 0.5672009864364983,
        "precision": 0.5342624854819977,
        "recall": 0.6044678055190539
    },
    "StockCode": {
        "tp": 3234,
        "fp": 10,
        "fn": 14,
        "f1": 0.9963031423290204,
        "precision": 0.9969173859432799,
        "recall": 0.9956896551724138
    },
    "StockAbbr": {
        "tp": 3996,
        "fp": 597,
        "fn": 1099,
        "f1": 0.8249380677126342,
        "precision": 0.8700195950359242,
        "recall": 0.7842983316977429
    },
    "precision": 0.8173101095349254,
    "recall": 0.8203446038497585,
    "micro_f1": 0.8188245453073559,
    "macro_f1": 0.6644821124386469
}