{
    "EquityHolder": {
        "tp": 8208,
        "fp": 1498,
        "fn": 1405,
        "f1": 0.8497334230550236,
        "precision": 0.8456624768184628,
        "recall": 0.8538437532508062
    },
    "FrozeShares": {
        "tp": 108,
        "fp": 142,
        "fn": 190,
        "f1": 0.3941605839416058,
        "precision": 0.432,
        "recall": 0.3624161073825503
    },
    "LegalInstitution": {
        "tp": 440,
        "fp": 64,
        "fn": 62,
        "f1": 0.8747514910536779,
        "precision": 0.873015873015873,
        "recall": 0.8764940239043825
    },
    "TotalHoldingShares": {
        "tp": 1728,
        "fp": 571,
        "fn": 431,
        "f1": 0.775235531628533,
        "precision": 0.7516311439756416,
        "recall": 0.8003705419175544
    },
    "TotalHoldingRatio": {
        "tp": 1488,
        "fp": 472,
        "fn": 237,
        "f1": 0.8075983717774762,
        "precision": 0.7591836734693878,
        "recall": 0.8626086956521739
    },
    "StartDate": {
        "tp": 4064,
        "fp": 1755,
        "fn": 967,
        "f1": 0.7491244239631337,
        "precision": 0.6984017872486682,
        "recall": 0.8077916915126218
    },
    "EndDate": {
        "tp": 949,
        "fp": 491,
        "fn": 561,
        "f1": 0.6433898305084744,
        "precision": 0.6590277777777778,
        "recall": 0.628476821192053
    },
    "UnfrozeDate": {
        "tp": 7,
        "fp": 11,
        "fn": 11,
        "f1": 0.3888888888888889,
        "precision": 0.3888888888888889,
        "recall": 0.3888888888888889
    },
    "CompanyName": {
        "tp": 9572,
        "fp": 350,
        "fn": 510,
        "f1": 0.957008598280344,
        "precision": 0.9647248538601089,
        "recall": 0.9494147986510613
    },
    "HighestTradingPrice": {
        "tp": 1343,
        "fp": 463,
        "fn": 281,
        "f1": 0.7830903790087463,
        "precision": 0.7436323366555925,
        "recall": 0.8269704433497537
    },
    "LowestTradingPrice": {
        "tp": 836,
        "fp": 162,
        "fn": 204,
        "f1": 0.8204121687929342,
        "precision": 0.8376753507014028,
        "recall": 0.8038461538461539
    },
    "RepurchasedShares": {
        "tp": 1411,
        "fp": 238,
        "fn": 156,
        "f1": 0.8774875621890547,
        "precision": 0.8556701030927835,
        "recall": 0.9004467134652202
    },
    "ClosingDate": {
        "tp": 1072,
        "fp": 618,
        "fn": 576,
        "f1": 0.6423007789095267,
        "precision": 0.6343195266272189,
        "recall": 0.6504854368932039
    },
    "RepurchaseAmount": {
        "tp": 1273,
        "fp": 344,
        "fn": 153,
        "f1": 0.8366743345382845,
        "precision": 0.7872603586889301,
        "recall": 0.8927068723702665
    },
    "TradedShares": {
        "tp": 819,
        "fp": 323,
        "fn": 315,
        "f1": 0.7196836555360281,
        "precision": 0.7171628721541156,
        "recall": 0.7222222222222222
    },
    "LaterHoldingShares": {
        "tp": 88,
        "fp": 248,
        "fn": 333,
        "f1": 0.23249669749009247,
        "precision": 0.2619047619047619,
        "recall": 0.20902612826603326
    },
    "AveragePrice": {
        "tp": 194,
        "fp": 68,
        "fn": 15,
        "f1": 0.8237791932059448,
        "precision": 0.7404580152671756,
        "recall": 0.9282296650717703
    },
    "Pledger": {
        "tp": 0,
        "fp": 0,
        "fn": 0,
        "f1": 0,
        "precision": 0,
        "recall": 0
    },
    "PledgedShares": {
        "tp": 2331,
        "fp": 817,
        "fn": 540,
        "f1": 0.7745472669878717,
        "precision": 0.7404701397712834,
        "recall": 0.8119122257053292
    },
    "Pledgee": {
        "tp": 2022,
        "fp": 153,
        "fn": 110,
        "f1": 0.938936614813095,
        "precision": 0.9296551724137931,
        "recall": 0.948405253283302
    },
    "TotalPledgedShares": {
        "tp": 1121,
        "fp": 425,
        "fn": 249,
        "f1": 0.7688614540466391,
        "precision": 0.7250970245795602,
        "recall": 0.8182481751824817
    },
    "ReleasedDate": {
        "tp": 435,
        "fp": 386,
        "fn": 326,
        "f1": 0.549936788874842,
        "precision": 0.5298416565164433,
        "recall": 0.5716162943495401
    },
    "StockCode": {
        "tp": 3234,
        "fp": 12,
        "fn": 14,
        "f1": 0.9959963042808747,
        "precision": 0.9963031423290203,
        "recall": 0.9956896551724138
    },
    "StockAbbr": {
        "tp": 4138,
        "fp": 547,
        "fn": 957,
        "f1": 0.8462167689161554,
        "precision": 0.8832443970117396,
        "recall": 0.8121687929342493
    },
    "precision": 0.8219113238310629,
    "recall": 0.8449462908225794,
    "micro_f1": 0.8332696426508357,
    "macro_f1": 0.7104296296119684
}