{
    "EquityHolder": {
        "tp": 7007,
        "fp": 1372,
        "fn": 2606,
        "f1": 0.7789017341040462,
        "precision": 0.8362573099415205,
        "recall": 0.728908769374805
    },
    "FrozeShares": {
        "tp": 0,
        "fp": 0,
        "fn": 298,
        "f1": 0,
        "precision": 0,
        "recall": 0
    },
    "LegalInstitution": {
        "tp": 161,
        "fp": 18,
        "fn": 341,
        "f1": 0.47283406754772395,
        "precision": 0.8994413407821229,
        "recall": 0.3207171314741036
    },
    "TotalHoldingShares": {
        "tp": 1762,
        "fp": 930,
        "fn": 397,
        "f1": 0.7264481550195836,
        "precision": 0.6545319465081724,
        "recall": 0.8161185734136174
    },
    "TotalHoldingRatio": {
        "tp": 1327,
        "fp": 418,
        "fn": 398,
        "f1": 0.7648414985590778,
        "precision": 0.760458452722063,
        "recall": 0.7692753623188405
    },
    "StartDate": {
        "tp": 4141,
        "fp": 3151,
        "fn": 890,
        "f1": 0.672076604722876,
        "precision": 0.5678826110806363,
        "recall": 0.8230967998409859
    },
    "EndDate": {
        "tp": 597,
        "fp": 378,
        "fn": 913,
        "f1": 0.48048289738430583,
        "precision": 0.6123076923076923,
        "recall": 0.39536423841059604
    },
    "UnfrozeDate": {
        "tp": 0,
        "fp": 0,
        "fn": 18,
        "f1": 0,
        "precision": 0,
        "recall": 0
    },
    "CompanyName": {
        "tp": 9942,
        "fp": 410,
        "fn": 140,
        "f1": 0.9730840755603405,
        "precision": 0.9603941267387944,
        "recall": 0.9861138662963698
    },
    "HighestTradingPrice": {
        "tp": 392,
        "fp": 2495,
        "fn": 1232,
        "f1": 0.17379738417202395,
        "precision": 0.13578108763422236,
        "recall": 0.2413793103448276
    },
    "LowestTradingPrice": {
        "tp": 0,
        "fp": 0,
        "fn": 1040,
        "f1": 0,
        "precision": 0,
        "recall": 0
    },
    "RepurchasedShares": {
        "tp": 442,
        "fp": 51,
        "fn": 1125,
        "f1": 0.429126213592233,
        "precision": 0.896551724137931,
        "recall": 0.2820676451818762
    },
    "ClosingDate": {
        "tp": 0,
        "fp": 0,
        "fn": 1648,
        "f1": 0,
        "precision": 0,
        "recall": 0
    },
    "RepurchaseAmount": {
        "tp": 0,
        "fp": 0,
        "fn": 1426,
        "f1": 0,
        "precision": 0,
        "recall": 0
    },
    "TradedShares": {
        "tp": 585,
        "fp": 305,
        "fn": 549,
        "f1": 0.5780632411067194,
        "precision": 0.6573033707865169,
        "recall": 0.5158730158730159
    },
    "LaterHoldingShares": {
        "tp": 1,
        "fp": 6,
        "fn": 420,
        "f1": 0.004672897196261683,
        "precision": 0.14285714285714285,
        "recall": 0.0023752969121140144
    },
    "AveragePrice": {
        "tp": 146,
        "fp": 88,
        "fn": 63,
        "f1": 0.6591422121896163,
        "precision": 0.6239316239316239,
        "recall": 0.6985645933014354
    },
    "Pledger": {
        "tp": 0,
        "fp": 0,
        "fn": 0,
        "f1": 0,
        "precision": 0,
        "recall": 0
    },
    "PledgedShares": {
        "tp": 2473,
        "fp": 955,
        "fn": 398,
        "f1": 0.7852040006350213,
        "precision": 0.7214119019836639,
        "recall": 0.8613723441309649
    },
    "Pledgee": {
        "tp": 1992,
        "fp": 277,
        "fn": 140,
        "f1": 0.9052488070892979,
        "precision": 0.8779197884530631,
        "recall": 0.9343339587242027
    },
    "TotalPledgedShares": {
        "tp": 1102,
        "fp": 418,
        "fn": 268,
        "f1": 0.7626297577854672,
        "precision": 0.725,
        "recall": 0.8043795620437956
    },
    "ReleasedDate": {
        "tp": 198,
        "fp": 109,
        "fn": 563,
        "f1": 0.37078651685393255,
        "precision": 0.6449511400651465,
        "recall": 0.26018396846254926
    },
    "StockCode": {
        "tp": 3206,
        "fp": 22,
        "fn": 42,
        "f1": 0.9901173563928349,
        "precision": 0.993184634448575,
        "recall": 0.9870689655172413
    },
    "StockAbbr": {
        "tp": 3458,
        "fp": 303,
        "fn": 1637,
        "f1": 0.7809394760614272,
        "precision": 0.9194363201276257,
        "recall": 0.6787046123650637
    },
    "precision": 0.7688297326118725,
    "recall": 0.7016797635354336,
    "micro_f1": 0.7337215657450857,
    "macro_f1": 0.4711832039988663
}