{
    "EquityHolder": {
        "tp": 8256,
        "fp": 1516,
        "fn": 1357,
        "f1": 0.8517926231622388,
        "precision": 0.8448628735161686,
        "recall": 0.8588369915739104
    },
    "FrozeShares": {
        "tp": 112,
        "fp": 149,
        "fn": 186,
        "f1": 0.4007155635062612,
        "precision": 0.42911877394636017,
        "recall": 0.37583892617449666
    },
    "LegalInstitution": {
        "tp": 440,
        "fp": 63,
        "fn": 62,
        "f1": 0.8756218905472636,
        "precision": 0.8747514910536779,
        "recall": 0.8764940239043825
    },
    "TotalHoldingShares": {
        "tp": 1696,
        "fp": 567,
        "fn": 463,
        "f1": 0.7670737222976028,
        "precision": 0.7494476358815731,
        "recall": 0.7855488652153775
    },
    "TotalHoldingRatio": {
        "tp": 1387,
        "fp": 273,
        "fn": 338,
        "f1": 0.8194977843426883,
        "precision": 0.8355421686746988,
        "recall": 0.8040579710144927
    },
    "StartDate": {
        "tp": 3723,
        "fp": 1210,
        "fn": 1308,
        "f1": 0.7472902448815737,
        "precision": 0.7547131562943442,
        "recall": 0.7400119260584377
    },
    "EndDate": {
        "tp": 983,
        "fp": 516,
        "fn": 527,
        "f1": 0.6533732136922566,
        "precision": 0.6557705136757839,
        "recall": 0.6509933774834437
    },
    "UnfrozeDate": {
        "tp": 8,
        "fp": 9,
        "fn": 10,
        "f1": 0.45714285714285713,
        "precision": 0.47058823529411764,
        "recall": 0.4444444444444444
    },
    "CompanyName": {
        "tp": 9569,
        "fp": 383,
        "fn": 513,
        "f1": 0.9552760307477289,
        "precision": 0.9615152733118971,
        "recall": 0.9491172386431264
    },
    "HighestTradingPrice": {
        "tp": 1357,
        "fp": 403,
        "fn": 267,
        "f1": 0.8020094562647754,
        "precision": 0.7710227272727272,
        "recall": 0.8355911330049262
    },
    "LowestTradingPrice": {
        "tp": 877,
        "fp": 158,
        "fn": 163,
        "f1": 0.8453012048192771,
        "precision": 0.8473429951690822,
        "recall": 0.8432692307692308
    },
    "RepurchasedShares": {
        "tp": 1444,
        "fp": 236,
        "fn": 123,
        "f1": 0.8894364028333845,
        "precision": 0.8595238095238096,
        "recall": 0.9215060625398851
    },
    "ClosingDate": {
        "tp": 1171,
        "fp": 613,
        "fn": 477,
        "f1": 0.6824009324009324,
        "precision": 0.656390134529148,
        "recall": 0.7105582524271845
    },
    "RepurchaseAmount": {
        "tp": 1284,
        "fp": 332,
        "fn": 142,
        "f1": 0.844181459566075,
        "precision": 0.7945544554455446,
        "recall": 0.9004207573632539
    },
    "TradedShares": {
        "tp": 836,
        "fp": 361,
        "fn": 298,
        "f1": 0.7172887172887172,
        "precision": 0.6984126984126984,
        "recall": 0.7372134038800705
    },
    "LaterHoldingShares": {
        "tp": 85,
        "fp": 240,
        "fn": 336,
        "f1": 0.22788203753351208,
        "precision": 0.26153846153846155,
        "recall": 0.20190023752969122
    },
    "AveragePrice": {
        "tp": 196,
        "fp": 59,
        "fn": 13,
        "f1": 0.8448275862068966,
        "precision": 0.7686274509803922,
        "recall": 0.937799043062201
    },
    "Pledger": {
        "tp": 0,
        "fp": 0,
        "fn": 0,
        "f1": 0,
        "precision": 0,
        "recall": 0
    },
    "PledgedShares": {
        "tp": 2468,
        "fp": 946,
        "fn": 403,
        "f1": 0.7853619729514718,
        "precision": 0.7229056824838899,
        "recall": 0.8596307906652734
    },
    "Pledgee": {
        "tp": 2023,
        "fp": 161,
        "fn": 109,
        "f1": 0.9374420759962928,
        "precision": 0.9262820512820513,
        "recall": 0.948874296435272
    },
    "TotalPledgedShares": {
        "tp": 1127,
        "fp": 465,
        "fn": 243,
        "f1": 0.7609723160027009,
        "precision": 0.7079145728643216,
        "recall": 0.8226277372262774
    },
    "ReleasedDate": {
        "tp": 454,
        "fp": 412,
        "fn": 307,
        "f1": 0.558082360172096,
        "precision": 0.5242494226327945,
        "recall": 0.5965834428383706
    },
    "StockCode": {
        "tp": 3233,
        "fp": 13,
        "fn": 15,
        "f1": 0.9956883276870958,
        "precision": 0.9959950708564387,
        "recall": 0.9953817733990148
    },
    "StockAbbr": {
        "tp": 4118,
        "fp": 574,
        "fn": 977,
        "f1": 0.8415244712373557,
        "precision": 0.8776641091219096,
        "recall": 0.808243375858685
    },
    "precision": 0.8290624004530492,
    "recall": 0.8443335015499964,
    "micro_f1": 0.836628270381284,
    "macro_f1": 0.7191743021367109
}