{
    "EquityHolder": {
        "tp": 8330,
        "fp": 1569,
        "fn": 1283,
        "f1": 0.8538335383353833,
        "precision": 0.8414991413274068,
        "recall": 0.8665349006553625
    },
    "FrozeShares": {
        "tp": 99,
        "fp": 151,
        "fn": 199,
        "f1": 0.3613138686131387,
        "precision": 0.396,
        "recall": 0.33221476510067116
    },
    "LegalInstitution": {
        "tp": 445,
        "fp": 69,
        "fn": 57,
        "f1": 0.8759842519685039,
        "precision": 0.8657587548638133,
        "recall": 0.8864541832669323
    },
    "TotalHoldingShares": {
        "tp": 1732,
        "fp": 668,
        "fn": 427,
        "f1": 0.759815749067778,
        "precision": 0.7216666666666667,
        "recall": 0.8022232515053266
    },
    "TotalHoldingRatio": {
        "tp": 1440,
        "fp": 392,
        "fn": 285,
        "f1": 0.8096710711273544,
        "precision": 0.7860262008733624,
        "recall": 0.8347826086956521
    },
    "StartDate": {
        "tp": 3789,
        "fp": 1348,
        "fn": 1242,
        "f1": 0.7452793076317861,
        "precision": 0.7375900330932451,
        "recall": 0.7531305903398927
    },
    "EndDate": {
        "tp": 1069,
        "fp": 613,
        "fn": 441,
        "f1": 0.6697994987468672,
        "precision": 0.6355529131985731,
        "recall": 0.7079470198675497
    },
    "UnfrozeDate": {
        "tp": 2,
        "fp": 3,
        "fn": 16,
        "f1": 0.1739130434782609,
        "precision": 0.4,
        "recall": 0.1111111111111111
    },
    "CompanyName": {
        "tp": 9622,
        "fp": 381,
        "fn": 460,
        "f1": 0.9581279561862087,
        "precision": 0.9619114265720284,
        "recall": 0.9543741321166436
    },
    "HighestTradingPrice": {
        "tp": 1437,
        "fp": 1391,
        "fn": 187,
        "f1": 0.6455525606469003,
        "precision": 0.5081329561527581,
        "recall": 0.8848522167487685
    },
    "LowestTradingPrice": {
        "tp": 0,
        "fp": 0,
        "fn": 1040,
        "f1": 0,
        "precision": 0,
        "recall": 0
    },
    "RepurchasedShares": {
        "tp": 1472,
        "fp": 292,
        "fn": 95,
        "f1": 0.8838186730711497,
        "precision": 0.8344671201814059,
        "recall": 0.9393746011486918
    },
    "ClosingDate": {
        "tp": 1091,
        "fp": 749,
        "fn": 557,
        "f1": 0.6255733944954129,
        "precision": 0.5929347826086957,
        "recall": 0.6620145631067961
    },
    "RepurchaseAmount": {
        "tp": 1249,
        "fp": 297,
        "fn": 177,
        "f1": 0.8405114401076715,
        "precision": 0.8078913324708926,
        "recall": 0.8758765778401122
    },
    "TradedShares": {
        "tp": 934,
        "fp": 488,
        "fn": 200,
        "f1": 0.730829420970266,
        "precision": 0.6568213783403657,
        "recall": 0.8236331569664903
    },
    "LaterHoldingShares": {
        "tp": 85,
        "fp": 257,
        "fn": 336,
        "f1": 0.22280471821756226,
        "precision": 0.24853801169590642,
        "recall": 0.20190023752969122
    },
    "AveragePrice": {
        "tp": 198,
        "fp": 77,
        "fn": 11,
        "f1": 0.8181818181818181,
        "precision": 0.72,
        "recall": 0.9473684210526315
    },
    "Pledger": {
        "tp": 0,
        "fp": 0,
        "fn": 0,
        "f1": 0,
        "precision": 0,
        "recall": 0
    },
    "PledgedShares": {
        "tp": 2518,
        "fp": 907,
        "fn": 353,
        "f1": 0.7998729351969506,
        "precision": 0.7351824817518248,
        "recall": 0.8770463253221874
    },
    "Pledgee": {
        "tp": 2011,
        "fp": 169,
        "fn": 121,
        "f1": 0.9327458256029685,
        "precision": 0.9224770642201835,
        "recall": 0.9432457786116323
    },
    "TotalPledgedShares": {
        "tp": 1096,
        "fp": 377,
        "fn": 274,
        "f1": 0.7710165318325712,
        "precision": 0.7440597420230821,
        "recall": 0.8
    },
    "ReleasedDate": {
        "tp": 472,
        "fp": 507,
        "fn": 289,
        "f1": 0.5425287356321838,
        "precision": 0.4821246169560776,
        "recall": 0.6202365308804205
    },
    "StockCode": {
        "tp": 3236,
        "fp": 9,
        "fn": 12,
        "f1": 0.9967657477283229,
        "precision": 0.9972265023112481,
        "recall": 0.9963054187192119
    },
    "StockAbbr": {
        "tp": 4108,
        "fp": 687,
        "fn": 987,
        "f1": 0.8307381193124368,
        "precision": 0.856725755995829,
        "recall": 0.8062806673209029
    },
    "precision": 0.8028736427138806,
    "recall": 0.8369079374234013,
    "micro_f1": 0.8195375926579598,
    "macro_f1": 0.660361591922979
}