{
    "EquityHolder": {
        "tp": 8300,
        "fp": 1507,
        "fn": 1313,
        "f1": 0.854788877445932,
        "precision": 0.8463342510451718,
        "recall": 0.8634141267034224
    },
    "FrozeShares": {
        "tp": 95,
        "fp": 147,
        "fn": 203,
        "f1": 0.3518518518518518,
        "precision": 0.3925619834710744,
        "recall": 0.3187919463087248
    },
    "LegalInstitution": {
        "tp": 444,
        "fp": 68,
        "fn": 58,
        "f1": 0.8757396449704142,
        "precision": 0.8671875,
        "recall": 0.8844621513944223
    },
    "TotalHoldingShares": {
        "tp": 1805,
        "fp": 803,
        "fn": 354,
        "f1": 0.7572897000209775,
        "precision": 0.692101226993865,
        "recall": 0.8360352014821677
    },
    "TotalHoldingRatio": {
        "tp": 1509,
        "fp": 542,
        "fn": 216,
        "f1": 0.7992584745762712,
        "precision": 0.7357386640663092,
        "recall": 0.8747826086956522
    },
    "StartDate": {
        "tp": 3685,
        "fp": 1259,
        "fn": 1346,
        "f1": 0.7388471177944862,
        "precision": 0.7453478964401294,
        "recall": 0.7324587557145696
    },
    "EndDate": {
        "tp": 1014,
        "fp": 677,
        "fn": 496,
        "f1": 0.6335520149953139,
        "precision": 0.5996451803666469,
        "recall": 0.671523178807947
    },
    "UnfrozeDate": {
        "tp": 9,
        "fp": 12,
        "fn": 9,
        "f1": 0.4615384615384615,
        "precision": 0.42857142857142855,
        "recall": 0.5
    },
    "CompanyName": {
        "tp": 9599,
        "fp": 376,
        "fn": 483,
        "f1": 0.9571720596300543,
        "precision": 0.9623057644110276,
        "recall": 0.9520928387224757
    },
    "HighestTradingPrice": {
        "tp": 1432,
        "fp": 516,
        "fn": 192,
        "f1": 0.801791713325868,
        "precision": 0.7351129363449692,
        "recall": 0.8817733990147784
    },
    "LowestTradingPrice": {
        "tp": 780,
        "fp": 92,
        "fn": 260,
        "f1": 0.815899581589958,
        "precision": 0.8944954128440367,
        "recall": 0.75
    },
    "RepurchasedShares": {
        "tp": 1445,
        "fp": 276,
        "fn": 122,
        "f1": 0.8789537712895377,
        "precision": 0.8396281231841952,
        "recall": 0.9221442246330568
    },
    "ClosingDate": {
        "tp": 1183,
        "fp": 707,
        "fn": 465,
        "f1": 0.6687394007914076,
        "precision": 0.6259259259259259,
        "recall": 0.7178398058252428
    },
    "RepurchaseAmount": {
        "tp": 1286,
        "fp": 346,
        "fn": 140,
        "f1": 0.8410725964682798,
        "precision": 0.7879901960784313,
        "recall": 0.9018232819074333
    },
    "TradedShares": {
        "tp": 790,
        "fp": 341,
        "fn": 344,
        "f1": 0.6975717439293598,
        "precision": 0.6984969053934571,
        "recall": 0.6966490299823633
    },
    "LaterHoldingShares": {
        "tp": 102,
        "fp": 323,
        "fn": 319,
        "f1": 0.24113475177304963,
        "precision": 0.24,
        "recall": 0.24228028503562946
    },
    "AveragePrice": {
        "tp": 197,
        "fp": 83,
        "fn": 12,
        "f1": 0.8057259713701432,
        "precision": 0.7035714285714286,
        "recall": 0.9425837320574163
    },
    "Pledger": {
        "tp": 0,
        "fp": 0,
        "fn": 0,
        "f1": 0,
        "precision": 0,
        "recall": 0
    },
    "PledgedShares": {
        "tp": 2300,
        "fp": 827,
        "fn": 571,
        "f1": 0.7669223074358119,
        "precision": 0.7355292612727854,
        "recall": 0.8011145942180425
    },
    "Pledgee": {
        "tp": 2023,
        "fp": 162,
        "fn": 109,
        "f1": 0.9372249247162381,
        "precision": 0.925858123569794,
        "recall": 0.948874296435272
    },
    "TotalPledgedShares": {
        "tp": 1193,
        "fp": 552,
        "fn": 177,
        "f1": 0.7659711075441412,
        "precision": 0.6836676217765043,
        "recall": 0.8708029197080291
    },
    "ReleasedDate": {
        "tp": 486,
        "fp": 571,
        "fn": 275,
        "f1": 0.5346534653465347,
        "precision": 0.4597918637653737,
        "recall": 0.6386333771353482
    },
    "StockCode": {
        "tp": 3233,
        "fp": 12,
        "fn": 15,
        "f1": 0.9958416756507007,
        "precision": 0.9963020030816641,
        "recall": 0.9953817733990148
    },
    "StockAbbr": {
        "tp": 4060,
        "fp": 578,
        "fn": 1035,
        "f1": 0.8342751464091236,
        "precision": 0.8753773178094006,
        "recall": 0.7968596663395485
    },
    "precision": 0.8133755866105599,
    "recall": 0.8465503568596352,
    "micro_f1": 0.8296314613489238,
    "macro_f1": 0.7089923483526633
}