{
    "EquityHolder": {
        "tp": 8238,
        "fp": 1472,
        "fn": 1375,
        "f1": 0.8526626300263933,
        "precision": 0.8484037075180226,
        "recall": 0.8569645272027463
    },
    "FrozeShares": {
        "tp": 94,
        "fp": 132,
        "fn": 204,
        "f1": 0.35877862595419846,
        "precision": 0.415929203539823,
        "recall": 0.31543624161073824
    },
    "LegalInstitution": {
        "tp": 445,
        "fp": 71,
        "fn": 57,
        "f1": 0.8742632612966601,
        "precision": 0.8624031007751938,
        "recall": 0.8864541832669323
    },
    "TotalHoldingShares": {
        "tp": 1760,
        "fp": 677,
        "fn": 399,
        "f1": 0.7658833768494342,
        "precision": 0.7221994255231843,
        "recall": 0.8151922186197313
    },
    "TotalHoldingRatio": {
        "tp": 1490,
        "fp": 432,
        "fn": 235,
        "f1": 0.8171099533863448,
        "precision": 0.7752341311134235,
        "recall": 0.863768115942029
    },
    "StartDate": {
        "tp": 3742,
        "fp": 1144,
        "fn": 1289,
        "f1": 0.7546637087828981,
        "precision": 0.765861645517806,
        "recall": 0.7437885112303717
    },
    "EndDate": {
        "tp": 976,
        "fp": 483,
        "fn": 534,
        "f1": 0.6574604243853149,
        "precision": 0.6689513365318711,
        "recall": 0.6463576158940397
    },
    "UnfrozeDate": {
        "tp": 7,
        "fp": 8,
        "fn": 11,
        "f1": 0.42424242424242425,
        "precision": 0.4666666666666667,
        "recall": 0.3888888888888889
    },
    "CompanyName": {
        "tp": 9562,
        "fp": 368,
        "fn": 520,
        "f1": 0.9556266240255846,
        "precision": 0.9629405840886204,
        "recall": 0.9484229319579448
    },
    "HighestTradingPrice": {
        "tp": 1376,
        "fp": 931,
        "fn": 248,
        "f1": 0.7000763164589163,
        "precision": 0.5964456003467707,
        "recall": 0.8472906403940886
    },
    "LowestTradingPrice": {
        "tp": 501,
        "fp": 21,
        "fn": 539,
        "f1": 0.6414852752880922,
        "precision": 0.9597701149425287,
        "recall": 0.48173076923076924
    },
    "RepurchasedShares": {
        "tp": 1420,
        "fp": 238,
        "fn": 147,
        "f1": 0.8806201550387597,
        "precision": 0.856453558504222,
        "recall": 0.9061901723037652
    },
    "ClosingDate": {
        "tp": 889,
        "fp": 521,
        "fn": 759,
        "f1": 0.5814257684761281,
        "precision": 0.6304964539007092,
        "recall": 0.5394417475728155
    },
    "RepurchaseAmount": {
        "tp": 1246,
        "fp": 343,
        "fn": 180,
        "f1": 0.8265339966832503,
        "precision": 0.7841409691629956,
        "recall": 0.8737727910238429
    },
    "TradedShares": {
        "tp": 826,
        "fp": 308,
        "fn": 308,
        "f1": 0.7283950617283951,
        "precision": 0.7283950617283951,
        "recall": 0.7283950617283951
    },
    "LaterHoldingShares": {
        "tp": 82,
        "fp": 231,
        "fn": 339,
        "f1": 0.22343324250681199,
        "precision": 0.26198083067092653,
        "recall": 0.19477434679334918
    },
    "AveragePrice": {
        "tp": 196,
        "fp": 64,
        "fn": 13,
        "f1": 0.835820895522388,
        "precision": 0.7538461538461538,
        "recall": 0.937799043062201
    },
    "Pledger": {
        "tp": 0,
        "fp": 0,
        "fn": 0,
        "f1": 0,
        "precision": 0,
        "recall": 0
    },
    "PledgedShares": {
        "tp": 2371,
        "fp": 858,
        "fn": 500,
        "f1": 0.7773770491803279,
        "precision": 0.7342830597708269,
        "recall": 0.8258446534308603
    },
    "Pledgee": {
        "tp": 2024,
        "fp": 172,
        "fn": 108,
        "f1": 0.9353049907578558,
        "precision": 0.9216757741347905,
        "recall": 0.949343339587242
    },
    "TotalPledgedShares": {
        "tp": 1116,
        "fp": 452,
        "fn": 254,
        "f1": 0.7597004765146359,
        "precision": 0.7117346938775511,
        "recall": 0.8145985401459854
    },
    "ReleasedDate": {
        "tp": 434,
        "fp": 437,
        "fn": 327,
        "f1": 0.5318627450980392,
        "precision": 0.49827784156142363,
        "recall": 0.5703022339027596
    },
    "StockCode": {
        "tp": 3235,
        "fp": 9,
        "fn": 13,
        "f1": 0.996611213801602,
        "precision": 0.9972256473489519,
        "recall": 0.9959975369458128
    },
    "StockAbbr": {
        "tp": 4114,
        "fp": 619,
        "fn": 981,
        "f1": 0.8371998371998373,
        "precision": 0.8692161419818297,
        "recall": 0.8074582924435721
    },
    "precision": 0.8220183486238533,
    "recall": 0.8316631821786461,
    "micro_f1": 0.8268126394251875,
    "macro_f1": 0.6965224188835121
}