{
    "EquityHolder": {
        "tp": 8160,
        "fp": 1386,
        "fn": 1453,
        "f1": 0.8518189884649512,
        "precision": 0.8548082966687618,
        "recall": 0.848850514927702
    },
    "FrozeShares": {
        "tp": 106,
        "fp": 147,
        "fn": 192,
        "f1": 0.38475499092558985,
        "precision": 0.4189723320158103,
        "recall": 0.35570469798657717
    },
    "LegalInstitution": {
        "tp": 439,
        "fp": 64,
        "fn": 63,
        "f1": 0.87363184079602,
        "precision": 0.8727634194831014,
        "recall": 0.8745019920318725
    },
    "TotalHoldingShares": {
        "tp": 1763,
        "fp": 686,
        "fn": 396,
        "f1": 0.7651909722222223,
        "precision": 0.7198856676194365,
        "recall": 0.8165817508105604
    },
    "TotalHoldingRatio": {
        "tp": 1461,
        "fp": 402,
        "fn": 264,
        "f1": 0.8143812709030099,
        "precision": 0.784219001610306,
        "recall": 0.8469565217391304
    },
    "StartDate": {
        "tp": 3763,
        "fp": 1175,
        "fn": 1268,
        "f1": 0.7549403149764269,
        "precision": 0.7620494127176994,
        "recall": 0.7479626316835619
    },
    "EndDate": {
        "tp": 968,
        "fp": 519,
        "fn": 542,
        "f1": 0.6459793126459793,
        "precision": 0.6509751176866173,
        "recall": 0.6410596026490066
    },
    "UnfrozeDate": {
        "tp": 9,
        "fp": 9,
        "fn": 9,
        "f1": 0.5,
        "precision": 0.5,
        "recall": 0.5
    },
    "CompanyName": {
        "tp": 9507,
        "fp": 377,
        "fn": 575,
        "f1": 0.952318942201743,
        "precision": 0.9618575475515986,
        "recall": 0.9429676651458044
    },
    "HighestTradingPrice": {
        "tp": 1409,
        "fp": 345,
        "fn": 215,
        "f1": 0.8342214328004738,
        "precision": 0.8033067274800456,
        "recall": 0.8676108374384236
    },
    "LowestTradingPrice": {
        "tp": 879,
        "fp": 191,
        "fn": 161,
        "f1": 0.833175355450237,
        "precision": 0.8214953271028037,
        "recall": 0.8451923076923077
    },
    "RepurchasedShares": {
        "tp": 1467,
        "fp": 287,
        "fn": 100,
        "f1": 0.8834688346883469,
        "precision": 0.8363740022805017,
        "recall": 0.9361837906828334
    },
    "ClosingDate": {
        "tp": 1051,
        "fp": 559,
        "fn": 597,
        "f1": 0.6451810926949049,
        "precision": 0.6527950310559006,
        "recall": 0.6377427184466019
    },
    "RepurchaseAmount": {
        "tp": 1325,
        "fp": 378,
        "fn": 101,
        "f1": 0.8469159475870887,
        "precision": 0.7780387551379918,
        "recall": 0.9291725105189341
    },
    "TradedShares": {
        "tp": 877,
        "fp": 423,
        "fn": 257,
        "f1": 0.7206244864420707,
        "precision": 0.6746153846153846,
        "recall": 0.7733686067019401
    },
    "LaterHoldingShares": {
        "tp": 90,
        "fp": 222,
        "fn": 331,
        "f1": 0.2455661664392906,
        "precision": 0.28846153846153844,
        "recall": 0.21377672209026127
    },
    "AveragePrice": {
        "tp": 198,
        "fp": 76,
        "fn": 11,
        "f1": 0.8198757763975155,
        "precision": 0.7226277372262774,
        "recall": 0.9473684210526315
    },
    "Pledger": {
        "tp": 0,
        "fp": 0,
        "fn": 0,
        "f1": 0,
        "precision": 0,
        "recall": 0
    },
    "PledgedShares": {
        "tp": 2361,
        "fp": 900,
        "fn": 510,
        "f1": 0.7700587084148728,
        "precision": 0.7240110395584176,
        "recall": 0.8223615464994776
    },
    "Pledgee": {
        "tp": 2016,
        "fp": 181,
        "fn": 116,
        "f1": 0.9313929313929313,
        "precision": 0.9176149294492489,
        "recall": 0.9455909943714822
    },
    "TotalPledgedShares": {
        "tp": 1039,
        "fp": 398,
        "fn": 331,
        "f1": 0.7402921268257926,
        "precision": 0.7230340988169798,
        "recall": 0.7583941605839416
    },
    "ReleasedDate": {
        "tp": 433,
        "fp": 368,
        "fn": 328,
        "f1": 0.5544174135723431,
        "precision": 0.5405742821473158,
        "recall": 0.568988173455979
    },
    "StockCode": {
        "tp": 3235,
        "fp": 8,
        "fn": 13,
        "f1": 0.9967647511939609,
        "precision": 0.9975331483194573,
        "recall": 0.9959975369458128
    },
    "StockAbbr": {
        "tp": 4084,
        "fp": 559,
        "fn": 1011,
        "f1": 0.8387759293489423,
        "precision": 0.8796037045013999,
        "recall": 0.8015701668302257
    },
    "precision": 0.8284191829484903,
    "recall": 0.8406026962727994,
    "micro_f1": 0.8344664710513133,
    "macro_f1": 0.7168228160993628
}