{
    "EquityHolder": {
        "tp": 8237,
        "fp": 1385,
        "fn": 1376,
        "f1": 0.8564595788926436,
        "precision": 0.8560590313864062,
        "recall": 0.8568605014043483
    },
    "FrozeShares": {
        "tp": 55,
        "fp": 56,
        "fn": 243,
        "f1": 0.26894865525672373,
        "precision": 0.4954954954954955,
        "recall": 0.18456375838926176
    },
    "LegalInstitution": {
        "tp": 445,
        "fp": 69,
        "fn": 57,
        "f1": 0.8759842519685039,
        "precision": 0.8657587548638133,
        "recall": 0.8864541832669323
    },
    "TotalHoldingShares": {
        "tp": 1680,
        "fp": 700,
        "fn": 479,
        "f1": 0.7402511566424324,
        "precision": 0.7058823529411765,
        "recall": 0.778138026864289
    },
    "TotalHoldingRatio": {
        "tp": 1391,
        "fp": 343,
        "fn": 334,
        "f1": 0.8042786932639491,
        "precision": 0.8021914648212226,
        "recall": 0.8063768115942029
    },
    "StartDate": {
        "tp": 3665,
        "fp": 1051,
        "fn": 1366,
        "f1": 0.7520262644916383,
        "precision": 0.7771416454622562,
        "recall": 0.7284834029020075
    },
    "EndDate": {
        "tp": 1057,
        "fp": 513,
        "fn": 453,
        "f1": 0.6863636363636363,
        "precision": 0.6732484076433121,
        "recall": 0.7
    },
    "UnfrozeDate": {
        "tp": 0,
        "fp": 0,
        "fn": 18,
        "f1": 0,
        "precision": 0,
        "recall": 0
    },
    "CompanyName": {
        "tp": 9532,
        "fp": 588,
        "fn": 550,
        "f1": 0.9436689436689437,
        "precision": 0.941897233201581,
        "recall": 0.9454473318785955
    },
    "HighestTradingPrice": {
        "tp": 1511,
        "fp": 1296,
        "fn": 113,
        "f1": 0.682013089596028,
        "precision": 0.5382971143569647,
        "recall": 0.9304187192118226
    },
    "LowestTradingPrice": {
        "tp": 0,
        "fp": 0,
        "fn": 1040,
        "f1": 0,
        "precision": 0,
        "recall": 0
    },
    "RepurchasedShares": {
        "tp": 1422,
        "fp": 250,
        "fn": 145,
        "f1": 0.8780487804878049,
        "precision": 0.8504784688995215,
        "recall": 0.9074664964901085
    },
    "ClosingDate": {
        "tp": 1140,
        "fp": 350,
        "fn": 508,
        "f1": 0.7265774378585087,
        "precision": 0.7651006711409396,
        "recall": 0.691747572815534
    },
    "RepurchaseAmount": {
        "tp": 1127,
        "fp": 171,
        "fn": 299,
        "f1": 0.8274596182085169,
        "precision": 0.8682588597842835,
        "recall": 0.7903225806451613
    },
    "TradedShares": {
        "tp": 859,
        "fp": 343,
        "fn": 275,
        "f1": 0.7354452054794519,
        "precision": 0.7146422628951747,
        "recall": 0.7574955908289241
    },
    "LaterHoldingShares": {
        "tp": 46,
        "fp": 140,
        "fn": 375,
        "f1": 0.1515650741350906,
        "precision": 0.24731182795698925,
        "recall": 0.10926365795724466
    },
    "AveragePrice": {
        "tp": 196,
        "fp": 81,
        "fn": 13,
        "f1": 0.8065843621399177,
        "precision": 0.7075812274368231,
        "recall": 0.937799043062201
    },
    "Pledger": {
        "tp": 0,
        "fp": 0,
        "fn": 0,
        "f1": 0,
        "precision": 0,
        "recall": 0
    },
    "PledgedShares": {
        "tp": 2462,
        "fp": 872,
        "fn": 409,
        "f1": 0.7935535858178888,
        "precision": 0.7384523095380924,
        "recall": 0.8575409265064438
    },
    "Pledgee": {
        "tp": 2019,
        "fp": 182,
        "fn": 113,
        "f1": 0.9319178398338333,
        "precision": 0.9173103134938664,
        "recall": 0.9469981238273921
    },
    "TotalPledgedShares": {
        "tp": 1159,
        "fp": 368,
        "fn": 211,
        "f1": 0.8001380738695202,
        "precision": 0.7590045841519318,
        "recall": 0.845985401459854
    },
    "ReleasedDate": {
        "tp": 468,
        "fp": 435,
        "fn": 293,
        "f1": 0.5625,
        "precision": 0.5182724252491694,
        "recall": 0.6149802890932983
    },
    "StockCode": {
        "tp": 3233,
        "fp": 22,
        "fn": 15,
        "f1": 0.994310318314624,
        "precision": 0.9932411674347158,
        "recall": 0.9953817733990148
    },
    "StockAbbr": {
        "tp": 4045,
        "fp": 433,
        "fn": 1050,
        "f1": 0.845085135276298,
        "precision": 0.9033050468959357,
        "recall": 0.7939156035328754
    },
    "precision": 0.8258389443471668,
    "recall": 0.8245440126883425,
    "micro_f1": 0.8251909704999053,
    "macro_f1": 0.6526324875652482
}