{
    "EquityHolder": {
        "tp": 8352,
        "fp": 1517,
        "fn": 1261,
        "f1": 0.857406837080382,
        "precision": 0.8462863512007296,
        "recall": 0.8688234682201186
    },
    "FrozeShares": {
        "tp": 55,
        "fp": 73,
        "fn": 243,
        "f1": 0.25821596244131456,
        "precision": 0.4296875,
        "recall": 0.18456375838926176
    },
    "LegalInstitution": {
        "tp": 446,
        "fp": 68,
        "fn": 56,
        "f1": 0.8779527559055117,
        "precision": 0.867704280155642,
        "recall": 0.8884462151394422
    },
    "TotalHoldingShares": {
        "tp": 1732,
        "fp": 728,
        "fn": 427,
        "f1": 0.7499458757306776,
        "precision": 0.7040650406504065,
        "recall": 0.8022232515053266
    },
    "TotalHoldingRatio": {
        "tp": 1412,
        "fp": 342,
        "fn": 313,
        "f1": 0.8117275079045704,
        "precision": 0.8050171037628279,
        "recall": 0.8185507246376812
    },
    "StartDate": {
        "tp": 3766,
        "fp": 1152,
        "fn": 1265,
        "f1": 0.7570610111569002,
        "precision": 0.7657584383895892,
        "recall": 0.7485589346054462
    },
    "EndDate": {
        "tp": 1013,
        "fp": 502,
        "fn": 497,
        "f1": 0.6697520661157025,
        "precision": 0.6686468646864686,
        "recall": 0.6708609271523179
    },
    "UnfrozeDate": {
        "tp": 0,
        "fp": 0,
        "fn": 18,
        "f1": 0,
        "precision": 0,
        "recall": 0
    },
    "CompanyName": {
        "tp": 9732,
        "fp": 404,
        "fn": 350,
        "f1": 0.9627064991591652,
        "precision": 0.9601420678768745,
        "recall": 0.9652846657409244
    },
    "HighestTradingPrice": {
        "tp": 1474,
        "fp": 1306,
        "fn": 150,
        "f1": 0.6693914623069936,
        "precision": 0.5302158273381294,
        "recall": 0.9076354679802956
    },
    "LowestTradingPrice": {
        "tp": 0,
        "fp": 0,
        "fn": 1040,
        "f1": 0,
        "precision": 0,
        "recall": 0
    },
    "RepurchasedShares": {
        "tp": 1432,
        "fp": 251,
        "fn": 135,
        "f1": 0.8812307692307693,
        "precision": 0.8508615567439097,
        "recall": 0.9138481174218251
    },
    "ClosingDate": {
        "tp": 1086,
        "fp": 498,
        "fn": 562,
        "f1": 0.672029702970297,
        "precision": 0.6856060606060606,
        "recall": 0.6589805825242718
    },
    "RepurchaseAmount": {
        "tp": 1166,
        "fp": 197,
        "fn": 260,
        "f1": 0.8361419863750447,
        "precision": 0.855465884079237,
        "recall": 0.8176718092566619
    },
    "TradedShares": {
        "tp": 872,
        "fp": 339,
        "fn": 262,
        "f1": 0.7437100213219616,
        "precision": 0.7200660611065235,
        "recall": 0.7689594356261023
    },
    "LaterHoldingShares": {
        "tp": 58,
        "fp": 138,
        "fn": 363,
        "f1": 0.18800648298217176,
        "precision": 0.29591836734693877,
        "recall": 0.1377672209026128
    },
    "AveragePrice": {
        "tp": 196,
        "fp": 87,
        "fn": 13,
        "f1": 0.7967479674796748,
        "precision": 0.6925795053003534,
        "recall": 0.937799043062201
    },
    "Pledger": {
        "tp": 0,
        "fp": 0,
        "fn": 0,
        "f1": 0,
        "precision": 0,
        "recall": 0
    },
    "PledgedShares": {
        "tp": 2542,
        "fp": 904,
        "fn": 329,
        "f1": 0.8048124109545669,
        "precision": 0.7376668601276842,
        "recall": 0.8854057819575061
    },
    "Pledgee": {
        "tp": 2017,
        "fp": 185,
        "fn": 115,
        "f1": 0.9307798800184587,
        "precision": 0.915985467756585,
        "recall": 0.9460600375234521
    },
    "TotalPledgedShares": {
        "tp": 1152,
        "fp": 354,
        "fn": 218,
        "f1": 0.8011126564673157,
        "precision": 0.7649402390438247,
        "recall": 0.8408759124087591
    },
    "ReleasedDate": {
        "tp": 462,
        "fp": 378,
        "fn": 299,
        "f1": 0.5771392879450343,
        "precision": 0.55,
        "recall": 0.607095926412615
    },
    "StockCode": {
        "tp": 3235,
        "fp": 13,
        "fn": 13,
        "f1": 0.9959975369458128,
        "precision": 0.9959975369458128,
        "recall": 0.9959975369458128
    },
    "StockAbbr": {
        "tp": 4041,
        "fp": 506,
        "fn": 1054,
        "f1": 0.8382078406969508,
        "precision": 0.8887178359357818,
        "recall": 0.7931305201177625
    },
    "precision": 0.8230425573572077,
    "recall": 0.8334114339268979,
    "micro_f1": 0.8281945427028576,
    "macro_f1": 0.6533365217162196
}