{
    "EquityHolder": {
        "tp": 8364,
        "fp": 1518,
        "fn": 1249,
        "f1": 0.858066170813029,
        "precision": 0.8463873709775349,
        "recall": 0.8700717778008946
    },
    "FrozeShares": {
        "tp": 137,
        "fp": 207,
        "fn": 161,
        "f1": 0.42679127725856697,
        "precision": 0.39825581395348836,
        "recall": 0.4597315436241611
    },
    "LegalInstitution": {
        "tp": 441,
        "fp": 68,
        "fn": 61,
        "f1": 0.8724035608308605,
        "precision": 0.8664047151277013,
        "recall": 0.8784860557768924
    },
    "TotalHoldingShares": {
        "tp": 1666,
        "fp": 441,
        "fn": 493,
        "f1": 0.7810595405532114,
        "precision": 0.7906976744186046,
        "recall": 0.7716535433070866
    },
    "TotalHoldingRatio": {
        "tp": 1415,
        "fp": 323,
        "fn": 310,
        "f1": 0.8172105111175282,
        "precision": 0.8141542002301496,
        "recall": 0.8202898550724638
    },
    "StartDate": {
        "tp": 3766,
        "fp": 1156,
        "fn": 1265,
        "f1": 0.7567567567567567,
        "precision": 0.7651361235270215,
        "recall": 0.7485589346054462
    },
    "EndDate": {
        "tp": 983,
        "fp": 557,
        "fn": 527,
        "f1": 0.6445901639344263,
        "precision": 0.6383116883116883,
        "recall": 0.6509933774834437
    },
    "UnfrozeDate": {
        "tp": 10,
        "fp": 12,
        "fn": 8,
        "f1": 0.5,
        "precision": 0.45454545454545453,
        "recall": 0.5555555555555556
    },
    "CompanyName": {
        "tp": 9450,
        "fp": 418,
        "fn": 632,
        "f1": 0.9473684210526316,
        "precision": 0.957640859343332,
        "recall": 0.9373140249950407
    },
    "HighestTradingPrice": {
        "tp": 1360,
        "fp": 343,
        "fn": 264,
        "f1": 0.8175533513675984,
        "precision": 0.7985907222548444,
        "recall": 0.8374384236453202
    },
    "LowestTradingPrice": {
        "tp": 900,
        "fp": 229,
        "fn": 140,
        "f1": 0.8298755186721991,
        "precision": 0.7971656333038086,
        "recall": 0.8653846153846154
    },
    "RepurchasedShares": {
        "tp": 1464,
        "fp": 265,
        "fn": 103,
        "f1": 0.8883495145631068,
        "precision": 0.8467322151532678,
        "recall": 0.9342693044033185
    },
    "ClosingDate": {
        "tp": 988,
        "fp": 682,
        "fn": 660,
        "f1": 0.595539481615431,
        "precision": 0.5916167664670658,
        "recall": 0.5995145631067961
    },
    "RepurchaseAmount": {
        "tp": 1307,
        "fp": 363,
        "fn": 119,
        "f1": 0.8443152454780362,
        "precision": 0.7826347305389222,
        "recall": 0.9165497896213184
    },
    "TradedShares": {
        "tp": 884,
        "fp": 425,
        "fn": 250,
        "f1": 0.7237003683995087,
        "precision": 0.6753246753246753,
        "recall": 0.7795414462081128
    },
    "LaterHoldingShares": {
        "tp": 91,
        "fp": 237,
        "fn": 330,
        "f1": 0.2429906542056075,
        "precision": 0.2774390243902439,
        "recall": 0.2161520190023753
    },
    "AveragePrice": {
        "tp": 198,
        "fp": 68,
        "fn": 11,
        "f1": 0.8336842105263158,
        "precision": 0.7443609022556391,
        "recall": 0.9473684210526315
    },
    "Pledger": {
        "tp": 0,
        "fp": 0,
        "fn": 0,
        "f1": 0,
        "precision": 0,
        "recall": 0
    },
    "PledgedShares": {
        "tp": 2311,
        "fp": 897,
        "fn": 560,
        "f1": 0.7603224214508963,
        "precision": 0.7203865336658354,
        "recall": 0.8049460118425635
    },
    "Pledgee": {
        "tp": 2011,
        "fp": 165,
        "fn": 121,
        "f1": 0.9336118848653667,
        "precision": 0.9241727941176471,
        "recall": 0.9432457786116323
    },
    "TotalPledgedShares": {
        "tp": 1061,
        "fp": 431,
        "fn": 309,
        "f1": 0.7414395527603076,
        "precision": 0.7111260053619303,
        "recall": 0.7744525547445256
    },
    "ReleasedDate": {
        "tp": 432,
        "fp": 376,
        "fn": 329,
        "f1": 0.5506692160611855,
        "precision": 0.5346534653465347,
        "recall": 0.5676741130091985
    },
    "StockCode": {
        "tp": 3234,
        "fp": 8,
        "fn": 14,
        "f1": 0.9966101694915254,
        "precision": 0.9975323874151758,
        "recall": 0.9956896551724138
    },
    "StockAbbr": {
        "tp": 4161,
        "fp": 672,
        "fn": 934,
        "f1": 0.8382352941176472,
        "precision": 0.8609559279950342,
        "recall": 0.8166830225711482
    },
    "precision": 0.8254535799628285,
    "recall": 0.8404945569894023,
    "micro_f1": 0.8329061699068575,
    "macro_f1": 0.7167143035788226
}