{
    "EquityHolder": {
        "tp": 8542,
        "fp": 1613,
        "fn": 1071,
        "f1": 0.8642250101173614,
        "precision": 0.8411619891678976,
        "recall": 0.8885883699157391
    },
    "FrozeShares": {
        "tp": 125,
        "fp": 197,
        "fn": 173,
        "f1": 0.40322580645161293,
        "precision": 0.38819875776397517,
        "recall": 0.41946308724832215
    },
    "LegalInstitution": {
        "tp": 443,
        "fp": 66,
        "fn": 59,
        "f1": 0.8763600395647874,
        "precision": 0.8703339882121808,
        "recall": 0.8824701195219123
    },
    "TotalHoldingShares": {
        "tp": 1732,
        "fp": 641,
        "fn": 427,
        "f1": 0.764342453662842,
        "precision": 0.7298777918246945,
        "recall": 0.8022232515053266
    },
    "TotalHoldingRatio": {
        "tp": 1402,
        "fp": 316,
        "fn": 323,
        "f1": 0.8144060412431019,
        "precision": 0.8160651920838184,
        "recall": 0.8127536231884058
    },
    "StartDate": {
        "tp": 3860,
        "fp": 1485,
        "fn": 1171,
        "f1": 0.7440246723207401,
        "precision": 0.7221702525724977,
        "recall": 0.7672430928244882
    },
    "EndDate": {
        "tp": 1059,
        "fp": 814,
        "fn": 451,
        "f1": 0.6260715341412947,
        "precision": 0.5654030966364122,
        "recall": 0.7013245033112583
    },
    "UnfrozeDate": {
        "tp": 12,
        "fp": 26,
        "fn": 6,
        "f1": 0.42857142857142855,
        "precision": 0.3157894736842105,
        "recall": 0.6666666666666666
    },
    "CompanyName": {
        "tp": 9531,
        "fp": 358,
        "fn": 551,
        "f1": 0.954484001802614,
        "precision": 0.9637981595712408,
        "recall": 0.9453481452092839
    },
    "HighestTradingPrice": {
        "tp": 1390,
        "fp": 351,
        "fn": 234,
        "f1": 0.8261515601783062,
        "precision": 0.7983917288914417,
        "recall": 0.8559113300492611
    },
    "LowestTradingPrice": {
        "tp": 884,
        "fp": 187,
        "fn": 156,
        "f1": 0.8375177640928471,
        "precision": 0.8253968253968254,
        "recall": 0.85
    },
    "RepurchasedShares": {
        "tp": 1451,
        "fp": 280,
        "fn": 116,
        "f1": 0.8799272286234081,
        "precision": 0.8382437897169266,
        "recall": 0.9259731971920868
    },
    "ClosingDate": {
        "tp": 1212,
        "fp": 1035,
        "fn": 436,
        "f1": 0.6223363286264442,
        "precision": 0.5393858477970628,
        "recall": 0.7354368932038835
    },
    "RepurchaseAmount": {
        "tp": 1282,
        "fp": 368,
        "fn": 144,
        "f1": 0.8335500650195058,
        "precision": 0.776969696969697,
        "recall": 0.8990182328190743
    },
    "TradedShares": {
        "tp": 866,
        "fp": 427,
        "fn": 268,
        "f1": 0.7136382365059745,
        "precision": 0.6697602474864656,
        "recall": 0.763668430335097
    },
    "LaterHoldingShares": {
        "tp": 133,
        "fp": 318,
        "fn": 288,
        "f1": 0.30504587155963303,
        "precision": 0.29490022172949004,
        "recall": 0.3159144893111639
    },
    "AveragePrice": {
        "tp": 197,
        "fp": 75,
        "fn": 12,
        "f1": 0.8191268191268191,
        "precision": 0.7242647058823529,
        "recall": 0.9425837320574163
    },
    "Pledger": {
        "tp": 0,
        "fp": 0,
        "fn": 0,
        "f1": 0,
        "precision": 0,
        "recall": 0
    },
    "PledgedShares": {
        "tp": 2347,
        "fp": 917,
        "fn": 524,
        "f1": 0.7651181744091279,
        "precision": 0.7190563725490197,
        "recall": 0.8174851967955417
    },
    "Pledgee": {
        "tp": 2025,
        "fp": 172,
        "fn": 107,
        "f1": 0.9355509355509355,
        "precision": 0.9217114246700046,
        "recall": 0.949812382739212
    },
    "TotalPledgedShares": {
        "tp": 1168,
        "fp": 509,
        "fn": 202,
        "f1": 0.7666557269445355,
        "precision": 0.6964818127608825,
        "recall": 0.8525547445255475
    },
    "ReleasedDate": {
        "tp": 408,
        "fp": 407,
        "fn": 353,
        "f1": 0.5177664974619289,
        "precision": 0.5006134969325153,
        "recall": 0.5361366622864652
    },
    "StockCode": {
        "tp": 3236,
        "fp": 9,
        "fn": 12,
        "f1": 0.9967657477283229,
        "precision": 0.9972265023112481,
        "recall": 0.9963054187192119
    },
    "StockAbbr": {
        "tp": 4094,
        "fp": 560,
        "fn": 1001,
        "f1": 0.8398810134372756,
        "precision": 0.8796733992264718,
        "recall": 0.8035328753680079
    },
    "precision": 0.8098240218691269,
    "recall": 0.8542823156225218,
    "micro_f1": 0.8314592944726087,
    "macro_f1": 0.7139476232142021
}