{
    "EquityHolder": {
        "tp": 8144,
        "fp": 1445,
        "fn": 1469,
        "f1": 0.8482449744818248,
        "precision": 0.8493064970278444,
        "recall": 0.847186102153334
    },
    "FrozeShares": {
        "tp": 121,
        "fp": 185,
        "fn": 177,
        "f1": 0.40066225165562913,
        "precision": 0.3954248366013072,
        "recall": 0.40604026845637586
    },
    "LegalInstitution": {
        "tp": 444,
        "fp": 70,
        "fn": 58,
        "f1": 0.874015748031496,
        "precision": 0.8638132295719845,
        "recall": 0.8844621513944223
    },
    "TotalHoldingShares": {
        "tp": 1741,
        "fp": 635,
        "fn": 418,
        "f1": 0.767805953693495,
        "precision": 0.7327441077441077,
        "recall": 0.8063918480778138
    },
    "TotalHoldingRatio": {
        "tp": 1474,
        "fp": 423,
        "fn": 251,
        "f1": 0.8139149641082275,
        "precision": 0.7770163415919874,
        "recall": 0.8544927536231884
    },
    "StartDate": {
        "tp": 3625,
        "fp": 1112,
        "fn": 1406,
        "f1": 0.7422194922194922,
        "precision": 0.7652522693687989,
        "recall": 0.7205326972768833
    },
    "EndDate": {
        "tp": 906,
        "fp": 453,
        "fn": 604,
        "f1": 0.631578947368421,
        "precision": 0.6666666666666666,
        "recall": 0.6
    },
    "UnfrozeDate": {
        "tp": 11,
        "fp": 9,
        "fn": 7,
        "f1": 0.5789473684210527,
        "precision": 0.55,
        "recall": 0.6111111111111112
    },
    "CompanyName": {
        "tp": 9395,
        "fp": 395,
        "fn": 687,
        "f1": 0.9455515297906602,
        "precision": 0.9596527068437181,
        "recall": 0.9318587581829002
    },
    "HighestTradingPrice": {
        "tp": 1387,
        "fp": 357,
        "fn": 237,
        "f1": 0.8236342042755345,
        "precision": 0.7952981651376146,
        "recall": 0.854064039408867
    },
    "LowestTradingPrice": {
        "tp": 890,
        "fp": 200,
        "fn": 150,
        "f1": 0.835680751173709,
        "precision": 0.8165137614678899,
        "recall": 0.8557692307692307
    },
    "RepurchasedShares": {
        "tp": 1437,
        "fp": 268,
        "fn": 130,
        "f1": 0.8783618581907091,
        "precision": 0.8428152492668621,
        "recall": 0.9170389278876835
    },
    "ClosingDate": {
        "tp": 953,
        "fp": 474,
        "fn": 695,
        "f1": 0.6198373983739838,
        "precision": 0.6678346180798879,
        "recall": 0.5782766990291263
    },
    "RepurchaseAmount": {
        "tp": 1273,
        "fp": 356,
        "fn": 153,
        "f1": 0.8333878887070377,
        "precision": 0.7814610190300798,
        "recall": 0.8927068723702665
    },
    "TradedShares": {
        "tp": 860,
        "fp": 407,
        "fn": 274,
        "f1": 0.7163681799250312,
        "precision": 0.6787687450670876,
        "recall": 0.7583774250440917
    },
    "LaterHoldingShares": {
        "tp": 109,
        "fp": 276,
        "fn": 312,
        "f1": 0.2704714640198511,
        "precision": 0.2831168831168831,
        "recall": 0.2589073634204275
    },
    "AveragePrice": {
        "tp": 194,
        "fp": 63,
        "fn": 15,
        "f1": 0.832618025751073,
        "precision": 0.754863813229572,
        "recall": 0.9282296650717703
    },
    "Pledger": {
        "tp": 0,
        "fp": 0,
        "fn": 0,
        "f1": 0,
        "precision": 0,
        "recall": 0
    },
    "PledgedShares": {
        "tp": 2398,
        "fp": 862,
        "fn": 473,
        "f1": 0.7822541184146143,
        "precision": 0.7355828220858895,
        "recall": 0.8352490421455939
    },
    "Pledgee": {
        "tp": 2018,
        "fp": 169,
        "fn": 114,
        "f1": 0.9344755730493169,
        "precision": 0.9227251943301326,
        "recall": 0.9465290806754222
    },
    "TotalPledgedShares": {
        "tp": 1147,
        "fp": 482,
        "fn": 223,
        "f1": 0.764921640546849,
        "precision": 0.7041129527317372,
        "recall": 0.8372262773722627
    },
    "ReleasedDate": {
        "tp": 459,
        "fp": 455,
        "fn": 302,
        "f1": 0.5480597014925372,
        "precision": 0.5021881838074398,
        "recall": 0.6031537450722734
    },
    "StockCode": {
        "tp": 3233,
        "fp": 11,
        "fn": 15,
        "f1": 0.9959950708564387,
        "precision": 0.9966091245376079,
        "recall": 0.9953817733990148
    },
    "StockAbbr": {
        "tp": 4098,
        "fp": 611,
        "fn": 997,
        "f1": 0.8359853121175029,
        "precision": 0.8702484603949883,
        "recall": 0.8043179587831207
    },
    "precision": 0.8265726777906666,
    "recall": 0.83478119818326,
    "micro_f1": 0.8306566594033303,
    "macro_f1": 0.7197913506943534
}