{
    "EquityHolder": {
        "tp": 8349,
        "fp": 1585,
        "fn": 1264,
        "f1": 0.8542487338210467,
        "precision": 0.8404469498691363,
        "recall": 0.8685113908249246
    },
    "FrozeShares": {
        "tp": 76,
        "fp": 151,
        "fn": 222,
        "f1": 0.2895238095238095,
        "precision": 0.33480176211453744,
        "recall": 0.2550335570469799
    },
    "LegalInstitution": {
        "tp": 446,
        "fp": 66,
        "fn": 56,
        "f1": 0.8796844181459567,
        "precision": 0.87109375,
        "recall": 0.8884462151394422
    },
    "TotalHoldingShares": {
        "tp": 1756,
        "fp": 705,
        "fn": 403,
        "f1": 0.7601731601731602,
        "precision": 0.7135310849248273,
        "recall": 0.8133395090319593
    },
    "TotalHoldingRatio": {
        "tp": 1454,
        "fp": 368,
        "fn": 271,
        "f1": 0.819847758669298,
        "precision": 0.7980241492864983,
        "recall": 0.8428985507246377
    },
    "StartDate": {
        "tp": 3664,
        "fp": 1049,
        "fn": 1367,
        "f1": 0.7520525451559935,
        "precision": 0.7774241459792065,
        "recall": 0.7282846352613794
    },
    "EndDate": {
        "tp": 1004,
        "fp": 498,
        "fn": 506,
        "f1": 0.6666666666666666,
        "precision": 0.6684420772303595,
        "recall": 0.6649006622516557
    },
    "UnfrozeDate": {
        "tp": 3,
        "fp": 5,
        "fn": 15,
        "f1": 0.23076923076923078,
        "precision": 0.375,
        "recall": 0.16666666666666666
    },
    "CompanyName": {
        "tp": 9616,
        "fp": 359,
        "fn": 466,
        "f1": 0.9588672283990627,
        "precision": 0.9640100250626567,
        "recall": 0.9537790121007736
    },
    "HighestTradingPrice": {
        "tp": 1362,
        "fp": 1426,
        "fn": 262,
        "f1": 0.6174070716228469,
        "precision": 0.4885222381635581,
        "recall": 0.8386699507389163
    },
    "LowestTradingPrice": {
        "tp": 0,
        "fp": 0,
        "fn": 1040,
        "f1": 0,
        "precision": 0,
        "recall": 0
    },
    "RepurchasedShares": {
        "tp": 1425,
        "fp": 241,
        "fn": 142,
        "f1": 0.8815341787813176,
        "precision": 0.8553421368547419,
        "recall": 0.9093809827696235
    },
    "ClosingDate": {
        "tp": 1064,
        "fp": 580,
        "fn": 584,
        "f1": 0.6464155528554071,
        "precision": 0.6472019464720195,
        "recall": 0.6456310679611651
    },
    "RepurchaseAmount": {
        "tp": 1231,
        "fp": 283,
        "fn": 195,
        "f1": 0.8374149659863946,
        "precision": 0.8130779392338177,
        "recall": 0.8632538569424965
    },
    "TradedShares": {
        "tp": 861,
        "fp": 350,
        "fn": 273,
        "f1": 0.7343283582089553,
        "precision": 0.7109826589595376,
        "recall": 0.7592592592592593
    },
    "LaterHoldingShares": {
        "tp": 63,
        "fp": 178,
        "fn": 358,
        "f1": 0.19033232628398794,
        "precision": 0.26141078838174275,
        "recall": 0.1496437054631829
    },
    "AveragePrice": {
        "tp": 195,
        "fp": 72,
        "fn": 14,
        "f1": 0.819327731092437,
        "precision": 0.7303370786516854,
        "recall": 0.9330143540669856
    },
    "Pledger": {
        "tp": 0,
        "fp": 0,
        "fn": 0,
        "f1": 0,
        "precision": 0,
        "recall": 0
    },
    "PledgedShares": {
        "tp": 2391,
        "fp": 884,
        "fn": 480,
        "f1": 0.7780670354702246,
        "precision": 0.7300763358778626,
        "recall": 0.832810867293626
    },
    "Pledgee": {
        "tp": 2013,
        "fp": 168,
        "fn": 119,
        "f1": 0.9334569904938558,
        "precision": 0.922971114167813,
        "recall": 0.9441838649155723
    },
    "TotalPledgedShares": {
        "tp": 1127,
        "fp": 406,
        "fn": 243,
        "f1": 0.7764381674130211,
        "precision": 0.7351598173515982,
        "recall": 0.8226277372262774
    },
    "ReleasedDate": {
        "tp": 469,
        "fp": 488,
        "fn": 292,
        "f1": 0.5459837019790454,
        "precision": 0.49007314524555906,
        "recall": 0.6162943495400789
    },
    "StockCode": {
        "tp": 3231,
        "fp": 13,
        "fn": 17,
        "f1": 0.9953789279112754,
        "precision": 0.9959926017262639,
        "recall": 0.9947660098522167
    },
    "StockAbbr": {
        "tp": 4002,
        "fp": 560,
        "fn": 1093,
        "f1": 0.8288288288288288,
        "precision": 0.8772468215694871,
        "recall": 0.7854759568204122
    },
    "precision": 0.8144460052990025,
    "recall": 0.8254992430250162,
    "micro_f1": 0.8199353747281174,
    "macro_f1": 0.6581978078438259
}