{
    "EquityHolder": {
        "tp": 8236,
        "fp": 1445,
        "fn": 1377,
        "f1": 0.8537369130299575,
        "precision": 0.8507385600661088,
        "recall": 0.8567564756059503
    },
    "FrozeShares": {
        "tp": 72,
        "fp": 119,
        "fn": 226,
        "f1": 0.294478527607362,
        "precision": 0.3769633507853403,
        "recall": 0.24161073825503357
    },
    "LegalInstitution": {
        "tp": 445,
        "fp": 64,
        "fn": 57,
        "f1": 0.8803165182987142,
        "precision": 0.8742632612966601,
        "recall": 0.8864541832669323
    },
    "TotalHoldingShares": {
        "tp": 1669,
        "fp": 555,
        "fn": 490,
        "f1": 0.7615788272872464,
        "precision": 0.7504496402877698,
        "recall": 0.7730430754979157
    },
    "TotalHoldingRatio": {
        "tp": 1438,
        "fp": 361,
        "fn": 287,
        "f1": 0.8161180476730987,
        "precision": 0.7993329627570873,
        "recall": 0.8336231884057971
    },
    "StartDate": {
        "tp": 3833,
        "fp": 1191,
        "fn": 1198,
        "f1": 0.7624067628045749,
        "precision": 0.762937898089172,
        "recall": 0.7618763665275293
    },
    "EndDate": {
        "tp": 955,
        "fp": 470,
        "fn": 555,
        "f1": 0.6507666098807495,
        "precision": 0.6701754385964912,
        "recall": 0.6324503311258278
    },
    "UnfrozeDate": {
        "tp": 0,
        "fp": 0,
        "fn": 18,
        "f1": 0,
        "precision": 0,
        "recall": 0
    },
    "CompanyName": {
        "tp": 9501,
        "fp": 384,
        "fn": 581,
        "f1": 0.9516702559222718,
        "precision": 0.9611532625189682,
        "recall": 0.9423725451299345
    },
    "HighestTradingPrice": {
        "tp": 1379,
        "fp": 1397,
        "fn": 245,
        "f1": 0.6268181818181819,
        "precision": 0.49675792507204614,
        "recall": 0.8491379310344828
    },
    "LowestTradingPrice": {
        "tp": 0,
        "fp": 0,
        "fn": 1040,
        "f1": 0,
        "precision": 0,
        "recall": 0
    },
    "RepurchasedShares": {
        "tp": 1412,
        "fp": 228,
        "fn": 155,
        "f1": 0.880573744932959,
        "precision": 0.8609756097560975,
        "recall": 0.9010848755583918
    },
    "ClosingDate": {
        "tp": 990,
        "fp": 491,
        "fn": 658,
        "f1": 0.6327900287631831,
        "precision": 0.6684672518568535,
        "recall": 0.6007281553398058
    },
    "RepurchaseAmount": {
        "tp": 1205,
        "fp": 262,
        "fn": 221,
        "f1": 0.8330452817144833,
        "precision": 0.8214042263122018,
        "recall": 0.8450210378681627
    },
    "TradedShares": {
        "tp": 894,
        "fp": 388,
        "fn": 240,
        "f1": 0.7400662251655628,
        "precision": 0.6973478939157566,
        "recall": 0.7883597883597884
    },
    "LaterHoldingShares": {
        "tp": 64,
        "fp": 179,
        "fn": 357,
        "f1": 0.1927710843373494,
        "precision": 0.26337448559670784,
        "recall": 0.15201900237529692
    },
    "AveragePrice": {
        "tp": 197,
        "fp": 79,
        "fn": 12,
        "f1": 0.8123711340206186,
        "precision": 0.7137681159420289,
        "recall": 0.9425837320574163
    },
    "Pledger": {
        "tp": 0,
        "fp": 0,
        "fn": 0,
        "f1": 0,
        "precision": 0,
        "recall": 0
    },
    "PledgedShares": {
        "tp": 2322,
        "fp": 822,
        "fn": 549,
        "f1": 0.772069825436409,
        "precision": 0.7385496183206107,
        "recall": 0.8087774294670846
    },
    "Pledgee": {
        "tp": 2004,
        "fp": 156,
        "fn": 128,
        "f1": 0.9338303821062443,
        "precision": 0.9277777777777778,
        "recall": 0.9399624765478424
    },
    "TotalPledgedShares": {
        "tp": 1162,
        "fp": 378,
        "fn": 208,
        "f1": 0.7986254295532647,
        "precision": 0.7545454545454545,
        "recall": 0.8481751824817518
    },
    "ReleasedDate": {
        "tp": 460,
        "fp": 397,
        "fn": 301,
        "f1": 0.5686032138442522,
        "precision": 0.5367561260210035,
        "recall": 0.6044678055190539
    },
    "StockCode": {
        "tp": 3235,
        "fp": 10,
        "fn": 13,
        "f1": 0.9964577237024488,
        "precision": 0.9969183359013868,
        "recall": 0.9959975369458128
    },
    "StockAbbr": {
        "tp": 4033,
        "fp": 536,
        "fn": 1062,
        "f1": 0.8346440397350994,
        "precision": 0.8826876778288466,
        "recall": 0.7915603532875368
    },
    "precision": 0.8211411454761991,
    "recall": 0.8201643717107635,
    "micro_f1": 0.8206524679446718,
    "macro_f1": 0.6497391149014179
}