{
    "EquityHolder": {
        "tp": 8167,
        "fp": 1486,
        "fn": 1446,
        "f1": 0.8478148032803904,
        "precision": 0.8460582202424117,
        "recall": 0.8495786955164881
    },
    "FrozeShares": {
        "tp": 70,
        "fp": 132,
        "fn": 228,
        "f1": 0.27999999999999997,
        "precision": 0.3465346534653465,
        "recall": 0.2348993288590604
    },
    "LegalInstitution": {
        "tp": 442,
        "fp": 59,
        "fn": 60,
        "f1": 0.8813559322033899,
        "precision": 0.8822355289421158,
        "recall": 0.8804780876494024
    },
    "TotalHoldingShares": {
        "tp": 1776,
        "fp": 666,
        "fn": 383,
        "f1": 0.772006085633558,
        "precision": 0.7272727272727273,
        "recall": 0.8226030569708198
    },
    "TotalHoldingRatio": {
        "tp": 1458,
        "fp": 415,
        "fn": 267,
        "f1": 0.8104502501389661,
        "precision": 0.7784303256807261,
        "recall": 0.8452173913043478
    },
    "StartDate": {
        "tp": 3816,
        "fp": 1281,
        "fn": 1215,
        "f1": 0.7535545023696683,
        "precision": 0.7486756915832843,
        "recall": 0.7584973166368515
    },
    "EndDate": {
        "tp": 991,
        "fp": 502,
        "fn": 519,
        "f1": 0.6600066600066601,
        "precision": 0.6637642330877428,
        "recall": 0.6562913907284769
    },
    "UnfrozeDate": {
        "tp": 2,
        "fp": 1,
        "fn": 16,
        "f1": 0.1904761904761905,
        "precision": 0.6666666666666666,
        "recall": 0.1111111111111111
    },
    "CompanyName": {
        "tp": 9533,
        "fp": 342,
        "fn": 549,
        "f1": 0.9553540111239163,
        "precision": 0.9653670886075949,
        "recall": 0.9455465185479072
    },
    "HighestTradingPrice": {
        "tp": 1347,
        "fp": 1445,
        "fn": 277,
        "f1": 0.610054347826087,
        "precision": 0.48244985673352436,
        "recall": 0.8294334975369458
    },
    "LowestTradingPrice": {
        "tp": 12,
        "fp": 0,
        "fn": 1028,
        "f1": 0.022813688212927757,
        "precision": 1.0,
        "recall": 0.011538461538461539
    },
    "RepurchasedShares": {
        "tp": 1431,
        "fp": 245,
        "fn": 136,
        "f1": 0.8825161887141535,
        "precision": 0.85381861575179,
        "recall": 0.9132099553286535
    },
    "ClosingDate": {
        "tp": 1074,
        "fp": 591,
        "fn": 574,
        "f1": 0.6483549652882583,
        "precision": 0.645045045045045,
        "recall": 0.6516990291262136
    },
    "RepurchaseAmount": {
        "tp": 1271,
        "fp": 309,
        "fn": 155,
        "f1": 0.8456420492348636,
        "precision": 0.8044303797468354,
        "recall": 0.8913043478260869
    },
    "TradedShares": {
        "tp": 845,
        "fp": 329,
        "fn": 289,
        "f1": 0.7322357019064125,
        "precision": 0.7197614991482112,
        "recall": 0.7451499118165785
    },
    "LaterHoldingShares": {
        "tp": 75,
        "fp": 196,
        "fn": 346,
        "f1": 0.21676300578034682,
        "precision": 0.2767527675276753,
        "recall": 0.17814726840855108
    },
    "AveragePrice": {
        "tp": 197,
        "fp": 81,
        "fn": 12,
        "f1": 0.8090349075975358,
        "precision": 0.7086330935251799,
        "recall": 0.9425837320574163
    },
    "Pledger": {
        "tp": 0,
        "fp": 0,
        "fn": 0,
        "f1": 0,
        "precision": 0,
        "recall": 0
    },
    "PledgedShares": {
        "tp": 2386,
        "fp": 817,
        "fn": 485,
        "f1": 0.7856437273625289,
        "precision": 0.744926631283172,
        "recall": 0.8310693138279345
    },
    "Pledgee": {
        "tp": 2010,
        "fp": 165,
        "fn": 122,
        "f1": 0.933364290689575,
        "precision": 0.9241379310344827,
        "recall": 0.9427767354596623
    },
    "TotalPledgedShares": {
        "tp": 1131,
        "fp": 412,
        "fn": 239,
        "f1": 0.776519052523172,
        "precision": 0.7329876863253403,
        "recall": 0.8255474452554744
    },
    "ReleasedDate": {
        "tp": 492,
        "fp": 523,
        "fn": 269,
        "f1": 0.5540540540540541,
        "precision": 0.48472906403940885,
        "recall": 0.6465177398160316
    },
    "StockCode": {
        "tp": 3233,
        "fp": 11,
        "fn": 15,
        "f1": 0.9959950708564387,
        "precision": 0.9966091245376079,
        "recall": 0.9953817733990148
    },
    "StockAbbr": {
        "tp": 3932,
        "fp": 556,
        "fn": 1163,
        "f1": 0.8206198476468747,
        "precision": 0.8761140819964349,
        "recall": 0.7717369970559372
    },
    "precision": 0.8122122478001955,
    "recall": 0.8234986662821714,
    "micro_f1": 0.8178165188519675,
    "macro_f1": 0.6576928888719151
}