{
    "EquityHolder": {
        "tp": 8387,
        "fp": 1674,
        "fn": 1226,
        "f1": 0.8525973365863577,
        "precision": 0.8336149488122453,
        "recall": 0.8724643711640487
    },
    "FrozeShares": {
        "tp": 81,
        "fp": 135,
        "fn": 217,
        "f1": 0.3151750972762646,
        "precision": 0.375,
        "recall": 0.27181208053691275
    },
    "LegalInstitution": {
        "tp": 446,
        "fp": 68,
        "fn": 56,
        "f1": 0.8779527559055117,
        "precision": 0.867704280155642,
        "recall": 0.8884462151394422
    },
    "TotalHoldingShares": {
        "tp": 1715,
        "fp": 616,
        "fn": 444,
        "f1": 0.7639198218262806,
        "precision": 0.7357357357357357,
        "recall": 0.794349235757295
    },
    "TotalHoldingRatio": {
        "tp": 1420,
        "fp": 318,
        "fn": 305,
        "f1": 0.8200981807681201,
        "precision": 0.8170310701956272,
        "recall": 0.8231884057971014
    },
    "StartDate": {
        "tp": 3804,
        "fp": 1227,
        "fn": 1227,
        "f1": 0.7561121049493141,
        "precision": 0.7561121049493142,
        "recall": 0.7561121049493142
    },
    "EndDate": {
        "tp": 1021,
        "fp": 550,
        "fn": 489,
        "f1": 0.6627718273287895,
        "precision": 0.6499045194143858,
        "recall": 0.676158940397351
    },
    "UnfrozeDate": {
        "tp": 1,
        "fp": 0,
        "fn": 17,
        "f1": 0.10526315789473684,
        "precision": 1.0,
        "recall": 0.05555555555555555
    },
    "CompanyName": {
        "tp": 9648,
        "fp": 386,
        "fn": 434,
        "f1": 0.9592364287134619,
        "precision": 0.9615307952959936,
        "recall": 0.9569529855187463
    },
    "HighestTradingPrice": {
        "tp": 1406,
        "fp": 1427,
        "fn": 218,
        "f1": 0.6309176576172314,
        "precision": 0.49629368160960113,
        "recall": 0.8657635467980296
    },
    "LowestTradingPrice": {
        "tp": 0,
        "fp": 0,
        "fn": 1040,
        "f1": 0,
        "precision": 0,
        "recall": 0
    },
    "RepurchasedShares": {
        "tp": 1452,
        "fp": 272,
        "fn": 115,
        "f1": 0.8824065633546034,
        "precision": 0.8422273781902552,
        "recall": 0.9266113592852585
    },
    "ClosingDate": {
        "tp": 1108,
        "fp": 570,
        "fn": 540,
        "f1": 0.6662657847263981,
        "precision": 0.6603098927294399,
        "recall": 0.6723300970873787
    },
    "RepurchaseAmount": {
        "tp": 1252,
        "fp": 293,
        "fn": 174,
        "f1": 0.842813867384719,
        "precision": 0.8103559870550162,
        "recall": 0.8779803646563815
    },
    "TradedShares": {
        "tp": 905,
        "fp": 414,
        "fn": 229,
        "f1": 0.7378719934773746,
        "precision": 0.686125852918878,
        "recall": 0.7980599647266314
    },
    "LaterHoldingShares": {
        "tp": 69,
        "fp": 187,
        "fn": 352,
        "f1": 0.2038404726735598,
        "precision": 0.26953125,
        "recall": 0.16389548693586697
    },
    "AveragePrice": {
        "tp": 199,
        "fp": 76,
        "fn": 10,
        "f1": 0.8223140495867769,
        "precision": 0.7236363636363636,
        "recall": 0.9521531100478469
    },
    "Pledger": {
        "tp": 0,
        "fp": 0,
        "fn": 0,
        "f1": 0,
        "precision": 0,
        "recall": 0
    },
    "PledgedShares": {
        "tp": 2483,
        "fp": 879,
        "fn": 388,
        "f1": 0.7967270977057598,
        "precision": 0.7385484830458061,
        "recall": 0.8648554510623476
    },
    "Pledgee": {
        "tp": 2018,
        "fp": 181,
        "fn": 114,
        "f1": 0.9318864003694297,
        "precision": 0.9176898590268304,
        "recall": 0.9465290806754222
    },
    "TotalPledgedShares": {
        "tp": 1171,
        "fp": 395,
        "fn": 199,
        "f1": 0.797683923705722,
        "precision": 0.7477650063856961,
        "recall": 0.8547445255474453
    },
    "ReleasedDate": {
        "tp": 473,
        "fp": 431,
        "fn": 288,
        "f1": 0.5681681681681681,
        "precision": 0.5232300884955752,
        "recall": 0.621550591327201
    },
    "StockCode": {
        "tp": 3233,
        "fp": 13,
        "fn": 15,
        "f1": 0.9956883276870958,
        "precision": 0.9959950708564387,
        "recall": 0.9953817733990148
    },
    "StockAbbr": {
        "tp": 4150,
        "fp": 590,
        "fn": 945,
        "f1": 0.8439247585155059,
        "precision": 0.8755274261603375,
        "recall": 0.8145240431795878
    },
    "precision": 0.8127187456250875,
    "recall": 0.8370340999206979,
    "micro_f1": 0.8246972333700324,
    "macro_f1": 0.6597348240092157
}