{
    "EquityHolder": {
        "tp": 8415,
        "fp": 1541,
        "fn": 1198,
        "f1": 0.8600337268128162,
        "precision": 0.8452189634391322,
        "recall": 0.8753770935191928
    },
    "FrozeShares": {
        "tp": 116,
        "fp": 157,
        "fn": 182,
        "f1": 0.4063047285464098,
        "precision": 0.4249084249084249,
        "recall": 0.38926174496644295
    },
    "LegalInstitution": {
        "tp": 438,
        "fp": 67,
        "fn": 64,
        "f1": 0.8699106256206554,
        "precision": 0.8673267326732673,
        "recall": 0.8725099601593626
    },
    "TotalHoldingShares": {
        "tp": 1763,
        "fp": 654,
        "fn": 396,
        "f1": 0.7705419580419581,
        "precision": 0.7294166321886636,
        "recall": 0.8165817508105604
    },
    "TotalHoldingRatio": {
        "tp": 1464,
        "fp": 441,
        "fn": 261,
        "f1": 0.8066115702479338,
        "precision": 0.768503937007874,
        "recall": 0.8486956521739131
    },
    "StartDate": {
        "tp": 3767,
        "fp": 1146,
        "fn": 1264,
        "f1": 0.7576427996781979,
        "precision": 0.7667412985955628,
        "recall": 0.7487577022460743
    },
    "EndDate": {
        "tp": 1000,
        "fp": 578,
        "fn": 510,
        "f1": 0.6476683937823834,
        "precision": 0.6337135614702155,
        "recall": 0.6622516556291391
    },
    "UnfrozeDate": {
        "tp": 11,
        "fp": 17,
        "fn": 7,
        "f1": 0.4782608695652174,
        "precision": 0.39285714285714285,
        "recall": 0.6111111111111112
    },
    "CompanyName": {
        "tp": 9594,
        "fp": 375,
        "fn": 488,
        "f1": 0.9569597526307915,
        "precision": 0.9623833885043636,
        "recall": 0.9515969053759175
    },
    "HighestTradingPrice": {
        "tp": 1405,
        "fp": 334,
        "fn": 219,
        "f1": 0.8355634849836454,
        "precision": 0.8079355951696378,
        "recall": 0.8651477832512315
    },
    "LowestTradingPrice": {
        "tp": 883,
        "fp": 168,
        "fn": 157,
        "f1": 0.844571975131516,
        "precision": 0.840152235965747,
        "recall": 0.8490384615384615
    },
    "RepurchasedShares": {
        "tp": 1426,
        "fp": 243,
        "fn": 141,
        "f1": 0.8813349814585908,
        "precision": 0.8544038346315159,
        "recall": 0.9100191448627951
    },
    "ClosingDate": {
        "tp": 1047,
        "fp": 665,
        "fn": 601,
        "f1": 0.6232142857142857,
        "precision": 0.6115654205607477,
        "recall": 0.6353155339805825
    },
    "RepurchaseAmount": {
        "tp": 1314,
        "fp": 360,
        "fn": 112,
        "f1": 0.847741935483871,
        "precision": 0.7849462365591398,
        "recall": 0.9214586255259467
    },
    "TradedShares": {
        "tp": 845,
        "fp": 357,
        "fn": 289,
        "f1": 0.723458904109589,
        "precision": 0.7029950083194676,
        "recall": 0.7451499118165785
    },
    "LaterHoldingShares": {
        "tp": 91,
        "fp": 261,
        "fn": 330,
        "f1": 0.23544631306597671,
        "precision": 0.2585227272727273,
        "recall": 0.2161520190023753
    },
    "AveragePrice": {
        "tp": 199,
        "fp": 73,
        "fn": 10,
        "f1": 0.8274428274428274,
        "precision": 0.7316176470588235,
        "recall": 0.9521531100478469
    },
    "Pledger": {
        "tp": 0,
        "fp": 0,
        "fn": 0,
        "f1": 0,
        "precision": 0,
        "recall": 0
    },
    "PledgedShares": {
        "tp": 2283,
        "fp": 768,
        "fn": 588,
        "f1": 0.7710233029381964,
        "precision": 0.7482792527040315,
        "recall": 0.7951933124346917
    },
    "Pledgee": {
        "tp": 2017,
        "fp": 162,
        "fn": 115,
        "f1": 0.9357457666434703,
        "precision": 0.9256539697108765,
        "recall": 0.9460600375234521
    },
    "TotalPledgedShares": {
        "tp": 1154,
        "fp": 444,
        "fn": 216,
        "f1": 0.7776280323450134,
        "precision": 0.7221526908635795,
        "recall": 0.8423357664233576
    },
    "ReleasedDate": {
        "tp": 426,
        "fp": 395,
        "fn": 335,
        "f1": 0.538558786346397,
        "precision": 0.5188794153471377,
        "recall": 0.5597897503285151
    },
    "StockCode": {
        "tp": 3236,
        "fp": 8,
        "fn": 12,
        "f1": 0.9969192852741836,
        "precision": 0.9975339087546239,
        "recall": 0.9963054187192119
    },
    "StockAbbr": {
        "tp": 4097,
        "fp": 555,
        "fn": 998,
        "f1": 0.8406689237714169,
        "precision": 0.8806964746345658,
        "recall": 0.8041216879293425
    },
    "precision": 0.8278893587033122,
    "recall": 0.8469288443515247,
    "micro_f1": 0.8373008802252235,
    "macro_f1": 0.7180522179014726
}