{
    "EquityHolder": {
        "tp": 8369,
        "fp": 1574,
        "fn": 1244,
        "f1": 0.8559010022499489,
        "precision": 0.8416976767575178,
        "recall": 0.8705919067928847
    },
    "FrozeShares": {
        "tp": 91,
        "fp": 132,
        "fn": 207,
        "f1": 0.3493282149712092,
        "precision": 0.4080717488789238,
        "recall": 0.3053691275167785
    },
    "LegalInstitution": {
        "tp": 445,
        "fp": 65,
        "fn": 57,
        "f1": 0.8794466403162055,
        "precision": 0.8725490196078431,
        "recall": 0.8864541832669323
    },
    "TotalHoldingShares": {
        "tp": 1664,
        "fp": 568,
        "fn": 495,
        "f1": 0.7579139148257801,
        "precision": 0.7455197132616488,
        "recall": 0.7707271885132005
    },
    "TotalHoldingRatio": {
        "tp": 1406,
        "fp": 313,
        "fn": 319,
        "f1": 0.8164924506387921,
        "precision": 0.8179173938336242,
        "recall": 0.8150724637681159
    },
    "StartDate": {
        "tp": 3709,
        "fp": 1110,
        "fn": 1322,
        "f1": 0.7530964467005077,
        "precision": 0.7696617555509442,
        "recall": 0.7372291790896442
    },
    "EndDate": {
        "tp": 1036,
        "fp": 542,
        "fn": 474,
        "f1": 0.6709844559585493,
        "precision": 0.6565272496831432,
        "recall": 0.686092715231788
    },
    "UnfrozeDate": {
        "tp": 0,
        "fp": 0,
        "fn": 18,
        "f1": 0,
        "precision": 0,
        "recall": 0
    },
    "CompanyName": {
        "tp": 9561,
        "fp": 395,
        "fn": 521,
        "f1": 0.9542868549755466,
        "precision": 0.9603254319003616,
        "recall": 0.9483237452886332
    },
    "HighestTradingPrice": {
        "tp": 1455,
        "fp": 1340,
        "fn": 169,
        "f1": 0.658520027155465,
        "precision": 0.5205724508050089,
        "recall": 0.895935960591133
    },
    "LowestTradingPrice": {
        "tp": 0,
        "fp": 0,
        "fn": 1040,
        "f1": 0,
        "precision": 0,
        "recall": 0
    },
    "RepurchasedShares": {
        "tp": 1418,
        "fp": 246,
        "fn": 149,
        "f1": 0.8777468276075518,
        "precision": 0.8521634615384616,
        "recall": 0.9049138481174218
    },
    "ClosingDate": {
        "tp": 1105,
        "fp": 538,
        "fn": 543,
        "f1": 0.6715284108173808,
        "precision": 0.6725502130249543,
        "recall": 0.6705097087378641
    },
    "RepurchaseAmount": {
        "tp": 1210,
        "fp": 256,
        "fn": 216,
        "f1": 0.8367911479944675,
        "precision": 0.82537517053206,
        "recall": 0.8485273492286115
    },
    "TradedShares": {
        "tp": 887,
        "fp": 386,
        "fn": 247,
        "f1": 0.7370170336518488,
        "precision": 0.6967792615868028,
        "recall": 0.7821869488536155
    },
    "LaterHoldingShares": {
        "tp": 77,
        "fp": 190,
        "fn": 344,
        "f1": 0.2238372093023256,
        "precision": 0.2883895131086142,
        "recall": 0.1828978622327791
    },
    "AveragePrice": {
        "tp": 197,
        "fp": 84,
        "fn": 12,
        "f1": 0.8040816326530612,
        "precision": 0.701067615658363,
        "recall": 0.9425837320574163
    },
    "Pledger": {
        "tp": 0,
        "fp": 0,
        "fn": 0,
        "f1": 0,
        "precision": 0,
        "recall": 0
    },
    "PledgedShares": {
        "tp": 2405,
        "fp": 859,
        "fn": 466,
        "f1": 0.7840260798696006,
        "precision": 0.7368259803921569,
        "recall": 0.8376872169975619
    },
    "Pledgee": {
        "tp": 2010,
        "fp": 153,
        "fn": 122,
        "f1": 0.9359720605355064,
        "precision": 0.9292649098474342,
        "recall": 0.9427767354596623
    },
    "TotalPledgedShares": {
        "tp": 1145,
        "fp": 363,
        "fn": 225,
        "f1": 0.7956914523974982,
        "precision": 0.7592838196286472,
        "recall": 0.8357664233576643
    },
    "ReleasedDate": {
        "tp": 473,
        "fp": 413,
        "fn": 288,
        "f1": 0.5743776563448694,
        "precision": 0.5338600451467269,
        "recall": 0.621550591327201
    },
    "StockCode": {
        "tp": 3235,
        "fp": 10,
        "fn": 13,
        "f1": 0.9964577237024488,
        "precision": 0.9969183359013868,
        "recall": 0.9959975369458128
    },
    "StockAbbr": {
        "tp": 4098,
        "fp": 511,
        "fn": 997,
        "f1": 0.8446001648804617,
        "precision": 0.8891299631156433,
        "recall": 0.8043179587831207
    },
    "precision": 0.820712297480551,
    "recall": 0.8289957465215197,
    "micro_f1": 0.8248332257370345,
    "macro_f1": 0.6574207253145427
}