{
    "EquityHolder": {
        "tp": 8262,
        "fp": 1544,
        "fn": 1351,
        "f1": 0.8509192028425769,
        "precision": 0.8425453803793596,
        "recall": 0.8594611463642984
    },
    "FrozeShares": {
        "tp": 113,
        "fp": 163,
        "fn": 185,
        "f1": 0.39372822299651566,
        "precision": 0.40942028985507245,
        "recall": 0.37919463087248323
    },
    "LegalInstitution": {
        "tp": 439,
        "fp": 64,
        "fn": 63,
        "f1": 0.87363184079602,
        "precision": 0.8727634194831014,
        "recall": 0.8745019920318725
    },
    "TotalHoldingShares": {
        "tp": 1727,
        "fp": 562,
        "fn": 432,
        "f1": 0.7765287769784174,
        "precision": 0.7544779379641765,
        "recall": 0.7999073645206114
    },
    "TotalHoldingRatio": {
        "tp": 1385,
        "fp": 281,
        "fn": 340,
        "f1": 0.816868180477735,
        "precision": 0.8313325330132053,
        "recall": 0.8028985507246377
    },
    "StartDate": {
        "tp": 3838,
        "fp": 1350,
        "fn": 1193,
        "f1": 0.7511498189646737,
        "precision": 0.7397841171935235,
        "recall": 0.7628702047306698
    },
    "EndDate": {
        "tp": 980,
        "fp": 609,
        "fn": 530,
        "f1": 0.632462084543401,
        "precision": 0.6167400881057269,
        "recall": 0.6490066225165563
    },
    "UnfrozeDate": {
        "tp": 10,
        "fp": 9,
        "fn": 8,
        "f1": 0.5405405405405405,
        "precision": 0.5263157894736842,
        "recall": 0.5555555555555556
    },
    "CompanyName": {
        "tp": 9456,
        "fp": 378,
        "fn": 626,
        "f1": 0.9495882707370958,
        "precision": 0.961561928004881,
        "recall": 0.9379091450109105
    },
    "HighestTradingPrice": {
        "tp": 1402,
        "fp": 520,
        "fn": 222,
        "f1": 0.7907501410039481,
        "precision": 0.7294484911550468,
        "recall": 0.8633004926108374
    },
    "LowestTradingPrice": {
        "tp": 778,
        "fp": 76,
        "fn": 262,
        "f1": 0.8215417106652587,
        "precision": 0.9110070257611241,
        "recall": 0.7480769230769231
    },
    "RepurchasedShares": {
        "tp": 1449,
        "fp": 270,
        "fn": 118,
        "f1": 0.8819233110164334,
        "precision": 0.8429319371727748,
        "recall": 0.9246968730057434
    },
    "ClosingDate": {
        "tp": 932,
        "fp": 637,
        "fn": 716,
        "f1": 0.5794218215728939,
        "precision": 0.5940089228808159,
        "recall": 0.5655339805825242
    },
    "RepurchaseAmount": {
        "tp": 1266,
        "fp": 321,
        "fn": 160,
        "f1": 0.8403584467308329,
        "precision": 0.7977315689981096,
        "recall": 0.8877980364656382
    },
    "TradedShares": {
        "tp": 884,
        "fp": 406,
        "fn": 250,
        "f1": 0.7293729372937293,
        "precision": 0.6852713178294574,
        "recall": 0.7795414462081128
    },
    "LaterHoldingShares": {
        "tp": 87,
        "fp": 254,
        "fn": 334,
        "f1": 0.22834645669291337,
        "precision": 0.25513196480938416,
        "recall": 0.20665083135391923
    },
    "AveragePrice": {
        "tp": 193,
        "fp": 69,
        "fn": 16,
        "f1": 0.8195329087048832,
        "precision": 0.7366412213740458,
        "recall": 0.9234449760765551
    },
    "Pledger": {
        "tp": 0,
        "fp": 0,
        "fn": 0,
        "f1": 0,
        "precision": 0,
        "recall": 0
    },
    "PledgedShares": {
        "tp": 2374,
        "fp": 920,
        "fn": 497,
        "f1": 0.7701540957015409,
        "precision": 0.7207043108682453,
        "recall": 0.8268895855102751
    },
    "Pledgee": {
        "tp": 2021,
        "fp": 166,
        "fn": 111,
        "f1": 0.9358647835147024,
        "precision": 0.9240969364426155,
        "recall": 0.9479362101313321
    },
    "TotalPledgedShares": {
        "tp": 1095,
        "fp": 461,
        "fn": 275,
        "f1": 0.7484620642515379,
        "precision": 0.7037275064267352,
        "recall": 0.7992700729927007
    },
    "ReleasedDate": {
        "tp": 420,
        "fp": 386,
        "fn": 341,
        "f1": 0.5360561582641991,
        "precision": 0.5210918114143921,
        "recall": 0.5519053876478318
    },
    "StockCode": {
        "tp": 3234,
        "fp": 10,
        "fn": 14,
        "f1": 0.9963031423290204,
        "precision": 0.9969173859432799,
        "recall": 0.9956896551724138
    },
    "StockAbbr": {
        "tp": 4082,
        "fp": 577,
        "fn": 1013,
        "f1": 0.8369899528398604,
        "precision": 0.8761536810474351,
        "recall": 0.8011776251226693
    },
    "precision": 0.8222989727240524,
    "recall": 0.8367637517122053,
    "micro_f1": 0.8294683055813621,
    "macro_f1": 0.7125206195607802
}