{
    "EquityHolder": {
        "tp": 8251,
        "fp": 1361,
        "fn": 1362,
        "f1": 0.8583615084525358,
        "precision": 0.8584061589679567,
        "recall": 0.8583168625819203
    },
    "FrozeShares": {
        "tp": 99,
        "fp": 144,
        "fn": 199,
        "f1": 0.3659889094269871,
        "precision": 0.4074074074074074,
        "recall": 0.33221476510067116
    },
    "LegalInstitution": {
        "tp": 440,
        "fp": 65,
        "fn": 62,
        "f1": 0.8738828202581926,
        "precision": 0.8712871287128713,
        "recall": 0.8764940239043825
    },
    "TotalHoldingShares": {
        "tp": 1712,
        "fp": 472,
        "fn": 447,
        "f1": 0.7883951185816255,
        "precision": 0.7838827838827839,
        "recall": 0.792959703566466
    },
    "TotalHoldingRatio": {
        "tp": 1422,
        "fp": 295,
        "fn": 303,
        "f1": 0.8262638001162115,
        "precision": 0.8281887012230634,
        "recall": 0.8243478260869566
    },
    "StartDate": {
        "tp": 3846,
        "fp": 1271,
        "fn": 1185,
        "f1": 0.757981868348443,
        "precision": 0.7516122728161032,
        "recall": 0.7644603458556947
    },
    "EndDate": {
        "tp": 942,
        "fp": 438,
        "fn": 568,
        "f1": 0.6519031141868512,
        "precision": 0.6826086956521739,
        "recall": 0.623841059602649
    },
    "UnfrozeDate": {
        "tp": 9,
        "fp": 8,
        "fn": 9,
        "f1": 0.5142857142857143,
        "precision": 0.5294117647058824,
        "recall": 0.5
    },
    "CompanyName": {
        "tp": 9550,
        "fp": 360,
        "fn": 532,
        "f1": 0.9553821528611446,
        "precision": 0.963673057517659,
        "recall": 0.9472326919262051
    },
    "HighestTradingPrice": {
        "tp": 1375,
        "fp": 328,
        "fn": 249,
        "f1": 0.8265704839194469,
        "precision": 0.8073987081620669,
        "recall": 0.8466748768472906
    },
    "LowestTradingPrice": {
        "tp": 891,
        "fp": 209,
        "fn": 149,
        "f1": 0.8327102803738319,
        "precision": 0.81,
        "recall": 0.8567307692307692
    },
    "RepurchasedShares": {
        "tp": 1432,
        "fp": 244,
        "fn": 135,
        "f1": 0.8831329016342893,
        "precision": 0.8544152744630071,
        "recall": 0.9138481174218251
    },
    "ClosingDate": {
        "tp": 1151,
        "fp": 581,
        "fn": 497,
        "f1": 0.6810650887573965,
        "precision": 0.6645496535796767,
        "recall": 0.6984223300970874
    },
    "RepurchaseAmount": {
        "tp": 1297,
        "fp": 345,
        "fn": 129,
        "f1": 0.8455019556714471,
        "precision": 0.7898903775883069,
        "recall": 0.9095371669004207
    },
    "TradedShares": {
        "tp": 822,
        "fp": 325,
        "fn": 312,
        "f1": 0.7207365190705831,
        "precision": 0.7166521360069747,
        "recall": 0.7248677248677249
    },
    "LaterHoldingShares": {
        "tp": 85,
        "fp": 219,
        "fn": 336,
        "f1": 0.23448275862068965,
        "precision": 0.27960526315789475,
        "recall": 0.20190023752969122
    },
    "AveragePrice": {
        "tp": 199,
        "fp": 77,
        "fn": 10,
        "f1": 0.820618556701031,
        "precision": 0.7210144927536232,
        "recall": 0.9521531100478469
    },
    "Pledger": {
        "tp": 0,
        "fp": 0,
        "fn": 0,
        "f1": 0,
        "precision": 0,
        "recall": 0
    },
    "PledgedShares": {
        "tp": 2243,
        "fp": 729,
        "fn": 628,
        "f1": 0.7677562895772719,
        "precision": 0.7547106325706595,
        "recall": 0.7812608847091606
    },
    "Pledgee": {
        "tp": 2021,
        "fp": 163,
        "fn": 111,
        "f1": 0.9365152919369788,
        "precision": 0.9253663003663004,
        "recall": 0.9479362101313321
    },
    "TotalPledgedShares": {
        "tp": 1073,
        "fp": 412,
        "fn": 297,
        "f1": 0.7516637478108582,
        "precision": 0.7225589225589225,
        "recall": 0.7832116788321168
    },
    "ReleasedDate": {
        "tp": 450,
        "fp": 383,
        "fn": 311,
        "f1": 0.5646173149309912,
        "precision": 0.5402160864345739,
        "recall": 0.5913272010512484
    },
    "StockCode": {
        "tp": 3233,
        "fp": 11,
        "fn": 15,
        "f1": 0.9959950708564387,
        "precision": 0.9966091245376079,
        "recall": 0.9953817733990148
    },
    "StockAbbr": {
        "tp": 4052,
        "fp": 524,
        "fn": 1043,
        "f1": 0.8379691862268639,
        "precision": 0.8854895104895105,
        "recall": 0.7952894995093228
    },
    "precision": 0.8386580032038013,
    "recall": 0.8397916516473217,
    "micro_f1": 0.8392244445845302,
    "macro_f1": 0.7204908521919094
}