{
    "EquityHolder": {
        "tp": 8318,
        "fp": 1534,
        "fn": 1295,
        "f1": 0.8546622142306706,
        "precision": 0.844295574502639,
        "recall": 0.8652865910745865
    },
    "FrozeShares": {
        "tp": 94,
        "fp": 141,
        "fn": 204,
        "f1": 0.3527204502814259,
        "precision": 0.4,
        "recall": 0.31543624161073824
    },
    "LegalInstitution": {
        "tp": 438,
        "fp": 66,
        "fn": 64,
        "f1": 0.8707753479125249,
        "precision": 0.8690476190476191,
        "recall": 0.8725099601593626
    },
    "TotalHoldingShares": {
        "tp": 1695,
        "fp": 491,
        "fn": 464,
        "f1": 0.7802071346375143,
        "precision": 0.7753888380603843,
        "recall": 0.7850856878184345
    },
    "TotalHoldingRatio": {
        "tp": 1443,
        "fp": 353,
        "fn": 282,
        "f1": 0.819653507526271,
        "precision": 0.8034521158129176,
        "recall": 0.8365217391304348
    },
    "StartDate": {
        "tp": 3883,
        "fp": 1422,
        "fn": 1148,
        "f1": 0.7513544891640866,
        "precision": 0.7319509896324222,
        "recall": 0.7718147485589346
    },
    "EndDate": {
        "tp": 968,
        "fp": 461,
        "fn": 542,
        "f1": 0.6587274583191562,
        "precision": 0.6773967809657103,
        "recall": 0.6410596026490066
    },
    "UnfrozeDate": {
        "tp": 8,
        "fp": 14,
        "fn": 10,
        "f1": 0.39999999999999997,
        "precision": 0.36363636363636365,
        "recall": 0.4444444444444444
    },
    "CompanyName": {
        "tp": 9555,
        "fp": 370,
        "fn": 527,
        "f1": 0.9551656920077973,
        "precision": 0.96272040302267,
        "recall": 0.9477286252727634
    },
    "HighestTradingPrice": {
        "tp": 1402,
        "fp": 345,
        "fn": 222,
        "f1": 0.8318006526253338,
        "precision": 0.8025186033199772,
        "recall": 0.8633004926108374
    },
    "LowestTradingPrice": {
        "tp": 868,
        "fp": 182,
        "fn": 172,
        "f1": 0.8306220095693779,
        "precision": 0.8266666666666667,
        "recall": 0.8346153846153846
    },
    "RepurchasedShares": {
        "tp": 1384,
        "fp": 227,
        "fn": 183,
        "f1": 0.8709880427942103,
        "precision": 0.8590937306021105,
        "recall": 0.8832163369495852
    },
    "ClosingDate": {
        "tp": 1018,
        "fp": 639,
        "fn": 630,
        "f1": 0.6160363086232981,
        "precision": 0.6143633071816536,
        "recall": 0.6177184466019418
    },
    "RepurchaseAmount": {
        "tp": 1299,
        "fp": 360,
        "fn": 127,
        "f1": 0.8421393841166938,
        "precision": 0.783001808318264,
        "recall": 0.9109396914446003
    },
    "TradedShares": {
        "tp": 824,
        "fp": 342,
        "fn": 310,
        "f1": 0.7165217391304348,
        "precision": 0.7066895368782161,
        "recall": 0.7266313932980599
    },
    "LaterHoldingShares": {
        "tp": 77,
        "fp": 220,
        "fn": 344,
        "f1": 0.21448467966573814,
        "precision": 0.25925925925925924,
        "recall": 0.1828978622327791
    },
    "AveragePrice": {
        "tp": 198,
        "fp": 79,
        "fn": 11,
        "f1": 0.8148148148148149,
        "precision": 0.7148014440433214,
        "recall": 0.9473684210526315
    },
    "Pledger": {
        "tp": 0,
        "fp": 0,
        "fn": 0,
        "f1": 0,
        "precision": 0,
        "recall": 0
    },
    "PledgedShares": {
        "tp": 2232,
        "fp": 803,
        "fn": 639,
        "f1": 0.7558415171012529,
        "precision": 0.7354200988467875,
        "recall": 0.7774294670846394
    },
    "Pledgee": {
        "tp": 2015,
        "fp": 169,
        "fn": 117,
        "f1": 0.9337349397590362,
        "precision": 0.9226190476190477,
        "recall": 0.9451219512195121
    },
    "TotalPledgedShares": {
        "tp": 1127,
        "fp": 421,
        "fn": 243,
        "f1": 0.7724468814256341,
        "precision": 0.7280361757105943,
        "recall": 0.8226277372262774
    },
    "ReleasedDate": {
        "tp": 429,
        "fp": 369,
        "fn": 332,
        "f1": 0.5503527902501604,
        "precision": 0.5375939849624061,
        "recall": 0.5637319316688568
    },
    "StockCode": {
        "tp": 3235,
        "fp": 9,
        "fn": 13,
        "f1": 0.996611213801602,
        "precision": 0.9972256473489519,
        "recall": 0.9959975369458128
    },
    "StockAbbr": {
        "tp": 4060,
        "fp": 598,
        "fn": 1035,
        "f1": 0.8325643391776888,
        "precision": 0.8716187204808931,
        "recall": 0.7968596663395485
    },
    "precision": 0.8288689151908872,
    "recall": 0.8393410712998342,
    "micro_f1": 0.8340721238660684,
    "macro_f1": 0.7092594002889466
}