{
    "EquityHolder": {
        "tp": 8288,
        "fp": 1446,
        "fn": 1325,
        "f1": 0.8567736599989663,
        "precision": 0.8514485309225396,
        "recall": 0.8621658171226464
    },
    "FrozeShares": {
        "tp": 4,
        "fp": 2,
        "fn": 294,
        "f1": 0.026315789473684213,
        "precision": 0.6666666666666666,
        "recall": 0.013422818791946308
    },
    "LegalInstitution": {
        "tp": 443,
        "fp": 64,
        "fn": 59,
        "f1": 0.8780971258671952,
        "precision": 0.873767258382643,
        "recall": 0.8824701195219123
    },
    "TotalHoldingShares": {
        "tp": 1732,
        "fp": 786,
        "fn": 427,
        "f1": 0.7406457130639299,
        "precision": 0.687847498014297,
        "recall": 0.8022232515053266
    },
    "TotalHoldingRatio": {
        "tp": 1397,
        "fp": 406,
        "fn": 328,
        "f1": 0.7919501133786848,
        "precision": 0.7748197448696617,
        "recall": 0.8098550724637681
    },
    "StartDate": {
        "tp": 3622,
        "fp": 1221,
        "fn": 1409,
        "f1": 0.7336439133076766,
        "precision": 0.747883543258311,
        "recall": 0.719936394354999
    },
    "EndDate": {
        "tp": 1037,
        "fp": 567,
        "fn": 473,
        "f1": 0.666024405908799,
        "precision": 0.6465087281795511,
        "recall": 0.6867549668874172
    },
    "UnfrozeDate": {
        "tp": 0,
        "fp": 0,
        "fn": 18,
        "f1": 0,
        "precision": 0,
        "recall": 0
    },
    "CompanyName": {
        "tp": 9676,
        "fp": 508,
        "fn": 406,
        "f1": 0.9548998322313234,
        "precision": 0.9501178318931658,
        "recall": 0.9597302122594723
    },
    "HighestTradingPrice": {
        "tp": 1530,
        "fp": 1271,
        "fn": 94,
        "f1": 0.6915254237288135,
        "precision": 0.5462334880399857,
        "recall": 0.9421182266009852
    },
    "LowestTradingPrice": {
        "tp": 0,
        "fp": 0,
        "fn": 1040,
        "f1": 0,
        "precision": 0,
        "recall": 0
    },
    "RepurchasedShares": {
        "tp": 1457,
        "fp": 287,
        "fn": 110,
        "f1": 0.880096647538508,
        "precision": 0.8354357798165137,
        "recall": 0.9298021697511167
    },
    "ClosingDate": {
        "tp": 1107,
        "fp": 295,
        "fn": 541,
        "f1": 0.7259016393442622,
        "precision": 0.7895863052781741,
        "recall": 0.6717233009708737
    },
    "RepurchaseAmount": {
        "tp": 1010,
        "fp": 109,
        "fn": 416,
        "f1": 0.793713163064833,
        "precision": 0.902591599642538,
        "recall": 0.7082748948106592
    },
    "TradedShares": {
        "tp": 835,
        "fp": 407,
        "fn": 299,
        "f1": 0.7028619528619529,
        "precision": 0.6723027375201288,
        "recall": 0.736331569664903
    },
    "LaterHoldingShares": {
        "tp": 47,
        "fp": 147,
        "fn": 374,
        "f1": 0.15284552845528454,
        "precision": 0.2422680412371134,
        "recall": 0.11163895486935867
    },
    "AveragePrice": {
        "tp": 196,
        "fp": 90,
        "fn": 13,
        "f1": 0.7919191919191919,
        "precision": 0.6853146853146853,
        "recall": 0.937799043062201
    },
    "Pledger": {
        "tp": 0,
        "fp": 0,
        "fn": 0,
        "f1": 0,
        "precision": 0,
        "recall": 0
    },
    "PledgedShares": {
        "tp": 2527,
        "fp": 895,
        "fn": 344,
        "f1": 0.8031145717463849,
        "precision": 0.7384570426651081,
        "recall": 0.8801811215604319
    },
    "Pledgee": {
        "tp": 2003,
        "fp": 175,
        "fn": 129,
        "f1": 0.9294663573085847,
        "precision": 0.9196510560146923,
        "recall": 0.9394934333958724
    },
    "TotalPledgedShares": {
        "tp": 1163,
        "fp": 432,
        "fn": 207,
        "f1": 0.7844856661045531,
        "precision": 0.729153605015674,
        "recall": 0.8489051094890511
    },
    "ReleasedDate": {
        "tp": 471,
        "fp": 483,
        "fn": 290,
        "f1": 0.5492711370262391,
        "precision": 0.4937106918238994,
        "recall": 0.6189224704336399
    },
    "StockCode": {
        "tp": 3228,
        "fp": 23,
        "fn": 20,
        "f1": 0.9933835974765348,
        "precision": 0.9929252537680714,
        "recall": 0.9938423645320197
    },
    "StockAbbr": {
        "tp": 3986,
        "fp": 397,
        "fn": 1109,
        "f1": 0.8411057185060139,
        "precision": 0.9094227697923797,
        "recall": 0.7823356231599607
    },
    "precision": 0.820494889725659,
    "recall": 0.8247242448273376,
    "micro_f1": 0.8226041310874215,
    "macro_f1": 0.6370017145129755
}