{
    "EquityHolder": {
        "tp": 8090,
        "fp": 1438,
        "fn": 1523,
        "f1": 0.8453058878846456,
        "precision": 0.8490764063811923,
        "recall": 0.8415687090398419
    },
    "FrozeShares": {
        "tp": 85,
        "fp": 117,
        "fn": 213,
        "f1": 0.33999999999999997,
        "precision": 0.4207920792079208,
        "recall": 0.28523489932885904
    },
    "LegalInstitution": {
        "tp": 443,
        "fp": 53,
        "fn": 59,
        "f1": 0.8877755511022044,
        "precision": 0.8931451612903226,
        "recall": 0.8824701195219123
    },
    "TotalHoldingShares": {
        "tp": 1683,
        "fp": 521,
        "fn": 476,
        "f1": 0.7714875085950034,
        "precision": 0.7636116152450091,
        "recall": 0.7795275590551181
    },
    "TotalHoldingRatio": {
        "tp": 1448,
        "fp": 345,
        "fn": 277,
        "f1": 0.8231949971574759,
        "precision": 0.807585052983826,
        "recall": 0.8394202898550724
    },
    "StartDate": {
        "tp": 3699,
        "fp": 1282,
        "fn": 1332,
        "f1": 0.7389133040351579,
        "precision": 0.7426219634611524,
        "recall": 0.7352415026833632
    },
    "EndDate": {
        "tp": 1049,
        "fp": 532,
        "fn": 461,
        "f1": 0.6787447428016822,
        "precision": 0.6635041113219481,
        "recall": 0.6947019867549669
    },
    "UnfrozeDate": {
        "tp": 9,
        "fp": 12,
        "fn": 9,
        "f1": 0.4615384615384615,
        "precision": 0.42857142857142855,
        "recall": 0.5
    },
    "CompanyName": {
        "tp": 9512,
        "fp": 324,
        "fn": 570,
        "f1": 0.9551159754995481,
        "precision": 0.967059780398536,
        "recall": 0.9434635984923626
    },
    "HighestTradingPrice": {
        "tp": 1519,
        "fp": 385,
        "fn": 105,
        "f1": 0.8611111111111112,
        "precision": 0.7977941176470589,
        "recall": 0.9353448275862069
    },
    "LowestTradingPrice": {
        "tp": 866,
        "fp": 73,
        "fn": 174,
        "f1": 0.875189489641233,
        "precision": 0.9222577209797657,
        "recall": 0.8326923076923077
    },
    "RepurchasedShares": {
        "tp": 1424,
        "fp": 245,
        "fn": 143,
        "f1": 0.8800988875154511,
        "precision": 0.8532055122828041,
        "recall": 0.9087428206764518
    },
    "ClosingDate": {
        "tp": 1197,
        "fp": 917,
        "fn": 451,
        "f1": 0.6363636363636365,
        "precision": 0.5662251655629139,
        "recall": 0.7263349514563107
    },
    "RepurchaseAmount": {
        "tp": 1094,
        "fp": 282,
        "fn": 332,
        "f1": 0.780870806566738,
        "precision": 0.7950581395348837,
        "recall": 0.7671809256661991
    },
    "TradedShares": {
        "tp": 827,
        "fp": 361,
        "fn": 307,
        "f1": 0.7123169681309216,
        "precision": 0.6961279461279462,
        "recall": 0.7292768959435626
    },
    "LaterHoldingShares": {
        "tp": 125,
        "fp": 353,
        "fn": 296,
        "f1": 0.27808676307007785,
        "precision": 0.2615062761506276,
        "recall": 0.29691211401425177
    },
    "AveragePrice": {
        "tp": 195,
        "fp": 36,
        "fn": 14,
        "f1": 0.8863636363636364,
        "precision": 0.8441558441558441,
        "recall": 0.9330143540669856
    },
    "Pledger": {
        "tp": 0,
        "fp": 0,
        "fn": 0,
        "f1": 0,
        "precision": 0,
        "recall": 0
    },
    "PledgedShares": {
        "tp": 2355,
        "fp": 804,
        "fn": 516,
        "f1": 0.781094527363184,
        "precision": 0.7454890788224121,
        "recall": 0.8202716823406478
    },
    "Pledgee": {
        "tp": 2022,
        "fp": 203,
        "fn": 110,
        "f1": 0.9281615790681662,
        "precision": 0.9087640449438202,
        "recall": 0.948405253283302
    },
    "TotalPledgedShares": {
        "tp": 1154,
        "fp": 353,
        "fn": 216,
        "f1": 0.8022245394508168,
        "precision": 0.7657597876575979,
        "recall": 0.8423357664233576
    },
    "ReleasedDate": {
        "tp": 469,
        "fp": 479,
        "fn": 292,
        "f1": 0.5488589818607373,
        "precision": 0.4947257383966245,
        "recall": 0.6162943495400789
    },
    "StockCode": {
        "tp": 3230,
        "fp": 10,
        "fn": 18,
        "f1": 0.9956843403205918,
        "precision": 0.9969135802469136,
        "recall": 0.9944581280788177
    },
    "StockAbbr": {
        "tp": 4143,
        "fp": 536,
        "fn": 952,
        "f1": 0.8477593615715162,
        "precision": 0.8854456080359051,
        "recall": 0.8131501472031404
    },
    "precision": 0.828398372972877,
    "recall": 0.8405666498450004,
    "micro_f1": 0.8344381524918816,
    "macro_f1": 0.7215108773754998
}