{
    "EquityHolder": {
        "tp": 7527,
        "fp": 1042,
        "fn": 2086,
        "f1": 0.8279617203827963,
        "precision": 0.8783988796825767,
        "recall": 0.7830021845417664
    },
    "FrozeShares": {
        "tp": 116,
        "fp": 123,
        "fn": 182,
        "f1": 0.4320297951582867,
        "precision": 0.48535564853556484,
        "recall": 0.38926174496644295
    },
    "LegalInstitution": {
        "tp": 454,
        "fp": 65,
        "fn": 48,
        "f1": 0.8893241919686581,
        "precision": 0.8747591522157996,
        "recall": 0.9043824701195219
    },
    "TotalHoldingShares": {
        "tp": 1495,
        "fp": 379,
        "fn": 664,
        "f1": 0.7413835854202827,
        "precision": 0.7977588046958378,
        "recall": 0.6924502084298286
    },
    "TotalHoldingRatio": {
        "tp": 1293,
        "fp": 214,
        "fn": 432,
        "f1": 0.8001237623762377,
        "precision": 0.8579960185799602,
        "recall": 0.7495652173913043
    },
    "StartDate": {
        "tp": 3868,
        "fp": 1798,
        "fn": 1163,
        "f1": 0.7231934187155277,
        "precision": 0.6826685492410872,
        "recall": 0.768833233949513
    },
    "EndDate": {
        "tp": 830,
        "fp": 355,
        "fn": 680,
        "f1": 0.6159554730983303,
        "precision": 0.70042194092827,
        "recall": 0.5496688741721855
    },
    "UnfrozeDate": {
        "tp": 10,
        "fp": 15,
        "fn": 8,
        "f1": 0.46511627906976744,
        "precision": 0.4,
        "recall": 0.5555555555555556
    },
    "CompanyName": {
        "tp": 9445,
        "fp": 541,
        "fn": 637,
        "f1": 0.9412995814231612,
        "precision": 0.9458241538153415,
        "recall": 0.9368180916484824
    },
    "HighestTradingPrice": {
        "tp": 1008,
        "fp": 494,
        "fn": 616,
        "f1": 0.6449136276391555,
        "precision": 0.6711051930758988,
        "recall": 0.6206896551724138
    },
    "LowestTradingPrice": {
        "tp": 883,
        "fp": 102,
        "fn": 157,
        "f1": 0.8720987654320989,
        "precision": 0.8964467005076142,
        "recall": 0.8490384615384615
    },
    "RepurchasedShares": {
        "tp": 1419,
        "fp": 225,
        "fn": 148,
        "f1": 0.883836810962317,
        "precision": 0.8631386861313869,
        "recall": 0.9055520102105935
    },
    "ClosingDate": {
        "tp": 1212,
        "fp": 710,
        "fn": 436,
        "f1": 0.6789915966386554,
        "precision": 0.6305931321540063,
        "recall": 0.7354368932038835
    },
    "RepurchaseAmount": {
        "tp": 1084,
        "fp": 174,
        "fn": 342,
        "f1": 0.8077496274217585,
        "precision": 0.8616852146263911,
        "recall": 0.7601683029453016
    },
    "TradedShares": {
        "tp": 812,
        "fp": 297,
        "fn": 322,
        "f1": 0.7240303165403477,
        "precision": 0.7321911632100991,
        "recall": 0.7160493827160493
    },
    "LaterHoldingShares": {
        "tp": 91,
        "fp": 191,
        "fn": 330,
        "f1": 0.25889046941678523,
        "precision": 0.32269503546099293,
        "recall": 0.2161520190023753
    },
    "AveragePrice": {
        "tp": 181,
        "fp": 67,
        "fn": 28,
        "f1": 0.7921225382932168,
        "precision": 0.7298387096774194,
        "recall": 0.8660287081339713
    },
    "Pledger": {
        "tp": 0,
        "fp": 0,
        "fn": 0,
        "f1": 0,
        "precision": 0,
        "recall": 0
    },
    "PledgedShares": {
        "tp": 2328,
        "fp": 859,
        "fn": 543,
        "f1": 0.7685704853086828,
        "precision": 0.73046752431754,
        "recall": 0.8108672936259144
    },
    "Pledgee": {
        "tp": 2003,
        "fp": 173,
        "fn": 129,
        "f1": 0.9298978644382544,
        "precision": 0.9204963235294118,
        "recall": 0.9394934333958724
    },
    "TotalPledgedShares": {
        "tp": 1184,
        "fp": 383,
        "fn": 186,
        "f1": 0.8062648961525366,
        "precision": 0.7555839183152521,
        "recall": 0.8642335766423358
    },
    "ReleasedDate": {
        "tp": 503,
        "fp": 582,
        "fn": 258,
        "f1": 0.5449620801733478,
        "precision": 0.46359447004608295,
        "recall": 0.6609724047306176
    },
    "StockCode": {
        "tp": 3236,
        "fp": 9,
        "fn": 12,
        "f1": 0.9967657477283229,
        "precision": 0.9972265023112481,
        "recall": 0.9963054187192119
    },
    "StockAbbr": {
        "tp": 3997,
        "fp": 362,
        "fn": 1098,
        "f1": 0.8455680135392425,
        "precision": 0.9169534296857077,
        "recall": 0.7844946025515211
    },
    "precision": 0.8308058885461497,
    "recall": 0.8106661379857256,
    "micro_f1": 0.8206124627131168,
    "macro_f1": 0.7079604436374072
}