{
    "EquityHolder": {
        "tp": 7250,
        "fp": 1741,
        "fn": 2363,
        "f1": 0.7794022790797678,
        "precision": 0.8063619174730285,
        "recall": 0.7541870383855196
    },
    "FrozeShares": {
        "tp": 36,
        "fp": 45,
        "fn": 262,
        "f1": 0.18997361477572558,
        "precision": 0.4444444444444444,
        "recall": 0.12080536912751678
    },
    "LegalInstitution": {
        "tp": 322,
        "fp": 113,
        "fn": 180,
        "f1": 0.687299893276414,
        "precision": 0.7402298850574712,
        "recall": 0.6414342629482072
    },
    "TotalHoldingShares": {
        "tp": 1476,
        "fp": 423,
        "fn": 683,
        "f1": 0.7274519467718089,
        "precision": 0.7772511848341233,
        "recall": 0.6836498378879111
    },
    "TotalHoldingRatio": {
        "tp": 1282,
        "fp": 291,
        "fn": 443,
        "f1": 0.777440873256519,
        "precision": 0.8150031786395423,
        "recall": 0.7431884057971014
    },
    "StartDate": {
        "tp": 3381,
        "fp": 1380,
        "fn": 1650,
        "f1": 0.6905637254901961,
        "precision": 0.7101449275362319,
        "recall": 0.6720333929636255
    },
    "EndDate": {
        "tp": 771,
        "fp": 660,
        "fn": 739,
        "f1": 0.5243114586875212,
        "precision": 0.5387840670859538,
        "recall": 0.5105960264900662
    },
    "UnfrozeDate": {
        "tp": 0,
        "fp": 0,
        "fn": 18,
        "f1": 0,
        "precision": 0,
        "recall": 0
    },
    "CompanyName": {
        "tp": 9332,
        "fp": 708,
        "fn": 750,
        "f1": 0.9275419938375906,
        "precision": 0.9294820717131475,
        "recall": 0.9256099980162666
    },
    "HighestTradingPrice": {
        "tp": 764,
        "fp": 806,
        "fn": 860,
        "f1": 0.47839699436443334,
        "precision": 0.48662420382165605,
        "recall": 0.47044334975369456
    },
    "LowestTradingPrice": {
        "tp": 300,
        "fp": 302,
        "fn": 740,
        "f1": 0.3654080389768575,
        "precision": 0.4983388704318937,
        "recall": 0.28846153846153844
    },
    "RepurchasedShares": {
        "tp": 961,
        "fp": 497,
        "fn": 606,
        "f1": 0.6353719008264463,
        "precision": 0.659122085048011,
        "recall": 0.6132737715379707
    },
    "ClosingDate": {
        "tp": 486,
        "fp": 504,
        "fn": 1162,
        "f1": 0.36846095526914324,
        "precision": 0.4909090909090909,
        "recall": 0.2949029126213592
    },
    "RepurchaseAmount": {
        "tp": 921,
        "fp": 425,
        "fn": 505,
        "f1": 0.6645021645021645,
        "precision": 0.6842496285289748,
        "recall": 0.6458625525946704
    },
    "TradedShares": {
        "tp": 746,
        "fp": 447,
        "fn": 388,
        "f1": 0.6411688869789428,
        "precision": 0.625314333612741,
        "recall": 0.6578483245149912
    },
    "LaterHoldingShares": {
        "tp": 42,
        "fp": 140,
        "fn": 379,
        "f1": 0.13930348258706468,
        "precision": 0.23076923076923078,
        "recall": 0.0997624703087886
    },
    "AveragePrice": {
        "tp": 166,
        "fp": 63,
        "fn": 43,
        "f1": 0.7579908675799086,
        "precision": 0.7248908296943232,
        "recall": 0.7942583732057417
    },
    "Pledger": {
        "tp": 0,
        "fp": 0,
        "fn": 0,
        "f1": 0,
        "precision": 0,
        "recall": 0
    },
    "PledgedShares": {
        "tp": 1929,
        "fp": 900,
        "fn": 942,
        "f1": 0.6768421052631579,
        "precision": 0.6818663838812301,
        "recall": 0.6718913270637409
    },
    "Pledgee": {
        "tp": 1890,
        "fp": 153,
        "fn": 242,
        "f1": 0.9053892215568863,
        "precision": 0.9251101321585903,
        "recall": 0.8864915572232646
    },
    "TotalPledgedShares": {
        "tp": 1161,
        "fp": 557,
        "fn": 209,
        "f1": 0.7519430051813472,
        "precision": 0.6757857974388825,
        "recall": 0.8474452554744526
    },
    "ReleasedDate": {
        "tp": 390,
        "fp": 343,
        "fn": 371,
        "f1": 0.5220883534136546,
        "precision": 0.5320600272851296,
        "recall": 0.5124835742444153
    },
    "StockCode": {
        "tp": 3205,
        "fp": 35,
        "fn": 43,
        "f1": 0.9879778051787915,
        "precision": 0.9891975308641975,
        "recall": 0.9867610837438424
    },
    "StockAbbr": {
        "tp": 3991,
        "fp": 1432,
        "fn": 1104,
        "f1": 0.7588895227229511,
        "precision": 0.7359395168725797,
        "recall": 0.7833169774288519
    },
    "precision": 0.7732484317850171,
    "recall": 0.7353831735275034,
    "micro_f1": 0.7538406111721832,
    "macro_f1": 0.581571628732387
}