{
    "EquityHolder": {
        "tp": 8565,
        "fp": 1477,
        "fn": 1048,
        "f1": 0.8715339608242179,
        "precision": 0.8529177454690301,
        "recall": 0.8909809632788932
    },
    "FrozeShares": {
        "tp": 120,
        "fp": 186,
        "fn": 178,
        "f1": 0.3973509933774834,
        "precision": 0.39215686274509803,
        "recall": 0.40268456375838924
    },
    "LegalInstitution": {
        "tp": 438,
        "fp": 80,
        "fn": 64,
        "f1": 0.8588235294117647,
        "precision": 0.8455598455598455,
        "recall": 0.8725099601593626
    },
    "TotalHoldingShares": {
        "tp": 1717,
        "fp": 769,
        "fn": 442,
        "f1": 0.7392895586652314,
        "precision": 0.6906677393403057,
        "recall": 0.7952755905511811
    },
    "TotalHoldingRatio": {
        "tp": 1379,
        "fp": 357,
        "fn": 346,
        "f1": 0.7968795145911587,
        "precision": 0.7943548387096774,
        "recall": 0.7994202898550725
    },
    "StartDate": {
        "tp": 3870,
        "fp": 1205,
        "fn": 1161,
        "f1": 0.7658816544626955,
        "precision": 0.7625615763546798,
        "recall": 0.7692307692307693
    },
    "EndDate": {
        "tp": 912,
        "fp": 454,
        "fn": 598,
        "f1": 0.6342141863699583,
        "precision": 0.6676427525622255,
        "recall": 0.6039735099337749
    },
    "UnfrozeDate": {
        "tp": 0,
        "fp": 0,
        "fn": 18,
        "f1": 0,
        "precision": 0,
        "recall": 0
    },
    "CompanyName": {
        "tp": 9678,
        "fp": 348,
        "fn": 404,
        "f1": 0.9626019494728466,
        "precision": 0.9652902453620587,
        "recall": 0.9599285855980956
    },
    "HighestTradingPrice": {
        "tp": 508,
        "fp": 1790,
        "fn": 1116,
        "f1": 0.2590515043345232,
        "precision": 0.22106179286335945,
        "recall": 0.312807881773399
    },
    "LowestTradingPrice": {
        "tp": 394,
        "fp": 103,
        "fn": 646,
        "f1": 0.512687052700065,
        "precision": 0.7927565392354124,
        "recall": 0.37884615384615383
    },
    "RepurchasedShares": {
        "tp": 1367,
        "fp": 370,
        "fn": 200,
        "f1": 0.8274818401937046,
        "precision": 0.7869890616004606,
        "recall": 0.8723675813656668
    },
    "ClosingDate": {
        "tp": 1244,
        "fp": 594,
        "fn": 404,
        "f1": 0.7137119908204246,
        "precision": 0.676822633297062,
        "recall": 0.7548543689320388
    },
    "RepurchaseAmount": {
        "tp": 1266,
        "fp": 313,
        "fn": 160,
        "f1": 0.8425956738768718,
        "precision": 0.8017732742241925,
        "recall": 0.8877980364656382
    },
    "TradedShares": {
        "tp": 777,
        "fp": 344,
        "fn": 357,
        "f1": 0.6891352549889135,
        "precision": 0.6931311329170383,
        "recall": 0.6851851851851852
    },
    "LaterHoldingShares": {
        "tp": 85,
        "fp": 196,
        "fn": 336,
        "f1": 0.24216524216524218,
        "precision": 0.302491103202847,
        "recall": 0.20190023752969122
    },
    "AveragePrice": {
        "tp": 203,
        "fp": 117,
        "fn": 6,
        "f1": 0.7674858223062382,
        "precision": 0.634375,
        "recall": 0.9712918660287081
    },
    "Pledger": {
        "tp": 0,
        "fp": 0,
        "fn": 0,
        "f1": 0,
        "precision": 0,
        "recall": 0
    },
    "PledgedShares": {
        "tp": 2291,
        "fp": 737,
        "fn": 580,
        "f1": 0.7767418206475675,
        "precision": 0.7566050198150595,
        "recall": 0.797979797979798
    },
    "Pledgee": {
        "tp": 1977,
        "fp": 429,
        "fn": 155,
        "f1": 0.8713089466725429,
        "precision": 0.8216957605985037,
        "recall": 0.9272983114446529
    },
    "TotalPledgedShares": {
        "tp": 1200,
        "fp": 496,
        "fn": 170,
        "f1": 0.7827788649706457,
        "precision": 0.7075471698113207,
        "recall": 0.8759124087591241
    },
    "ReleasedDate": {
        "tp": 404,
        "fp": 365,
        "fn": 357,
        "f1": 0.5281045751633986,
        "precision": 0.5253576072821846,
        "recall": 0.5308804204993429
    },
    "StockCode": {
        "tp": 3223,
        "fp": 9,
        "fn": 25,
        "f1": 0.9947530864197531,
        "precision": 0.9972153465346535,
        "recall": 0.9923029556650246
    },
    "StockAbbr": {
        "tp": 3902,
        "fp": 725,
        "fn": 1193,
        "f1": 0.802715490639786,
        "precision": 0.8433110006483683,
        "recall": 0.7658488714425907
    },
    "precision": 0.7988207216060649,
    "recall": 0.8204166967053566,
    "micro_f1": 0.8094746950243625,
    "macro_f1": 0.6515538547114597
}