{
    "EquityHolder": {
        "tp": 8698,
        "fp": 2199,
        "fn": 1141,
        "f1": 0.8389274691358025,
        "precision": 0.7982013398182987,
        "recall": 0.8840329301758308
    },
    "FrozeShares": {
        "tp": 0,
        "fp": 0,
        "fn": 349,
        "f1": 0,
        "precision": 0,
        "recall": 0
    },
    "LegalInstitution": {
        "tp": 373,
        "fp": 77,
        "fn": 193,
        "f1": 0.734251968503937,
        "precision": 0.8288888888888889,
        "recall": 0.6590106007067138
    },
    "TotalHoldingShares": {
        "tp": 1633,
        "fp": 703,
        "fn": 568,
        "f1": 0.7198589376239807,
        "precision": 0.6990582191780822,
        "recall": 0.7419354838709677
    },
    "TotalHoldingRatio": {
        "tp": 1173,
        "fp": 200,
        "fn": 597,
        "f1": 0.7464206172446707,
        "precision": 0.8543335761107065,
        "recall": 0.6627118644067796
    },
    "StartDate": {
        "tp": 4201,
        "fp": 3011,
        "fn": 1064,
        "f1": 0.6733990542598381,
        "precision": 0.5825013865779257,
        "recall": 0.7979107312440645
    },
    "EndDate": {
        "tp": 865,
        "fp": 510,
        "fn": 778,
        "f1": 0.5732273028495692,
        "precision": 0.6290909090909091,
        "recall": 0.5264759586122946
    },
    "UnfrozeDate": {
        "tp": 0,
        "fp": 0,
        "fn": 18,
        "f1": 0,
        "precision": 0,
        "recall": 0
    },
    "CompanyName": {
        "tp": 9989,
        "fp": 297,
        "fn": 184,
        "f1": 0.9764895644948434,
        "precision": 0.9711258020610538,
        "recall": 0.9819129067138503
    },
    "HighestTradingPrice": {
        "tp": 1539,
        "fp": 1338,
        "fn": 335,
        "f1": 0.6478636076615449,
        "precision": 0.5349322210636079,
        "recall": 0.8212379935965849
    },
    "LowestTradingPrice": {
        "tp": 0,
        "fp": 0,
        "fn": 1071,
        "f1": 0,
        "precision": 0,
        "recall": 0
    },
    "RepurchasedShares": {
        "tp": 1290,
        "fp": 134,
        "fn": 385,
        "f1": 0.8325266214908035,
        "precision": 0.9058988764044944,
        "recall": 0.7701492537313432
    },
    "ClosingDate": {
        "tp": 0,
        "fp": 0,
        "fn": 1698,
        "f1": 0,
        "precision": 0,
        "recall": 0
    },
    "RepurchaseAmount": {
        "tp": 631,
        "fp": 33,
        "fn": 922,
        "f1": 0.5692377086152458,
        "precision": 0.9503012048192772,
        "recall": 0.4063103670315518
    },
    "TradedShares": {
        "tp": 1016,
        "fp": 479,
        "fn": 251,
        "f1": 0.7356987690079654,
        "precision": 0.6795986622073579,
        "recall": 0.8018942383583267
    },
    "LaterHoldingShares": {
        "tp": 0,
        "fp": 3,
        "fn": 441,
        "f1": 0,
        "precision": 0,
        "recall": 0
    },
    "AveragePrice": {
        "tp": 201,
        "fp": 79,
        "fn": 13,
        "f1": 0.8137651821862348,
        "precision": 0.7178571428571429,
        "recall": 0.9392523364485982
    },
    "Pledger": {
        "tp": 0,
        "fp": 0,
        "fn": 0,
        "f1": 0,
        "precision": 0,
        "recall": 0
    },
    "PledgedShares": {
        "tp": 2738,
        "fp": 1071,
        "fn": 286,
        "f1": 0.8014049465827601,
        "precision": 0.7188238382777632,
        "recall": 0.9054232804232805
    },
    "Pledgee": {
        "tp": 2064,
        "fp": 136,
        "fn": 156,
        "f1": 0.9339366515837104,
        "precision": 0.9381818181818182,
        "recall": 0.9297297297297298
    },
    "TotalPledgedShares": {
        "tp": 1179,
        "fp": 543,
        "fn": 217,
        "f1": 0.7562540089801155,
        "precision": 0.6846689895470384,
        "recall": 0.8445558739255015
    },
    "ReleasedDate": {
        "tp": 200,
        "fp": 131,
        "fn": 581,
        "f1": 0.35971223021582727,
        "precision": 0.6042296072507553,
        "recall": 0.2560819462227913
    },
    "StockCode": {
        "tp": 3233,
        "fp": 14,
        "fn": 18,
        "f1": 0.9950754078177901,
        "precision": 0.9956883276870958,
        "recall": 0.9944632420793602
    },
    "StockAbbr": {
        "tp": 3230,
        "fp": 151,
        "fn": 1959,
        "f1": 0.7537922987164528,
        "precision": 0.9553386572020113,
        "recall": 0.6224706109076893
    },
    "precision": 0.7993388967161591,
    "recall": 0.7699119663175475,
    "micro_f1": 0.7843495214462957,
    "macro_f1": 0.5609100977904621
}