{
    "EquityHolder": {
        "tp": 8475,
        "fp": 1286,
        "fn": 1364,
        "f1": 0.8647959183673469,
        "precision": 0.8682512037701056,
        "recall": 0.8613680252058136
    },
    "FrozeShares": {
        "tp": 181,
        "fp": 215,
        "fn": 168,
        "f1": 0.48590604026845635,
        "precision": 0.45707070707070707,
        "recall": 0.5186246418338109
    },
    "LegalInstitution": {
        "tp": 521,
        "fp": 95,
        "fn": 45,
        "f1": 0.8815566835871403,
        "precision": 0.8457792207792207,
        "recall": 0.9204946996466431
    },
    "TotalHoldingShares": {
        "tp": 1698,
        "fp": 356,
        "fn": 503,
        "f1": 0.7981198589894243,
        "precision": 0.8266796494644596,
        "recall": 0.7714675147660155
    },
    "TotalHoldingRatio": {
        "tp": 1540,
        "fp": 264,
        "fn": 230,
        "f1": 0.8617795187465024,
        "precision": 0.8536585365853658,
        "recall": 0.8700564971751412
    },
    "StartDate": {
        "tp": 3741,
        "fp": 855,
        "fn": 1524,
        "f1": 0.7587465774262245,
        "precision": 0.8139686684073107,
        "recall": 0.7105413105413105
    },
    "EndDate": {
        "tp": 1137,
        "fp": 296,
        "fn": 506,
        "f1": 0.7392717815344603,
        "precision": 0.793440334961619,
        "recall": 0.6920267802799757
    },
    "UnfrozeDate": {
        "tp": 13,
        "fp": 26,
        "fn": 5,
        "f1": 0.45614035087719296,
        "precision": 0.3333333333333333,
        "recall": 0.7222222222222222
    },
    "CompanyName": {
        "tp": 9541,
        "fp": 416,
        "fn": 632,
        "f1": 0.9479384003974167,
        "precision": 0.9582203474942251,
        "recall": 0.9378747665388775
    },
    "HighestTradingPrice": {
        "tp": 1735,
        "fp": 372,
        "fn": 139,
        "f1": 0.8716402913840743,
        "precision": 0.8234456573327005,
        "recall": 0.9258271077908218
    },
    "LowestTradingPrice": {
        "tp": 932,
        "fp": 106,
        "fn": 139,
        "f1": 0.8838311996206732,
        "precision": 0.8978805394990366,
        "recall": 0.8702147525676938
    },
    "RepurchasedShares": {
        "tp": 1588,
        "fp": 248,
        "fn": 87,
        "f1": 0.9045855881515237,
        "precision": 0.8649237472766884,
        "recall": 0.9480597014925373
    },
    "ClosingDate": {
        "tp": 1011,
        "fp": 611,
        "fn": 687,
        "f1": 0.6090361445783132,
        "precision": 0.6233045622688039,
        "recall": 0.5954063604240283
    },
    "RepurchaseAmount": {
        "tp": 1216,
        "fp": 402,
        "fn": 337,
        "f1": 0.7669504888047933,
        "precision": 0.7515451174289246,
        "recall": 0.7830006439150032
    },
    "TradedShares": {
        "tp": 945,
        "fp": 311,
        "fn": 322,
        "f1": 0.7491082045184304,
        "precision": 0.7523885350318471,
        "recall": 0.7458563535911602
    },
    "LaterHoldingShares": {
        "tp": 150,
        "fp": 221,
        "fn": 291,
        "f1": 0.3694581280788177,
        "precision": 0.40431266846361186,
        "recall": 0.3401360544217687
    },
    "AveragePrice": {
        "tp": 206,
        "fp": 35,
        "fn": 8,
        "f1": 0.9054945054945054,
        "precision": 0.8547717842323651,
        "recall": 0.9626168224299065
    },
    "Pledger": {
        "tp": 0,
        "fp": 0,
        "fn": 0,
        "f1": 0,
        "precision": 0,
        "recall": 0
    },
    "PledgedShares": {
        "tp": 2535,
        "fp": 919,
        "fn": 489,
        "f1": 0.7826489657301636,
        "precision": 0.7339316734221193,
        "recall": 0.8382936507936508
    },
    "Pledgee": {
        "tp": 2119,
        "fp": 159,
        "fn": 101,
        "f1": 0.9421965317919075,
        "precision": 0.9302019315188762,
        "recall": 0.9545045045045045
    },
    "TotalPledgedShares": {
        "tp": 974,
        "fp": 267,
        "fn": 422,
        "f1": 0.7387182404247252,
        "precision": 0.7848509266720387,
        "recall": 0.6977077363896849
    },
    "ReleasedDate": {
        "tp": 527,
        "fp": 407,
        "fn": 254,
        "f1": 0.6145772594752186,
        "precision": 0.5642398286937902,
        "recall": 0.674775928297055
    },
    "StockCode": {
        "tp": 3242,
        "fp": 8,
        "fn": 9,
        "f1": 0.9973850176895862,
        "precision": 0.9975384615384615,
        "recall": 0.9972316210396801
    },
    "StockAbbr": {
        "tp": 4496,
        "fp": 447,
        "fn": 693,
        "f1": 0.88748519542045,
        "precision": 0.9095690875986243,
        "recall": 0.8664482559259973
    },
    "precision": 0.8536018999032456,
    "recall": 0.8442012596123735,
    "micro_f1": 0.8488755543503932,
    "macro_f1": 0.7423904538065562
}