{
    "EquityHolder": {
        "tp": 8929,
        "fp": 1775,
        "fn": 910,
        "f1": 0.8692985445163802,
        "precision": 0.8341741405082213,
        "recall": 0.9075109259071044
    },
    "FrozeShares": {
        "tp": 158,
        "fp": 173,
        "fn": 191,
        "f1": 0.46470588235294114,
        "precision": 0.4773413897280967,
        "recall": 0.45272206303724927
    },
    "LegalInstitution": {
        "tp": 520,
        "fp": 64,
        "fn": 46,
        "f1": 0.9043478260869565,
        "precision": 0.8904109589041096,
        "recall": 0.9187279151943463
    },
    "TotalHoldingShares": {
        "tp": 1697,
        "fp": 543,
        "fn": 504,
        "f1": 0.764242287773024,
        "precision": 0.7575892857142857,
        "recall": 0.7710131758291685
    },
    "TotalHoldingRatio": {
        "tp": 1499,
        "fp": 250,
        "fn": 271,
        "f1": 0.851946575731742,
        "precision": 0.8570611778158947,
        "recall": 0.8468926553672317
    },
    "StartDate": {
        "tp": 3606,
        "fp": 819,
        "fn": 1659,
        "f1": 0.7442724458204333,
        "precision": 0.8149152542372882,
        "recall": 0.6849002849002849
    },
    "EndDate": {
        "tp": 1187,
        "fp": 491,
        "fn": 456,
        "f1": 0.71484492622704,
        "precision": 0.7073897497020262,
        "recall": 0.7224589166159464
    },
    "UnfrozeDate": {
        "tp": 6,
        "fp": 6,
        "fn": 12,
        "f1": 0.4,
        "precision": 0.5,
        "recall": 0.3333333333333333
    },
    "CompanyName": {
        "tp": 9761,
        "fp": 451,
        "fn": 412,
        "f1": 0.9576649497179298,
        "precision": 0.9558362710536623,
        "recall": 0.9595006389462302
    },
    "HighestTradingPrice": {
        "tp": 1792,
        "fp": 423,
        "fn": 82,
        "f1": 0.8764979212521399,
        "precision": 0.8090293453724605,
        "recall": 0.9562433297758804
    },
    "LowestTradingPrice": {
        "tp": 932,
        "fp": 100,
        "fn": 139,
        "f1": 0.8863528292914884,
        "precision": 0.9031007751937985,
        "recall": 0.8702147525676938
    },
    "RepurchasedShares": {
        "tp": 1637,
        "fp": 317,
        "fn": 38,
        "f1": 0.9021769082391845,
        "precision": 0.8377686796315251,
        "recall": 0.977313432835821
    },
    "ClosingDate": {
        "tp": 1132,
        "fp": 536,
        "fn": 566,
        "f1": 0.6726084373143196,
        "precision": 0.6786570743405276,
        "recall": 0.6666666666666666
    },
    "RepurchaseAmount": {
        "tp": 1402,
        "fp": 316,
        "fn": 151,
        "f1": 0.8572302048303272,
        "precision": 0.8160651920838184,
        "recall": 0.9027688345138442
    },
    "TradedShares": {
        "tp": 950,
        "fp": 253,
        "fn": 317,
        "f1": 0.7692307692307693,
        "precision": 0.7896924355777224,
        "recall": 0.749802683504341
    },
    "LaterHoldingShares": {
        "tp": 94,
        "fp": 211,
        "fn": 347,
        "f1": 0.25201072386058976,
        "precision": 0.3081967213114754,
        "recall": 0.21315192743764172
    },
    "AveragePrice": {
        "tp": 206,
        "fp": 37,
        "fn": 8,
        "f1": 0.901531728665208,
        "precision": 0.8477366255144033,
        "recall": 0.9626168224299065
    },
    "Pledger": {
        "tp": 0,
        "fp": 0,
        "fn": 0,
        "f1": 0,
        "precision": 0,
        "recall": 0
    },
    "PledgedShares": {
        "tp": 2697,
        "fp": 946,
        "fn": 327,
        "f1": 0.8090595470226489,
        "precision": 0.7403239088663189,
        "recall": 0.8918650793650794
    },
    "Pledgee": {
        "tp": 2085,
        "fp": 164,
        "fn": 135,
        "f1": 0.9330946520474379,
        "precision": 0.9270787016451756,
        "recall": 0.9391891891891891
    },
    "TotalPledgedShares": {
        "tp": 760,
        "fp": 360,
        "fn": 636,
        "f1": 0.604133545310016,
        "precision": 0.6785714285714286,
        "recall": 0.5444126074498568
    },
    "ReleasedDate": {
        "tp": 484,
        "fp": 247,
        "fn": 297,
        "f1": 0.6402116402116402,
        "precision": 0.6621067031463749,
        "recall": 0.6197183098591549
    },
    "StockCode": {
        "tp": 3228,
        "fp": 17,
        "fn": 23,
        "f1": 0.9938423645320198,
        "precision": 0.9947611710323575,
        "recall": 0.9929252537680714
    },
    "StockAbbr": {
        "tp": 4672,
        "fp": 1024,
        "fn": 517,
        "f1": 0.8584290307762976,
        "precision": 0.8202247191011236,
        "recall": 0.9003661591828869
    },
    "precision": 0.838475499092559,
    "recall": 0.8600508020460003,
    "micro_f1": 0.8491261218705717,
    "macro_f1": 0.7344889058671057
}