{
    "EquityHolder": {
        "tp": 8392,
        "fp": 1464,
        "fn": 1221,
        "f1": 0.8620884483024296,
        "precision": 0.851461038961039,
        "recall": 0.8729845001560387
    },
    "FrozeShares": {
        "tp": 23,
        "fp": 3,
        "fn": 275,
        "f1": 0.1419753086419753,
        "precision": 0.8846153846153846,
        "recall": 0.07718120805369127
    },
    "LegalInstitution": {
        "tp": 438,
        "fp": 85,
        "fn": 64,
        "f1": 0.8546341463414634,
        "precision": 0.8374760994263862,
        "recall": 0.8725099601593626
    },
    "TotalHoldingShares": {
        "tp": 1582,
        "fp": 433,
        "fn": 577,
        "f1": 0.7580258744609486,
        "precision": 0.7851116625310174,
        "recall": 0.7327466419638722
    },
    "TotalHoldingRatio": {
        "tp": 1279,
        "fp": 199,
        "fn": 446,
        "f1": 0.7986262878551358,
        "precision": 0.8653585926928281,
        "recall": 0.7414492753623189
    },
    "StartDate": {
        "tp": 3326,
        "fp": 831,
        "fn": 1705,
        "f1": 0.7239878101872008,
        "precision": 0.800096223237912,
        "recall": 0.6611011727290798
    },
    "EndDate": {
        "tp": 1014,
        "fp": 531,
        "fn": 496,
        "f1": 0.6638297872340425,
        "precision": 0.6563106796116505,
        "recall": 0.671523178807947
    },
    "UnfrozeDate": {
        "tp": 0,
        "fp": 0,
        "fn": 18,
        "f1": 0,
        "precision": 0,
        "recall": 0
    },
    "CompanyName": {
        "tp": 9798,
        "fp": 344,
        "fn": 284,
        "f1": 0.9689477848101266,
        "precision": 0.9660816407020312,
        "recall": 0.971830985915493
    },
    "HighestTradingPrice": {
        "tp": 1568,
        "fp": 1260,
        "fn": 56,
        "f1": 0.7044025157232705,
        "precision": 0.5544554455445545,
        "recall": 0.9655172413793104
    },
    "LowestTradingPrice": {
        "tp": 0,
        "fp": 0,
        "fn": 1040,
        "f1": 0,
        "precision": 0,
        "recall": 0
    },
    "RepurchasedShares": {
        "tp": 1466,
        "fp": 333,
        "fn": 101,
        "f1": 0.8710635769459298,
        "precision": 0.8148971650917176,
        "recall": 0.9355456285896617
    },
    "ClosingDate": {
        "tp": 796,
        "fp": 253,
        "fn": 852,
        "f1": 0.5902855024100853,
        "precision": 0.7588179218303146,
        "recall": 0.4830097087378641
    },
    "RepurchaseAmount": {
        "tp": 1210,
        "fp": 316,
        "fn": 216,
        "f1": 0.8197831978319784,
        "precision": 0.7929226736566186,
        "recall": 0.8485273492286115
    },
    "TradedShares": {
        "tp": 687,
        "fp": 278,
        "fn": 447,
        "f1": 0.6545974273463554,
        "precision": 0.7119170984455958,
        "recall": 0.6058201058201058
    },
    "LaterHoldingShares": {
        "tp": 135,
        "fp": 317,
        "fn": 286,
        "f1": 0.30927835051546393,
        "precision": 0.29867256637168144,
        "recall": 0.32066508313539194
    },
    "AveragePrice": {
        "tp": 153,
        "fp": 22,
        "fn": 56,
        "f1": 0.796875,
        "precision": 0.8742857142857143,
        "recall": 0.7320574162679426
    },
    "Pledger": {
        "tp": 0,
        "fp": 0,
        "fn": 0,
        "f1": 0,
        "precision": 0,
        "recall": 0
    },
    "PledgedShares": {
        "tp": 2245,
        "fp": 862,
        "fn": 626,
        "f1": 0.7510873201739713,
        "precision": 0.7225619568715803,
        "recall": 0.7819575060954371
    },
    "Pledgee": {
        "tp": 1933,
        "fp": 153,
        "fn": 199,
        "f1": 0.9165481270744429,
        "precision": 0.926653883029722,
        "recall": 0.9066604127579737
    },
    "TotalPledgedShares": {
        "tp": 1022,
        "fp": 367,
        "fn": 348,
        "f1": 0.74084813338166,
        "precision": 0.7357811375089993,
        "recall": 0.745985401459854
    },
    "ReleasedDate": {
        "tp": 397,
        "fp": 338,
        "fn": 364,
        "f1": 0.5307486631016043,
        "precision": 0.5401360544217687,
        "recall": 0.5216819973718791
    },
    "StockCode": {
        "tp": 3216,
        "fp": 36,
        "fn": 32,
        "f1": 0.9895384615384615,
        "precision": 0.988929889298893,
        "recall": 0.9901477832512315
    },
    "StockAbbr": {
        "tp": 4267,
        "fp": 1044,
        "fn": 828,
        "f1": 0.8201037862771478,
        "precision": 0.8034268499340991,
        "recall": 0.8374877330716388
    },
    "precision": 0.8259886798000589,
    "recall": 0.8100893951409416,
    "micro_f1": 0.8179617834394904,
    "macro_f1": 0.6361364795897374
}