{
    "EquityHolder": {
        "tp": 8259,
        "fp": 1378,
        "fn": 1354,
        "f1": 0.8580779220779221,
        "precision": 0.8570094427726471,
        "recall": 0.8591490689691044
    },
    "FrozeShares": {
        "tp": 74,
        "fp": 77,
        "fn": 224,
        "f1": 0.32962138084632514,
        "precision": 0.4900662251655629,
        "recall": 0.2483221476510067
    },
    "LegalInstitution": {
        "tp": 438,
        "fp": 74,
        "fn": 64,
        "f1": 0.863905325443787,
        "precision": 0.85546875,
        "recall": 0.8725099601593626
    },
    "TotalHoldingShares": {
        "tp": 1728,
        "fp": 490,
        "fn": 431,
        "f1": 0.7895819054146676,
        "precision": 0.7790802524797115,
        "recall": 0.8003705419175544
    },
    "TotalHoldingRatio": {
        "tp": 1428,
        "fp": 258,
        "fn": 297,
        "f1": 0.8372911169744943,
        "precision": 0.8469750889679716,
        "recall": 0.8278260869565217
    },
    "StartDate": {
        "tp": 3666,
        "fp": 1366,
        "fn": 1365,
        "f1": 0.7286097585213157,
        "precision": 0.7285373608903021,
        "recall": 0.7286821705426356
    },
    "EndDate": {
        "tp": 944,
        "fp": 569,
        "fn": 566,
        "f1": 0.6245451538207079,
        "precision": 0.6239259748843358,
        "recall": 0.6251655629139072
    },
    "UnfrozeDate": {
        "tp": 0,
        "fp": 0,
        "fn": 18,
        "f1": 0,
        "precision": 0,
        "recall": 0
    },
    "CompanyName": {
        "tp": 9767,
        "fp": 243,
        "fn": 315,
        "f1": 0.9722277523392393,
        "precision": 0.9757242757242757,
        "recall": 0.968756199166832
    },
    "HighestTradingPrice": {
        "tp": 1521,
        "fp": 427,
        "fn": 103,
        "f1": 0.8516237402015677,
        "precision": 0.7808008213552361,
        "recall": 0.9365763546798029
    },
    "LowestTradingPrice": {
        "tp": 804,
        "fp": 50,
        "fn": 236,
        "f1": 0.8489968321013728,
        "precision": 0.9414519906323185,
        "recall": 0.7730769230769231
    },
    "RepurchasedShares": {
        "tp": 1336,
        "fp": 166,
        "fn": 231,
        "f1": 0.8706419028999673,
        "precision": 0.8894806924101198,
        "recall": 0.8525845564773452
    },
    "ClosingDate": {
        "tp": 1232,
        "fp": 882,
        "fn": 416,
        "f1": 0.6549707602339181,
        "precision": 0.5827814569536424,
        "recall": 0.7475728155339806
    },
    "RepurchaseAmount": {
        "tp": 1190,
        "fp": 211,
        "fn": 236,
        "f1": 0.8418818535550053,
        "precision": 0.8493932905067809,
        "recall": 0.8345021037868162
    },
    "TradedShares": {
        "tp": 810,
        "fp": 246,
        "fn": 324,
        "f1": 0.7397260273972603,
        "precision": 0.7670454545454546,
        "recall": 0.7142857142857143
    },
    "LaterHoldingShares": {
        "tp": 104,
        "fp": 167,
        "fn": 317,
        "f1": 0.3005780346820809,
        "precision": 0.3837638376383764,
        "recall": 0.24703087885985747
    },
    "AveragePrice": {
        "tp": 193,
        "fp": 32,
        "fn": 16,
        "f1": 0.8894009216589862,
        "precision": 0.8577777777777778,
        "recall": 0.9234449760765551
    },
    "Pledger": {
        "tp": 0,
        "fp": 0,
        "fn": 0,
        "f1": 0,
        "precision": 0,
        "recall": 0
    },
    "PledgedShares": {
        "tp": 2364,
        "fp": 779,
        "fn": 507,
        "f1": 0.7861656135683406,
        "precision": 0.7521476296531976,
        "recall": 0.8234064785788924
    },
    "Pledgee": {
        "tp": 1999,
        "fp": 135,
        "fn": 133,
        "f1": 0.937177684013127,
        "precision": 0.936738519212746,
        "recall": 0.9376172607879925
    },
    "TotalPledgedShares": {
        "tp": 1154,
        "fp": 328,
        "fn": 216,
        "f1": 0.8092566619915849,
        "precision": 0.7786774628879892,
        "recall": 0.8423357664233576
    },
    "ReleasedDate": {
        "tp": 452,
        "fp": 430,
        "fn": 309,
        "f1": 0.5502130249543519,
        "precision": 0.5124716553287982,
        "recall": 0.5939553219448095
    },
    "StockCode": {
        "tp": 3219,
        "fp": 16,
        "fn": 29,
        "f1": 0.993058769088385,
        "precision": 0.9950540958268933,
        "recall": 0.9910714285714286
    },
    "StockAbbr": {
        "tp": 4090,
        "fp": 514,
        "fn": 1005,
        "f1": 0.843385916073822,
        "precision": 0.8883579496090356,
        "recall": 0.802747791952895
    },
    "precision": 0.8410717496853084,
    "recall": 0.8429817605075337,
    "micro_f1": 0.8420256719534808,
    "macro_f1": 0.7050390857440929
}