{
    "EquityHolder": {
        "tp": 8715,
        "fp": 1686,
        "fn": 898,
        "f1": 0.8708903767362846,
        "precision": 0.8379002019036631,
        "recall": 0.9065848330385936
    },
    "FrozeShares": {
        "tp": 146,
        "fp": 187,
        "fn": 152,
        "f1": 0.462757527733756,
        "precision": 0.43843843843843844,
        "recall": 0.4899328859060403
    },
    "LegalInstitution": {
        "tp": 443,
        "fp": 51,
        "fn": 59,
        "f1": 0.8895582329317269,
        "precision": 0.8967611336032388,
        "recall": 0.8824701195219123
    },
    "TotalHoldingShares": {
        "tp": 1751,
        "fp": 416,
        "fn": 408,
        "f1": 0.8095238095238095,
        "precision": 0.8080295339178588,
        "recall": 0.8110236220472441
    },
    "TotalHoldingRatio": {
        "tp": 1471,
        "fp": 243,
        "fn": 254,
        "f1": 0.8554812445478337,
        "precision": 0.8582263710618436,
        "recall": 0.8527536231884058
    },
    "StartDate": {
        "tp": 4151,
        "fp": 1943,
        "fn": 880,
        "f1": 0.7462471910112359,
        "precision": 0.6811617984903183,
        "recall": 0.825084476247267
    },
    "EndDate": {
        "tp": 976,
        "fp": 492,
        "fn": 534,
        "f1": 0.6554734721289456,
        "precision": 0.6648501362397821,
        "recall": 0.6463576158940397
    },
    "UnfrozeDate": {
        "tp": 9,
        "fp": 13,
        "fn": 9,
        "f1": 0.45,
        "precision": 0.4090909090909091,
        "recall": 0.5
    },
    "CompanyName": {
        "tp": 9515,
        "fp": 227,
        "fn": 567,
        "f1": 0.9599475383373689,
        "precision": 0.9766988298090741,
        "recall": 0.9437611585002975
    },
    "HighestTradingPrice": {
        "tp": 1558,
        "fp": 279,
        "fn": 66,
        "f1": 0.9003178272175673,
        "precision": 0.8481219379422972,
        "recall": 0.9593596059113301
    },
    "LowestTradingPrice": {
        "tp": 940,
        "fp": 49,
        "fn": 100,
        "f1": 0.9265648102513554,
        "precision": 0.9504550050556118,
        "recall": 0.9038461538461539
    },
    "RepurchasedShares": {
        "tp": 1414,
        "fp": 216,
        "fn": 153,
        "f1": 0.8845792930872692,
        "precision": 0.8674846625766871,
        "recall": 0.9023611997447352
    },
    "ClosingDate": {
        "tp": 1285,
        "fp": 1067,
        "fn": 363,
        "f1": 0.6425000000000001,
        "precision": 0.546343537414966,
        "recall": 0.7797330097087378
    },
    "RepurchaseAmount": {
        "tp": 1287,
        "fp": 297,
        "fn": 139,
        "f1": 0.8551495016611296,
        "precision": 0.8125,
        "recall": 0.9025245441795231
    },
    "TradedShares": {
        "tp": 946,
        "fp": 477,
        "fn": 188,
        "f1": 0.7399296050058661,
        "precision": 0.6647926914968376,
        "recall": 0.8342151675485009
    },
    "LaterHoldingShares": {
        "tp": 52,
        "fp": 74,
        "fn": 369,
        "f1": 0.19012797074954296,
        "precision": 0.4126984126984127,
        "recall": 0.12351543942992874
    },
    "AveragePrice": {
        "tp": 195,
        "fp": 36,
        "fn": 14,
        "f1": 0.8863636363636364,
        "precision": 0.8441558441558441,
        "recall": 0.9330143540669856
    },
    "Pledger": {
        "tp": 0,
        "fp": 0,
        "fn": 0,
        "f1": 0,
        "precision": 0,
        "recall": 0
    },
    "PledgedShares": {
        "tp": 2509,
        "fp": 965,
        "fn": 362,
        "f1": 0.7908589440504334,
        "precision": 0.7222222222222222,
        "recall": 0.8739115290839429
    },
    "Pledgee": {
        "tp": 2022,
        "fp": 164,
        "fn": 110,
        "f1": 0.936544696618805,
        "precision": 0.9249771271729186,
        "recall": 0.948405253283302
    },
    "TotalPledgedShares": {
        "tp": 1069,
        "fp": 290,
        "fn": 301,
        "f1": 0.7834371564675704,
        "precision": 0.7866077998528329,
        "recall": 0.7802919708029197
    },
    "ReleasedDate": {
        "tp": 453,
        "fp": 402,
        "fn": 308,
        "f1": 0.5606435643564357,
        "precision": 0.5298245614035088,
        "recall": 0.59526938239159
    },
    "StockCode": {
        "tp": 3236,
        "fp": 15,
        "fn": 12,
        "f1": 0.9958455146945685,
        "precision": 0.9953860350661335,
        "recall": 0.9963054187192119
    },
    "StockAbbr": {
        "tp": 4220,
        "fp": 540,
        "fn": 875,
        "f1": 0.8564180618975139,
        "precision": 0.8865546218487395,
        "recall": 0.8282630029440629
    },
    "precision": 0.8268310196266156,
    "recall": 0.8716566938216422,
    "micro_f1": 0.8486523478627079,
    "macro_f1": 0.7353816656405274
}