{
    "EquityHolder": {
        "tp": 8423,
        "fp": 1339,
        "fn": 1190,
        "f1": 0.8694709677419353,
        "precision": 0.8628354845318582,
        "recall": 0.8762092999063767
    },
    "FrozeShares": {
        "tp": 140,
        "fp": 203,
        "fn": 158,
        "f1": 0.43681747269890797,
        "precision": 0.40816326530612246,
        "recall": 0.4697986577181208
    },
    "LegalInstitution": {
        "tp": 446,
        "fp": 45,
        "fn": 56,
        "f1": 0.8982880161127894,
        "precision": 0.9083503054989817,
        "recall": 0.8884462151394422
    },
    "TotalHoldingShares": {
        "tp": 1678,
        "fp": 343,
        "fn": 481,
        "f1": 0.8028708133971291,
        "precision": 0.830282038594755,
        "recall": 0.777211672070403
    },
    "TotalHoldingRatio": {
        "tp": 1403,
        "fp": 225,
        "fn": 322,
        "f1": 0.8368625111840143,
        "precision": 0.8617936117936118,
        "recall": 0.8133333333333334
    },
    "StartDate": {
        "tp": 3920,
        "fp": 1633,
        "fn": 1111,
        "f1": 0.7407407407407408,
        "precision": 0.7059247253736719,
        "recall": 0.7791691512621746
    },
    "EndDate": {
        "tp": 996,
        "fp": 670,
        "fn": 514,
        "f1": 0.6272040302267001,
        "precision": 0.5978391356542617,
        "recall": 0.6596026490066225
    },
    "UnfrozeDate": {
        "tp": 9,
        "fp": 108,
        "fn": 9,
        "f1": 0.13333333333333336,
        "precision": 0.07692307692307693,
        "recall": 0.5
    },
    "CompanyName": {
        "tp": 9471,
        "fp": 264,
        "fn": 611,
        "f1": 0.9558459908159661,
        "precision": 0.9728813559322034,
        "recall": 0.9393969450505852
    },
    "HighestTradingPrice": {
        "tp": 1564,
        "fp": 370,
        "fn": 60,
        "f1": 0.8791455874086566,
        "precision": 0.8086866597724922,
        "recall": 0.9630541871921182
    },
    "LowestTradingPrice": {
        "tp": 829,
        "fp": 40,
        "fn": 211,
        "f1": 0.8685175484546883,
        "precision": 0.953970080552359,
        "recall": 0.7971153846153847
    },
    "RepurchasedShares": {
        "tp": 1476,
        "fp": 210,
        "fn": 91,
        "f1": 0.907470027666769,
        "precision": 0.8754448398576512,
        "recall": 0.9419272495213784
    },
    "ClosingDate": {
        "tp": 1265,
        "fp": 1039,
        "fn": 383,
        "f1": 0.6401821862348178,
        "precision": 0.5490451388888888,
        "recall": 0.7675970873786407
    },
    "RepurchaseAmount": {
        "tp": 1223,
        "fp": 297,
        "fn": 203,
        "f1": 0.8302783435166327,
        "precision": 0.8046052631578947,
        "recall": 0.8576437587657784
    },
    "TradedShares": {
        "tp": 912,
        "fp": 362,
        "fn": 222,
        "f1": 0.7574750830564784,
        "precision": 0.7158555729984302,
        "recall": 0.8042328042328042
    },
    "LaterHoldingShares": {
        "tp": 127,
        "fp": 238,
        "fn": 294,
        "f1": 0.3231552162849873,
        "precision": 0.34794520547945207,
        "recall": 0.3016627078384798
    },
    "AveragePrice": {
        "tp": 196,
        "fp": 45,
        "fn": 13,
        "f1": 0.8711111111111111,
        "precision": 0.8132780082987552,
        "recall": 0.937799043062201
    },
    "Pledger": {
        "tp": 0,
        "fp": 0,
        "fn": 0,
        "f1": 0,
        "precision": 0,
        "recall": 0
    },
    "PledgedShares": {
        "tp": 2348,
        "fp": 752,
        "fn": 523,
        "f1": 0.7864679283202143,
        "precision": 0.7574193548387097,
        "recall": 0.8178335074886799
    },
    "Pledgee": {
        "tp": 2023,
        "fp": 164,
        "fn": 109,
        "f1": 0.9367909238249595,
        "precision": 0.9250114311842706,
        "recall": 0.948874296435272
    },
    "TotalPledgedShares": {
        "tp": 1098,
        "fp": 358,
        "fn": 272,
        "f1": 0.7770700636942675,
        "precision": 0.7541208791208791,
        "recall": 0.8014598540145985
    },
    "ReleasedDate": {
        "tp": 480,
        "fp": 568,
        "fn": 281,
        "f1": 0.5306799336650082,
        "precision": 0.4580152671755725,
        "recall": 0.6307490144546649
    },
    "StockCode": {
        "tp": 3234,
        "fp": 9,
        "fn": 14,
        "f1": 0.9964566322600524,
        "precision": 0.9972247918593895,
        "recall": 0.9956896551724138
    },
    "StockAbbr": {
        "tp": 4216,
        "fp": 704,
        "fn": 879,
        "f1": 0.8419370943584624,
        "precision": 0.8569105691056911,
        "recall": 0.82747791952895
    },
    "precision": 0.826218610236152,
    "recall": 0.855688126306683,
    "micro_f1": 0.840695193320761,
    "macro_f1": 0.7186738148378592
}