{
    "EquityHolder": {
        "tp": 8234,
        "fp": 1390,
        "fn": 1379,
        "f1": 0.8560586370016116,
        "precision": 0.8555694098088114,
        "recall": 0.8565484240091543
    },
    "FrozeShares": {
        "tp": 129,
        "fp": 170,
        "fn": 169,
        "f1": 0.4321608040201005,
        "precision": 0.431438127090301,
        "recall": 0.43288590604026844
    },
    "LegalInstitution": {
        "tp": 441,
        "fp": 86,
        "fn": 61,
        "f1": 0.8571428571428572,
        "precision": 0.8368121442125237,
        "recall": 0.8784860557768924
    },
    "TotalHoldingShares": {
        "tp": 1827,
        "fp": 691,
        "fn": 332,
        "f1": 0.7812700449005772,
        "precision": 0.7255758538522638,
        "recall": 0.8462251042149143
    },
    "TotalHoldingRatio": {
        "tp": 1524,
        "fp": 432,
        "fn": 201,
        "f1": 0.828035859820701,
        "precision": 0.7791411042944786,
        "recall": 0.8834782608695653
    },
    "StartDate": {
        "tp": 3504,
        "fp": 904,
        "fn": 1527,
        "f1": 0.7424515308825088,
        "precision": 0.79491833030853,
        "recall": 0.6964818127608825
    },
    "EndDate": {
        "tp": 1017,
        "fp": 432,
        "fn": 493,
        "f1": 0.6873943899966206,
        "precision": 0.7018633540372671,
        "recall": 0.6735099337748345
    },
    "UnfrozeDate": {
        "tp": 7,
        "fp": 15,
        "fn": 11,
        "f1": 0.35000000000000003,
        "precision": 0.3181818181818182,
        "recall": 0.3888888888888889
    },
    "CompanyName": {
        "tp": 9271,
        "fp": 372,
        "fn": 811,
        "f1": 0.9400253485424587,
        "precision": 0.9614227937363891,
        "recall": 0.9195596111882562
    },
    "HighestTradingPrice": {
        "tp": 1461,
        "fp": 318,
        "fn": 163,
        "f1": 0.8586541287099617,
        "precision": 0.821247892074199,
        "recall": 0.8996305418719212
    },
    "LowestTradingPrice": {
        "tp": 909,
        "fp": 37,
        "fn": 131,
        "f1": 0.9154078549848942,
        "precision": 0.9608879492600423,
        "recall": 0.8740384615384615
    },
    "RepurchasedShares": {
        "tp": 1455,
        "fp": 253,
        "fn": 112,
        "f1": 0.8885496183206107,
        "precision": 0.8518735362997658,
        "recall": 0.9285258455647735
    },
    "ClosingDate": {
        "tp": 850,
        "fp": 646,
        "fn": 798,
        "f1": 0.5407124681933843,
        "precision": 0.5681818181818182,
        "recall": 0.5157766990291263
    },
    "RepurchaseAmount": {
        "tp": 972,
        "fp": 372,
        "fn": 454,
        "f1": 0.7018050541516245,
        "precision": 0.7232142857142857,
        "recall": 0.6816269284712483
    },
    "TradedShares": {
        "tp": 886,
        "fp": 342,
        "fn": 248,
        "f1": 0.7502116850127012,
        "precision": 0.7214983713355049,
        "recall": 0.781305114638448
    },
    "LaterHoldingShares": {
        "tp": 103,
        "fp": 173,
        "fn": 318,
        "f1": 0.29555236728837875,
        "precision": 0.37318840579710144,
        "recall": 0.24465558194774348
    },
    "AveragePrice": {
        "tp": 186,
        "fp": 30,
        "fn": 23,
        "f1": 0.8752941176470588,
        "precision": 0.8611111111111112,
        "recall": 0.8899521531100478
    },
    "Pledger": {
        "tp": 0,
        "fp": 0,
        "fn": 0,
        "f1": 0,
        "precision": 0,
        "recall": 0
    },
    "PledgedShares": {
        "tp": 2419,
        "fp": 739,
        "fn": 452,
        "f1": 0.802454801791342,
        "precision": 0.765991133628879,
        "recall": 0.8425635667014978
    },
    "Pledgee": {
        "tp": 2004,
        "fp": 129,
        "fn": 128,
        "f1": 0.9397420867526378,
        "precision": 0.939521800281294,
        "recall": 0.9399624765478424
    },
    "TotalPledgedShares": {
        "tp": 1150,
        "fp": 402,
        "fn": 220,
        "f1": 0.7871321013004792,
        "precision": 0.740979381443299,
        "recall": 0.8394160583941606
    },
    "ReleasedDate": {
        "tp": 488,
        "fp": 478,
        "fn": 273,
        "f1": 0.5651418645049219,
        "precision": 0.505175983436853,
        "recall": 0.6412614980289093
    },
    "StockCode": {
        "tp": 3234,
        "fp": 17,
        "fn": 14,
        "f1": 0.99523003539006,
        "precision": 0.994770839741618,
        "recall": 0.9956896551724138
    },
    "StockAbbr": {
        "tp": 3925,
        "fp": 618,
        "fn": 1170,
        "f1": 0.8144843328491387,
        "precision": 0.8639665419326437,
        "recall": 0.7703631010794897
    },
    "precision": 0.8356527742451219,
    "recall": 0.8289957465215197,
    "micro_f1": 0.8323109494598557,
    "macro_f1": 0.7168713328835262
}