{
    "EquityHolder": {
        "tp": 8776,
        "fp": 1835,
        "fn": 837,
        "f1": 0.8678797468354431,
        "precision": 0.8270662520026387,
        "recall": 0.9129304067408718
    },
    "FrozeShares": {
        "tp": 66,
        "fp": 51,
        "fn": 232,
        "f1": 0.3180722891566265,
        "precision": 0.5641025641025641,
        "recall": 0.2214765100671141
    },
    "LegalInstitution": {
        "tp": 455,
        "fp": 84,
        "fn": 47,
        "f1": 0.8741594620557155,
        "precision": 0.8441558441558441,
        "recall": 0.9063745019920318
    },
    "TotalHoldingShares": {
        "tp": 1674,
        "fp": 360,
        "fn": 485,
        "f1": 0.7984736465537801,
        "precision": 0.8230088495575221,
        "recall": 0.7753589624826308
    },
    "TotalHoldingRatio": {
        "tp": 1376,
        "fp": 200,
        "fn": 349,
        "f1": 0.8336867615873979,
        "precision": 0.8730964467005076,
        "recall": 0.7976811594202898
    },
    "StartDate": {
        "tp": 3317,
        "fp": 638,
        "fn": 1714,
        "f1": 0.7382595148008013,
        "precision": 0.838685208596713,
        "recall": 0.6593122639634268
    },
    "EndDate": {
        "tp": 940,
        "fp": 378,
        "fn": 570,
        "f1": 0.6647807637906648,
        "precision": 0.7132018209408194,
        "recall": 0.6225165562913907
    },
    "UnfrozeDate": {
        "tp": 0,
        "fp": 0,
        "fn": 18,
        "f1": 0,
        "precision": 0,
        "recall": 0
    },
    "CompanyName": {
        "tp": 9835,
        "fp": 281,
        "fn": 247,
        "f1": 0.9738587979007822,
        "precision": 0.9722222222222222,
        "recall": 0.9755008926800238
    },
    "HighestTradingPrice": {
        "tp": 1548,
        "fp": 1242,
        "fn": 76,
        "f1": 0.7014046216583598,
        "precision": 0.5548387096774193,
        "recall": 0.9532019704433498
    },
    "LowestTradingPrice": {
        "tp": 0,
        "fp": 0,
        "fn": 1040,
        "f1": 0,
        "precision": 0,
        "recall": 0
    },
    "RepurchasedShares": {
        "tp": 1500,
        "fp": 330,
        "fn": 67,
        "f1": 0.8831321754489255,
        "precision": 0.819672131147541,
        "recall": 0.9572431397574984
    },
    "ClosingDate": {
        "tp": 1047,
        "fp": 375,
        "fn": 601,
        "f1": 0.6820846905537459,
        "precision": 0.7362869198312236,
        "recall": 0.6353155339805825
    },
    "RepurchaseAmount": {
        "tp": 1171,
        "fp": 245,
        "fn": 255,
        "f1": 0.8240675580577059,
        "precision": 0.8269774011299436,
        "recall": 0.8211781206171108
    },
    "TradedShares": {
        "tp": 754,
        "fp": 244,
        "fn": 380,
        "f1": 0.7073170731707318,
        "precision": 0.7555110220440882,
        "recall": 0.6649029982363316
    },
    "LaterHoldingShares": {
        "tp": 69,
        "fp": 102,
        "fn": 352,
        "f1": 0.2331081081081081,
        "precision": 0.40350877192982454,
        "recall": 0.16389548693586697
    },
    "AveragePrice": {
        "tp": 181,
        "fp": 30,
        "fn": 28,
        "f1": 0.861904761904762,
        "precision": 0.8578199052132701,
        "recall": 0.8660287081339713
    },
    "Pledger": {
        "tp": 0,
        "fp": 0,
        "fn": 0,
        "f1": 0,
        "precision": 0,
        "recall": 0
    },
    "PledgedShares": {
        "tp": 2437,
        "fp": 703,
        "fn": 434,
        "f1": 0.8108467809016802,
        "precision": 0.7761146496815287,
        "recall": 0.8488331591779867
    },
    "Pledgee": {
        "tp": 1990,
        "fp": 147,
        "fn": 142,
        "f1": 0.9323026469899273,
        "precision": 0.9312119794103884,
        "recall": 0.9333958724202627
    },
    "TotalPledgedShares": {
        "tp": 972,
        "fp": 256,
        "fn": 398,
        "f1": 0.7482678983833718,
        "precision": 0.7915309446254072,
        "recall": 0.7094890510948905
    },
    "ReleasedDate": {
        "tp": 416,
        "fp": 260,
        "fn": 345,
        "f1": 0.5789839944328462,
        "precision": 0.6153846153846154,
        "recall": 0.5466491458607096
    },
    "StockCode": {
        "tp": 3218,
        "fp": 24,
        "fn": 30,
        "f1": 0.9916795069337442,
        "precision": 0.9925971622455274,
        "recall": 0.9907635467980296
    },
    "StockAbbr": {
        "tp": 4057,
        "fp": 575,
        "fn": 1038,
        "f1": 0.8341729207360955,
        "precision": 0.8758635578583766,
        "recall": 0.7962708537782139
    },
    "precision": 0.845639690540815,
    "recall": 0.8254451733833177,
    "micro_f1": 0.8354204098756874,
    "macro_f1": 0.6607684883317172
}