{
    "EquityHolder": {
        "tp": 8712,
        "fp": 1552,
        "fn": 901,
        "f1": 0.8765910348644161,
        "precision": 0.8487918939984411,
        "recall": 0.9062727556433996
    },
    "FrozeShares": {
        "tp": 99,
        "fp": 97,
        "fn": 199,
        "f1": 0.4008097165991903,
        "precision": 0.5051020408163265,
        "recall": 0.33221476510067116
    },
    "LegalInstitution": {
        "tp": 441,
        "fp": 49,
        "fn": 61,
        "f1": 0.8891129032258064,
        "precision": 0.9,
        "recall": 0.8784860557768924
    },
    "TotalHoldingShares": {
        "tp": 1704,
        "fp": 374,
        "fn": 455,
        "f1": 0.8043426953032806,
        "precision": 0.8200192492781521,
        "recall": 0.7892542843909217
    },
    "TotalHoldingRatio": {
        "tp": 1401,
        "fp": 224,
        "fn": 324,
        "f1": 0.8364179104477613,
        "precision": 0.8621538461538462,
        "recall": 0.8121739130434783
    },
    "StartDate": {
        "tp": 3715,
        "fp": 1236,
        "fn": 1316,
        "f1": 0.7443398116609897,
        "precision": 0.7503534639466775,
        "recall": 0.7384217849334128
    },
    "EndDate": {
        "tp": 1015,
        "fp": 582,
        "fn": 495,
        "f1": 0.653363373028645,
        "precision": 0.6355666875391359,
        "recall": 0.6721854304635762
    },
    "UnfrozeDate": {
        "tp": 4,
        "fp": 11,
        "fn": 14,
        "f1": 0.2424242424242424,
        "precision": 0.26666666666666666,
        "recall": 0.2222222222222222
    },
    "CompanyName": {
        "tp": 9462,
        "fp": 245,
        "fn": 620,
        "f1": 0.9562888473394311,
        "precision": 0.9747604821263006,
        "recall": 0.9385042650267804
    },
    "HighestTradingPrice": {
        "tp": 1566,
        "fp": 401,
        "fn": 58,
        "f1": 0.8721804511278195,
        "precision": 0.7961362480935434,
        "recall": 0.9642857142857143
    },
    "LowestTradingPrice": {
        "tp": 757,
        "fp": 91,
        "fn": 283,
        "f1": 0.8019067796610169,
        "precision": 0.8926886792452831,
        "recall": 0.7278846153846154
    },
    "RepurchasedShares": {
        "tp": 1370,
        "fp": 294,
        "fn": 197,
        "f1": 0.8480346641906531,
        "precision": 0.8233173076923077,
        "recall": 0.8742820676451819
    },
    "ClosingDate": {
        "tp": 1072,
        "fp": 515,
        "fn": 576,
        "f1": 0.6627511591962906,
        "precision": 0.6754883427851291,
        "recall": 0.6504854368932039
    },
    "RepurchaseAmount": {
        "tp": 1188,
        "fp": 168,
        "fn": 238,
        "f1": 0.8540618260244429,
        "precision": 0.8761061946902655,
        "recall": 0.8330995792426368
    },
    "TradedShares": {
        "tp": 879,
        "fp": 372,
        "fn": 255,
        "f1": 0.7371069182389938,
        "precision": 0.7026378896882494,
        "recall": 0.7751322751322751
    },
    "LaterHoldingShares": {
        "tp": 136,
        "fp": 333,
        "fn": 285,
        "f1": 0.3056179775280899,
        "precision": 0.2899786780383795,
        "recall": 0.32304038004750596
    },
    "AveragePrice": {
        "tp": 197,
        "fp": 50,
        "fn": 12,
        "f1": 0.8640350877192983,
        "precision": 0.7975708502024291,
        "recall": 0.9425837320574163
    },
    "Pledger": {
        "tp": 0,
        "fp": 0,
        "fn": 0,
        "f1": 0,
        "precision": 0,
        "recall": 0
    },
    "PledgedShares": {
        "tp": 2154,
        "fp": 648,
        "fn": 717,
        "f1": 0.7593865679534638,
        "precision": 0.7687366167023555,
        "recall": 0.7502612330198537
    },
    "Pledgee": {
        "tp": 1989,
        "fp": 124,
        "fn": 143,
        "f1": 0.9371024734982333,
        "precision": 0.9413156649313772,
        "recall": 0.9329268292682927
    },
    "TotalPledgedShares": {
        "tp": 1138,
        "fp": 343,
        "fn": 232,
        "f1": 0.7983163802174676,
        "precision": 0.7683997299122215,
        "recall": 0.8306569343065694
    },
    "ReleasedDate": {
        "tp": 417,
        "fp": 258,
        "fn": 344,
        "f1": 0.5807799442896936,
        "precision": 0.6177777777777778,
        "recall": 0.5479632063074902
    },
    "StockCode": {
        "tp": 3233,
        "fp": 16,
        "fn": 15,
        "f1": 0.9952285670309374,
        "precision": 0.9950754078177901,
        "recall": 0.9953817733990148
    },
    "StockAbbr": {
        "tp": 4309,
        "fp": 818,
        "fn": 786,
        "f1": 0.8430835452944629,
        "precision": 0.8404525063389897,
        "recall": 0.8457311089303239
    },
    "precision": 0.8421600100432217,
    "recall": 0.8463340782928411,
    "micro_f1": 0.8442418848826443,
    "macro_f1": 0.7193034532026926
}