{
    "EquityHolder": {
        "tp": 8249,
        "fp": 1201,
        "fn": 1364,
        "f1": 0.8654461522320726,
        "precision": 0.8729100529100529,
        "recall": 0.8581088109851243
    },
    "FrozeShares": {
        "tp": 118,
        "fp": 118,
        "fn": 180,
        "f1": 0.44194756554307113,
        "precision": 0.5,
        "recall": 0.3959731543624161
    },
    "LegalInstitution": {
        "tp": 445,
        "fp": 50,
        "fn": 57,
        "f1": 0.892678034102307,
        "precision": 0.898989898989899,
        "recall": 0.8864541832669323
    },
    "TotalHoldingShares": {
        "tp": 1787,
        "fp": 493,
        "fn": 372,
        "f1": 0.8051362919576481,
        "precision": 0.7837719298245615,
        "recall": 0.8276980083371931
    },
    "TotalHoldingRatio": {
        "tp": 1501,
        "fp": 418,
        "fn": 224,
        "f1": 0.8238199780461031,
        "precision": 0.7821782178217822,
        "recall": 0.8701449275362318
    },
    "StartDate": {
        "tp": 4000,
        "fp": 1581,
        "fn": 1031,
        "f1": 0.7538635506973238,
        "precision": 0.7167174341515857,
        "recall": 0.795070562512423
    },
    "EndDate": {
        "tp": 937,
        "fp": 473,
        "fn": 573,
        "f1": 0.6417808219178082,
        "precision": 0.6645390070921986,
        "recall": 0.6205298013245033
    },
    "UnfrozeDate": {
        "tp": 7,
        "fp": 13,
        "fn": 11,
        "f1": 0.36842105263157887,
        "precision": 0.35,
        "recall": 0.3888888888888889
    },
    "CompanyName": {
        "tp": 9532,
        "fp": 262,
        "fn": 550,
        "f1": 0.9591467095995171,
        "precision": 0.97324892791505,
        "recall": 0.9454473318785955
    },
    "HighestTradingPrice": {
        "tp": 1472,
        "fp": 286,
        "fn": 152,
        "f1": 0.8704908338261383,
        "precision": 0.8373151308304891,
        "recall": 0.9064039408866995
    },
    "LowestTradingPrice": {
        "tp": 955,
        "fp": 71,
        "fn": 85,
        "f1": 0.9244917715392063,
        "precision": 0.9307992202729045,
        "recall": 0.9182692307692307
    },
    "RepurchasedShares": {
        "tp": 1511,
        "fp": 354,
        "fn": 56,
        "f1": 0.8805361305361304,
        "precision": 0.8101876675603217,
        "recall": 0.9642629227823867
    },
    "ClosingDate": {
        "tp": 1176,
        "fp": 443,
        "fn": 472,
        "f1": 0.7199265381083563,
        "precision": 0.7263743051266214,
        "recall": 0.7135922330097088
    },
    "RepurchaseAmount": {
        "tp": 1301,
        "fp": 327,
        "fn": 125,
        "f1": 0.8519973804846104,
        "precision": 0.7991400491400491,
        "recall": 0.9123422159887798
    },
    "TradedShares": {
        "tp": 914,
        "fp": 367,
        "fn": 220,
        "f1": 0.7569358178053831,
        "precision": 0.7135050741608119,
        "recall": 0.8059964726631393
    },
    "LaterHoldingShares": {
        "tp": 127,
        "fp": 291,
        "fn": 294,
        "f1": 0.30274135876042907,
        "precision": 0.3038277511961722,
        "recall": 0.3016627078384798
    },
    "AveragePrice": {
        "tp": 199,
        "fp": 35,
        "fn": 10,
        "f1": 0.8984198645598194,
        "precision": 0.8504273504273504,
        "recall": 0.9521531100478469
    },
    "Pledger": {
        "tp": 0,
        "fp": 0,
        "fn": 0,
        "f1": 0,
        "precision": 0,
        "recall": 0
    },
    "PledgedShares": {
        "tp": 2389,
        "fp": 966,
        "fn": 482,
        "f1": 0.7674269193703822,
        "precision": 0.7120715350223547,
        "recall": 0.8321142459073494
    },
    "Pledgee": {
        "tp": 2016,
        "fp": 151,
        "fn": 116,
        "f1": 0.9378925331472435,
        "precision": 0.930318412551915,
        "recall": 0.9455909943714822
    },
    "TotalPledgedShares": {
        "tp": 1038,
        "fp": 308,
        "fn": 332,
        "f1": 0.764359351988218,
        "precision": 0.7711738484398217,
        "recall": 0.7576642335766424
    },
    "ReleasedDate": {
        "tp": 454,
        "fp": 319,
        "fn": 307,
        "f1": 0.591916558018253,
        "precision": 0.5873221216041398,
        "recall": 0.5965834428383706
    },
    "StockCode": {
        "tp": 3225,
        "fp": 21,
        "fn": 23,
        "f1": 0.9932245149368647,
        "precision": 0.9935304990757856,
        "recall": 0.9929187192118226
    },
    "StockAbbr": {
        "tp": 4078,
        "fp": 395,
        "fn": 1017,
        "f1": 0.8524247491638796,
        "precision": 0.9116923764811089,
        "recall": 0.8003925417075565
    },
    "precision": 0.841363039699152,
    "recall": 0.8548590584673059,
    "micro_f1": 0.8480573584365891,
    "macro_f1": 0.7360426866238478
}