{
    "EquityHolder": {
        "tp": 8124,
        "fp": 1511,
        "fn": 1489,
        "f1": 0.844139650872818,
        "precision": 0.8431759211209133,
        "recall": 0.845105586185374
    },
    "FrozeShares": {
        "tp": 81,
        "fp": 95,
        "fn": 217,
        "f1": 0.34177215189873417,
        "precision": 0.4602272727272727,
        "recall": 0.27181208053691275
    },
    "LegalInstitution": {
        "tp": 444,
        "fp": 69,
        "fn": 58,
        "f1": 0.8748768472906404,
        "precision": 0.8654970760233918,
        "recall": 0.8844621513944223
    },
    "TotalHoldingShares": {
        "tp": 1678,
        "fp": 573,
        "fn": 481,
        "f1": 0.7609977324263038,
        "precision": 0.7454464682363394,
        "recall": 0.777211672070403
    },
    "TotalHoldingRatio": {
        "tp": 1436,
        "fp": 340,
        "fn": 289,
        "f1": 0.8203370465581262,
        "precision": 0.8085585585585585,
        "recall": 0.832463768115942
    },
    "StartDate": {
        "tp": 3958,
        "fp": 1482,
        "fn": 1073,
        "f1": 0.7559927418584663,
        "precision": 0.7275735294117647,
        "recall": 0.7867223216060425
    },
    "EndDate": {
        "tp": 944,
        "fp": 534,
        "fn": 566,
        "f1": 0.6318607764390897,
        "precision": 0.638700947225981,
        "recall": 0.6251655629139072
    },
    "UnfrozeDate": {
        "tp": 1,
        "fp": 2,
        "fn": 17,
        "f1": 0.09523809523809525,
        "precision": 0.3333333333333333,
        "recall": 0.05555555555555555
    },
    "CompanyName": {
        "tp": 9338,
        "fp": 618,
        "fn": 744,
        "f1": 0.9320291446252121,
        "precision": 0.9379268782643632,
        "recall": 0.9262051180321365
    },
    "HighestTradingPrice": {
        "tp": 1347,
        "fp": 349,
        "fn": 277,
        "f1": 0.8114457831325301,
        "precision": 0.7942216981132075,
        "recall": 0.8294334975369458
    },
    "LowestTradingPrice": {
        "tp": 889,
        "fp": 155,
        "fn": 151,
        "f1": 0.8531669865642993,
        "precision": 0.8515325670498084,
        "recall": 0.8548076923076923
    },
    "RepurchasedShares": {
        "tp": 1251,
        "fp": 213,
        "fn": 316,
        "f1": 0.8254701418673706,
        "precision": 0.8545081967213115,
        "recall": 0.7983407785577536
    },
    "ClosingDate": {
        "tp": 954,
        "fp": 531,
        "fn": 694,
        "f1": 0.6090009575486754,
        "precision": 0.6424242424242425,
        "recall": 0.5788834951456311
    },
    "RepurchaseAmount": {
        "tp": 1156,
        "fp": 187,
        "fn": 270,
        "f1": 0.8349584687612857,
        "precision": 0.8607594936708861,
        "recall": 0.8106591865357644
    },
    "TradedShares": {
        "tp": 825,
        "fp": 386,
        "fn": 309,
        "f1": 0.7036247334754797,
        "precision": 0.6812551610239471,
        "recall": 0.7275132275132276
    },
    "LaterHoldingShares": {
        "tp": 67,
        "fp": 123,
        "fn": 354,
        "f1": 0.2193126022913257,
        "precision": 0.3526315789473684,
        "recall": 0.15914489311163896
    },
    "AveragePrice": {
        "tp": 188,
        "fp": 32,
        "fn": 21,
        "f1": 0.8764568764568764,
        "precision": 0.8545454545454545,
        "recall": 0.8995215311004785
    },
    "Pledger": {
        "tp": 0,
        "fp": 0,
        "fn": 0,
        "f1": 0,
        "precision": 0,
        "recall": 0
    },
    "PledgedShares": {
        "tp": 2364,
        "fp": 825,
        "fn": 507,
        "f1": 0.7801980198019801,
        "precision": 0.7412982126058325,
        "recall": 0.8234064785788924
    },
    "Pledgee": {
        "tp": 2031,
        "fp": 231,
        "fn": 101,
        "f1": 0.9244424214838416,
        "precision": 0.8978779840848806,
        "recall": 0.952626641651032
    },
    "TotalPledgedShares": {
        "tp": 1124,
        "fp": 373,
        "fn": 246,
        "f1": 0.7840948726892223,
        "precision": 0.7508350033400134,
        "recall": 0.8204379562043795
    },
    "ReleasedDate": {
        "tp": 441,
        "fp": 356,
        "fn": 320,
        "f1": 0.5661103979460848,
        "precision": 0.5533249686323714,
        "recall": 0.5795006570302234
    },
    "StockCode": {
        "tp": 3236,
        "fp": 12,
        "fn": 12,
        "f1": 0.9963054187192119,
        "precision": 0.9963054187192119,
        "recall": 0.9963054187192119
    },
    "StockAbbr": {
        "tp": 4140,
        "fp": 725,
        "fn": 955,
        "f1": 0.8313253012048194,
        "precision": 0.8509763617677287,
        "recall": 0.8125613346418057
    },
    "precision": 0.8255799350544502,
    "recall": 0.8293742340134093,
    "micro_f1": 0.8274727349558995,
    "macro_f1": 0.6947148820479372
}