{
    "EquityHolder": {
        "tp": 7885,
        "fp": 868,
        "fn": 1728,
        "f1": 0.858651856691713,
        "precision": 0.9008339997715069,
        "recall": 0.8202434203682514
    },
    "FrozeShares": {
        "tp": 98,
        "fp": 102,
        "fn": 200,
        "f1": 0.39357429718875503,
        "precision": 0.49,
        "recall": 0.3288590604026846
    },
    "LegalInstitution": {
        "tp": 459,
        "fp": 85,
        "fn": 43,
        "f1": 0.8776290630975143,
        "precision": 0.84375,
        "recall": 0.9143426294820717
    },
    "TotalHoldingShares": {
        "tp": 1649,
        "fp": 541,
        "fn": 510,
        "f1": 0.7583352494826396,
        "precision": 0.7529680365296804,
        "recall": 0.7637795275590551
    },
    "TotalHoldingRatio": {
        "tp": 1276,
        "fp": 245,
        "fn": 449,
        "f1": 0.7861983980283427,
        "precision": 0.8389217619986851,
        "recall": 0.7397101449275363
    },
    "StartDate": {
        "tp": 3490,
        "fp": 1235,
        "fn": 1541,
        "f1": 0.7154571545715458,
        "precision": 0.7386243386243386,
        "recall": 0.6936990657920891
    },
    "EndDate": {
        "tp": 842,
        "fp": 388,
        "fn": 668,
        "f1": 0.6145985401459854,
        "precision": 0.6845528455284553,
        "recall": 0.5576158940397351
    },
    "UnfrozeDate": {
        "tp": 4,
        "fp": 15,
        "fn": 14,
        "f1": 0.21621621621621623,
        "precision": 0.21052631578947367,
        "recall": 0.2222222222222222
    },
    "CompanyName": {
        "tp": 9321,
        "fp": 543,
        "fn": 761,
        "f1": 0.934623483405194,
        "precision": 0.9449513381995134,
        "recall": 0.9245189446538385
    },
    "HighestTradingPrice": {
        "tp": 883,
        "fp": 261,
        "fn": 741,
        "f1": 0.6380057803468208,
        "precision": 0.7718531468531469,
        "recall": 0.5437192118226601
    },
    "LowestTradingPrice": {
        "tp": 902,
        "fp": 401,
        "fn": 138,
        "f1": 0.7699530516431925,
        "precision": 0.6922486569455104,
        "recall": 0.8673076923076923
    },
    "RepurchasedShares": {
        "tp": 1394,
        "fp": 216,
        "fn": 173,
        "f1": 0.8775574441296822,
        "precision": 0.8658385093167702,
        "recall": 0.8895979578813018
    },
    "ClosingDate": {
        "tp": 1173,
        "fp": 578,
        "fn": 475,
        "f1": 0.6902030008826127,
        "precision": 0.6699029126213593,
        "recall": 0.7117718446601942
    },
    "RepurchaseAmount": {
        "tp": 1263,
        "fp": 338,
        "fn": 163,
        "f1": 0.8344895936570863,
        "precision": 0.7888819487820112,
        "recall": 0.8856942496493688
    },
    "TradedShares": {
        "tp": 726,
        "fp": 183,
        "fn": 408,
        "f1": 0.7107195301027901,
        "precision": 0.7986798679867987,
        "recall": 0.6402116402116402
    },
    "LaterHoldingShares": {
        "tp": 107,
        "fp": 201,
        "fn": 314,
        "f1": 0.2935528120713306,
        "precision": 0.3474025974025974,
        "recall": 0.25415676959619954
    },
    "AveragePrice": {
        "tp": 178,
        "fp": 53,
        "fn": 31,
        "f1": 0.8090909090909091,
        "precision": 0.7705627705627706,
        "recall": 0.8516746411483254
    },
    "Pledger": {
        "tp": 0,
        "fp": 0,
        "fn": 0,
        "f1": 0,
        "precision": 0,
        "recall": 0
    },
    "PledgedShares": {
        "tp": 2371,
        "fp": 742,
        "fn": 500,
        "f1": 0.7924465240641712,
        "precision": 0.7616447157083199,
        "recall": 0.8258446534308603
    },
    "Pledgee": {
        "tp": 1937,
        "fp": 213,
        "fn": 195,
        "f1": 0.9047174217655302,
        "precision": 0.9009302325581395,
        "recall": 0.9085365853658537
    },
    "TotalPledgedShares": {
        "tp": 1188,
        "fp": 341,
        "fn": 182,
        "f1": 0.819592963090721,
        "precision": 0.7769784172661871,
        "recall": 0.8671532846715329
    },
    "ReleasedDate": {
        "tp": 541,
        "fp": 813,
        "fn": 220,
        "f1": 0.5115839243498818,
        "precision": 0.3995568685376662,
        "recall": 0.7109067017082786
    },
    "StockCode": {
        "tp": 3239,
        "fp": 55,
        "fn": 9,
        "f1": 0.990217059003363,
        "precision": 0.9833029751062538,
        "recall": 0.9972290640394089
    },
    "StockAbbr": {
        "tp": 4141,
        "fp": 518,
        "fn": 954,
        "f1": 0.8490875538240723,
        "precision": 0.8888173427774201,
        "recall": 0.812757605495584
    },
    "precision": 0.8345431650679604,
    "recall": 0.8122521808088818,
    "micro_f1": 0.8232468078110443,
    "macro_f1": 0.6936042427854193
}