{
    "EquityHolder": {
        "tp": 8144,
        "fp": 1455,
        "fn": 1469,
        "f1": 0.8478034561732251,
        "precision": 0.8484217105948536,
        "recall": 0.847186102153334
    },
    "FrozeShares": {
        "tp": 69,
        "fp": 135,
        "fn": 229,
        "f1": 0.2749003984063745,
        "precision": 0.3382352941176471,
        "recall": 0.23154362416107382
    },
    "LegalInstitution": {
        "tp": 429,
        "fp": 56,
        "fn": 73,
        "f1": 0.8693009118541032,
        "precision": 0.8845360824742268,
        "recall": 0.8545816733067729
    },
    "TotalHoldingShares": {
        "tp": 1697,
        "fp": 499,
        "fn": 462,
        "f1": 0.7793340987370838,
        "precision": 0.7727686703096539,
        "recall": 0.7860120426123205
    },
    "TotalHoldingRatio": {
        "tp": 1356,
        "fp": 318,
        "fn": 369,
        "f1": 0.7978817299205648,
        "precision": 0.8100358422939068,
        "recall": 0.7860869565217391
    },
    "StartDate": {
        "tp": 3830,
        "fp": 1179,
        "fn": 1201,
        "f1": 0.7629482071713147,
        "precision": 0.7646236773807147,
        "recall": 0.761280063605645
    },
    "EndDate": {
        "tp": 1082,
        "fp": 690,
        "fn": 428,
        "f1": 0.6593540524070689,
        "precision": 0.6106094808126411,
        "recall": 0.7165562913907285
    },
    "UnfrozeDate": {
        "tp": 5,
        "fp": 16,
        "fn": 13,
        "f1": 0.25641025641025644,
        "precision": 0.23809523809523808,
        "recall": 0.2777777777777778
    },
    "CompanyName": {
        "tp": 9447,
        "fp": 480,
        "fn": 635,
        "f1": 0.9442750762157028,
        "precision": 0.95164702326987,
        "recall": 0.9370164649871058
    },
    "HighestTradingPrice": {
        "tp": 1366,
        "fp": 317,
        "fn": 258,
        "f1": 0.8261263985485335,
        "precision": 0.8116458704693998,
        "recall": 0.8411330049261084
    },
    "LowestTradingPrice": {
        "tp": 939,
        "fp": 61,
        "fn": 101,
        "f1": 0.9205882352941176,
        "precision": 0.939,
        "recall": 0.9028846153846154
    },
    "RepurchasedShares": {
        "tp": 1378,
        "fp": 246,
        "fn": 189,
        "f1": 0.8636790974616108,
        "precision": 0.8485221674876847,
        "recall": 0.8793873643905552
    },
    "ClosingDate": {
        "tp": 1147,
        "fp": 506,
        "fn": 501,
        "f1": 0.6949409269918206,
        "precision": 0.6938898971566848,
        "recall": 0.695995145631068
    },
    "RepurchaseAmount": {
        "tp": 1252,
        "fp": 328,
        "fn": 174,
        "f1": 0.8330006653359946,
        "precision": 0.7924050632911392,
        "recall": 0.8779803646563815
    },
    "TradedShares": {
        "tp": 752,
        "fp": 290,
        "fn": 382,
        "f1": 0.6911764705882353,
        "precision": 0.7216890595009597,
        "recall": 0.6631393298059964
    },
    "LaterHoldingShares": {
        "tp": 76,
        "fp": 183,
        "fn": 345,
        "f1": 0.22352941176470587,
        "precision": 0.29343629343629346,
        "recall": 0.18052256532066507
    },
    "AveragePrice": {
        "tp": 201,
        "fp": 54,
        "fn": 8,
        "f1": 0.8663793103448276,
        "precision": 0.788235294117647,
        "recall": 0.9617224880382775
    },
    "Pledger": {
        "tp": 0,
        "fp": 0,
        "fn": 0,
        "f1": 0,
        "precision": 0,
        "recall": 0
    },
    "PledgedShares": {
        "tp": 2298,
        "fp": 988,
        "fn": 573,
        "f1": 0.7464674354393374,
        "precision": 0.6993304930006087,
        "recall": 0.800417972831766
    },
    "Pledgee": {
        "tp": 1970,
        "fp": 206,
        "fn": 162,
        "f1": 0.9145775301764159,
        "precision": 0.9053308823529411,
        "recall": 0.924015009380863
    },
    "TotalPledgedShares": {
        "tp": 1084,
        "fp": 390,
        "fn": 286,
        "f1": 0.7623066104078762,
        "precision": 0.7354138398914518,
        "recall": 0.7912408759124088
    },
    "ReleasedDate": {
        "tp": 487,
        "fp": 434,
        "fn": 274,
        "f1": 0.5790725326991676,
        "precision": 0.5287730727470141,
        "recall": 0.6399474375821288
    },
    "StockCode": {
        "tp": 3226,
        "fp": 26,
        "fn": 22,
        "f1": 0.9926153846153847,
        "precision": 0.9920049200492005,
        "recall": 0.9932266009852216
    },
    "StockAbbr": {
        "tp": 4041,
        "fp": 504,
        "fn": 1054,
        "f1": 0.8383817427385891,
        "precision": 0.8891089108910891,
        "recall": 0.7931305201177625
    },
    "precision": 0.8317486564696155,
    "recall": 0.8340422464133804,
    "micro_f1": 0.8328938724453523,
    "macro_f1": 0.7060437474875965
}