{
    "EquityHolder": {
        "tp": 7769,
        "fp": 1341,
        "fn": 1844,
        "f1": 0.8298883725898627,
        "precision": 0.8527991218441273,
        "recall": 0.808176427754083
    },
    "FrozeShares": {
        "tp": 89,
        "fp": 119,
        "fn": 209,
        "f1": 0.35177865612648224,
        "precision": 0.42788461538461536,
        "recall": 0.2986577181208054
    },
    "LegalInstitution": {
        "tp": 410,
        "fp": 72,
        "fn": 92,
        "f1": 0.8333333333333333,
        "precision": 0.8506224066390041,
        "recall": 0.8167330677290837
    },
    "TotalHoldingShares": {
        "tp": 1679,
        "fp": 577,
        "fn": 480,
        "f1": 0.7605889014722537,
        "precision": 0.7442375886524822,
        "recall": 0.777674849467346
    },
    "TotalHoldingRatio": {
        "tp": 1342,
        "fp": 281,
        "fn": 383,
        "f1": 0.8016726403823178,
        "precision": 0.8268638324091189,
        "recall": 0.7779710144927536
    },
    "StartDate": {
        "tp": 3641,
        "fp": 1294,
        "fn": 1390,
        "f1": 0.7306843267108168,
        "precision": 0.737791286727457,
        "recall": 0.723712979526933
    },
    "EndDate": {
        "tp": 892,
        "fp": 341,
        "fn": 618,
        "f1": 0.6503827925628874,
        "precision": 0.7234387672343877,
        "recall": 0.590728476821192
    },
    "UnfrozeDate": {
        "tp": 4,
        "fp": 12,
        "fn": 14,
        "f1": 0.23529411764705882,
        "precision": 0.25,
        "recall": 0.2222222222222222
    },
    "CompanyName": {
        "tp": 9647,
        "fp": 432,
        "fn": 435,
        "f1": 0.9569961807450028,
        "precision": 0.9571386050203393,
        "recall": 0.9568537988494347
    },
    "HighestTradingPrice": {
        "tp": 1222,
        "fp": 317,
        "fn": 402,
        "f1": 0.7726841606070186,
        "precision": 0.7940220922677063,
        "recall": 0.7524630541871922
    },
    "LowestTradingPrice": {
        "tp": 945,
        "fp": 78,
        "fn": 95,
        "f1": 0.9161415414444982,
        "precision": 0.9237536656891495,
        "recall": 0.9086538461538461
    },
    "RepurchasedShares": {
        "tp": 1236,
        "fp": 220,
        "fn": 331,
        "f1": 0.8177307310618592,
        "precision": 0.8489010989010989,
        "recall": 0.7887683471601787
    },
    "ClosingDate": {
        "tp": 1221,
        "fp": 715,
        "fn": 427,
        "f1": 0.6813616071428572,
        "precision": 0.6306818181818182,
        "recall": 0.7408980582524272
    },
    "RepurchaseAmount": {
        "tp": 1127,
        "fp": 202,
        "fn": 299,
        "f1": 0.8181488203266788,
        "precision": 0.8480060195635817,
        "recall": 0.7903225806451613
    },
    "TradedShares": {
        "tp": 694,
        "fp": 249,
        "fn": 440,
        "f1": 0.6682715454983149,
        "precision": 0.735949098621421,
        "recall": 0.6119929453262787
    },
    "LaterHoldingShares": {
        "tp": 68,
        "fp": 164,
        "fn": 353,
        "f1": 0.2082695252679939,
        "precision": 0.29310344827586204,
        "recall": 0.16152019002375298
    },
    "AveragePrice": {
        "tp": 189,
        "fp": 39,
        "fn": 20,
        "f1": 0.8649885583524027,
        "precision": 0.8289473684210527,
        "recall": 0.9043062200956937
    },
    "Pledger": {
        "tp": 0,
        "fp": 0,
        "fn": 0,
        "f1": 0,
        "precision": 0,
        "recall": 0
    },
    "PledgedShares": {
        "tp": 2358,
        "fp": 914,
        "fn": 513,
        "f1": 0.7677030766726355,
        "precision": 0.7206601466992665,
        "recall": 0.8213166144200627
    },
    "Pledgee": {
        "tp": 1873,
        "fp": 160,
        "fn": 259,
        "f1": 0.8993997599039616,
        "precision": 0.9212985735366453,
        "recall": 0.8785178236397748
    },
    "TotalPledgedShares": {
        "tp": 1169,
        "fp": 375,
        "fn": 201,
        "f1": 0.8023335621139328,
        "precision": 0.7571243523316062,
        "recall": 0.8532846715328467
    },
    "ReleasedDate": {
        "tp": 500,
        "fp": 684,
        "fn": 261,
        "f1": 0.5141388174807198,
        "precision": 0.4222972972972973,
        "recall": 0.657030223390276
    },
    "StockCode": {
        "tp": 3234,
        "fp": 8,
        "fn": 14,
        "f1": 0.9966101694915254,
        "precision": 0.9975323874151758,
        "recall": 0.9956896551724138
    },
    "StockAbbr": {
        "tp": 3980,
        "fp": 396,
        "fn": 1115,
        "f1": 0.8404603526554747,
        "precision": 0.9095063985374772,
        "recall": 0.7811579980372915
    },
    "precision": 0.8343742515521657,
    "recall": 0.8162533342945714,
    "micro_f1": 0.825214325410202,
    "macro_f1": 0.696619231232912
}