{
    "EquityHolder": {
        "tp": 8684,
        "fp": 1819,
        "fn": 929,
        "f1": 0.8633923245177967,
        "precision": 0.8268113872226983,
        "recall": 0.9033600332882555
    },
    "FrozeShares": {
        "tp": 135,
        "fp": 158,
        "fn": 163,
        "f1": 0.4568527918781726,
        "precision": 0.46075085324232085,
        "recall": 0.45302013422818793
    },
    "LegalInstitution": {
        "tp": 445,
        "fp": 72,
        "fn": 57,
        "f1": 0.873405299313052,
        "precision": 0.8607350096711799,
        "recall": 0.8864541832669323
    },
    "TotalHoldingShares": {
        "tp": 1759,
        "fp": 767,
        "fn": 400,
        "f1": 0.7509071504802561,
        "precision": 0.6963578780680918,
        "recall": 0.8147290412227883
    },
    "TotalHoldingRatio": {
        "tp": 1431,
        "fp": 451,
        "fn": 294,
        "f1": 0.7934571666204603,
        "precision": 0.7603613177470776,
        "recall": 0.8295652173913044
    },
    "StartDate": {
        "tp": 3598,
        "fp": 1042,
        "fn": 1433,
        "f1": 0.744080239892462,
        "precision": 0.7754310344827586,
        "recall": 0.7151659709799245
    },
    "EndDate": {
        "tp": 1012,
        "fp": 626,
        "fn": 498,
        "f1": 0.6429479034307497,
        "precision": 0.6178266178266179,
        "recall": 0.6701986754966888
    },
    "UnfrozeDate": {
        "tp": 7,
        "fp": 13,
        "fn": 11,
        "f1": 0.36842105263157887,
        "precision": 0.35,
        "recall": 0.3888888888888889
    },
    "CompanyName": {
        "tp": 9677,
        "fp": 422,
        "fn": 405,
        "f1": 0.959020861206085,
        "precision": 0.9582136845232201,
        "recall": 0.9598293989287839
    },
    "HighestTradingPrice": {
        "tp": 1468,
        "fp": 305,
        "fn": 156,
        "f1": 0.8642920223726818,
        "precision": 0.8279751833051325,
        "recall": 0.9039408866995073
    },
    "LowestTradingPrice": {
        "tp": 943,
        "fp": 76,
        "fn": 97,
        "f1": 0.9159786304031083,
        "precision": 0.9254170755642787,
        "recall": 0.9067307692307692
    },
    "RepurchasedShares": {
        "tp": 1206,
        "fp": 231,
        "fn": 361,
        "f1": 0.8029294274300932,
        "precision": 0.8392484342379958,
        "recall": 0.7696234843650287
    },
    "ClosingDate": {
        "tp": 1085,
        "fp": 987,
        "fn": 563,
        "f1": 0.5833333333333334,
        "precision": 0.5236486486486487,
        "recall": 0.658373786407767
    },
    "RepurchaseAmount": {
        "tp": 1156,
        "fp": 396,
        "fn": 270,
        "f1": 0.7763599731363331,
        "precision": 0.7448453608247423,
        "recall": 0.8106591865357644
    },
    "TradedShares": {
        "tp": 768,
        "fp": 290,
        "fn": 366,
        "f1": 0.7007299270072993,
        "precision": 0.725897920604915,
        "recall": 0.6772486772486772
    },
    "LaterHoldingShares": {
        "tp": 100,
        "fp": 391,
        "fn": 321,
        "f1": 0.21929824561403508,
        "precision": 0.20366598778004075,
        "recall": 0.2375296912114014
    },
    "AveragePrice": {
        "tp": 200,
        "fp": 65,
        "fn": 9,
        "f1": 0.8438818565400844,
        "precision": 0.7547169811320755,
        "recall": 0.9569377990430622
    },
    "Pledger": {
        "tp": 0,
        "fp": 0,
        "fn": 0,
        "f1": 0,
        "precision": 0,
        "recall": 0
    },
    "PledgedShares": {
        "tp": 2346,
        "fp": 1032,
        "fn": 525,
        "f1": 0.7508401344215074,
        "precision": 0.69449378330373,
        "recall": 0.8171368861024033
    },
    "Pledgee": {
        "tp": 1996,
        "fp": 210,
        "fn": 136,
        "f1": 0.9202397418165053,
        "precision": 0.9048050770625566,
        "recall": 0.9362101313320825
    },
    "TotalPledgedShares": {
        "tp": 1129,
        "fp": 377,
        "fn": 241,
        "f1": 0.7851182197496522,
        "precision": 0.749667994687915,
        "recall": 0.8240875912408759
    },
    "ReleasedDate": {
        "tp": 359,
        "fp": 327,
        "fn": 402,
        "f1": 0.4961990324809951,
        "precision": 0.5233236151603499,
        "recall": 0.47174770039421815
    },
    "StockCode": {
        "tp": 3234,
        "fp": 6,
        "fn": 14,
        "f1": 0.9969173859432798,
        "precision": 0.9981481481481481,
        "recall": 0.9956896551724138
    },
    "StockAbbr": {
        "tp": 4218,
        "fp": 536,
        "fn": 877,
        "f1": 0.8565336582394152,
        "precision": 0.8872528397139251,
        "recall": 0.8278704612365064
    },
    "precision": 0.8158457127964556,
    "recall": 0.8462980318650422,
    "micro_f1": 0.8307929121807518,
    "macro_f1": 0.706880682435789
}