{
    "EquityHolder": {
        "tp": 7869,
        "fp": 1557,
        "fn": 1744,
        "f1": 0.8266190451179158,
        "precision": 0.8348185868873329,
        "recall": 0.8185790075938832
    },
    "FrozeShares": {
        "tp": 99,
        "fp": 101,
        "fn": 199,
        "f1": 0.3975903614457832,
        "precision": 0.495,
        "recall": 0.33221476510067116
    },
    "LegalInstitution": {
        "tp": 193,
        "fp": 117,
        "fn": 309,
        "f1": 0.47536945812807874,
        "precision": 0.6225806451612903,
        "recall": 0.3844621513944223
    },
    "TotalHoldingShares": {
        "tp": 1786,
        "fp": 573,
        "fn": 373,
        "f1": 0.7906153165117308,
        "precision": 0.7571004662992794,
        "recall": 0.8272348309402501
    },
    "TotalHoldingRatio": {
        "tp": 1534,
        "fp": 455,
        "fn": 191,
        "f1": 0.8260635433494884,
        "precision": 0.7712418300653595,
        "recall": 0.8892753623188406
    },
    "StartDate": {
        "tp": 3799,
        "fp": 1321,
        "fn": 1232,
        "f1": 0.7484976849571471,
        "precision": 0.7419921875,
        "recall": 0.7551182667461738
    },
    "EndDate": {
        "tp": 965,
        "fp": 524,
        "fn": 545,
        "f1": 0.6435478492830944,
        "precision": 0.6480859637340497,
        "recall": 0.6390728476821192
    },
    "UnfrozeDate": {
        "tp": 0,
        "fp": 0,
        "fn": 18,
        "f1": 0,
        "precision": 0,
        "recall": 0
    },
    "CompanyName": {
        "tp": 9247,
        "fp": 424,
        "fn": 835,
        "f1": 0.9362628461499519,
        "precision": 0.9561575845310722,
        "recall": 0.9171791311247768
    },
    "HighestTradingPrice": {
        "tp": 1249,
        "fp": 221,
        "fn": 375,
        "f1": 0.8073691014867487,
        "precision": 0.8496598639455782,
        "recall": 0.7690886699507389
    },
    "LowestTradingPrice": {
        "tp": 980,
        "fp": 258,
        "fn": 60,
        "f1": 0.8604038630377524,
        "precision": 0.7915993537964459,
        "recall": 0.9423076923076923
    },
    "RepurchasedShares": {
        "tp": 1370,
        "fp": 183,
        "fn": 197,
        "f1": 0.8782051282051282,
        "precision": 0.8821635544108177,
        "recall": 0.8742820676451819
    },
    "ClosingDate": {
        "tp": 1066,
        "fp": 510,
        "fn": 582,
        "f1": 0.6612903225806451,
        "precision": 0.6763959390862944,
        "recall": 0.6468446601941747
    },
    "RepurchaseAmount": {
        "tp": 1093,
        "fp": 211,
        "fn": 333,
        "f1": 0.8007326007326008,
        "precision": 0.8381901840490797,
        "recall": 0.7664796633941094
    },
    "TradedShares": {
        "tp": 895,
        "fp": 331,
        "fn": 239,
        "f1": 0.7584745762711863,
        "precision": 0.7300163132137031,
        "recall": 0.7892416225749559
    },
    "LaterHoldingShares": {
        "tp": 105,
        "fp": 192,
        "fn": 316,
        "f1": 0.29247910863509746,
        "precision": 0.35353535353535354,
        "recall": 0.2494061757719715
    },
    "AveragePrice": {
        "tp": 194,
        "fp": 38,
        "fn": 15,
        "f1": 0.8798185941043084,
        "precision": 0.8362068965517241,
        "recall": 0.9282296650717703
    },
    "Pledger": {
        "tp": 0,
        "fp": 0,
        "fn": 0,
        "f1": 0,
        "precision": 0,
        "recall": 0
    },
    "PledgedShares": {
        "tp": 2407,
        "fp": 835,
        "fn": 464,
        "f1": 0.7875020448225094,
        "precision": 0.742442936458976,
        "recall": 0.8383838383838383
    },
    "Pledgee": {
        "tp": 1876,
        "fp": 200,
        "fn": 256,
        "f1": 0.8916349809885932,
        "precision": 0.9036608863198459,
        "recall": 0.8799249530956847
    },
    "TotalPledgedShares": {
        "tp": 1114,
        "fp": 506,
        "fn": 256,
        "f1": 0.7451505016722408,
        "precision": 0.6876543209876543,
        "recall": 0.8131386861313868
    },
    "ReleasedDate": {
        "tp": 387,
        "fp": 276,
        "fn": 374,
        "f1": 0.5435393258426967,
        "precision": 0.583710407239819,
        "recall": 0.5085413929040736
    },
    "StockCode": {
        "tp": 3240,
        "fp": 12,
        "fn": 8,
        "f1": 0.9969230769230769,
        "precision": 0.996309963099631,
        "recall": 0.9975369458128078
    },
    "StockAbbr": {
        "tp": 3939,
        "fp": 524,
        "fn": 1156,
        "f1": 0.8242310106716887,
        "precision": 0.8825901859735604,
        "recall": 0.7731108930323847
    },
    "precision": 0.8289579377829707,
    "recall": 0.8183800735347128,
    "micro_f1": 0.8236350444404137,
    "macro_f1": 0.6821800142048944
}