{
    "EquityHolder": {
        "tp": 8071,
        "fp": 1219,
        "fn": 1542,
        "f1": 0.853938528275935,
        "precision": 0.868783638320775,
        "recall": 0.8395922188702798
    },
    "FrozeShares": {
        "tp": 87,
        "fp": 113,
        "fn": 211,
        "f1": 0.3493975903614458,
        "precision": 0.435,
        "recall": 0.29194630872483224
    },
    "LegalInstitution": {
        "tp": 439,
        "fp": 58,
        "fn": 63,
        "f1": 0.8788788788788788,
        "precision": 0.8832997987927566,
        "recall": 0.8745019920318725
    },
    "TotalHoldingShares": {
        "tp": 1665,
        "fp": 410,
        "fn": 494,
        "f1": 0.7864903164855929,
        "precision": 0.8024096385542169,
        "recall": 0.7711903659101436
    },
    "TotalHoldingRatio": {
        "tp": 1452,
        "fp": 299,
        "fn": 273,
        "f1": 0.8354430379746836,
        "precision": 0.8292404340376928,
        "recall": 0.8417391304347827
    },
    "StartDate": {
        "tp": 3428,
        "fp": 860,
        "fn": 1603,
        "f1": 0.735701255499517,
        "precision": 0.7994402985074627,
        "recall": 0.6813754720731465
    },
    "EndDate": {
        "tp": 945,
        "fp": 383,
        "fn": 565,
        "f1": 0.6659619450317125,
        "precision": 0.7115963855421686,
        "recall": 0.6258278145695364
    },
    "UnfrozeDate": {
        "tp": 10,
        "fp": 37,
        "fn": 8,
        "f1": 0.3076923076923077,
        "precision": 0.2127659574468085,
        "recall": 0.5555555555555556
    },
    "CompanyName": {
        "tp": 9251,
        "fp": 274,
        "fn": 831,
        "f1": 0.9436425766307951,
        "precision": 0.9712335958005249,
        "recall": 0.9175758778020234
    },
    "HighestTradingPrice": {
        "tp": 1531,
        "fp": 203,
        "fn": 93,
        "f1": 0.9118522930315662,
        "precision": 0.8829296424452133,
        "recall": 0.9427339901477833
    },
    "LowestTradingPrice": {
        "tp": 974,
        "fp": 52,
        "fn": 66,
        "f1": 0.9428848015488868,
        "precision": 0.949317738791423,
        "recall": 0.9365384615384615
    },
    "RepurchasedShares": {
        "tp": 1437,
        "fp": 194,
        "fn": 130,
        "f1": 0.898686679174484,
        "precision": 0.8810545677498467,
        "recall": 0.9170389278876835
    },
    "ClosingDate": {
        "tp": 1056,
        "fp": 518,
        "fn": 592,
        "f1": 0.6554934823091247,
        "precision": 0.6709021601016518,
        "recall": 0.6407766990291263
    },
    "RepurchaseAmount": {
        "tp": 1263,
        "fp": 306,
        "fn": 163,
        "f1": 0.8434056761268781,
        "precision": 0.8049713193116634,
        "recall": 0.8856942496493688
    },
    "TradedShares": {
        "tp": 779,
        "fp": 242,
        "fn": 355,
        "f1": 0.722969837587007,
        "precision": 0.7629774730656219,
        "recall": 0.6869488536155203
    },
    "LaterHoldingShares": {
        "tp": 62,
        "fp": 123,
        "fn": 359,
        "f1": 0.20462046204620463,
        "precision": 0.33513513513513515,
        "recall": 0.14726840855106887
    },
    "AveragePrice": {
        "tp": 179,
        "fp": 31,
        "fn": 30,
        "f1": 0.8544152744630071,
        "precision": 0.8523809523809524,
        "recall": 0.8564593301435407
    },
    "Pledger": {
        "tp": 0,
        "fp": 0,
        "fn": 0,
        "f1": 0,
        "precision": 0,
        "recall": 0
    },
    "PledgedShares": {
        "tp": 2281,
        "fp": 742,
        "fn": 590,
        "f1": 0.7740074652188667,
        "precision": 0.7545484617929209,
        "recall": 0.7944966910484151
    },
    "Pledgee": {
        "tp": 2029,
        "fp": 156,
        "fn": 103,
        "f1": 0.9400046328468844,
        "precision": 0.928604118993135,
        "recall": 0.951688555347092
    },
    "TotalPledgedShares": {
        "tp": 1186,
        "fp": 462,
        "fn": 184,
        "f1": 0.785950960901259,
        "precision": 0.7196601941747572,
        "recall": 0.8656934306569343
    },
    "ReleasedDate": {
        "tp": 472,
        "fp": 570,
        "fn": 289,
        "f1": 0.5235718247365503,
        "precision": 0.45297504798464494,
        "recall": 0.6202365308804205
    },
    "StockCode": {
        "tp": 3223,
        "fp": 23,
        "fn": 25,
        "f1": 0.992608561749307,
        "precision": 0.9929143561306223,
        "recall": 0.9923029556650246
    },
    "StockAbbr": {
        "tp": 4048,
        "fp": 587,
        "fn": 1047,
        "f1": 0.832065775950668,
        "precision": 0.8733549083063646,
        "recall": 0.79450441609421
    },
    "precision": 0.8536757863391029,
    "recall": 0.8266887751423834,
    "micro_f1": 0.8399655721793909,
    "macro_f1": 0.7183201735217319
}