{
    "EquityHolder": {
        "tp": 8235,
        "fp": 1358,
        "fn": 1378,
        "f1": 0.8575445173383318,
        "precision": 0.8584384446992599,
        "recall": 0.8566524498075523
    },
    "FrozeShares": {
        "tp": 0,
        "fp": 1,
        "fn": 298,
        "f1": 0,
        "precision": 0,
        "recall": 0
    },
    "LegalInstitution": {
        "tp": 449,
        "fp": 55,
        "fn": 53,
        "f1": 0.8926441351888669,
        "precision": 0.8908730158730159,
        "recall": 0.8944223107569721
    },
    "TotalHoldingShares": {
        "tp": 1738,
        "fp": 555,
        "fn": 421,
        "f1": 0.7807726864330637,
        "precision": 0.7579590056694286,
        "recall": 0.8050023158869847
    },
    "TotalHoldingRatio": {
        "tp": 1405,
        "fp": 241,
        "fn": 320,
        "f1": 0.8335805398991397,
        "precision": 0.8535844471445929,
        "recall": 0.8144927536231884
    },
    "StartDate": {
        "tp": 3510,
        "fp": 963,
        "fn": 1521,
        "f1": 0.7386363636363638,
        "precision": 0.7847082494969819,
        "recall": 0.6976744186046512
    },
    "EndDate": {
        "tp": 965,
        "fp": 460,
        "fn": 545,
        "f1": 0.657580919931857,
        "precision": 0.6771929824561403,
        "recall": 0.6390728476821192
    },
    "UnfrozeDate": {
        "tp": 0,
        "fp": 0,
        "fn": 18,
        "f1": 0,
        "precision": 0,
        "recall": 0
    },
    "CompanyName": {
        "tp": 9780,
        "fp": 283,
        "fn": 302,
        "f1": 0.9709605361131795,
        "precision": 0.9718771738050284,
        "recall": 0.9700456258678833
    },
    "HighestTradingPrice": {
        "tp": 1128,
        "fp": 438,
        "fn": 496,
        "f1": 0.7072100313479623,
        "precision": 0.7203065134099617,
        "recall": 0.6945812807881774
    },
    "LowestTradingPrice": {
        "tp": 660,
        "fp": 71,
        "fn": 380,
        "f1": 0.7453416149068323,
        "precision": 0.9028727770177839,
        "recall": 0.6346153846153846
    },
    "RepurchasedShares": {
        "tp": 907,
        "fp": 104,
        "fn": 660,
        "f1": 0.7036462373933282,
        "precision": 0.897131552917903,
        "recall": 0.5788130185067007
    },
    "ClosingDate": {
        "tp": 907,
        "fp": 273,
        "fn": 741,
        "f1": 0.6414427157001414,
        "precision": 0.7686440677966102,
        "recall": 0.5503640776699029
    },
    "RepurchaseAmount": {
        "tp": 1109,
        "fp": 220,
        "fn": 317,
        "f1": 0.8050816696914702,
        "precision": 0.8344620015048909,
        "recall": 0.7776998597475456
    },
    "TradedShares": {
        "tp": 582,
        "fp": 162,
        "fn": 552,
        "f1": 0.6198083067092651,
        "precision": 0.782258064516129,
        "recall": 0.5132275132275133
    },
    "LaterHoldingShares": {
        "tp": 38,
        "fp": 83,
        "fn": 383,
        "f1": 0.14022140221402213,
        "precision": 0.3140495867768595,
        "recall": 0.09026128266033254
    },
    "AveragePrice": {
        "tp": 176,
        "fp": 26,
        "fn": 33,
        "f1": 0.856447688564477,
        "precision": 0.8712871287128713,
        "recall": 0.8421052631578947
    },
    "Pledger": {
        "tp": 0,
        "fp": 0,
        "fn": 0,
        "f1": 0,
        "precision": 0,
        "recall": 0
    },
    "PledgedShares": {
        "tp": 2404,
        "fp": 779,
        "fn": 467,
        "f1": 0.7941856623719854,
        "precision": 0.7552623311341502,
        "recall": 0.8373389063044235
    },
    "Pledgee": {
        "tp": 1942,
        "fp": 138,
        "fn": 190,
        "f1": 0.9221272554605888,
        "precision": 0.9336538461538462,
        "recall": 0.9108818011257036
    },
    "TotalPledgedShares": {
        "tp": 1135,
        "fp": 374,
        "fn": 235,
        "f1": 0.7884682181312958,
        "precision": 0.752153744201458,
        "recall": 0.8284671532846716
    },
    "ReleasedDate": {
        "tp": 435,
        "fp": 364,
        "fn": 326,
        "f1": 0.5576923076923077,
        "precision": 0.5444305381727159,
        "recall": 0.5716162943495401
    },
    "StockCode": {
        "tp": 3203,
        "fp": 15,
        "fn": 45,
        "f1": 0.9907206928549335,
        "precision": 0.9953387197016781,
        "recall": 0.9861453201970444
    },
    "StockAbbr": {
        "tp": 3956,
        "fp": 324,
        "fn": 1139,
        "f1": 0.8439466666666666,
        "precision": 0.9242990654205607,
        "recall": 0.7764474975466144
    },
    "precision": 0.8597332101403246,
    "recall": 0.8049888256073823,
    "micro_f1": 0.8314608833248011,
    "macro_f1": 0.6603358403435866
}