{
    "EquityHolder": {
        "tp": 8053,
        "fp": 1207,
        "fn": 1560,
        "f1": 0.8533884385100406,
        "precision": 0.8696544276457884,
        "recall": 0.8377197544991157
    },
    "FrozeShares": {
        "tp": 14,
        "fp": 41,
        "fn": 284,
        "f1": 0.0793201133144476,
        "precision": 0.2545454545454545,
        "recall": 0.04697986577181208
    },
    "LegalInstitution": {
        "tp": 407,
        "fp": 50,
        "fn": 95,
        "f1": 0.8488008342022939,
        "precision": 0.8905908096280087,
        "recall": 0.8107569721115537
    },
    "TotalHoldingShares": {
        "tp": 1876,
        "fp": 948,
        "fn": 283,
        "f1": 0.7529600642183423,
        "precision": 0.6643059490084986,
        "recall": 0.8689207966651228
    },
    "TotalHoldingRatio": {
        "tp": 1482,
        "fp": 453,
        "fn": 243,
        "f1": 0.8098360655737705,
        "precision": 0.765891472868217,
        "recall": 0.8591304347826086
    },
    "StartDate": {
        "tp": 3694,
        "fp": 1088,
        "fn": 1337,
        "f1": 0.7528788341995312,
        "precision": 0.7724801338352154,
        "recall": 0.7342476644802226
    },
    "EndDate": {
        "tp": 984,
        "fp": 432,
        "fn": 526,
        "f1": 0.6725905673274094,
        "precision": 0.6949152542372882,
        "recall": 0.6516556291390728
    },
    "UnfrozeDate": {
        "tp": 4,
        "fp": 5,
        "fn": 14,
        "f1": 0.2962962962962963,
        "precision": 0.4444444444444444,
        "recall": 0.2222222222222222
    },
    "CompanyName": {
        "tp": 8877,
        "fp": 339,
        "fn": 1205,
        "f1": 0.9199917089853872,
        "precision": 0.9632161458333334,
        "recall": 0.8804800634794684
    },
    "HighestTradingPrice": {
        "tp": 1424,
        "fp": 187,
        "fn": 200,
        "f1": 0.880370942812983,
        "precision": 0.8839230291744258,
        "recall": 0.8768472906403941
    },
    "LowestTradingPrice": {
        "tp": 973,
        "fp": 70,
        "fn": 67,
        "f1": 0.9342294767162747,
        "precision": 0.9328859060402684,
        "recall": 0.9355769230769231
    },
    "RepurchasedShares": {
        "tp": 1459,
        "fp": 235,
        "fn": 108,
        "f1": 0.8948175406317082,
        "precision": 0.8612750885478159,
        "recall": 0.9310784939374601
    },
    "ClosingDate": {
        "tp": 652,
        "fp": 369,
        "fn": 996,
        "f1": 0.48857249906331957,
        "precision": 0.6385896180215475,
        "recall": 0.39563106796116504
    },
    "RepurchaseAmount": {
        "tp": 857,
        "fp": 262,
        "fn": 569,
        "f1": 0.6734774066797643,
        "precision": 0.7658623771224308,
        "recall": 0.6009817671809257
    },
    "TradedShares": {
        "tp": 896,
        "fp": 367,
        "fn": 238,
        "f1": 0.7476011681268251,
        "precision": 0.7094220110847189,
        "recall": 0.7901234567901234
    },
    "LaterHoldingShares": {
        "tp": 34,
        "fp": 49,
        "fn": 387,
        "f1": 0.13492063492063494,
        "precision": 0.40963855421686746,
        "recall": 0.08076009501187649
    },
    "AveragePrice": {
        "tp": 194,
        "fp": 64,
        "fn": 15,
        "f1": 0.8308351177730193,
        "precision": 0.751937984496124,
        "recall": 0.9282296650717703
    },
    "Pledger": {
        "tp": 0,
        "fp": 0,
        "fn": 0,
        "f1": 0,
        "precision": 0,
        "recall": 0
    },
    "PledgedShares": {
        "tp": 2495,
        "fp": 844,
        "fn": 376,
        "f1": 0.8035426731078904,
        "precision": 0.7472297094938605,
        "recall": 0.869035179380007
    },
    "Pledgee": {
        "tp": 1959,
        "fp": 147,
        "fn": 173,
        "f1": 0.9244926852288815,
        "precision": 0.9301994301994302,
        "recall": 0.9188555347091932
    },
    "TotalPledgedShares": {
        "tp": 1132,
        "fp": 355,
        "fn": 238,
        "f1": 0.7924396219810991,
        "precision": 0.7612642905178211,
        "recall": 0.8262773722627738
    },
    "ReleasedDate": {
        "tp": 460,
        "fp": 478,
        "fn": 301,
        "f1": 0.5414949970570924,
        "precision": 0.4904051172707889,
        "recall": 0.6044678055190539
    },
    "StockCode": {
        "tp": 3230,
        "fp": 34,
        "fn": 18,
        "f1": 0.992014742014742,
        "precision": 0.9895833333333334,
        "recall": 0.9944581280788177
    },
    "StockAbbr": {
        "tp": 3995,
        "fp": 442,
        "fn": 1100,
        "f1": 0.8382291229542593,
        "precision": 0.9003831417624522,
        "recall": 0.7841020608439647
    },
    "precision": 0.8421023182945707,
    "recall": 0.81376613077644,
    "micro_f1": 0.8276917718444377,
    "macro_f1": 0.6859625646540007
}