{
    "EquityHolder": {
        "tp": 8236,
        "fp": 1927,
        "fn": 1377,
        "f1": 0.8329288025889967,
        "precision": 0.8103906326871987,
        "recall": 0.8567564756059503
    },
    "FrozeShares": {
        "tp": 26,
        "fp": 13,
        "fn": 272,
        "f1": 0.1543026706231454,
        "precision": 0.6666666666666666,
        "recall": 0.087248322147651
    },
    "LegalInstitution": {
        "tp": 426,
        "fp": 72,
        "fn": 76,
        "f1": 0.852,
        "precision": 0.8554216867469879,
        "recall": 0.848605577689243
    },
    "TotalHoldingShares": {
        "tp": 1827,
        "fp": 955,
        "fn": 332,
        "f1": 0.7395264116575592,
        "precision": 0.6567217828900072,
        "recall": 0.8462251042149143
    },
    "TotalHoldingRatio": {
        "tp": 1433,
        "fp": 574,
        "fn": 292,
        "f1": 0.7679528403001071,
        "precision": 0.7140009965122073,
        "recall": 0.8307246376811595
    },
    "StartDate": {
        "tp": 3600,
        "fp": 1623,
        "fn": 1431,
        "f1": 0.7021650087770626,
        "precision": 0.6892590465249856,
        "recall": 0.7155635062611807
    },
    "EndDate": {
        "tp": 851,
        "fp": 415,
        "fn": 659,
        "f1": 0.6131123919308358,
        "precision": 0.6721958925750395,
        "recall": 0.5635761589403974
    },
    "UnfrozeDate": {
        "tp": 0,
        "fp": 0,
        "fn": 18,
        "f1": 0,
        "precision": 0,
        "recall": 0
    },
    "CompanyName": {
        "tp": 9783,
        "fp": 459,
        "fn": 299,
        "f1": 0.9627041920881716,
        "precision": 0.9551845342706503,
        "recall": 0.9703431858758182
    },
    "HighestTradingPrice": {
        "tp": 1212,
        "fp": 1608,
        "fn": 412,
        "f1": 0.5454545454545454,
        "precision": 0.4297872340425532,
        "recall": 0.7463054187192119
    },
    "LowestTradingPrice": {
        "tp": 31,
        "fp": 18,
        "fn": 1009,
        "f1": 0.05693296602387512,
        "precision": 0.6326530612244898,
        "recall": 0.02980769230769231
    },
    "RepurchasedShares": {
        "tp": 1427,
        "fp": 355,
        "fn": 140,
        "f1": 0.852194684980591,
        "precision": 0.8007856341189674,
        "recall": 0.9106573069559668
    },
    "ClosingDate": {
        "tp": 1058,
        "fp": 603,
        "fn": 590,
        "f1": 0.6394681172559685,
        "precision": 0.6369656833232992,
        "recall": 0.6419902912621359
    },
    "RepurchaseAmount": {
        "tp": 1359,
        "fp": 391,
        "fn": 67,
        "f1": 0.8557934508816121,
        "precision": 0.7765714285714286,
        "recall": 0.9530154277699859
    },
    "TradedShares": {
        "tp": 832,
        "fp": 292,
        "fn": 302,
        "f1": 0.7369353410097431,
        "precision": 0.7402135231316725,
        "recall": 0.7336860670194003
    },
    "LaterHoldingShares": {
        "tp": 41,
        "fp": 95,
        "fn": 380,
        "f1": 0.14721723518850988,
        "precision": 0.3014705882352941,
        "recall": 0.09738717339667459
    },
    "AveragePrice": {
        "tp": 190,
        "fp": 72,
        "fn": 19,
        "f1": 0.8067940552016983,
        "precision": 0.7251908396946565,
        "recall": 0.9090909090909091
    },
    "Pledger": {
        "tp": 0,
        "fp": 0,
        "fn": 0,
        "f1": 0,
        "precision": 0,
        "recall": 0
    },
    "PledgedShares": {
        "tp": 2390,
        "fp": 800,
        "fn": 481,
        "f1": 0.7886487378320409,
        "precision": 0.7492163009404389,
        "recall": 0.8324625566004876
    },
    "Pledgee": {
        "tp": 1932,
        "fp": 208,
        "fn": 200,
        "f1": 0.9044943820224719,
        "precision": 0.902803738317757,
        "recall": 0.9061913696060038
    },
    "TotalPledgedShares": {
        "tp": 1204,
        "fp": 478,
        "fn": 166,
        "f1": 0.7889908256880734,
        "precision": 0.7158145065398336,
        "recall": 0.8788321167883212
    },
    "ReleasedDate": {
        "tp": 365,
        "fp": 638,
        "fn": 396,
        "f1": 0.4138321995464852,
        "precision": 0.36390827517447655,
        "recall": 0.47963206307490147
    },
    "StockCode": {
        "tp": 3209,
        "fp": 33,
        "fn": 39,
        "f1": 0.9889060092449923,
        "precision": 0.9898210980876002,
        "recall": 0.9879926108374384
    },
    "StockAbbr": {
        "tp": 3514,
        "fp": 483,
        "fn": 1581,
        "f1": 0.7729872415310164,
        "precision": 0.8791593695271454,
        "recall": 0.6896957801766438
    },
    "precision": 0.7877247712853588,
    "recall": 0.810071371927042,
    "micro_f1": 0.7987418030601909,
    "macro_f1": 0.6218059212428125
}