{
    "EquityHolder": {
        "tp": 8245,
        "fp": 1580,
        "fn": 1368,
        "f1": 0.8483383064101245,
        "precision": 0.8391857506361323,
        "recall": 0.8576927077915323
    },
    "FrozeShares": {
        "tp": 120,
        "fp": 189,
        "fn": 178,
        "f1": 0.3953871499176277,
        "precision": 0.3883495145631068,
        "recall": 0.40268456375838924
    },
    "LegalInstitution": {
        "tp": 426,
        "fp": 62,
        "fn": 76,
        "f1": 0.8606060606060607,
        "precision": 0.8729508196721312,
        "recall": 0.848605577689243
    },
    "TotalHoldingShares": {
        "tp": 1669,
        "fp": 485,
        "fn": 490,
        "f1": 0.7739392534198933,
        "precision": 0.7748375116063139,
        "recall": 0.7730430754979157
    },
    "TotalHoldingRatio": {
        "tp": 1452,
        "fp": 361,
        "fn": 273,
        "f1": 0.8208027133973997,
        "precision": 0.8008825151682295,
        "recall": 0.8417391304347827
    },
    "StartDate": {
        "tp": 4004,
        "fp": 1705,
        "fn": 1027,
        "f1": 0.7456238361266294,
        "precision": 0.7013487475915221,
        "recall": 0.7958656330749354
    },
    "EndDate": {
        "tp": 1053,
        "fp": 492,
        "fn": 457,
        "f1": 0.6893617021276596,
        "precision": 0.6815533980582524,
        "recall": 0.6973509933774834
    },
    "UnfrozeDate": {
        "tp": 6,
        "fp": 6,
        "fn": 12,
        "f1": 0.4,
        "precision": 0.5,
        "recall": 0.3333333333333333
    },
    "CompanyName": {
        "tp": 9403,
        "fp": 421,
        "fn": 679,
        "f1": 0.94474027931277,
        "precision": 0.9571457654723127,
        "recall": 0.9326522515373934
    },
    "HighestTradingPrice": {
        "tp": 1456,
        "fp": 247,
        "fn": 168,
        "f1": 0.8752629996994289,
        "precision": 0.8549618320610687,
        "recall": 0.896551724137931
    },
    "LowestTradingPrice": {
        "tp": 989,
        "fp": 113,
        "fn": 51,
        "f1": 0.9234360410830998,
        "precision": 0.8974591651542649,
        "recall": 0.9509615384615384
    },
    "RepurchasedShares": {
        "tp": 1490,
        "fp": 249,
        "fn": 77,
        "f1": 0.9013914095583787,
        "precision": 0.8568142610695803,
        "recall": 0.9508615188257817
    },
    "ClosingDate": {
        "tp": 1233,
        "fp": 732,
        "fn": 415,
        "f1": 0.6825352892333242,
        "precision": 0.6274809160305344,
        "recall": 0.7481796116504854
    },
    "RepurchaseAmount": {
        "tp": 1272,
        "fp": 276,
        "fn": 154,
        "f1": 0.855413584398117,
        "precision": 0.8217054263565892,
        "recall": 0.8920056100981767
    },
    "TradedShares": {
        "tp": 929,
        "fp": 414,
        "fn": 205,
        "f1": 0.7501009285425918,
        "precision": 0.691734921816828,
        "recall": 0.8192239858906526
    },
    "LaterHoldingShares": {
        "tp": 80,
        "fp": 165,
        "fn": 341,
        "f1": 0.2402402402402402,
        "precision": 0.32653061224489793,
        "recall": 0.19002375296912113
    },
    "AveragePrice": {
        "tp": 199,
        "fp": 54,
        "fn": 10,
        "f1": 0.8614718614718616,
        "precision": 0.7865612648221344,
        "recall": 0.9521531100478469
    },
    "Pledger": {
        "tp": 0,
        "fp": 0,
        "fn": 0,
        "f1": 0,
        "precision": 0,
        "recall": 0
    },
    "PledgedShares": {
        "tp": 2466,
        "fp": 856,
        "fn": 405,
        "f1": 0.796383013079283,
        "precision": 0.7423239012642986,
        "recall": 0.8589341692789969
    },
    "Pledgee": {
        "tp": 2023,
        "fp": 186,
        "fn": 109,
        "f1": 0.9320433079935498,
        "precision": 0.9157990040742418,
        "recall": 0.948874296435272
    },
    "TotalPledgedShares": {
        "tp": 1124,
        "fp": 383,
        "fn": 246,
        "f1": 0.781369482099409,
        "precision": 0.7458526874585268,
        "recall": 0.8204379562043795
    },
    "ReleasedDate": {
        "tp": 433,
        "fp": 262,
        "fn": 328,
        "f1": 0.5947802197802199,
        "precision": 0.6230215827338129,
        "recall": 0.568988173455979
    },
    "StockCode": {
        "tp": 3233,
        "fp": 20,
        "fn": 15,
        "f1": 0.9946162128903245,
        "precision": 0.9938518290808485,
        "recall": 0.9953817733990148
    },
    "StockAbbr": {
        "tp": 3992,
        "fp": 540,
        "fn": 1103,
        "f1": 0.8293341643294898,
        "precision": 0.880847308031774,
        "recall": 0.78351324828263
    },
    "precision": 0.8283912776950696,
    "recall": 0.8524439478047725,
    "micro_f1": 0.8402455164817595,
    "macro_f1": 0.7290490856548947
}