{
    "EquityHolder": {
        "tp": 8528,
        "fp": 1564,
        "fn": 1085,
        "f1": 0.8655671149454454,
        "precision": 0.8450257629805786,
        "recall": 0.8871320087381671
    },
    "FrozeShares": {
        "tp": 116,
        "fp": 107,
        "fn": 182,
        "f1": 0.44529750479846447,
        "precision": 0.5201793721973094,
        "recall": 0.38926174496644295
    },
    "LegalInstitution": {
        "tp": 343,
        "fp": 81,
        "fn": 159,
        "f1": 0.7408207343412526,
        "precision": 0.8089622641509434,
        "recall": 0.6832669322709163
    },
    "TotalHoldingShares": {
        "tp": 1707,
        "fp": 374,
        "fn": 452,
        "f1": 0.805188679245283,
        "precision": 0.8202787121576165,
        "recall": 0.7906438165817508
    },
    "TotalHoldingRatio": {
        "tp": 1420,
        "fp": 264,
        "fn": 305,
        "f1": 0.8330888823701965,
        "precision": 0.8432304038004751,
        "recall": 0.8231884057971014
    },
    "StartDate": {
        "tp": 3794,
        "fp": 1407,
        "fn": 1237,
        "f1": 0.7415949960906958,
        "precision": 0.7294751009421265,
        "recall": 0.7541244285430332
    },
    "EndDate": {
        "tp": 956,
        "fp": 481,
        "fn": 554,
        "f1": 0.6487953851374278,
        "precision": 0.6652748782185108,
        "recall": 0.633112582781457
    },
    "UnfrozeDate": {
        "tp": 8,
        "fp": 18,
        "fn": 10,
        "f1": 0.3636363636363637,
        "precision": 0.3076923076923077,
        "recall": 0.4444444444444444
    },
    "CompanyName": {
        "tp": 9566,
        "fp": 302,
        "fn": 516,
        "f1": 0.9589974937343358,
        "precision": 0.9693960275638427,
        "recall": 0.9488196786351915
    },
    "HighestTradingPrice": {
        "tp": 1509,
        "fp": 235,
        "fn": 115,
        "f1": 0.8960807600950118,
        "precision": 0.8652522935779816,
        "recall": 0.9291871921182266
    },
    "LowestTradingPrice": {
        "tp": 963,
        "fp": 38,
        "fn": 77,
        "f1": 0.943655071043606,
        "precision": 0.962037962037962,
        "recall": 0.9259615384615385
    },
    "RepurchasedShares": {
        "tp": 1384,
        "fp": 172,
        "fn": 183,
        "f1": 0.8863272494396414,
        "precision": 0.8894601542416453,
        "recall": 0.8832163369495852
    },
    "ClosingDate": {
        "tp": 979,
        "fp": 716,
        "fn": 669,
        "f1": 0.5857014657493268,
        "precision": 0.5775811209439528,
        "recall": 0.5940533980582524
    },
    "RepurchaseAmount": {
        "tp": 1139,
        "fp": 243,
        "fn": 287,
        "f1": 0.8112535612535613,
        "precision": 0.8241678726483358,
        "recall": 0.7987377279102384
    },
    "TradedShares": {
        "tp": 750,
        "fp": 209,
        "fn": 384,
        "f1": 0.716674629718108,
        "precision": 0.7820646506777894,
        "recall": 0.6613756613756614
    },
    "LaterHoldingShares": {
        "tp": 113,
        "fp": 193,
        "fn": 308,
        "f1": 0.31086657496561215,
        "precision": 0.369281045751634,
        "recall": 0.2684085510688836
    },
    "AveragePrice": {
        "tp": 186,
        "fp": 35,
        "fn": 23,
        "f1": 0.8651162790697674,
        "precision": 0.8416289592760181,
        "recall": 0.8899521531100478
    },
    "Pledger": {
        "tp": 0,
        "fp": 0,
        "fn": 0,
        "f1": 0,
        "precision": 0,
        "recall": 0
    },
    "PledgedShares": {
        "tp": 1915,
        "fp": 590,
        "fn": 956,
        "f1": 0.7124255952380952,
        "precision": 0.7644710578842315,
        "recall": 0.667014977359805
    },
    "Pledgee": {
        "tp": 2015,
        "fp": 178,
        "fn": 117,
        "f1": 0.9317919075144508,
        "precision": 0.9188326493388053,
        "recall": 0.9451219512195121
    },
    "TotalPledgedShares": {
        "tp": 1102,
        "fp": 389,
        "fn": 268,
        "f1": 0.7703600139811255,
        "precision": 0.7391012743125419,
        "recall": 0.8043795620437956
    },
    "ReleasedDate": {
        "tp": 419,
        "fp": 318,
        "fn": 342,
        "f1": 0.5594125500667557,
        "precision": 0.5685210312075983,
        "recall": 0.5505913272010512
    },
    "StockCode": {
        "tp": 3226,
        "fp": 30,
        "fn": 22,
        "f1": 0.9920049200492005,
        "precision": 0.9907862407862408,
        "recall": 0.9932266009852216
    },
    "StockAbbr": {
        "tp": 4218,
        "fp": 649,
        "fn": 877,
        "f1": 0.8468179080505922,
        "precision": 0.8666529689747278,
        "recall": 0.8278704612365064
    },
    "precision": 0.8436186281824964,
    "recall": 0.8354841035253406,
    "micro_f1": 0.8395316617315476,
    "macro_f1": 0.7179781516889299
}