{
    "EquityHolder": {
        "tp": 8525,
        "fp": 1713,
        "fn": 1088,
        "f1": 0.8588987960304267,
        "precision": 0.832682164485251,
        "recall": 0.8868199313429731
    },
    "FrozeShares": {
        "tp": 118,
        "fp": 185,
        "fn": 180,
        "f1": 0.39267886855241263,
        "precision": 0.38943894389438943,
        "recall": 0.3959731543624161
    },
    "LegalInstitution": {
        "tp": 428,
        "fp": 55,
        "fn": 74,
        "f1": 0.869035532994924,
        "precision": 0.8861283643892339,
        "recall": 0.852589641434263
    },
    "TotalHoldingShares": {
        "tp": 1694,
        "fp": 471,
        "fn": 465,
        "f1": 0.7835337650323775,
        "precision": 0.7824480369515011,
        "recall": 0.7846225104214914
    },
    "TotalHoldingRatio": {
        "tp": 1365,
        "fp": 253,
        "fn": 360,
        "f1": 0.8166317678731679,
        "precision": 0.8436341161928307,
        "recall": 0.7913043478260869
    },
    "StartDate": {
        "tp": 3625,
        "fp": 1094,
        "fn": 1406,
        "f1": 0.7435897435897436,
        "precision": 0.7681712227166773,
        "recall": 0.7205326972768833
    },
    "EndDate": {
        "tp": 846,
        "fp": 279,
        "fn": 664,
        "f1": 0.6421252371916508,
        "precision": 0.752,
        "recall": 0.5602649006622517
    },
    "UnfrozeDate": {
        "tp": 8,
        "fp": 24,
        "fn": 10,
        "f1": 0.32,
        "precision": 0.25,
        "recall": 0.4444444444444444
    },
    "CompanyName": {
        "tp": 9421,
        "fp": 344,
        "fn": 661,
        "f1": 0.9493626240741674,
        "precision": 0.9647721454173067,
        "recall": 0.9344376115850029
    },
    "HighestTradingPrice": {
        "tp": 1428,
        "fp": 328,
        "fn": 196,
        "f1": 0.8449704142011834,
        "precision": 0.8132118451025057,
        "recall": 0.8793103448275862
    },
    "LowestTradingPrice": {
        "tp": 937,
        "fp": 50,
        "fn": 103,
        "f1": 0.9245189935865812,
        "precision": 0.9493414387031408,
        "recall": 0.9009615384615385
    },
    "RepurchasedShares": {
        "tp": 1449,
        "fp": 301,
        "fn": 118,
        "f1": 0.8736810370817002,
        "precision": 0.828,
        "recall": 0.9246968730057434
    },
    "ClosingDate": {
        "tp": 766,
        "fp": 311,
        "fn": 882,
        "f1": 0.5622018348623853,
        "precision": 0.7112349117920148,
        "recall": 0.46480582524271846
    },
    "RepurchaseAmount": {
        "tp": 1305,
        "fp": 324,
        "fn": 121,
        "f1": 0.8543371522094927,
        "precision": 0.8011049723756906,
        "recall": 0.9151472650771388
    },
    "TradedShares": {
        "tp": 895,
        "fp": 468,
        "fn": 239,
        "f1": 0.7168602322787345,
        "precision": 0.6566397652237711,
        "recall": 0.7892416225749559
    },
    "LaterHoldingShares": {
        "tp": 72,
        "fp": 122,
        "fn": 349,
        "f1": 0.2341463414634146,
        "precision": 0.3711340206185567,
        "recall": 0.171021377672209
    },
    "AveragePrice": {
        "tp": 199,
        "fp": 52,
        "fn": 10,
        "f1": 0.8652173913043478,
        "precision": 0.7928286852589641,
        "recall": 0.9521531100478469
    },
    "Pledger": {
        "tp": 0,
        "fp": 0,
        "fn": 0,
        "f1": 0,
        "precision": 0,
        "recall": 0
    },
    "PledgedShares": {
        "tp": 2089,
        "fp": 820,
        "fn": 782,
        "f1": 0.7228373702422146,
        "precision": 0.7181161911309728,
        "recall": 0.7276210379658655
    },
    "Pledgee": {
        "tp": 1815,
        "fp": 165,
        "fn": 317,
        "f1": 0.8827821011673151,
        "precision": 0.9166666666666666,
        "recall": 0.8513133208255159
    },
    "TotalPledgedShares": {
        "tp": 1119,
        "fp": 484,
        "fn": 251,
        "f1": 0.7527749747729567,
        "precision": 0.6980661260137243,
        "recall": 0.8167883211678832
    },
    "ReleasedDate": {
        "tp": 433,
        "fp": 381,
        "fn": 328,
        "f1": 0.5498412698412699,
        "precision": 0.5319410319410319,
        "recall": 0.568988173455979
    },
    "StockCode": {
        "tp": 3241,
        "fp": 29,
        "fn": 7,
        "f1": 0.9944768333844738,
        "precision": 0.9911314984709481,
        "recall": 0.9978448275862069
    },
    "StockAbbr": {
        "tp": 4225,
        "fp": 790,
        "fn": 870,
        "f1": 0.8358061325420376,
        "precision": 0.8424725822532403,
        "recall": 0.8292443572129539
    },
    "precision": 0.8357192166551611,
    "recall": 0.8291219090188162,
    "micro_f1": 0.8324074911788654,
    "macro_f1": 0.7079295172615409
}