{
    "EquityHolder": {
        "tp": 7707,
        "fp": 1032,
        "fn": 1906,
        "f1": 0.8399084568439407,
        "precision": 0.8819086852042568,
        "recall": 0.8017268282534068
    },
    "FrozeShares": {
        "tp": 135,
        "fp": 128,
        "fn": 163,
        "f1": 0.48128342245989303,
        "precision": 0.5133079847908745,
        "recall": 0.45302013422818793
    },
    "LegalInstitution": {
        "tp": 389,
        "fp": 63,
        "fn": 113,
        "f1": 0.8155136268343814,
        "precision": 0.8606194690265486,
        "recall": 0.7749003984063745
    },
    "TotalHoldingShares": {
        "tp": 1721,
        "fp": 398,
        "fn": 438,
        "f1": 0.8045815801776531,
        "precision": 0.8121755545068429,
        "recall": 0.7971283001389532
    },
    "TotalHoldingRatio": {
        "tp": 1457,
        "fp": 298,
        "fn": 268,
        "f1": 0.8373563218390804,
        "precision": 0.8301994301994302,
        "recall": 0.8446376811594203
    },
    "StartDate": {
        "tp": 3324,
        "fp": 711,
        "fn": 1707,
        "f1": 0.7332892124420914,
        "precision": 0.8237918215613383,
        "recall": 0.6607036374478235
    },
    "EndDate": {
        "tp": 930,
        "fp": 372,
        "fn": 580,
        "f1": 0.6614509246088195,
        "precision": 0.7142857142857143,
        "recall": 0.6158940397350994
    },
    "UnfrozeDate": {
        "tp": 7,
        "fp": 17,
        "fn": 11,
        "f1": 0.3333333333333333,
        "precision": 0.2916666666666667,
        "recall": 0.3888888888888889
    },
    "CompanyName": {
        "tp": 9581,
        "fp": 235,
        "fn": 501,
        "f1": 0.9630113579254196,
        "precision": 0.9760594947025265,
        "recall": 0.9503074786748661
    },
    "HighestTradingPrice": {
        "tp": 1575,
        "fp": 254,
        "fn": 49,
        "f1": 0.9122502172024327,
        "precision": 0.8611262985237835,
        "recall": 0.9698275862068966
    },
    "LowestTradingPrice": {
        "tp": 935,
        "fp": 52,
        "fn": 105,
        "f1": 0.922545633941786,
        "precision": 0.9473150962512664,
        "recall": 0.8990384615384616
    },
    "RepurchasedShares": {
        "tp": 1416,
        "fp": 178,
        "fn": 151,
        "f1": 0.895919012970579,
        "precision": 0.8883312421580929,
        "recall": 0.9036375239310785
    },
    "ClosingDate": {
        "tp": 788,
        "fp": 322,
        "fn": 860,
        "f1": 0.5714285714285714,
        "precision": 0.7099099099099099,
        "recall": 0.47815533980582525
    },
    "RepurchaseAmount": {
        "tp": 1318,
        "fp": 347,
        "fn": 108,
        "f1": 0.8527984471044969,
        "precision": 0.7915915915915915,
        "recall": 0.9242636746143057
    },
    "TradedShares": {
        "tp": 851,
        "fp": 307,
        "fn": 283,
        "f1": 0.7425828970331588,
        "precision": 0.7348877374784111,
        "recall": 0.7504409171075838
    },
    "LaterHoldingShares": {
        "tp": 96,
        "fp": 146,
        "fn": 325,
        "f1": 0.2895927601809955,
        "precision": 0.39669421487603307,
        "recall": 0.22802850356294538
    },
    "AveragePrice": {
        "tp": 197,
        "fp": 56,
        "fn": 12,
        "f1": 0.8528138528138527,
        "precision": 0.7786561264822134,
        "recall": 0.9425837320574163
    },
    "Pledger": {
        "tp": 0,
        "fp": 0,
        "fn": 0,
        "f1": 0,
        "precision": 0,
        "recall": 0
    },
    "PledgedShares": {
        "tp": 2311,
        "fp": 846,
        "fn": 560,
        "f1": 0.7667551426675514,
        "precision": 0.7320240734874881,
        "recall": 0.8049460118425635
    },
    "Pledgee": {
        "tp": 2019,
        "fp": 193,
        "fn": 113,
        "f1": 0.9295580110497237,
        "precision": 0.9127486437613019,
        "recall": 0.9469981238273921
    },
    "TotalPledgedShares": {
        "tp": 1082,
        "fp": 432,
        "fn": 288,
        "f1": 0.7503467406380028,
        "precision": 0.714663143989432,
        "recall": 0.7897810218978102
    },
    "ReleasedDate": {
        "tp": 458,
        "fp": 454,
        "fn": 303,
        "f1": 0.547519426180514,
        "precision": 0.5021929824561403,
        "recall": 0.6018396846254928
    },
    "StockCode": {
        "tp": 3226,
        "fp": 9,
        "fn": 22,
        "f1": 0.9952182631497762,
        "precision": 0.9972179289026275,
        "recall": 0.9932266009852216
    },
    "StockAbbr": {
        "tp": 4007,
        "fp": 480,
        "fn": 1088,
        "f1": 0.836359841369234,
        "precision": 0.8930242924002675,
        "recall": 0.7864573110893033
    },
    "precision": 0.861331819901627,
    "recall": 0.8205969288443515,
    "micro_f1": 0.8404710920770878,
    "macro_f1": 0.7223090439248039
}