{
    "EquityHolder": {
        "tp": 8520,
        "fp": 1788,
        "fn": 1093,
        "f1": 0.8553787460468852,
        "precision": 0.8265424912689173,
        "recall": 0.886299802350983
    },
    "FrozeShares": {
        "tp": 142,
        "fp": 146,
        "fn": 156,
        "f1": 0.484641638225256,
        "precision": 0.4930555555555556,
        "recall": 0.47651006711409394
    },
    "LegalInstitution": {
        "tp": 444,
        "fp": 54,
        "fn": 58,
        "f1": 0.8879999999999999,
        "precision": 0.891566265060241,
        "recall": 0.8844621513944223
    },
    "TotalHoldingShares": {
        "tp": 1673,
        "fp": 519,
        "fn": 486,
        "f1": 0.7690186164100206,
        "precision": 0.7632299270072993,
        "recall": 0.7748957850856878
    },
    "TotalHoldingRatio": {
        "tp": 1449,
        "fp": 401,
        "fn": 276,
        "f1": 0.8106293706293706,
        "precision": 0.7832432432432432,
        "recall": 0.84
    },
    "StartDate": {
        "tp": 3823,
        "fp": 1352,
        "fn": 1208,
        "f1": 0.749167156574564,
        "precision": 0.738743961352657,
        "recall": 0.7598886901212483
    },
    "EndDate": {
        "tp": 984,
        "fp": 528,
        "fn": 526,
        "f1": 0.6512243547319656,
        "precision": 0.6507936507936508,
        "recall": 0.6516556291390728
    },
    "UnfrozeDate": {
        "tp": 9,
        "fp": 12,
        "fn": 9,
        "f1": 0.4615384615384615,
        "precision": 0.42857142857142855,
        "recall": 0.5
    },
    "CompanyName": {
        "tp": 9154,
        "fp": 409,
        "fn": 928,
        "f1": 0.9319419699669127,
        "precision": 0.9572309944578061,
        "recall": 0.9079547708787938
    },
    "HighestTradingPrice": {
        "tp": 1337,
        "fp": 235,
        "fn": 287,
        "f1": 0.8366708385481852,
        "precision": 0.8505089058524173,
        "recall": 0.8232758620689655
    },
    "LowestTradingPrice": {
        "tp": 990,
        "fp": 131,
        "fn": 50,
        "f1": 0.916242480333179,
        "precision": 0.8831400535236396,
        "recall": 0.9519230769230769
    },
    "RepurchasedShares": {
        "tp": 1429,
        "fp": 205,
        "fn": 138,
        "f1": 0.8928459856294908,
        "precision": 0.8745410036719706,
        "recall": 0.9119336311423102
    },
    "ClosingDate": {
        "tp": 1132,
        "fp": 559,
        "fn": 516,
        "f1": 0.6780473195567535,
        "precision": 0.6694263749260793,
        "recall": 0.6868932038834952
    },
    "RepurchaseAmount": {
        "tp": 1164,
        "fp": 249,
        "fn": 262,
        "f1": 0.8200070447340614,
        "precision": 0.8237791932059448,
        "recall": 0.8162692847124825
    },
    "TradedShares": {
        "tp": 907,
        "fp": 472,
        "fn": 227,
        "f1": 0.7218463987266216,
        "precision": 0.6577229876722263,
        "recall": 0.7998236331569665
    },
    "LaterHoldingShares": {
        "tp": 50,
        "fp": 99,
        "fn": 371,
        "f1": 0.17543859649122806,
        "precision": 0.33557046979865773,
        "recall": 0.1187648456057007
    },
    "AveragePrice": {
        "tp": 203,
        "fp": 67,
        "fn": 6,
        "f1": 0.8475991649269311,
        "precision": 0.7518518518518519,
        "recall": 0.9712918660287081
    },
    "Pledger": {
        "tp": 0,
        "fp": 0,
        "fn": 0,
        "f1": 0,
        "precision": 0,
        "recall": 0
    },
    "PledgedShares": {
        "tp": 2412,
        "fp": 946,
        "fn": 459,
        "f1": 0.7744421255418206,
        "precision": 0.7182846932698035,
        "recall": 0.8401253918495298
    },
    "Pledgee": {
        "tp": 1966,
        "fp": 206,
        "fn": 166,
        "f1": 0.9135687732342007,
        "precision": 0.9051565377532228,
        "recall": 0.9221388367729831
    },
    "TotalPledgedShares": {
        "tp": 1143,
        "fp": 524,
        "fn": 227,
        "f1": 0.7527164965426407,
        "precision": 0.6856628674265147,
        "recall": 0.8343065693430657
    },
    "ReleasedDate": {
        "tp": 407,
        "fp": 311,
        "fn": 354,
        "f1": 0.5503718728870859,
        "precision": 0.5668523676880223,
        "recall": 0.5348226018396847
    },
    "StockCode": {
        "tp": 3235,
        "fp": 17,
        "fn": 13,
        "f1": 0.9953846153846154,
        "precision": 0.9947724477244773,
        "recall": 0.9959975369458128
    },
    "StockAbbr": {
        "tp": 3932,
        "fp": 448,
        "fn": 1163,
        "f1": 0.8299736147757256,
        "precision": 0.897716894977169,
        "recall": 0.7717369970559372
    },
    "precision": 0.8277414876386096,
    "recall": 0.8381695623963665,
    "micro_f1": 0.8329228867973529,
    "macro_f1": 0.7211123183931657
}