{
    "EquityHolder": {
        "tp": 8411,
        "fp": 1434,
        "fn": 1202,
        "f1": 0.8645287285435296,
        "precision": 0.8543423057389538,
        "recall": 0.8749609903256007
    },
    "FrozeShares": {
        "tp": 119,
        "fp": 216,
        "fn": 179,
        "f1": 0.37598736176935227,
        "precision": 0.35522388059701493,
        "recall": 0.39932885906040266
    },
    "LegalInstitution": {
        "tp": 453,
        "fp": 87,
        "fn": 49,
        "f1": 0.8694817658349328,
        "precision": 0.8388888888888889,
        "recall": 0.9023904382470119
    },
    "TotalHoldingShares": {
        "tp": 1741,
        "fp": 668,
        "fn": 418,
        "f1": 0.7622591943957968,
        "precision": 0.7227065172270651,
        "recall": 0.8063918480778138
    },
    "TotalHoldingRatio": {
        "tp": 1408,
        "fp": 365,
        "fn": 317,
        "f1": 0.8050314465408804,
        "precision": 0.7941342357586012,
        "recall": 0.816231884057971
    },
    "StartDate": {
        "tp": 3638,
        "fp": 1090,
        "fn": 1393,
        "f1": 0.7455681934624449,
        "precision": 0.7694585448392555,
        "recall": 0.7231166766050487
    },
    "EndDate": {
        "tp": 1074,
        "fp": 602,
        "fn": 436,
        "f1": 0.6741996233521658,
        "precision": 0.6408114558472554,
        "recall": 0.7112582781456953
    },
    "UnfrozeDate": {
        "tp": 9,
        "fp": 28,
        "fn": 9,
        "f1": 0.3272727272727273,
        "precision": 0.24324324324324326,
        "recall": 0.5
    },
    "CompanyName": {
        "tp": 9282,
        "fp": 344,
        "fn": 800,
        "f1": 0.941952506596306,
        "precision": 0.9642634531477249,
        "recall": 0.9206506645506843
    },
    "HighestTradingPrice": {
        "tp": 1396,
        "fp": 290,
        "fn": 228,
        "f1": 0.8435045317220544,
        "precision": 0.8279952550415184,
        "recall": 0.8596059113300493
    },
    "LowestTradingPrice": {
        "tp": 921,
        "fp": 78,
        "fn": 119,
        "f1": 0.9033840117704757,
        "precision": 0.9219219219219219,
        "recall": 0.885576923076923
    },
    "RepurchasedShares": {
        "tp": 1318,
        "fp": 283,
        "fn": 249,
        "f1": 0.8320707070707071,
        "precision": 0.8232354778263585,
        "recall": 0.8410976388002552
    },
    "ClosingDate": {
        "tp": 995,
        "fp": 824,
        "fn": 653,
        "f1": 0.5739832708393424,
        "precision": 0.5470038482682793,
        "recall": 0.6037621359223301
    },
    "RepurchaseAmount": {
        "tp": 577,
        "fp": 653,
        "fn": 849,
        "f1": 0.43448795180722893,
        "precision": 0.4691056910569106,
        "recall": 0.40462833099579243
    },
    "TradedShares": {
        "tp": 872,
        "fp": 408,
        "fn": 262,
        "f1": 0.7224523612261806,
        "precision": 0.68125,
        "recall": 0.7689594356261023
    },
    "LaterHoldingShares": {
        "tp": 141,
        "fp": 432,
        "fn": 280,
        "f1": 0.2837022132796781,
        "precision": 0.24607329842931938,
        "recall": 0.334916864608076
    },
    "AveragePrice": {
        "tp": 202,
        "fp": 54,
        "fn": 7,
        "f1": 0.8688172043010753,
        "precision": 0.7890625,
        "recall": 0.9665071770334929
    },
    "Pledger": {
        "tp": 0,
        "fp": 0,
        "fn": 0,
        "f1": 0,
        "precision": 0,
        "recall": 0
    },
    "PledgedShares": {
        "tp": 2449,
        "fp": 938,
        "fn": 422,
        "f1": 0.7826781719399168,
        "precision": 0.7230587540596398,
        "recall": 0.8530128874956461
    },
    "Pledgee": {
        "tp": 2030,
        "fp": 246,
        "fn": 102,
        "f1": 0.9210526315789475,
        "precision": 0.8919156414762741,
        "recall": 0.9521575984990619
    },
    "TotalPledgedShares": {
        "tp": 1097,
        "fp": 359,
        "fn": 273,
        "f1": 0.7763623496107573,
        "precision": 0.7534340659340659,
        "recall": 0.8007299270072993
    },
    "ReleasedDate": {
        "tp": 490,
        "fp": 567,
        "fn": 271,
        "f1": 0.539053905390539,
        "precision": 0.46357615894039733,
        "recall": 0.6438896189224704
    },
    "StockCode": {
        "tp": 3237,
        "fp": 9,
        "fn": 11,
        "f1": 0.9969202340622113,
        "precision": 0.9972273567467652,
        "recall": 0.9966133004926109
    },
    "StockAbbr": {
        "tp": 4085,
        "fp": 428,
        "fn": 1010,
        "f1": 0.8503330557868443,
        "precision": 0.9051628628406825,
        "recall": 0.8017664376840039
    },
    "precision": 0.815379427841272,
    "recall": 0.8280765626126451,
    "micro_f1": 0.8216789469919165,
    "macro_f1": 0.6956285061730871
}