{
    "EquityHolder": {
        "tp": 7594,
        "fp": 845,
        "fn": 2019,
        "f1": 0.8413472191446932,
        "precision": 0.8998696528024648,
        "recall": 0.7899719130344326
    },
    "FrozeShares": {
        "tp": 61,
        "fp": 63,
        "fn": 237,
        "f1": 0.28909952606635075,
        "precision": 0.49193548387096775,
        "recall": 0.20469798657718122
    },
    "LegalInstitution": {
        "tp": 437,
        "fp": 50,
        "fn": 65,
        "f1": 0.8837209302325582,
        "precision": 0.8973305954825462,
        "recall": 0.8705179282868526
    },
    "TotalHoldingShares": {
        "tp": 1668,
        "fp": 554,
        "fn": 491,
        "f1": 0.7614699840219129,
        "precision": 0.7506750675067507,
        "recall": 0.7725798981009727
    },
    "TotalHoldingRatio": {
        "tp": 1345,
        "fp": 208,
        "fn": 380,
        "f1": 0.8206223306894447,
        "precision": 0.8660656793303284,
        "recall": 0.7797101449275362
    },
    "StartDate": {
        "tp": 3492,
        "fp": 1361,
        "fn": 1539,
        "f1": 0.7065965196276812,
        "precision": 0.719554914485885,
        "recall": 0.6940966010733453
    },
    "EndDate": {
        "tp": 892,
        "fp": 396,
        "fn": 618,
        "f1": 0.6375982844889206,
        "precision": 0.6925465838509317,
        "recall": 0.590728476821192
    },
    "UnfrozeDate": {
        "tp": 0,
        "fp": 0,
        "fn": 18,
        "f1": 0,
        "precision": 0,
        "recall": 0
    },
    "CompanyName": {
        "tp": 9149,
        "fp": 478,
        "fn": 933,
        "f1": 0.9284083413668881,
        "precision": 0.9503479796405941,
        "recall": 0.9074588375322357
    },
    "HighestTradingPrice": {
        "tp": 1298,
        "fp": 243,
        "fn": 326,
        "f1": 0.8202211690363349,
        "precision": 0.8423101881894873,
        "recall": 0.7992610837438424
    },
    "LowestTradingPrice": {
        "tp": 908,
        "fp": 41,
        "fn": 132,
        "f1": 0.9130216189039718,
        "precision": 0.9567966280295047,
        "recall": 0.8730769230769231
    },
    "RepurchasedShares": {
        "tp": 1340,
        "fp": 202,
        "fn": 227,
        "f1": 0.8620135091669346,
        "precision": 0.8690012970168612,
        "recall": 0.8551372048500319
    },
    "ClosingDate": {
        "tp": 1174,
        "fp": 769,
        "fn": 474,
        "f1": 0.6538568643831801,
        "precision": 0.6042202779207411,
        "recall": 0.712378640776699
    },
    "RepurchaseAmount": {
        "tp": 906,
        "fp": 215,
        "fn": 520,
        "f1": 0.7114252061248528,
        "precision": 0.808206958073149,
        "recall": 0.635343618513324
    },
    "TradedShares": {
        "tp": 764,
        "fp": 301,
        "fn": 370,
        "f1": 0.6948613005911779,
        "precision": 0.7173708920187793,
        "recall": 0.673721340388007
    },
    "LaterHoldingShares": {
        "tp": 65,
        "fp": 137,
        "fn": 356,
        "f1": 0.20866773675762437,
        "precision": 0.3217821782178218,
        "recall": 0.1543942992874109
    },
    "AveragePrice": {
        "tp": 187,
        "fp": 37,
        "fn": 22,
        "f1": 0.8637413394919169,
        "precision": 0.8348214285714286,
        "recall": 0.8947368421052632
    },
    "Pledger": {
        "tp": 0,
        "fp": 0,
        "fn": 0,
        "f1": 0,
        "precision": 0,
        "recall": 0
    },
    "PledgedShares": {
        "tp": 2220,
        "fp": 708,
        "fn": 651,
        "f1": 0.7656492498706672,
        "precision": 0.7581967213114754,
        "recall": 0.7732497387669801
    },
    "Pledgee": {
        "tp": 1793,
        "fp": 239,
        "fn": 339,
        "f1": 0.8611911623439,
        "precision": 0.8823818897637795,
        "recall": 0.8409943714821764
    },
    "TotalPledgedShares": {
        "tp": 1184,
        "fp": 425,
        "fn": 186,
        "f1": 0.7948976166498825,
        "precision": 0.7358607830950901,
        "recall": 0.8642335766423358
    },
    "ReleasedDate": {
        "tp": 518,
        "fp": 775,
        "fn": 243,
        "f1": 0.5043816942551119,
        "precision": 0.4006187161639598,
        "recall": 0.6806833114323259
    },
    "StockCode": {
        "tp": 3237,
        "fp": 12,
        "fn": 11,
        "f1": 0.9964599045713407,
        "precision": 0.9963065558633426,
        "recall": 0.9966133004926109
    },
    "StockAbbr": {
        "tp": 3877,
        "fp": 442,
        "fn": 1218,
        "f1": 0.82366687911621,
        "precision": 0.897661495716601,
        "recall": 0.7609421000981355
    },
    "precision": 0.8384147500475195,
    "recall": 0.7949859418931584,
    "micro_f1": 0.8161230040520288,
    "macro_f1": 0.6809549327875649
}