{
    "EquityHolder": {
        "tp": 8280,
        "fp": 1117,
        "fn": 1333,
        "f1": 0.8711204629142556,
        "precision": 0.8811322762583803,
        "recall": 0.8613336107354624
    },
    "FrozeShares": {
        "tp": 79,
        "fp": 139,
        "fn": 219,
        "f1": 0.30620155038759694,
        "precision": 0.3623853211009174,
        "recall": 0.2651006711409396
    },
    "LegalInstitution": {
        "tp": 368,
        "fp": 147,
        "fn": 134,
        "f1": 0.7236971484759096,
        "precision": 0.7145631067961165,
        "recall": 0.7330677290836654
    },
    "TotalHoldingShares": {
        "tp": 1609,
        "fp": 463,
        "fn": 550,
        "f1": 0.7605766958165918,
        "precision": 0.7765444015444015,
        "recall": 0.7452524316813339
    },
    "TotalHoldingRatio": {
        "tp": 1446,
        "fp": 345,
        "fn": 279,
        "f1": 0.8225255972696246,
        "precision": 0.8073701842546064,
        "recall": 0.8382608695652174
    },
    "StartDate": {
        "tp": 3959,
        "fp": 1617,
        "fn": 1072,
        "f1": 0.7464881681908173,
        "precision": 0.7100071736011477,
        "recall": 0.7869210892466706
    },
    "EndDate": {
        "tp": 923,
        "fp": 487,
        "fn": 587,
        "f1": 0.6321917808219177,
        "precision": 0.6546099290780142,
        "recall": 0.6112582781456953
    },
    "UnfrozeDate": {
        "tp": 9,
        "fp": 17,
        "fn": 9,
        "f1": 0.40909090909090906,
        "precision": 0.34615384615384615,
        "recall": 0.5
    },
    "CompanyName": {
        "tp": 9322,
        "fp": 444,
        "fn": 760,
        "f1": 0.9393389762192664,
        "precision": 0.9545361458120009,
        "recall": 0.9246181313231502
    },
    "HighestTradingPrice": {
        "tp": 1232,
        "fp": 296,
        "fn": 392,
        "f1": 0.781725888324873,
        "precision": 0.806282722513089,
        "recall": 0.7586206896551724
    },
    "LowestTradingPrice": {
        "tp": 918,
        "fp": 253,
        "fn": 122,
        "f1": 0.830393487109905,
        "precision": 0.7839453458582408,
        "recall": 0.8826923076923077
    },
    "RepurchasedShares": {
        "tp": 1467,
        "fp": 246,
        "fn": 100,
        "f1": 0.8945121951219512,
        "precision": 0.8563922942206655,
        "recall": 0.9361837906828334
    },
    "ClosingDate": {
        "tp": 1181,
        "fp": 663,
        "fn": 467,
        "f1": 0.6764032073310423,
        "precision": 0.6404555314533622,
        "recall": 0.716626213592233
    },
    "RepurchaseAmount": {
        "tp": 1250,
        "fp": 337,
        "fn": 176,
        "f1": 0.8297378028542982,
        "precision": 0.7876496534341525,
        "recall": 0.876577840112202
    },
    "TradedShares": {
        "tp": 918,
        "fp": 468,
        "fn": 216,
        "f1": 0.7285714285714286,
        "precision": 0.6623376623376623,
        "recall": 0.8095238095238095
    },
    "LaterHoldingShares": {
        "tp": 103,
        "fp": 261,
        "fn": 318,
        "f1": 0.2624203821656051,
        "precision": 0.28296703296703296,
        "recall": 0.24465558194774348
    },
    "AveragePrice": {
        "tp": 198,
        "fp": 59,
        "fn": 11,
        "f1": 0.849785407725322,
        "precision": 0.7704280155642024,
        "recall": 0.9473684210526315
    },
    "Pledger": {
        "tp": 0,
        "fp": 0,
        "fn": 0,
        "f1": 0,
        "precision": 0,
        "recall": 0
    },
    "PledgedShares": {
        "tp": 2150,
        "fp": 788,
        "fn": 721,
        "f1": 0.740230676536409,
        "precision": 0.731790333560245,
        "recall": 0.7488679902473006
    },
    "Pledgee": {
        "tp": 1960,
        "fp": 142,
        "fn": 172,
        "f1": 0.9258384506376949,
        "precision": 0.9324452901998097,
        "recall": 0.9193245778611632
    },
    "TotalPledgedShares": {
        "tp": 1130,
        "fp": 601,
        "fn": 240,
        "f1": 0.7287971622057401,
        "precision": 0.6528018486424032,
        "recall": 0.8248175182481752
    },
    "ReleasedDate": {
        "tp": 373,
        "fp": 281,
        "fn": 388,
        "f1": 0.527208480565371,
        "precision": 0.5703363914373089,
        "recall": 0.49014454664914586
    },
    "StockCode": {
        "tp": 3230,
        "fp": 10,
        "fn": 18,
        "f1": 0.9956843403205918,
        "precision": 0.9969135802469136,
        "recall": 0.9944581280788177
    },
    "StockAbbr": {
        "tp": 4038,
        "fp": 563,
        "fn": 1057,
        "f1": 0.8329207920792079,
        "precision": 0.8776352966746359,
        "recall": 0.7925417075564278
    },
    "precision": 0.8256481829405765,
    "recall": 0.8316451589647466,
    "micro_f1": 0.8286358208151134,
    "macro_f1": 0.7006442079473468
}