{
    "EquityHolder": {
        "tp": 8153,
        "fp": 1059,
        "fn": 1460,
        "f1": 0.8661885790172641,
        "precision": 0.8850412505427703,
        "recall": 0.848122334338916
    },
    "FrozeShares": {
        "tp": 144,
        "fp": 220,
        "fn": 154,
        "f1": 0.4350453172205438,
        "precision": 0.3956043956043956,
        "recall": 0.48322147651006714
    },
    "LegalInstitution": {
        "tp": 459,
        "fp": 98,
        "fn": 43,
        "f1": 0.8668555240793202,
        "precision": 0.8240574506283662,
        "recall": 0.9143426294820717
    },
    "TotalHoldingShares": {
        "tp": 1638,
        "fp": 449,
        "fn": 521,
        "f1": 0.7715496938294866,
        "precision": 0.7848586487781505,
        "recall": 0.7586845761926818
    },
    "TotalHoldingRatio": {
        "tp": 1418,
        "fp": 319,
        "fn": 307,
        "f1": 0.8191796649335644,
        "precision": 0.816350028785262,
        "recall": 0.8220289855072463
    },
    "StartDate": {
        "tp": 3726,
        "fp": 1029,
        "fn": 1305,
        "f1": 0.7614960147148988,
        "precision": 0.783596214511041,
        "recall": 0.740608228980322
    },
    "EndDate": {
        "tp": 1018,
        "fp": 473,
        "fn": 492,
        "f1": 0.6784405198267245,
        "precision": 0.6827632461435278,
        "recall": 0.6741721854304635
    },
    "UnfrozeDate": {
        "tp": 8,
        "fp": 19,
        "fn": 10,
        "f1": 0.3555555555555555,
        "precision": 0.2962962962962963,
        "recall": 0.4444444444444444
    },
    "CompanyName": {
        "tp": 9317,
        "fp": 417,
        "fn": 765,
        "f1": 0.9403512313282195,
        "precision": 0.9571604684610643,
        "recall": 0.9241221979765919
    },
    "HighestTradingPrice": {
        "tp": 1438,
        "fp": 339,
        "fn": 186,
        "f1": 0.8456336371655395,
        "precision": 0.8092290377039955,
        "recall": 0.8854679802955665
    },
    "LowestTradingPrice": {
        "tp": 861,
        "fp": 167,
        "fn": 179,
        "f1": 0.8326885880077368,
        "precision": 0.8375486381322957,
        "recall": 0.8278846153846153
    },
    "RepurchasedShares": {
        "tp": 1473,
        "fp": 228,
        "fn": 94,
        "f1": 0.901468788249694,
        "precision": 0.8659611992945326,
        "recall": 0.9400127632418634
    },
    "ClosingDate": {
        "tp": 1286,
        "fp": 1120,
        "fn": 362,
        "f1": 0.6344351258016775,
        "precision": 0.5344970906068163,
        "recall": 0.7803398058252428
    },
    "RepurchaseAmount": {
        "tp": 1211,
        "fp": 365,
        "fn": 215,
        "f1": 0.8067954696868754,
        "precision": 0.7684010152284264,
        "recall": 0.8492286115007013
    },
    "TradedShares": {
        "tp": 793,
        "fp": 339,
        "fn": 341,
        "f1": 0.6999117387466902,
        "precision": 0.700530035335689,
        "recall": 0.699294532627866
    },
    "LaterHoldingShares": {
        "tp": 133,
        "fp": 262,
        "fn": 288,
        "f1": 0.3259803921568628,
        "precision": 0.3367088607594937,
        "recall": 0.3159144893111639
    },
    "AveragePrice": {
        "tp": 184,
        "fp": 40,
        "fn": 25,
        "f1": 0.8498845265588916,
        "precision": 0.8214285714285714,
        "recall": 0.8803827751196173
    },
    "Pledger": {
        "tp": 0,
        "fp": 0,
        "fn": 0,
        "f1": 0,
        "precision": 0,
        "recall": 0
    },
    "PledgedShares": {
        "tp": 2328,
        "fp": 804,
        "fn": 543,
        "f1": 0.7756121939030486,
        "precision": 0.7432950191570882,
        "recall": 0.8108672936259144
    },
    "Pledgee": {
        "tp": 2000,
        "fp": 215,
        "fn": 132,
        "f1": 0.9201748332183114,
        "precision": 0.9029345372460497,
        "recall": 0.9380863039399625
    },
    "TotalPledgedShares": {
        "tp": 1160,
        "fp": 343,
        "fn": 210,
        "f1": 0.8075182735816221,
        "precision": 0.7717897538256819,
        "recall": 0.8467153284671532
    },
    "ReleasedDate": {
        "tp": 454,
        "fp": 374,
        "fn": 307,
        "f1": 0.5714285714285715,
        "precision": 0.5483091787439613,
        "recall": 0.5965834428383706
    },
    "StockCode": {
        "tp": 3236,
        "fp": 17,
        "fn": 12,
        "f1": 0.9955391478234119,
        "precision": 0.9947740547187212,
        "recall": 0.9963054187192119
    },
    "StockAbbr": {
        "tp": 4050,
        "fp": 394,
        "fn": 1045,
        "f1": 0.8491456127476675,
        "precision": 0.9113411341134113,
        "recall": 0.7948969578017664
    },
    "precision": 0.8364460757853827,
    "recall": 0.837863167760075,
    "micro_f1": 0.8371540220777584,
    "macro_f1": 0.7212866249825907
}