{
    "EquityHolder": {
        "tp": 8419,
        "fp": 1334,
        "fn": 1194,
        "f1": 0.8694619436125168,
        "precision": 0.8632215728493797,
        "recall": 0.8757931967127848
    },
    "FrozeShares": {
        "tp": 116,
        "fp": 118,
        "fn": 182,
        "f1": 0.4360902255639098,
        "precision": 0.49572649572649574,
        "recall": 0.38926174496644295
    },
    "LegalInstitution": {
        "tp": 463,
        "fp": 82,
        "fn": 39,
        "f1": 0.8844317096466093,
        "precision": 0.8495412844036697,
        "recall": 0.9223107569721115
    },
    "TotalHoldingShares": {
        "tp": 1751,
        "fp": 560,
        "fn": 408,
        "f1": 0.7834451901565995,
        "precision": 0.757680657723929,
        "recall": 0.8110236220472441
    },
    "TotalHoldingRatio": {
        "tp": 1420,
        "fp": 287,
        "fn": 305,
        "f1": 0.8275058275058275,
        "precision": 0.8318687756297598,
        "recall": 0.8231884057971014
    },
    "StartDate": {
        "tp": 3584,
        "fp": 780,
        "fn": 1447,
        "f1": 0.7629590207557211,
        "precision": 0.8212648945921174,
        "recall": 0.712383224011131
    },
    "EndDate": {
        "tp": 970,
        "fp": 538,
        "fn": 540,
        "f1": 0.6428098078197482,
        "precision": 0.6432360742705571,
        "recall": 0.6423841059602649
    },
    "UnfrozeDate": {
        "tp": 2,
        "fp": 2,
        "fn": 16,
        "f1": 0.1818181818181818,
        "precision": 0.5,
        "recall": 0.1111111111111111
    },
    "CompanyName": {
        "tp": 9485,
        "fp": 412,
        "fn": 597,
        "f1": 0.9494969718204115,
        "precision": 0.958371223603112,
        "recall": 0.9407855584209482
    },
    "HighestTradingPrice": {
        "tp": 1465,
        "fp": 477,
        "fn": 159,
        "f1": 0.8216489063376332,
        "precision": 0.7543769309989702,
        "recall": 0.9020935960591133
    },
    "LowestTradingPrice": {
        "tp": 721,
        "fp": 187,
        "fn": 319,
        "f1": 0.7402464065708418,
        "precision": 0.7940528634361234,
        "recall": 0.6932692307692307
    },
    "RepurchasedShares": {
        "tp": 1492,
        "fp": 292,
        "fn": 75,
        "f1": 0.8904804535959415,
        "precision": 0.8363228699551569,
        "recall": 0.9521378430121251
    },
    "ClosingDate": {
        "tp": 1153,
        "fp": 415,
        "fn": 495,
        "f1": 0.7170398009950248,
        "precision": 0.7353316326530612,
        "recall": 0.6996359223300971
    },
    "RepurchaseAmount": {
        "tp": 1063,
        "fp": 227,
        "fn": 363,
        "f1": 0.7827687776141383,
        "precision": 0.8240310077519379,
        "recall": 0.7454417952314165
    },
    "TradedShares": {
        "tp": 786,
        "fp": 368,
        "fn": 348,
        "f1": 0.6870629370629372,
        "precision": 0.6811091854419411,
        "recall": 0.6931216931216931
    },
    "LaterHoldingShares": {
        "tp": 91,
        "fp": 263,
        "fn": 330,
        "f1": 0.23483870967741938,
        "precision": 0.2570621468926554,
        "recall": 0.2161520190023753
    },
    "AveragePrice": {
        "tp": 187,
        "fp": 33,
        "fn": 22,
        "f1": 0.8717948717948718,
        "precision": 0.85,
        "recall": 0.8947368421052632
    },
    "Pledger": {
        "tp": 0,
        "fp": 0,
        "fn": 0,
        "f1": 0,
        "precision": 0,
        "recall": 0
    },
    "PledgedShares": {
        "tp": 2414,
        "fp": 843,
        "fn": 457,
        "f1": 0.7878590078328981,
        "precision": 0.7411728584587043,
        "recall": 0.8408220132358063
    },
    "Pledgee": {
        "tp": 1890,
        "fp": 139,
        "fn": 242,
        "f1": 0.9084354722422495,
        "precision": 0.9314933464760966,
        "recall": 0.8864915572232646
    },
    "TotalPledgedShares": {
        "tp": 727,
        "fp": 486,
        "fn": 643,
        "f1": 0.5629113433991483,
        "precision": 0.5993404781533388,
        "recall": 0.5306569343065694
    },
    "ReleasedDate": {
        "tp": 459,
        "fp": 383,
        "fn": 302,
        "f1": 0.5726762320648784,
        "precision": 0.5451306413301663,
        "recall": 0.6031537450722734
    },
    "StockCode": {
        "tp": 3226,
        "fp": 15,
        "fn": 22,
        "f1": 0.9942980428417322,
        "precision": 0.9953717988275224,
        "recall": 0.9932266009852216
    },
    "StockAbbr": {
        "tp": 4122,
        "fp": 728,
        "fn": 973,
        "f1": 0.8289592760180995,
        "precision": 0.8498969072164948,
        "recall": 0.8090284592737979
    },
    "precision": 0.8368531150522965,
    "recall": 0.8291759786605147,
    "micro_f1": 0.8329968585629056,
    "macro_f1": 0.6974599631978057
}