{
    "EquityHolder": {
        "tp": 7726,
        "fp": 1691,
        "fn": 1887,
        "f1": 0.8119810825013138,
        "precision": 0.8204311351810556,
        "recall": 0.8037033184229689
    },
    "FrozeShares": {
        "tp": 0,
        "fp": 0,
        "fn": 298,
        "f1": 0,
        "precision": 0,
        "recall": 0
    },
    "LegalInstitution": {
        "tp": 326,
        "fp": 136,
        "fn": 176,
        "f1": 0.6763485477178423,
        "precision": 0.7056277056277056,
        "recall": 0.649402390438247
    },
    "TotalHoldingShares": {
        "tp": 1669,
        "fp": 489,
        "fn": 490,
        "f1": 0.7732221450081075,
        "precision": 0.773401297497683,
        "recall": 0.7730430754979157
    },
    "TotalHoldingRatio": {
        "tp": 1378,
        "fp": 333,
        "fn": 347,
        "f1": 0.8020954598370198,
        "precision": 0.8053769725306839,
        "recall": 0.7988405797101449
    },
    "StartDate": {
        "tp": 3181,
        "fp": 992,
        "fn": 1850,
        "f1": 0.6912212081703607,
        "precision": 0.7622813323747903,
        "recall": 0.6322798648380044
    },
    "EndDate": {
        "tp": 890,
        "fp": 408,
        "fn": 620,
        "f1": 0.6339031339031339,
        "precision": 0.6856702619414484,
        "recall": 0.5894039735099338
    },
    "UnfrozeDate": {
        "tp": 0,
        "fp": 0,
        "fn": 18,
        "f1": 0,
        "precision": 0,
        "recall": 0
    },
    "CompanyName": {
        "tp": 9585,
        "fp": 350,
        "fn": 497,
        "f1": 0.957685966928111,
        "precision": 0.964771011575239,
        "recall": 0.9507042253521126
    },
    "HighestTradingPrice": {
        "tp": 1440,
        "fp": 1149,
        "fn": 184,
        "f1": 0.6835983859482555,
        "precision": 0.5561993047508691,
        "recall": 0.8866995073891626
    },
    "LowestTradingPrice": {
        "tp": 0,
        "fp": 0,
        "fn": 1040,
        "f1": 0,
        "precision": 0,
        "recall": 0
    },
    "RepurchasedShares": {
        "tp": 1382,
        "fp": 198,
        "fn": 185,
        "f1": 0.8782967905942166,
        "precision": 0.8746835443037975,
        "recall": 0.8819400127632419
    },
    "ClosingDate": {
        "tp": 257,
        "fp": 89,
        "fn": 1391,
        "f1": 0.2577733199598796,
        "precision": 0.7427745664739884,
        "recall": 0.15594660194174756
    },
    "RepurchaseAmount": {
        "tp": 719,
        "fp": 52,
        "fn": 707,
        "f1": 0.6545289030496131,
        "precision": 0.9325551232166018,
        "recall": 0.5042075736325385
    },
    "TradedShares": {
        "tp": 806,
        "fp": 426,
        "fn": 328,
        "f1": 0.6813186813186813,
        "precision": 0.6542207792207793,
        "recall": 0.7107583774250441
    },
    "LaterHoldingShares": {
        "tp": 54,
        "fp": 330,
        "fn": 367,
        "f1": 0.13416149068322983,
        "precision": 0.140625,
        "recall": 0.12826603325415678
    },
    "AveragePrice": {
        "tp": 192,
        "fp": 48,
        "fn": 17,
        "f1": 0.8552338530066815,
        "precision": 0.8,
        "recall": 0.9186602870813397
    },
    "Pledger": {
        "tp": 0,
        "fp": 0,
        "fn": 0,
        "f1": 0,
        "precision": 0,
        "recall": 0
    },
    "PledgedShares": {
        "tp": 2294,
        "fp": 1065,
        "fn": 577,
        "f1": 0.7364365971107545,
        "precision": 0.682941351592736,
        "recall": 0.7990247300592128
    },
    "Pledgee": {
        "tp": 1873,
        "fp": 216,
        "fn": 259,
        "f1": 0.8874674247808575,
        "precision": 0.8966012446146482,
        "recall": 0.8785178236397748
    },
    "TotalPledgedShares": {
        "tp": 1092,
        "fp": 427,
        "fn": 278,
        "f1": 0.7559709241952232,
        "precision": 0.7188940092165899,
        "recall": 0.7970802919708029
    },
    "ReleasedDate": {
        "tp": 368,
        "fp": 493,
        "fn": 393,
        "f1": 0.4537607891491985,
        "precision": 0.4274099883855981,
        "recall": 0.4835742444152431
    },
    "StockCode": {
        "tp": 3237,
        "fp": 9,
        "fn": 11,
        "f1": 0.9969202340622113,
        "precision": 0.9972273567467652,
        "recall": 0.9966133004926109
    },
    "StockAbbr": {
        "tp": 3906,
        "fp": 1079,
        "fn": 1189,
        "f1": 0.7749999999999999,
        "precision": 0.7835506519558676,
        "recall": 0.7666339548577036
    },
    "precision": 0.8093782828765161,
    "recall": 0.7637336889914209,
    "micro_f1": 0.7858937861070671,
    "macro_f1": 0.5873718724135288
}