{
    "EquityHolder": {
        "tp": 7340,
        "fp": 1805,
        "fn": 2273,
        "f1": 0.7825994242456552,
        "precision": 0.8026243849097867,
        "recall": 0.7635493602413399
    },
    "FrozeShares": {
        "tp": 0,
        "fp": 0,
        "fn": 298,
        "f1": 0,
        "precision": 0,
        "recall": 0
    },
    "LegalInstitution": {
        "tp": 69,
        "fp": 42,
        "fn": 433,
        "f1": 0.2251223491027732,
        "precision": 0.6216216216216216,
        "recall": 0.13745019920318724
    },
    "TotalHoldingShares": {
        "tp": 1551,
        "fp": 890,
        "fn": 608,
        "f1": 0.6743478260869565,
        "precision": 0.6353953297828758,
        "recall": 0.7183881426586383
    },
    "TotalHoldingRatio": {
        "tp": 1284,
        "fp": 494,
        "fn": 441,
        "f1": 0.7330859263488438,
        "precision": 0.7221597300337458,
        "recall": 0.7443478260869565
    },
    "StartDate": {
        "tp": 2494,
        "fp": 4021,
        "fn": 2537,
        "f1": 0.4320110860904209,
        "precision": 0.382808902532617,
        "recall": 0.49572649572649574
    },
    "EndDate": {
        "tp": 562,
        "fp": 518,
        "fn": 948,
        "f1": 0.433976833976834,
        "precision": 0.5203703703703704,
        "recall": 0.37218543046357616
    },
    "UnfrozeDate": {
        "tp": 0,
        "fp": 0,
        "fn": 18,
        "f1": 0,
        "precision": 0,
        "recall": 0
    },
    "CompanyName": {
        "tp": 9446,
        "fp": 371,
        "fn": 636,
        "f1": 0.9493944419317554,
        "precision": 0.9622084139757563,
        "recall": 0.936917278317794
    },
    "HighestTradingPrice": {
        "tp": 0,
        "fp": 19,
        "fn": 1624,
        "f1": 0,
        "precision": 0,
        "recall": 0
    },
    "LowestTradingPrice": {
        "tp": 0,
        "fp": 0,
        "fn": 1040,
        "f1": 0,
        "precision": 0,
        "recall": 0
    },
    "RepurchasedShares": {
        "tp": 0,
        "fp": 0,
        "fn": 1567,
        "f1": 0,
        "precision": 0,
        "recall": 0
    },
    "ClosingDate": {
        "tp": 0,
        "fp": 0,
        "fn": 1648,
        "f1": 0,
        "precision": 0,
        "recall": 0
    },
    "RepurchaseAmount": {
        "tp": 0,
        "fp": 0,
        "fn": 1426,
        "f1": 0,
        "precision": 0,
        "recall": 0
    },
    "TradedShares": {
        "tp": 955,
        "fp": 2144,
        "fn": 179,
        "f1": 0.4512166312308056,
        "precision": 0.30816392384640207,
        "recall": 0.8421516754850088
    },
    "LaterHoldingShares": {
        "tp": 0,
        "fp": 0,
        "fn": 421,
        "f1": 0,
        "precision": 0,
        "recall": 0
    },
    "AveragePrice": {
        "tp": 165,
        "fp": 2327,
        "fn": 44,
        "f1": 0.12217697149203997,
        "precision": 0.06621187800963081,
        "recall": 0.7894736842105263
    },
    "Pledger": {
        "tp": 0,
        "fp": 0,
        "fn": 0,
        "f1": 0,
        "precision": 0,
        "recall": 0
    },
    "PledgedShares": {
        "tp": 2570,
        "fp": 2106,
        "fn": 301,
        "f1": 0.6810653239697894,
        "precision": 0.5496150556030795,
        "recall": 0.8951584813653779
    },
    "Pledgee": {
        "tp": 1932,
        "fp": 376,
        "fn": 200,
        "f1": 0.8702702702702703,
        "precision": 0.8370883882149047,
        "recall": 0.9061913696060038
    },
    "TotalPledgedShares": {
        "tp": 753,
        "fp": 346,
        "fn": 617,
        "f1": 0.6099635479951397,
        "precision": 0.6851683348498635,
        "recall": 0.5496350364963504
    },
    "ReleasedDate": {
        "tp": 183,
        "fp": 767,
        "fn": 578,
        "f1": 0.21390999415546466,
        "precision": 0.19263157894736843,
        "recall": 0.240473061760841
    },
    "StockCode": {
        "tp": 3217,
        "fp": 33,
        "fn": 31,
        "f1": 0.9901508156355802,
        "precision": 0.9898461538461538,
        "recall": 0.9904556650246306
    },
    "StockAbbr": {
        "tp": 3400,
        "fp": 499,
        "fn": 1695,
        "f1": 0.7560595952857462,
        "precision": 0.8720184662734034,
        "recall": 0.6673209028459274
    },
    "precision": 0.6818846219556179,
    "recall": 0.6474118664840315,
    "micro_f1": 0.6642012518143913,
    "macro_f1": 0.37188962657575303
}