{
    "EquityHolder": {
        "tp": 8072,
        "fp": 1660,
        "fn": 1541,
        "f1": 0.8345308865339882,
        "precision": 0.8294286888614879,
        "recall": 0.8396962446686779
    },
    "FrozeShares": {
        "tp": 7,
        "fp": 22,
        "fn": 291,
        "f1": 0.04281345565749236,
        "precision": 0.2413793103448276,
        "recall": 0.02348993288590604
    },
    "LegalInstitution": {
        "tp": 405,
        "fp": 83,
        "fn": 97,
        "f1": 0.8181818181818182,
        "precision": 0.8299180327868853,
        "recall": 0.8067729083665338
    },
    "TotalHoldingShares": {
        "tp": 1853,
        "fp": 742,
        "fn": 306,
        "f1": 0.7795540597391669,
        "precision": 0.7140655105973025,
        "recall": 0.8582677165354331
    },
    "TotalHoldingRatio": {
        "tp": 1539,
        "fp": 469,
        "fn": 186,
        "f1": 0.8245379051701046,
        "precision": 0.7664342629482072,
        "recall": 0.8921739130434783
    },
    "StartDate": {
        "tp": 3612,
        "fp": 992,
        "fn": 1419,
        "f1": 0.7497664763881681,
        "precision": 0.7845351867940921,
        "recall": 0.717948717948718
    },
    "EndDate": {
        "tp": 973,
        "fp": 387,
        "fn": 537,
        "f1": 0.6780487804878048,
        "precision": 0.7154411764705882,
        "recall": 0.6443708609271523
    },
    "UnfrozeDate": {
        "tp": 1,
        "fp": 0,
        "fn": 17,
        "f1": 0.10526315789473684,
        "precision": 1.0,
        "recall": 0.05555555555555555
    },
    "CompanyName": {
        "tp": 9251,
        "fp": 441,
        "fn": 831,
        "f1": 0.9356731060989179,
        "precision": 0.9544985555096988,
        "recall": 0.9175758778020234
    },
    "HighestTradingPrice": {
        "tp": 1521,
        "fp": 313,
        "fn": 103,
        "f1": 0.8796992481203008,
        "precision": 0.8293347873500545,
        "recall": 0.9365763546798029
    },
    "LowestTradingPrice": {
        "tp": 898,
        "fp": 45,
        "fn": 142,
        "f1": 0.9056984367120525,
        "precision": 0.9522799575821845,
        "recall": 0.8634615384615385
    },
    "RepurchasedShares": {
        "tp": 1503,
        "fp": 346,
        "fn": 64,
        "f1": 0.879976580796253,
        "precision": 0.8128718226068145,
        "recall": 0.9591576260370134
    },
    "ClosingDate": {
        "tp": 712,
        "fp": 401,
        "fn": 936,
        "f1": 0.5157551611734879,
        "precision": 0.6397124887690926,
        "recall": 0.4320388349514563
    },
    "RepurchaseAmount": {
        "tp": 947,
        "fp": 172,
        "fn": 479,
        "f1": 0.7442043222003929,
        "precision": 0.8462913315460232,
        "recall": 0.6640953716690042
    },
    "TradedShares": {
        "tp": 969,
        "fp": 585,
        "fn": 165,
        "f1": 0.7209821428571427,
        "precision": 0.6235521235521235,
        "recall": 0.8544973544973545
    },
    "LaterHoldingShares": {
        "tp": 110,
        "fp": 224,
        "fn": 311,
        "f1": 0.2913907284768211,
        "precision": 0.32934131736526945,
        "recall": 0.26128266033254155
    },
    "AveragePrice": {
        "tp": 196,
        "fp": 42,
        "fn": 13,
        "f1": 0.8769574944071588,
        "precision": 0.8235294117647058,
        "recall": 0.937799043062201
    },
    "Pledger": {
        "tp": 0,
        "fp": 0,
        "fn": 0,
        "f1": 0,
        "precision": 0,
        "recall": 0
    },
    "PledgedShares": {
        "tp": 2388,
        "fp": 819,
        "fn": 483,
        "f1": 0.7857847976307997,
        "precision": 0.744621141253508,
        "recall": 0.831765935214211
    },
    "Pledgee": {
        "tp": 1986,
        "fp": 224,
        "fn": 146,
        "f1": 0.9147858129894058,
        "precision": 0.8986425339366516,
        "recall": 0.9315196998123827
    },
    "TotalPledgedShares": {
        "tp": 1164,
        "fp": 481,
        "fn": 206,
        "f1": 0.7721393034825872,
        "precision": 0.7075987841945289,
        "recall": 0.8496350364963504
    },
    "ReleasedDate": {
        "tp": 406,
        "fp": 362,
        "fn": 355,
        "f1": 0.5310660562459123,
        "precision": 0.5286458333333334,
        "recall": 0.533508541392904
    },
    "StockCode": {
        "tp": 3235,
        "fp": 17,
        "fn": 13,
        "f1": 0.9953846153846154,
        "precision": 0.9947724477244773,
        "recall": 0.9959975369458128
    },
    "StockAbbr": {
        "tp": 3948,
        "fp": 792,
        "fn": 1147,
        "f1": 0.802846975088968,
        "precision": 0.8329113924050633,
        "recall": 0.7748773307163886
    },
    "precision": 0.826105034800687,
    "recall": 0.823588782351669,
    "micro_f1": 0.8248449895757182,
    "macro_f1": 0.6827100550715871
}