{
    "EquityHolder": {
        "tp": 7493,
        "fp": 1583,
        "fn": 2120,
        "f1": 0.8018620578950185,
        "precision": 0.8255839576906127,
        "recall": 0.7794653073962343
    },
    "FrozeShares": {
        "tp": 0,
        "fp": 0,
        "fn": 298,
        "f1": 0,
        "precision": 0,
        "recall": 0
    },
    "LegalInstitution": {
        "tp": 0,
        "fp": 0,
        "fn": 502,
        "f1": 0,
        "precision": 0,
        "recall": 0
    },
    "TotalHoldingShares": {
        "tp": 1701,
        "fp": 739,
        "fn": 458,
        "f1": 0.7397260273972602,
        "precision": 0.6971311475409836,
        "recall": 0.7878647522000927
    },
    "TotalHoldingRatio": {
        "tp": 1438,
        "fp": 566,
        "fn": 287,
        "f1": 0.7712523464735853,
        "precision": 0.717564870259481,
        "recall": 0.8336231884057971
    },
    "StartDate": {
        "tp": 3060,
        "fp": 2346,
        "fn": 1971,
        "f1": 0.586375395228514,
        "precision": 0.5660377358490566,
        "recall": 0.6082289803220036
    },
    "EndDate": {
        "tp": 843,
        "fp": 1555,
        "fn": 667,
        "f1": 0.4314227226202661,
        "precision": 0.35154295246038364,
        "recall": 0.5582781456953643
    },
    "UnfrozeDate": {
        "tp": 0,
        "fp": 0,
        "fn": 18,
        "f1": 0,
        "precision": 0,
        "recall": 0
    },
    "CompanyName": {
        "tp": 9637,
        "fp": 405,
        "fn": 445,
        "f1": 0.9577618763665275,
        "precision": 0.9596693885680143,
        "recall": 0.9558619321563182
    },
    "HighestTradingPrice": {
        "tp": 527,
        "fp": 1903,
        "fn": 1097,
        "f1": 0.259990133201776,
        "precision": 0.2168724279835391,
        "recall": 0.32450738916256155
    },
    "LowestTradingPrice": {
        "tp": 0,
        "fp": 0,
        "fn": 1040,
        "f1": 0,
        "precision": 0,
        "recall": 0
    },
    "RepurchasedShares": {
        "tp": 614,
        "fp": 118,
        "fn": 953,
        "f1": 0.5341452805567638,
        "precision": 0.8387978142076503,
        "recall": 0.39183152520740266
    },
    "ClosingDate": {
        "tp": 0,
        "fp": 0,
        "fn": 1648,
        "f1": 0,
        "precision": 0,
        "recall": 0
    },
    "RepurchaseAmount": {
        "tp": 0,
        "fp": 0,
        "fn": 1426,
        "f1": 0,
        "precision": 0,
        "recall": 0
    },
    "TradedShares": {
        "tp": 866,
        "fp": 559,
        "fn": 268,
        "f1": 0.6768268855021493,
        "precision": 0.607719298245614,
        "recall": 0.763668430335097
    },
    "LaterHoldingShares": {
        "tp": 0,
        "fp": 0,
        "fn": 421,
        "f1": 0,
        "precision": 0,
        "recall": 0
    },
    "AveragePrice": {
        "tp": 105,
        "fp": 144,
        "fn": 104,
        "f1": 0.4585152838427947,
        "precision": 0.42168674698795183,
        "recall": 0.5023923444976076
    },
    "Pledger": {
        "tp": 0,
        "fp": 0,
        "fn": 0,
        "f1": 0,
        "precision": 0,
        "recall": 0
    },
    "PledgedShares": {
        "tp": 2580,
        "fp": 1625,
        "fn": 291,
        "f1": 0.7292255511588467,
        "precision": 0.6135552913198573,
        "recall": 0.8986415882967607
    },
    "Pledgee": {
        "tp": 1960,
        "fp": 479,
        "fn": 172,
        "f1": 0.8575803981623277,
        "precision": 0.8036080360803608,
        "recall": 0.9193245778611632
    },
    "TotalPledgedShares": {
        "tp": 953,
        "fp": 759,
        "fn": 417,
        "f1": 0.618429591174562,
        "precision": 0.5566588785046729,
        "recall": 0.6956204379562044
    },
    "ReleasedDate": {
        "tp": 314,
        "fp": 1463,
        "fn": 447,
        "f1": 0.24743892828999214,
        "precision": 0.176702307259426,
        "recall": 0.4126149802890933
    },
    "StockCode": {
        "tp": 3192,
        "fp": 61,
        "fn": 56,
        "f1": 0.9820027688047992,
        "precision": 0.9812480786965878,
        "recall": 0.9827586206896551
    },
    "StockAbbr": {
        "tp": 3503,
        "fp": 581,
        "fn": 1592,
        "f1": 0.7632639721102517,
        "precision": 0.8577375122428991,
        "recall": 0.6875368007850834
    },
    "precision": 0.7226486808764346,
    "recall": 0.6990483743061062,
    "micro_f1": 0.7106526439224596,
    "macro_f1": 0.4339924674493932
}