{
    "EquityHolder": {
        "tp": 7953,
        "fp": 1695,
        "fn": 1660,
        "f1": 0.8258138206739006,
        "precision": 0.8243159203980099,
        "recall": 0.8273171746593155
    },
    "FrozeShares": {
        "tp": 0,
        "fp": 0,
        "fn": 298,
        "f1": 0,
        "precision": 0,
        "recall": 0
    },
    "LegalInstitution": {
        "tp": 413,
        "fp": 58,
        "fn": 89,
        "f1": 0.8489208633093525,
        "precision": 0.8768577494692145,
        "recall": 0.8227091633466136
    },
    "TotalHoldingShares": {
        "tp": 1698,
        "fp": 626,
        "fn": 461,
        "f1": 0.7575284407762659,
        "precision": 0.7306368330464716,
        "recall": 0.7864752200092635
    },
    "TotalHoldingRatio": {
        "tp": 1404,
        "fp": 486,
        "fn": 321,
        "f1": 0.7767634854771784,
        "precision": 0.7428571428571429,
        "recall": 0.8139130434782609
    },
    "StartDate": {
        "tp": 3438,
        "fp": 1356,
        "fn": 1593,
        "f1": 0.6998473282442748,
        "precision": 0.7171464330413017,
        "recall": 0.6833631484794276
    },
    "EndDate": {
        "tp": 886,
        "fp": 574,
        "fn": 624,
        "f1": 0.5966329966329966,
        "precision": 0.6068493150684932,
        "recall": 0.5867549668874172
    },
    "UnfrozeDate": {
        "tp": 0,
        "fp": 0,
        "fn": 18,
        "f1": 0,
        "precision": 0,
        "recall": 0
    },
    "CompanyName": {
        "tp": 9589,
        "fp": 427,
        "fn": 493,
        "f1": 0.9542243009254653,
        "precision": 0.9573682108626198,
        "recall": 0.9511009720293593
    },
    "HighestTradingPrice": {
        "tp": 1467,
        "fp": 1410,
        "fn": 157,
        "f1": 0.6518551433014886,
        "precision": 0.5099061522419187,
        "recall": 0.9033251231527094
    },
    "LowestTradingPrice": {
        "tp": 0,
        "fp": 0,
        "fn": 1040,
        "f1": 0,
        "precision": 0,
        "recall": 0
    },
    "RepurchasedShares": {
        "tp": 1488,
        "fp": 381,
        "fn": 79,
        "f1": 0.8661233993015133,
        "precision": 0.7961476725521669,
        "recall": 0.9495851946394385
    },
    "ClosingDate": {
        "tp": 1146,
        "fp": 461,
        "fn": 502,
        "f1": 0.704147465437788,
        "precision": 0.7131300560049783,
        "recall": 0.6953883495145631
    },
    "RepurchaseAmount": {
        "tp": 1330,
        "fp": 372,
        "fn": 96,
        "f1": 0.850383631713555,
        "precision": 0.781433607520564,
        "recall": 0.9326788218793829
    },
    "TradedShares": {
        "tp": 840,
        "fp": 415,
        "fn": 294,
        "f1": 0.7032231059020511,
        "precision": 0.6693227091633466,
        "recall": 0.7407407407407407
    },
    "LaterHoldingShares": {
        "tp": 37,
        "fp": 156,
        "fn": 384,
        "f1": 0.12052117263843648,
        "precision": 0.19170984455958548,
        "recall": 0.08788598574821853
    },
    "AveragePrice": {
        "tp": 186,
        "fp": 76,
        "fn": 23,
        "f1": 0.7898089171974522,
        "precision": 0.7099236641221374,
        "recall": 0.8899521531100478
    },
    "Pledger": {
        "tp": 0,
        "fp": 0,
        "fn": 0,
        "f1": 0,
        "precision": 0,
        "recall": 0
    },
    "PledgedShares": {
        "tp": 2359,
        "fp": 821,
        "fn": 512,
        "f1": 0.7797058337464882,
        "precision": 0.7418238993710692,
        "recall": 0.821664925113201
    },
    "Pledgee": {
        "tp": 1885,
        "fp": 268,
        "fn": 247,
        "f1": 0.8798133022170361,
        "precision": 0.8755225267069205,
        "recall": 0.8841463414634146
    },
    "TotalPledgedShares": {
        "tp": 1193,
        "fp": 560,
        "fn": 177,
        "f1": 0.7640089657380723,
        "precision": 0.6805476326297776,
        "recall": 0.8708029197080291
    },
    "ReleasedDate": {
        "tp": 386,
        "fp": 512,
        "fn": 375,
        "f1": 0.4653405666063894,
        "precision": 0.4298440979955457,
        "recall": 0.507227332457293
    },
    "StockCode": {
        "tp": 3194,
        "fp": 57,
        "fn": 54,
        "f1": 0.9829204492998923,
        "precision": 0.9824669332513073,
        "recall": 0.9833743842364532
    },
    "StockAbbr": {
        "tp": 3111,
        "fp": 645,
        "fn": 1984,
        "f1": 0.7029714156592476,
        "precision": 0.8282747603833865,
        "recall": 0.6105986261040236
    },
    "precision": 0.794866236745606,
    "recall": 0.7930754812198111,
    "micro_f1": 0.793969849246231,
    "macro_f1": 0.6133564418666185
}