{
    "EquityHolder": {
        "tp": 8435,
        "fp": 1784,
        "fn": 1178,
        "f1": 0.8506454215409439,
        "precision": 0.8254232312359331,
        "recall": 0.8774576094871528
    },
    "FrozeShares": {
        "tp": 72,
        "fp": 65,
        "fn": 226,
        "f1": 0.3310344827586207,
        "precision": 0.5255474452554745,
        "recall": 0.24161073825503357
    },
    "LegalInstitution": {
        "tp": 433,
        "fp": 56,
        "fn": 69,
        "f1": 0.8738647830474268,
        "precision": 0.885480572597137,
        "recall": 0.8625498007968128
    },
    "TotalHoldingShares": {
        "tp": 1796,
        "fp": 583,
        "fn": 363,
        "f1": 0.7915381225209344,
        "precision": 0.7549390500210172,
        "recall": 0.8318666049096805
    },
    "TotalHoldingRatio": {
        "tp": 1489,
        "fp": 281,
        "fn": 236,
        "f1": 0.8520743919885551,
        "precision": 0.8412429378531073,
        "recall": 0.8631884057971014
    },
    "StartDate": {
        "tp": 3697,
        "fp": 1325,
        "fn": 1334,
        "f1": 0.7355018402466925,
        "precision": 0.7361608920748706,
        "recall": 0.7348439674021069
    },
    "EndDate": {
        "tp": 975,
        "fp": 499,
        "fn": 535,
        "f1": 0.653485254691689,
        "precision": 0.6614654002713705,
        "recall": 0.6456953642384106
    },
    "UnfrozeDate": {
        "tp": 10,
        "fp": 36,
        "fn": 8,
        "f1": 0.3125,
        "precision": 0.21739130434782608,
        "recall": 0.5555555555555556
    },
    "CompanyName": {
        "tp": 9443,
        "fp": 286,
        "fn": 639,
        "f1": 0.9533087678562415,
        "precision": 0.9706033508068661,
        "recall": 0.9366197183098591
    },
    "HighestTradingPrice": {
        "tp": 1090,
        "fp": 307,
        "fn": 534,
        "f1": 0.7216153591525984,
        "precision": 0.7802433786685755,
        "recall": 0.6711822660098522
    },
    "LowestTradingPrice": {
        "tp": 911,
        "fp": 162,
        "fn": 129,
        "f1": 0.8622811168954093,
        "precision": 0.8490214352283317,
        "recall": 0.8759615384615385
    },
    "RepurchasedShares": {
        "tp": 1472,
        "fp": 204,
        "fn": 95,
        "f1": 0.9078014184397163,
        "precision": 0.8782816229116945,
        "recall": 0.9393746011486918
    },
    "ClosingDate": {
        "tp": 976,
        "fp": 674,
        "fn": 672,
        "f1": 0.5918738629472406,
        "precision": 0.5915151515151515,
        "recall": 0.5922330097087378
    },
    "RepurchaseAmount": {
        "tp": 1026,
        "fp": 211,
        "fn": 400,
        "f1": 0.7705595193390913,
        "precision": 0.8294260307194826,
        "recall": 0.7194950911640954
    },
    "TradedShares": {
        "tp": 893,
        "fp": 394,
        "fn": 241,
        "f1": 0.7377116893845518,
        "precision": 0.6938616938616938,
        "recall": 0.7874779541446209
    },
    "LaterHoldingShares": {
        "tp": 90,
        "fp": 183,
        "fn": 331,
        "f1": 0.25936599423631124,
        "precision": 0.32967032967032966,
        "recall": 0.21377672209026127
    },
    "AveragePrice": {
        "tp": 173,
        "fp": 43,
        "fn": 36,
        "f1": 0.8141176470588234,
        "precision": 0.8009259259259259,
        "recall": 0.8277511961722488
    },
    "Pledger": {
        "tp": 0,
        "fp": 0,
        "fn": 0,
        "f1": 0,
        "precision": 0,
        "recall": 0
    },
    "PledgedShares": {
        "tp": 2065,
        "fp": 782,
        "fn": 806,
        "f1": 0.7222805176635188,
        "precision": 0.7253249034070952,
        "recall": 0.7192615813305469
    },
    "Pledgee": {
        "tp": 2010,
        "fp": 244,
        "fn": 122,
        "f1": 0.9165526675786594,
        "precision": 0.8917480035492458,
        "recall": 0.9427767354596623
    },
    "TotalPledgedShares": {
        "tp": 1024,
        "fp": 413,
        "fn": 346,
        "f1": 0.7296045600285002,
        "precision": 0.7125956854558108,
        "recall": 0.7474452554744525
    },
    "ReleasedDate": {
        "tp": 445,
        "fp": 368,
        "fn": 316,
        "f1": 0.5654383735705211,
        "precision": 0.5473554735547356,
        "recall": 0.5847568988173456
    },
    "StockCode": {
        "tp": 3211,
        "fp": 24,
        "fn": 37,
        "f1": 0.9905907758753664,
        "precision": 0.99258114374034,
        "recall": 0.9886083743842364
    },
    "StockAbbr": {
        "tp": 4030,
        "fp": 488,
        "fn": 1065,
        "f1": 0.8384479350879017,
        "precision": 0.8919876051350155,
        "recall": 0.7909715407262021
    },
    "precision": 0.8294247707419624,
    "recall": 0.8248504073246341,
    "micro_f1": 0.8271312645713976,
    "macro_f1": 0.6992581042462215
}