{
    "EquityHolder": {
        "tp": 7578,
        "fp": 2070,
        "fn": 2035,
        "f1": 0.7868750324489903,
        "precision": 0.7854477611940298,
        "recall": 0.7883075002600645
    },
    "FrozeShares": {
        "tp": 0,
        "fp": 0,
        "fn": 298,
        "f1": 0,
        "precision": 0,
        "recall": 0
    },
    "LegalInstitution": {
        "tp": 75,
        "fp": 20,
        "fn": 427,
        "f1": 0.25125628140703515,
        "precision": 0.7894736842105263,
        "recall": 0.14940239043824702
    },
    "TotalHoldingShares": {
        "tp": 1532,
        "fp": 611,
        "fn": 627,
        "f1": 0.7122268712226871,
        "precision": 0.7148856742883808,
        "recall": 0.7095877721167207
    },
    "TotalHoldingRatio": {
        "tp": 1415,
        "fp": 702,
        "fn": 310,
        "f1": 0.7365955231650182,
        "precision": 0.6683986773736419,
        "recall": 0.8202898550724638
    },
    "StartDate": {
        "tp": 3130,
        "fp": 3548,
        "fn": 1901,
        "f1": 0.534631480058075,
        "precision": 0.46870320455226117,
        "recall": 0.622142715165971
    },
    "EndDate": {
        "tp": 632,
        "fp": 497,
        "fn": 878,
        "f1": 0.47896930655551345,
        "precision": 0.5597874224977857,
        "recall": 0.4185430463576159
    },
    "UnfrozeDate": {
        "tp": 0,
        "fp": 0,
        "fn": 18,
        "f1": 0,
        "precision": 0,
        "recall": 0
    },
    "CompanyName": {
        "tp": 9363,
        "fp": 355,
        "fn": 719,
        "f1": 0.9457575757575757,
        "precision": 0.9634698497633258,
        "recall": 0.9286847847649276
    },
    "HighestTradingPrice": {
        "tp": 0,
        "fp": 10,
        "fn": 1624,
        "f1": 0,
        "precision": 0,
        "recall": 0
    },
    "LowestTradingPrice": {
        "tp": 0,
        "fp": 0,
        "fn": 1040,
        "f1": 0,
        "precision": 0,
        "recall": 0
    },
    "RepurchasedShares": {
        "tp": 0,
        "fp": 0,
        "fn": 1567,
        "f1": 0,
        "precision": 0,
        "recall": 0
    },
    "ClosingDate": {
        "tp": 0,
        "fp": 0,
        "fn": 1648,
        "f1": 0,
        "precision": 0,
        "recall": 0
    },
    "RepurchaseAmount": {
        "tp": 0,
        "fp": 0,
        "fn": 1426,
        "f1": 0,
        "precision": 0,
        "recall": 0
    },
    "TradedShares": {
        "tp": 910,
        "fp": 1971,
        "fn": 224,
        "f1": 0.4533001245330012,
        "precision": 0.31586254772648387,
        "recall": 0.8024691358024691
    },
    "LaterHoldingShares": {
        "tp": 0,
        "fp": 0,
        "fn": 421,
        "f1": 0,
        "precision": 0,
        "recall": 0
    },
    "AveragePrice": {
        "tp": 139,
        "fp": 2447,
        "fn": 70,
        "f1": 0.09946332737030411,
        "precision": 0.05375096674400619,
        "recall": 0.6650717703349283
    },
    "Pledger": {
        "tp": 0,
        "fp": 0,
        "fn": 0,
        "f1": 0,
        "precision": 0,
        "recall": 0
    },
    "PledgedShares": {
        "tp": 2603,
        "fp": 2061,
        "fn": 268,
        "f1": 0.6909090909090909,
        "precision": 0.5581046312178388,
        "recall": 0.9066527342389411
    },
    "Pledgee": {
        "tp": 1961,
        "fp": 351,
        "fn": 171,
        "f1": 0.8825382538253825,
        "precision": 0.8481833910034602,
        "recall": 0.9197936210131332
    },
    "TotalPledgedShares": {
        "tp": 622,
        "fp": 361,
        "fn": 748,
        "f1": 0.5286867828304291,
        "precision": 0.6327568667344863,
        "recall": 0.454014598540146
    },
    "ReleasedDate": {
        "tp": 84,
        "fp": 432,
        "fn": 677,
        "f1": 0.13155833985904464,
        "precision": 0.16279069767441862,
        "recall": 0.11038107752956636
    },
    "StockCode": {
        "tp": 3226,
        "fp": 22,
        "fn": 22,
        "f1": 0.9932266009852216,
        "precision": 0.9932266009852216,
        "recall": 0.9932266009852216
    },
    "StockAbbr": {
        "tp": 3456,
        "fp": 618,
        "fn": 1639,
        "f1": 0.753844475951576,
        "precision": 0.8483063328424153,
        "recall": 0.6783120706575073
    },
    "precision": 0.6955418355365327,
    "recall": 0.661920553673131,
    "micro_f1": 0.6783148329423934,
    "macro_f1": 0.37415996111995603
}