{
    "EquityHolder": {
        "tp": 6910,
        "fp": 727,
        "fn": 2703,
        "f1": 0.8011594202898551,
        "precision": 0.9048055519182925,
        "recall": 0.7188182669301987
    },
    "FrozeShares": {
        "tp": 0,
        "fp": 0,
        "fn": 298,
        "f1": 0,
        "precision": 0,
        "recall": 0
    },
    "LegalInstitution": {
        "tp": 380,
        "fp": 85,
        "fn": 122,
        "f1": 0.7859358841778697,
        "precision": 0.8172043010752689,
        "recall": 0.7569721115537849
    },
    "TotalHoldingShares": {
        "tp": 1733,
        "fp": 433,
        "fn": 426,
        "f1": 0.8013872832369943,
        "precision": 0.8000923361034165,
        "recall": 0.8026864289022696
    },
    "TotalHoldingRatio": {
        "tp": 1308,
        "fp": 165,
        "fn": 417,
        "f1": 0.8180112570356473,
        "precision": 0.8879837067209776,
        "recall": 0.7582608695652174
    },
    "StartDate": {
        "tp": 3449,
        "fp": 983,
        "fn": 1582,
        "f1": 0.7289443094156187,
        "precision": 0.7782039711191335,
        "recall": 0.6855495925263367
    },
    "EndDate": {
        "tp": 851,
        "fp": 325,
        "fn": 659,
        "f1": 0.633655994043187,
        "precision": 0.7236394557823129,
        "recall": 0.5635761589403974
    },
    "UnfrozeDate": {
        "tp": 0,
        "fp": 0,
        "fn": 18,
        "f1": 0,
        "precision": 0,
        "recall": 0
    },
    "CompanyName": {
        "tp": 9168,
        "fp": 376,
        "fn": 914,
        "f1": 0.9342708651788444,
        "precision": 0.9606035205364627,
        "recall": 0.909343384249157
    },
    "HighestTradingPrice": {
        "tp": 980,
        "fp": 482,
        "fn": 644,
        "f1": 0.6351263771872975,
        "precision": 0.6703146374829001,
        "recall": 0.603448275862069
    },
    "LowestTradingPrice": {
        "tp": 836,
        "fp": 103,
        "fn": 204,
        "f1": 0.8448711470439615,
        "precision": 0.8903088391906283,
        "recall": 0.8038461538461539
    },
    "RepurchasedShares": {
        "tp": 1143,
        "fp": 177,
        "fn": 424,
        "f1": 0.791825424315899,
        "precision": 0.865909090909091,
        "recall": 0.7294192724952138
    },
    "ClosingDate": {
        "tp": 532,
        "fp": 153,
        "fn": 1116,
        "f1": 0.456065152164595,
        "precision": 0.7766423357664234,
        "recall": 0.32281553398058255
    },
    "RepurchaseAmount": {
        "tp": 876,
        "fp": 129,
        "fn": 550,
        "f1": 0.7206910736322502,
        "precision": 0.8716417910447761,
        "recall": 0.6143057503506312
    },
    "TradedShares": {
        "tp": 675,
        "fp": 129,
        "fn": 459,
        "f1": 0.6965944272445821,
        "precision": 0.8395522388059702,
        "recall": 0.5952380952380952
    },
    "LaterHoldingShares": {
        "tp": 10,
        "fp": 31,
        "fn": 411,
        "f1": 0.04329004329004329,
        "precision": 0.24390243902439024,
        "recall": 0.023752969121140142
    },
    "AveragePrice": {
        "tp": 181,
        "fp": 67,
        "fn": 28,
        "f1": 0.7921225382932168,
        "precision": 0.7298387096774194,
        "recall": 0.8660287081339713
    },
    "Pledger": {
        "tp": 0,
        "fp": 0,
        "fn": 0,
        "f1": 0,
        "precision": 0,
        "recall": 0
    },
    "PledgedShares": {
        "tp": 2149,
        "fp": 562,
        "fn": 722,
        "f1": 0.7699749193837334,
        "precision": 0.7926964219845075,
        "recall": 0.7485196795541623
    },
    "Pledgee": {
        "tp": 1833,
        "fp": 240,
        "fn": 299,
        "f1": 0.8718192627824018,
        "precision": 0.8842257597684515,
        "recall": 0.8597560975609756
    },
    "TotalPledgedShares": {
        "tp": 730,
        "fp": 184,
        "fn": 640,
        "f1": 0.63922942206655,
        "precision": 0.7986870897155361,
        "recall": 0.5328467153284672
    },
    "ReleasedDate": {
        "tp": 443,
        "fp": 634,
        "fn": 318,
        "f1": 0.48204570184983675,
        "precision": 0.4113277623026927,
        "recall": 0.5821287779237845
    },
    "StockCode": {
        "tp": 3236,
        "fp": 9,
        "fn": 12,
        "f1": 0.9967657477283229,
        "precision": 0.9972265023112481,
        "recall": 0.9963054187192119
    },
    "StockAbbr": {
        "tp": 3184,
        "fp": 526,
        "fn": 1911,
        "f1": 0.7232254400908575,
        "precision": 0.8582210242587601,
        "recall": 0.6249263984298332
    },
    "precision": 0.8616504339338383,
    "recall": 0.7318686468171004,
    "micro_f1": 0.7914745982399547,
    "macro_f1": 0.6236254871021485
}