{
    "EquityHolder": {
        "tp": 7768,
        "fp": 1463,
        "fn": 1845,
        "f1": 0.8244534069199745,
        "precision": 0.8415122955259452,
        "recall": 0.808072401955685
    },
    "FrozeShares": {
        "tp": 0,
        "fp": 0,
        "fn": 298,
        "f1": 0,
        "precision": 0,
        "recall": 0
    },
    "LegalInstitution": {
        "tp": 383,
        "fp": 57,
        "fn": 119,
        "f1": 0.8131634819532909,
        "precision": 0.8704545454545455,
        "recall": 0.7629482071713147
    },
    "TotalHoldingShares": {
        "tp": 1652,
        "fp": 683,
        "fn": 507,
        "f1": 0.7352024922118379,
        "precision": 0.7074946466809422,
        "recall": 0.7651690597498843
    },
    "TotalHoldingRatio": {
        "tp": 1190,
        "fp": 348,
        "fn": 535,
        "f1": 0.72939013178057,
        "precision": 0.7737321196358907,
        "recall": 0.6898550724637681
    },
    "StartDate": {
        "tp": 3923,
        "fp": 2501,
        "fn": 1108,
        "f1": 0.684941073766914,
        "precision": 0.6106787048567871,
        "recall": 0.7797654541840588
    },
    "EndDate": {
        "tp": 755,
        "fp": 361,
        "fn": 755,
        "f1": 0.575019040365575,
        "precision": 0.6765232974910395,
        "recall": 0.5
    },
    "UnfrozeDate": {
        "tp": 0,
        "fp": 0,
        "fn": 18,
        "f1": 0,
        "precision": 0,
        "recall": 0
    },
    "CompanyName": {
        "tp": 9916,
        "fp": 412,
        "fn": 166,
        "f1": 0.9716805487506125,
        "precision": 0.9601084430673896,
        "recall": 0.983535012894267
    },
    "HighestTradingPrice": {
        "tp": 369,
        "fp": 1709,
        "fn": 1255,
        "f1": 0.19935170178282008,
        "precision": 0.17757459095283926,
        "recall": 0.2272167487684729
    },
    "LowestTradingPrice": {
        "tp": 0,
        "fp": 0,
        "fn": 1040,
        "f1": 0,
        "precision": 0,
        "recall": 0
    },
    "RepurchasedShares": {
        "tp": 1025,
        "fp": 98,
        "fn": 542,
        "f1": 0.762081784386617,
        "precision": 0.9127337488869101,
        "recall": 0.6541161455009572
    },
    "ClosingDate": {
        "tp": 0,
        "fp": 0,
        "fn": 1648,
        "f1": 0,
        "precision": 0,
        "recall": 0
    },
    "RepurchaseAmount": {
        "tp": 0,
        "fp": 0,
        "fn": 1426,
        "f1": 0,
        "precision": 0,
        "recall": 0
    },
    "TradedShares": {
        "tp": 734,
        "fp": 328,
        "fn": 400,
        "f1": 0.668488160291439,
        "precision": 0.6911487758945386,
        "recall": 0.6472663139329806
    },
    "LaterHoldingShares": {
        "tp": 0,
        "fp": 0,
        "fn": 421,
        "f1": 0,
        "precision": 0,
        "recall": 0
    },
    "AveragePrice": {
        "tp": 135,
        "fp": 41,
        "fn": 74,
        "f1": 0.7012987012987013,
        "precision": 0.7670454545454546,
        "recall": 0.645933014354067
    },
    "Pledger": {
        "tp": 0,
        "fp": 0,
        "fn": 0,
        "f1": 0,
        "precision": 0,
        "recall": 0
    },
    "PledgedShares": {
        "tp": 2577,
        "fp": 1447,
        "fn": 294,
        "f1": 0.7474981870920958,
        "precision": 0.6404075546719682,
        "recall": 0.8975966562173459
    },
    "Pledgee": {
        "tp": 1983,
        "fp": 216,
        "fn": 149,
        "f1": 0.9157238513045486,
        "precision": 0.9017735334242838,
        "recall": 0.9301125703564728
    },
    "TotalPledgedShares": {
        "tp": 786,
        "fp": 412,
        "fn": 584,
        "f1": 0.6121495327102804,
        "precision": 0.656093489148581,
        "recall": 0.5737226277372263
    },
    "ReleasedDate": {
        "tp": 153,
        "fp": 68,
        "fn": 608,
        "f1": 0.31160896130346233,
        "precision": 0.6923076923076923,
        "recall": 0.20105124835742444
    },
    "StockCode": {
        "tp": 3208,
        "fp": 30,
        "fn": 40,
        "f1": 0.9892075238976256,
        "precision": 0.9907350216182829,
        "recall": 0.9876847290640394
    },
    "StockAbbr": {
        "tp": 3413,
        "fp": 206,
        "fn": 1682,
        "f1": 0.7833371585953638,
        "precision": 0.9430781983973473,
        "recall": 0.6698724239450442
    },
    "precision": 0.7938430983118173,
    "recall": 0.7203878595631173,
    "micro_f1": 0.7553338246688209,
    "macro_f1": 0.5010248224338218
}