{
    "EquityHolder": {
        "tp": 6877,
        "fp": 1950,
        "fn": 2736,
        "f1": 0.74587852494577,
        "precision": 0.7790868924889544,
        "recall": 0.7153854155830646
    },
    "FrozeShares": {
        "tp": 69,
        "fp": 134,
        "fn": 229,
        "f1": 0.2754491017964072,
        "precision": 0.3399014778325123,
        "recall": 0.23154362416107382
    },
    "LegalInstitution": {
        "tp": 319,
        "fp": 79,
        "fn": 183,
        "f1": 0.7088888888888889,
        "precision": 0.8015075376884422,
        "recall": 0.6354581673306773
    },
    "TotalHoldingShares": {
        "tp": 1657,
        "fp": 647,
        "fn": 502,
        "f1": 0.7425498543580551,
        "precision": 0.7191840277777778,
        "recall": 0.7674849467345993
    },
    "TotalHoldingRatio": {
        "tp": 1324,
        "fp": 419,
        "fn": 401,
        "f1": 0.7635524798154555,
        "precision": 0.759609868043603,
        "recall": 0.767536231884058
    },
    "StartDate": {
        "tp": 3735,
        "fp": 1874,
        "fn": 1296,
        "f1": 0.7020676691729323,
        "precision": 0.6658940987698342,
        "recall": 0.7423971377459749
    },
    "EndDate": {
        "tp": 796,
        "fp": 492,
        "fn": 714,
        "f1": 0.5689778413152252,
        "precision": 0.6180124223602484,
        "recall": 0.5271523178807948
    },
    "UnfrozeDate": {
        "tp": 2,
        "fp": 5,
        "fn": 16,
        "f1": 0.16,
        "precision": 0.2857142857142857,
        "recall": 0.1111111111111111
    },
    "CompanyName": {
        "tp": 9198,
        "fp": 388,
        "fn": 884,
        "f1": 0.9353264185478951,
        "precision": 0.9595243062799916,
        "recall": 0.9123189843285062
    },
    "HighestTradingPrice": {
        "tp": 1383,
        "fp": 844,
        "fn": 241,
        "f1": 0.718254998701636,
        "precision": 0.6210148181409969,
        "recall": 0.8516009852216748
    },
    "LowestTradingPrice": {
        "tp": 367,
        "fp": 91,
        "fn": 673,
        "f1": 0.4899866488651536,
        "precision": 0.8013100436681223,
        "recall": 0.3528846153846154
    },
    "RepurchasedShares": {
        "tp": 1278,
        "fp": 226,
        "fn": 289,
        "f1": 0.8323021816997721,
        "precision": 0.8497340425531915,
        "recall": 0.8155711550733886
    },
    "ClosingDate": {
        "tp": 1135,
        "fp": 724,
        "fn": 513,
        "f1": 0.647276874821785,
        "precision": 0.6105433028509951,
        "recall": 0.6887135922330098
    },
    "RepurchaseAmount": {
        "tp": 1047,
        "fp": 381,
        "fn": 379,
        "f1": 0.7337070777855641,
        "precision": 0.7331932773109243,
        "recall": 0.7342215988779803
    },
    "TradedShares": {
        "tp": 689,
        "fp": 468,
        "fn": 445,
        "f1": 0.6014840680925361,
        "precision": 0.5955056179775281,
        "recall": 0.607583774250441
    },
    "LaterHoldingShares": {
        "tp": 27,
        "fp": 60,
        "fn": 394,
        "f1": 0.10629921259842522,
        "precision": 0.3103448275862069,
        "recall": 0.06413301662707839
    },
    "AveragePrice": {
        "tp": 116,
        "fp": 62,
        "fn": 93,
        "f1": 0.599483204134367,
        "precision": 0.651685393258427,
        "recall": 0.5550239234449761
    },
    "Pledger": {
        "tp": 0,
        "fp": 0,
        "fn": 0,
        "f1": 0,
        "precision": 0,
        "recall": 0
    },
    "PledgedShares": {
        "tp": 2149,
        "fp": 959,
        "fn": 722,
        "f1": 0.7188493059039973,
        "precision": 0.6914414414414415,
        "recall": 0.7485196795541623
    },
    "Pledgee": {
        "tp": 1729,
        "fp": 244,
        "fn": 403,
        "f1": 0.8423873325213155,
        "precision": 0.8763304612265586,
        "recall": 0.8109756097560976
    },
    "TotalPledgedShares": {
        "tp": 922,
        "fp": 334,
        "fn": 448,
        "f1": 0.7022086824067021,
        "precision": 0.7340764331210191,
        "recall": 0.672992700729927
    },
    "ReleasedDate": {
        "tp": 387,
        "fp": 451,
        "fn": 374,
        "f1": 0.4840525328330207,
        "precision": 0.4618138424821002,
        "recall": 0.5085413929040736
    },
    "StockCode": {
        "tp": 3223,
        "fp": 17,
        "fn": 25,
        "f1": 0.9935265104808877,
        "precision": 0.9947530864197531,
        "recall": 0.9923029556650246
    },
    "StockAbbr": {
        "tp": 3408,
        "fp": 582,
        "fn": 1687,
        "f1": 0.7502476609796367,
        "precision": 0.8541353383458646,
        "recall": 0.6688910696761531
    },
    "precision": 0.7854058721934369,
    "recall": 0.7540371999134886,
    "micro_f1": 0.7694019420332499,
    "macro_f1": 0.6176148779443927
}