{
    "EquityHolder": {
        "tp": 8381,
        "fp": 1464,
        "fn": 1232,
        "f1": 0.8614451639428512,
        "precision": 0.8512950736414423,
        "recall": 0.8718402163736607
    },
    "FrozeShares": {
        "tp": 95,
        "fp": 114,
        "fn": 203,
        "f1": 0.37475345167652857,
        "precision": 0.45454545454545453,
        "recall": 0.3187919463087248
    },
    "LegalInstitution": {
        "tp": 440,
        "fp": 71,
        "fn": 62,
        "f1": 0.8687068114511352,
        "precision": 0.8610567514677103,
        "recall": 0.8764940239043825
    },
    "TotalHoldingShares": {
        "tp": 1741,
        "fp": 671,
        "fn": 418,
        "f1": 0.7617589148982717,
        "precision": 0.7218076285240465,
        "recall": 0.8063918480778138
    },
    "TotalHoldingRatio": {
        "tp": 1491,
        "fp": 464,
        "fn": 234,
        "f1": 0.8103260869565216,
        "precision": 0.7626598465473146,
        "recall": 0.8643478260869565
    },
    "StartDate": {
        "tp": 3700,
        "fp": 1171,
        "fn": 1331,
        "f1": 0.7473237729751565,
        "precision": 0.7595976185588175,
        "recall": 0.7354402703239913
    },
    "EndDate": {
        "tp": 949,
        "fp": 418,
        "fn": 561,
        "f1": 0.6597149808828641,
        "precision": 0.6942209217264081,
        "recall": 0.628476821192053
    },
    "UnfrozeDate": {
        "tp": 6,
        "fp": 14,
        "fn": 12,
        "f1": 0.3157894736842105,
        "precision": 0.3,
        "recall": 0.3333333333333333
    },
    "CompanyName": {
        "tp": 9376,
        "fp": 332,
        "fn": 706,
        "f1": 0.9475492673067206,
        "precision": 0.9658014009064689,
        "recall": 0.9299742114659789
    },
    "HighestTradingPrice": {
        "tp": 1373,
        "fp": 295,
        "fn": 251,
        "f1": 0.8341433778857836,
        "precision": 0.8231414868105515,
        "recall": 0.8454433497536946
    },
    "LowestTradingPrice": {
        "tp": 979,
        "fp": 171,
        "fn": 61,
        "f1": 0.8940639269406393,
        "precision": 0.851304347826087,
        "recall": 0.9413461538461538
    },
    "RepurchasedShares": {
        "tp": 1441,
        "fp": 257,
        "fn": 126,
        "f1": 0.8826952526799389,
        "precision": 0.8486454652532391,
        "recall": 0.9195915762603701
    },
    "ClosingDate": {
        "tp": 1056,
        "fp": 650,
        "fn": 592,
        "f1": 0.6296958855098391,
        "precision": 0.6189917936694022,
        "recall": 0.6407766990291263
    },
    "RepurchaseAmount": {
        "tp": 1298,
        "fp": 332,
        "fn": 128,
        "f1": 0.8494764397905759,
        "precision": 0.7963190184049079,
        "recall": 0.9102384291725105
    },
    "TradedShares": {
        "tp": 894,
        "fp": 389,
        "fn": 240,
        "f1": 0.7397600330988828,
        "precision": 0.6968043647700701,
        "recall": 0.7883597883597884
    },
    "LaterHoldingShares": {
        "tp": 53,
        "fp": 131,
        "fn": 368,
        "f1": 0.17520661157024794,
        "precision": 0.28804347826086957,
        "recall": 0.12589073634204276
    },
    "AveragePrice": {
        "tp": 199,
        "fp": 54,
        "fn": 10,
        "f1": 0.8614718614718616,
        "precision": 0.7865612648221344,
        "recall": 0.9521531100478469
    },
    "Pledger": {
        "tp": 0,
        "fp": 0,
        "fn": 0,
        "f1": 0,
        "precision": 0,
        "recall": 0
    },
    "PledgedShares": {
        "tp": 2379,
        "fp": 790,
        "fn": 492,
        "f1": 0.7877483443708608,
        "precision": 0.7507100031555696,
        "recall": 0.8286311389759665
    },
    "Pledgee": {
        "tp": 1918,
        "fp": 209,
        "fn": 214,
        "f1": 0.9006809110119747,
        "precision": 0.9017395392571698,
        "recall": 0.899624765478424
    },
    "TotalPledgedShares": {
        "tp": 1197,
        "fp": 558,
        "fn": 173,
        "f1": 0.7660800000000001,
        "precision": 0.6820512820512821,
        "recall": 0.8737226277372263
    },
    "ReleasedDate": {
        "tp": 457,
        "fp": 342,
        "fn": 304,
        "f1": 0.5858974358974359,
        "precision": 0.571964956195244,
        "recall": 0.6005256241787122
    },
    "StockCode": {
        "tp": 3231,
        "fp": 15,
        "fn": 17,
        "f1": 0.9950723744995381,
        "precision": 0.9953789279112755,
        "recall": 0.9947660098522167
    },
    "StockAbbr": {
        "tp": 3920,
        "fp": 521,
        "fn": 1175,
        "f1": 0.8221476510067114,
        "precision": 0.8826840801621256,
        "recall": 0.7693817468105987
    },
    "precision": 0.8315746246004964,
    "recall": 0.8394131641554322,
    "micro_f1": 0.8354755092339291,
    "macro_f1": 0.7113128345628561
}