{
    "EquityHolder": {
        "tp": 8302,
        "fp": 1269,
        "fn": 1311,
        "f1": 0.8655129274395329,
        "precision": 0.8674119736704629,
        "recall": 0.8636221783002185
    },
    "FrozeShares": {
        "tp": 140,
        "fp": 200,
        "fn": 158,
        "f1": 0.438871473354232,
        "precision": 0.4117647058823529,
        "recall": 0.4697986577181208
    },
    "LegalInstitution": {
        "tp": 446,
        "fp": 69,
        "fn": 56,
        "f1": 0.8770894788593904,
        "precision": 0.8660194174757282,
        "recall": 0.8884462151394422
    },
    "TotalHoldingShares": {
        "tp": 1745,
        "fp": 651,
        "fn": 414,
        "f1": 0.7661909989023051,
        "precision": 0.7282971619365609,
        "recall": 0.8082445576655859
    },
    "TotalHoldingRatio": {
        "tp": 1462,
        "fp": 374,
        "fn": 263,
        "f1": 0.8211176635776468,
        "precision": 0.7962962962962963,
        "recall": 0.847536231884058
    },
    "StartDate": {
        "tp": 3784,
        "fp": 1206,
        "fn": 1247,
        "f1": 0.7552140504939626,
        "precision": 0.7583166332665331,
        "recall": 0.7521367521367521
    },
    "EndDate": {
        "tp": 804,
        "fp": 467,
        "fn": 706,
        "f1": 0.5782092772384035,
        "precision": 0.6325727773406766,
        "recall": 0.5324503311258278
    },
    "UnfrozeDate": {
        "tp": 3,
        "fp": 15,
        "fn": 15,
        "f1": 0.16666666666666666,
        "precision": 0.16666666666666666,
        "recall": 0.16666666666666666
    },
    "CompanyName": {
        "tp": 9821,
        "fp": 434,
        "fn": 261,
        "f1": 0.9658258346855485,
        "precision": 0.957679180887372,
        "recall": 0.9741122793096608
    },
    "HighestTradingPrice": {
        "tp": 1500,
        "fp": 246,
        "fn": 124,
        "f1": 0.8902077151335311,
        "precision": 0.8591065292096219,
        "recall": 0.9236453201970444
    },
    "LowestTradingPrice": {
        "tp": 913,
        "fp": 65,
        "fn": 127,
        "f1": 0.9048562933597621,
        "precision": 0.9335378323108384,
        "recall": 0.8778846153846154
    },
    "RepurchasedShares": {
        "tp": 1309,
        "fp": 243,
        "fn": 258,
        "f1": 0.839371593459442,
        "precision": 0.8434278350515464,
        "recall": 0.8353541799617102
    },
    "ClosingDate": {
        "tp": 977,
        "fp": 609,
        "fn": 671,
        "f1": 0.6042053184910329,
        "precision": 0.6160151324085751,
        "recall": 0.5928398058252428
    },
    "RepurchaseAmount": {
        "tp": 1201,
        "fp": 365,
        "fn": 225,
        "f1": 0.8028074866310161,
        "precision": 0.7669220945083014,
        "recall": 0.8422159887798036
    },
    "TradedShares": {
        "tp": 811,
        "fp": 383,
        "fn": 323,
        "f1": 0.6967353951890034,
        "precision": 0.6792294807370184,
        "recall": 0.7151675485008818
    },
    "LaterHoldingShares": {
        "tp": 91,
        "fp": 317,
        "fn": 330,
        "f1": 0.2195416164053076,
        "precision": 0.22303921568627452,
        "recall": 0.2161520190023753
    },
    "AveragePrice": {
        "tp": 198,
        "fp": 70,
        "fn": 11,
        "f1": 0.830188679245283,
        "precision": 0.7388059701492538,
        "recall": 0.9473684210526315
    },
    "Pledger": {
        "tp": 0,
        "fp": 0,
        "fn": 0,
        "f1": 0,
        "precision": 0,
        "recall": 0
    },
    "PledgedShares": {
        "tp": 2338,
        "fp": 794,
        "fn": 533,
        "f1": 0.7789438614026319,
        "precision": 0.7464878671775224,
        "recall": 0.8143504005572971
    },
    "Pledgee": {
        "tp": 2000,
        "fp": 237,
        "fn": 132,
        "f1": 0.9155413138017854,
        "precision": 0.894054537326777,
        "recall": 0.9380863039399625
    },
    "TotalPledgedShares": {
        "tp": 1087,
        "fp": 290,
        "fn": 283,
        "f1": 0.7914088096104842,
        "precision": 0.7893972403776325,
        "recall": 0.7934306569343066
    },
    "ReleasedDate": {
        "tp": 400,
        "fp": 305,
        "fn": 361,
        "f1": 0.5457025920873124,
        "precision": 0.5673758865248227,
        "recall": 0.5256241787122208
    },
    "StockCode": {
        "tp": 3234,
        "fp": 10,
        "fn": 14,
        "f1": 0.9963031423290204,
        "precision": 0.9969173859432799,
        "recall": 0.9956896551724138
    },
    "StockAbbr": {
        "tp": 3976,
        "fp": 592,
        "fn": 1119,
        "f1": 0.8229328365931904,
        "precision": 0.8704028021015762,
        "recall": 0.7803729146221786
    },
    "precision": 0.8347891593277492,
    "recall": 0.8388364213106481,
    "micro_f1": 0.8368078966530921,
    "macro_f1": 0.7030602093731871
}