{
    "EquityHolder": {
        "tp": 8582,
        "fp": 1489,
        "fn": 1031,
        "f1": 0.8719772403982929,
        "precision": 0.8521497368682355,
        "recall": 0.8927494018516592
    },
    "FrozeShares": {
        "tp": 71,
        "fp": 79,
        "fn": 227,
        "f1": 0.3169642857142857,
        "precision": 0.47333333333333333,
        "recall": 0.23825503355704697
    },
    "LegalInstitution": {
        "tp": 454,
        "fp": 85,
        "fn": 48,
        "f1": 0.8722382324687801,
        "precision": 0.8423005565862709,
        "recall": 0.9043824701195219
    },
    "TotalHoldingShares": {
        "tp": 1686,
        "fp": 576,
        "fn": 473,
        "f1": 0.7627233657543543,
        "precision": 0.7453580901856764,
        "recall": 0.7809170912459472
    },
    "TotalHoldingRatio": {
        "tp": 1370,
        "fp": 244,
        "fn": 355,
        "f1": 0.8206049715483678,
        "precision": 0.8488228004956629,
        "recall": 0.7942028985507247
    },
    "StartDate": {
        "tp": 3434,
        "fp": 678,
        "fn": 1597,
        "f1": 0.751175762878705,
        "precision": 0.8351167315175098,
        "recall": 0.6825680779169151
    },
    "EndDate": {
        "tp": 989,
        "fp": 445,
        "fn": 521,
        "f1": 0.6718750000000001,
        "precision": 0.689679218967922,
        "recall": 0.6549668874172185
    },
    "UnfrozeDate": {
        "tp": 0,
        "fp": 0,
        "fn": 18,
        "f1": 0,
        "precision": 0,
        "recall": 0
    },
    "CompanyName": {
        "tp": 9764,
        "fp": 326,
        "fn": 318,
        "f1": 0.9680745587943685,
        "precision": 0.9676907829534193,
        "recall": 0.9684586391588971
    },
    "HighestTradingPrice": {
        "tp": 1496,
        "fp": 590,
        "fn": 128,
        "f1": 0.8064690026954179,
        "precision": 0.7171620325982742,
        "recall": 0.9211822660098522
    },
    "LowestTradingPrice": {
        "tp": 728,
        "fp": 69,
        "fn": 312,
        "f1": 0.7925966249319543,
        "precision": 0.9134253450439147,
        "recall": 0.7
    },
    "RepurchasedShares": {
        "tp": 1492,
        "fp": 262,
        "fn": 75,
        "f1": 0.8985245408009636,
        "precision": 0.8506271379703535,
        "recall": 0.9521378430121251
    },
    "ClosingDate": {
        "tp": 1151,
        "fp": 484,
        "fn": 497,
        "f1": 0.7011879378617119,
        "precision": 0.7039755351681957,
        "recall": 0.6984223300970874
    },
    "RepurchaseAmount": {
        "tp": 1220,
        "fp": 235,
        "fn": 206,
        "f1": 0.8469281499479347,
        "precision": 0.8384879725085911,
        "recall": 0.8555399719495091
    },
    "TradedShares": {
        "tp": 777,
        "fp": 276,
        "fn": 357,
        "f1": 0.7105624142661181,
        "precision": 0.7378917378917379,
        "recall": 0.6851851851851852
    },
    "LaterHoldingShares": {
        "tp": 116,
        "fp": 288,
        "fn": 305,
        "f1": 0.2812121212121212,
        "precision": 0.2871287128712871,
        "recall": 0.2755344418052256
    },
    "AveragePrice": {
        "tp": 181,
        "fp": 36,
        "fn": 28,
        "f1": 0.8497652582159625,
        "precision": 0.8341013824884793,
        "recall": 0.8660287081339713
    },
    "Pledger": {
        "tp": 0,
        "fp": 0,
        "fn": 0,
        "f1": 0,
        "precision": 0,
        "recall": 0
    },
    "PledgedShares": {
        "tp": 2376,
        "fp": 781,
        "fn": 495,
        "f1": 0.7883211678832117,
        "precision": 0.7526132404181185,
        "recall": 0.8275862068965517
    },
    "Pledgee": {
        "tp": 1926,
        "fp": 146,
        "fn": 206,
        "f1": 0.9162702188392008,
        "precision": 0.9295366795366795,
        "recall": 0.9033771106941839
    },
    "TotalPledgedShares": {
        "tp": 1033,
        "fp": 304,
        "fn": 337,
        "f1": 0.7632065016623569,
        "precision": 0.7726252804786836,
        "recall": 0.754014598540146
    },
    "ReleasedDate": {
        "tp": 450,
        "fp": 305,
        "fn": 311,
        "f1": 0.5936675461741425,
        "precision": 0.5960264900662252,
        "recall": 0.5913272010512484
    },
    "StockCode": {
        "tp": 3235,
        "fp": 12,
        "fn": 13,
        "f1": 0.9961508852963817,
        "precision": 0.9963042808746535,
        "recall": 0.9959975369458128
    },
    "StockAbbr": {
        "tp": 4181,
        "fp": 674,
        "fn": 914,
        "f1": 0.8404020100502514,
        "precision": 0.8611740473738414,
        "recall": 0.8206084396467125
    },
    "precision": 0.8478292435022506,
    "recall": 0.8419003676735636,
    "micro_f1": 0.8448544040513655,
    "macro_f1": 0.7008707415581202
}