{
    "EquityHolder": {
        "tp": 8018,
        "fp": 1370,
        "fn": 1595,
        "f1": 0.8439555812851955,
        "precision": 0.8540690242863229,
        "recall": 0.8340788515551857
    },
    "FrozeShares": {
        "tp": 105,
        "fp": 85,
        "fn": 193,
        "f1": 0.43032786885245905,
        "precision": 0.5526315789473685,
        "recall": 0.3523489932885906
    },
    "LegalInstitution": {
        "tp": 449,
        "fp": 59,
        "fn": 53,
        "f1": 0.8891089108910891,
        "precision": 0.8838582677165354,
        "recall": 0.8944223107569721
    },
    "TotalHoldingShares": {
        "tp": 1644,
        "fp": 593,
        "fn": 515,
        "f1": 0.7479526842584168,
        "precision": 0.7349128296826106,
        "recall": 0.76146364057434
    },
    "TotalHoldingRatio": {
        "tp": 1414,
        "fp": 362,
        "fn": 311,
        "f1": 0.8077692087974865,
        "precision": 0.7961711711711712,
        "recall": 0.8197101449275362
    },
    "StartDate": {
        "tp": 3780,
        "fp": 1306,
        "fn": 1251,
        "f1": 0.7472570920233271,
        "precision": 0.7432166732206056,
        "recall": 0.7513416815742398
    },
    "EndDate": {
        "tp": 1022,
        "fp": 551,
        "fn": 488,
        "f1": 0.6629905935776841,
        "precision": 0.6497139224411952,
        "recall": 0.6768211920529801
    },
    "UnfrozeDate": {
        "tp": 0,
        "fp": 0,
        "fn": 18,
        "f1": 0,
        "precision": 0,
        "recall": 0
    },
    "CompanyName": {
        "tp": 9567,
        "fp": 415,
        "fn": 515,
        "f1": 0.9536483253588516,
        "precision": 0.9584251652975355,
        "recall": 0.9489188653045031
    },
    "HighestTradingPrice": {
        "tp": 1247,
        "fp": 1359,
        "fn": 377,
        "f1": 0.5895981087470449,
        "precision": 0.4785111281657713,
        "recall": 0.7678571428571429
    },
    "LowestTradingPrice": {
        "tp": 159,
        "fp": 9,
        "fn": 881,
        "f1": 0.26324503311258285,
        "precision": 0.9464285714285714,
        "recall": 0.1528846153846154
    },
    "RepurchasedShares": {
        "tp": 1412,
        "fp": 247,
        "fn": 155,
        "f1": 0.8753874767513949,
        "precision": 0.8511151295961422,
        "recall": 0.9010848755583918
    },
    "ClosingDate": {
        "tp": 899,
        "fp": 487,
        "fn": 749,
        "f1": 0.5926170072511536,
        "precision": 0.6486291486291487,
        "recall": 0.5455097087378641
    },
    "RepurchaseAmount": {
        "tp": 1203,
        "fp": 276,
        "fn": 223,
        "f1": 0.8282271944922547,
        "precision": 0.8133874239350912,
        "recall": 0.8436185133239832
    },
    "TradedShares": {
        "tp": 822,
        "fp": 339,
        "fn": 312,
        "f1": 0.7163398692810458,
        "precision": 0.7080103359173127,
        "recall": 0.7248677248677249
    },
    "LaterHoldingShares": {
        "tp": 95,
        "fp": 229,
        "fn": 326,
        "f1": 0.2550335570469799,
        "precision": 0.2932098765432099,
        "recall": 0.22565320665083136
    },
    "AveragePrice": {
        "tp": 195,
        "fp": 61,
        "fn": 14,
        "f1": 0.8387096774193549,
        "precision": 0.76171875,
        "recall": 0.9330143540669856
    },
    "Pledger": {
        "tp": 0,
        "fp": 0,
        "fn": 0,
        "f1": 0,
        "precision": 0,
        "recall": 0
    },
    "PledgedShares": {
        "tp": 2259,
        "fp": 826,
        "fn": 612,
        "f1": 0.7585627938213566,
        "precision": 0.7322528363047002,
        "recall": 0.786833855799373
    },
    "Pledgee": {
        "tp": 2002,
        "fp": 139,
        "fn": 130,
        "f1": 0.9370465714954365,
        "precision": 0.935077066791219,
        "recall": 0.9390243902439024
    },
    "TotalPledgedShares": {
        "tp": 1055,
        "fp": 398,
        "fn": 315,
        "f1": 0.7474318101310662,
        "precision": 0.7260839642119752,
        "recall": 0.7700729927007299
    },
    "ReleasedDate": {
        "tp": 473,
        "fp": 403,
        "fn": 288,
        "f1": 0.5778863775198534,
        "precision": 0.5399543378995434,
        "recall": 0.621550591327201
    },
    "StockCode": {
        "tp": 3231,
        "fp": 21,
        "fn": 17,
        "f1": 0.9941538461538462,
        "precision": 0.9935424354243543,
        "recall": 0.9947660098522167
    },
    "StockAbbr": {
        "tp": 4136,
        "fp": 573,
        "fn": 959,
        "f1": 0.8437372501019992,
        "precision": 0.8783181142493098,
        "recall": 0.8117762512266928
    },
    "precision": 0.8171986617234831,
    "recall": 0.8144149664768221,
    "micro_f1": 0.8158044394695745,
    "macro_f1": 0.6625411182654116
}