{
    "EquityHolder": {
        "tp": 8254,
        "fp": 1319,
        "fn": 1359,
        "f1": 0.8604190555613468,
        "precision": 0.8622166509975974,
        "recall": 0.8586289399771143
    },
    "FrozeShares": {
        "tp": 142,
        "fp": 142,
        "fn": 156,
        "f1": 0.4879725085910653,
        "precision": 0.5,
        "recall": 0.47651006711409394
    },
    "LegalInstitution": {
        "tp": 448,
        "fp": 59,
        "fn": 54,
        "f1": 0.88800792864222,
        "precision": 0.883629191321499,
        "recall": 0.8924302788844621
    },
    "TotalHoldingShares": {
        "tp": 1598,
        "fp": 409,
        "fn": 561,
        "f1": 0.7671627460393663,
        "precision": 0.7962132536123567,
        "recall": 0.7401574803149606
    },
    "TotalHoldingRatio": {
        "tp": 1397,
        "fp": 345,
        "fn": 328,
        "f1": 0.8058840496106143,
        "precision": 0.8019517795637199,
        "recall": 0.8098550724637681
    },
    "StartDate": {
        "tp": 3877,
        "fp": 1359,
        "fn": 1154,
        "f1": 0.7552352196357262,
        "precision": 0.7404507257448434,
        "recall": 0.7706221427151659
    },
    "EndDate": {
        "tp": 964,
        "fp": 575,
        "fn": 546,
        "f1": 0.6323384716300426,
        "precision": 0.6263807667316439,
        "recall": 0.6384105960264901
    },
    "UnfrozeDate": {
        "tp": 8,
        "fp": 21,
        "fn": 10,
        "f1": 0.3404255319148936,
        "precision": 0.27586206896551724,
        "recall": 0.4444444444444444
    },
    "CompanyName": {
        "tp": 9505,
        "fp": 355,
        "fn": 577,
        "f1": 0.9532644669541671,
        "precision": 0.9639959432048681,
        "recall": 0.9427692918071812
    },
    "HighestTradingPrice": {
        "tp": 1307,
        "fp": 404,
        "fn": 317,
        "f1": 0.7838080959520239,
        "precision": 0.7638807714786674,
        "recall": 0.8048029556650246
    },
    "LowestTradingPrice": {
        "tp": 819,
        "fp": 233,
        "fn": 221,
        "f1": 0.782982791586998,
        "precision": 0.7785171102661597,
        "recall": 0.7875
    },
    "RepurchasedShares": {
        "tp": 1431,
        "fp": 229,
        "fn": 136,
        "f1": 0.8868918500154942,
        "precision": 0.8620481927710844,
        "recall": 0.9132099553286535
    },
    "ClosingDate": {
        "tp": 1107,
        "fp": 681,
        "fn": 541,
        "f1": 0.6443538998835855,
        "precision": 0.6191275167785235,
        "recall": 0.6717233009708737
    },
    "RepurchaseAmount": {
        "tp": 1217,
        "fp": 312,
        "fn": 209,
        "f1": 0.823688663282572,
        "precision": 0.7959450621321125,
        "recall": 0.8534361851332398
    },
    "TradedShares": {
        "tp": 907,
        "fp": 461,
        "fn": 227,
        "f1": 0.7250199840127897,
        "precision": 0.6630116959064327,
        "recall": 0.7998236331569665
    },
    "LaterHoldingShares": {
        "tp": 106,
        "fp": 285,
        "fn": 315,
        "f1": 0.26108374384236455,
        "precision": 0.2710997442455243,
        "recall": 0.2517814726840855
    },
    "AveragePrice": {
        "tp": 193,
        "fp": 56,
        "fn": 16,
        "f1": 0.8427947598253276,
        "precision": 0.7751004016064257,
        "recall": 0.9234449760765551
    },
    "Pledger": {
        "tp": 0,
        "fp": 0,
        "fn": 0,
        "f1": 0,
        "precision": 0,
        "recall": 0
    },
    "PledgedShares": {
        "tp": 2398,
        "fp": 871,
        "fn": 473,
        "f1": 0.7811074918566775,
        "precision": 0.7335576628938514,
        "recall": 0.8352490421455939
    },
    "Pledgee": {
        "tp": 2017,
        "fp": 138,
        "fn": 115,
        "f1": 0.94098437135526,
        "precision": 0.9359628770301625,
        "recall": 0.9460600375234521
    },
    "TotalPledgedShares": {
        "tp": 1068,
        "fp": 381,
        "fn": 302,
        "f1": 0.7577155019510465,
        "precision": 0.7370600414078675,
        "recall": 0.7795620437956204
    },
    "ReleasedDate": {
        "tp": 435,
        "fp": 422,
        "fn": 326,
        "f1": 0.5377008652657602,
        "precision": 0.5075845974329055,
        "recall": 0.5716162943495401
    },
    "StockCode": {
        "tp": 3235,
        "fp": 13,
        "fn": 13,
        "f1": 0.9959975369458128,
        "precision": 0.9959975369458128,
        "recall": 0.9959975369458128
    },
    "StockAbbr": {
        "tp": 4114,
        "fp": 614,
        "fn": 981,
        "f1": 0.8376259798432251,
        "precision": 0.8701353637901861,
        "recall": 0.8074582924435721
    },
    "precision": 0.8277818285287475,
    "recall": 0.8389265373801457,
    "micro_f1": 0.8333169225260708,
    "macro_f1": 0.7121860630915989
}