{
    "EquityHolder": {
        "tp": 8263,
        "fp": 1386,
        "fn": 1350,
        "f1": 0.8579586751116186,
        "precision": 0.8563581718312778,
        "recall": 0.8595651721626963
    },
    "FrozeShares": {
        "tp": 105,
        "fp": 96,
        "fn": 193,
        "f1": 0.4208416833667335,
        "precision": 0.5223880597014925,
        "recall": 0.3523489932885906
    },
    "LegalInstitution": {
        "tp": 447,
        "fp": 55,
        "fn": 55,
        "f1": 0.8904382470119522,
        "precision": 0.8904382470119522,
        "recall": 0.8904382470119522
    },
    "TotalHoldingShares": {
        "tp": 1709,
        "fp": 561,
        "fn": 450,
        "f1": 0.7717317678934297,
        "precision": 0.752863436123348,
        "recall": 0.7915701713756369
    },
    "TotalHoldingRatio": {
        "tp": 1409,
        "fp": 338,
        "fn": 316,
        "f1": 0.8116359447004609,
        "precision": 0.8065254722381225,
        "recall": 0.8168115942028985
    },
    "StartDate": {
        "tp": 3972,
        "fp": 1565,
        "fn": 1059,
        "f1": 0.7517032551097653,
        "precision": 0.7173559689362471,
        "recall": 0.789505068574836
    },
    "EndDate": {
        "tp": 975,
        "fp": 519,
        "fn": 535,
        "f1": 0.6491344873501997,
        "precision": 0.6526104417670683,
        "recall": 0.6456953642384106
    },
    "UnfrozeDate": {
        "tp": 6,
        "fp": 11,
        "fn": 12,
        "f1": 0.34285714285714286,
        "precision": 0.35294117647058826,
        "recall": 0.3333333333333333
    },
    "CompanyName": {
        "tp": 9450,
        "fp": 380,
        "fn": 632,
        "f1": 0.9491763760546404,
        "precision": 0.9613428280773143,
        "recall": 0.9373140249950407
    },
    "HighestTradingPrice": {
        "tp": 1187,
        "fp": 340,
        "fn": 437,
        "f1": 0.7534116153602032,
        "precision": 0.7773411918795023,
        "recall": 0.7309113300492611
    },
    "LowestTradingPrice": {
        "tp": 895,
        "fp": 299,
        "fn": 145,
        "f1": 0.801253357206804,
        "precision": 0.7495812395309883,
        "recall": 0.8605769230769231
    },
    "RepurchasedShares": {
        "tp": 1289,
        "fp": 213,
        "fn": 278,
        "f1": 0.8400130335614207,
        "precision": 0.8581890812250332,
        "recall": 0.822590938098277
    },
    "ClosingDate": {
        "tp": 893,
        "fp": 415,
        "fn": 755,
        "f1": 0.6041948579161028,
        "precision": 0.6827217125382263,
        "recall": 0.5418689320388349
    },
    "RepurchaseAmount": {
        "tp": 1260,
        "fp": 312,
        "fn": 166,
        "f1": 0.8405603735823883,
        "precision": 0.8015267175572519,
        "recall": 0.8835904628330996
    },
    "TradedShares": {
        "tp": 850,
        "fp": 380,
        "fn": 284,
        "f1": 0.7191201353637902,
        "precision": 0.6910569105691057,
        "recall": 0.7495590828924162
    },
    "LaterHoldingShares": {
        "tp": 108,
        "fp": 240,
        "fn": 313,
        "f1": 0.2808842652795839,
        "precision": 0.3103448275862069,
        "recall": 0.25653206650831356
    },
    "AveragePrice": {
        "tp": 199,
        "fp": 67,
        "fn": 10,
        "f1": 0.8378947368421054,
        "precision": 0.7481203007518797,
        "recall": 0.9521531100478469
    },
    "Pledger": {
        "tp": 0,
        "fp": 0,
        "fn": 0,
        "f1": 0,
        "precision": 0,
        "recall": 0
    },
    "PledgedShares": {
        "tp": 2189,
        "fp": 824,
        "fn": 682,
        "f1": 0.7440516655336505,
        "precision": 0.7265184201792234,
        "recall": 0.7624521072796935
    },
    "Pledgee": {
        "tp": 2020,
        "fp": 152,
        "fn": 112,
        "f1": 0.9386617100371747,
        "precision": 0.9300184162062615,
        "recall": 0.9474671669793621
    },
    "TotalPledgedShares": {
        "tp": 1047,
        "fp": 462,
        "fn": 323,
        "f1": 0.7273358805140674,
        "precision": 0.6938369781312127,
        "recall": 0.7642335766423358
    },
    "ReleasedDate": {
        "tp": 425,
        "fp": 317,
        "fn": 336,
        "f1": 0.5655355954757152,
        "precision": 0.5727762803234502,
        "recall": 0.5584756898817346
    },
    "StockCode": {
        "tp": 3234,
        "fp": 12,
        "fn": 14,
        "f1": 0.9959963042808747,
        "precision": 0.9963031423290203,
        "recall": 0.9956896551724138
    },
    "StockAbbr": {
        "tp": 4002,
        "fp": 497,
        "fn": 1093,
        "f1": 0.8342714196372732,
        "precision": 0.8895310068904201,
        "recall": 0.7854759568204122
    },
    "precision": 0.8295079006772009,
    "recall": 0.8278783072597505,
    "micro_f1": 0.828692302835133,
    "macro_f1": 0.7053609387519626
}