{
    "EquityHolder": {
        "tp": 8259,
        "fp": 1375,
        "fn": 1354,
        "f1": 0.8582116693510676,
        "precision": 0.8572763130579198,
        "recall": 0.8591490689691044
    },
    "FrozeShares": {
        "tp": 112,
        "fp": 107,
        "fn": 186,
        "f1": 0.43326885880077365,
        "precision": 0.5114155251141552,
        "recall": 0.37583892617449666
    },
    "LegalInstitution": {
        "tp": 447,
        "fp": 54,
        "fn": 55,
        "f1": 0.8913260219341975,
        "precision": 0.8922155688622755,
        "recall": 0.8904382470119522
    },
    "TotalHoldingShares": {
        "tp": 1680,
        "fp": 565,
        "fn": 479,
        "f1": 0.7629427792915531,
        "precision": 0.7483296213808464,
        "recall": 0.778138026864289
    },
    "TotalHoldingRatio": {
        "tp": 1398,
        "fp": 345,
        "fn": 327,
        "f1": 0.8062283737024222,
        "precision": 0.802065404475043,
        "recall": 0.8104347826086956
    },
    "StartDate": {
        "tp": 3833,
        "fp": 1413,
        "fn": 1198,
        "f1": 0.7459375304077065,
        "precision": 0.7306519252764011,
        "recall": 0.7618763665275293
    },
    "EndDate": {
        "tp": 902,
        "fp": 413,
        "fn": 608,
        "f1": 0.6385840707964601,
        "precision": 0.6859315589353612,
        "recall": 0.5973509933774834
    },
    "UnfrozeDate": {
        "tp": 4,
        "fp": 10,
        "fn": 14,
        "f1": 0.25,
        "precision": 0.2857142857142857,
        "recall": 0.2222222222222222
    },
    "CompanyName": {
        "tp": 9461,
        "fp": 372,
        "fn": 621,
        "f1": 0.9501380868691941,
        "precision": 0.9621682090918336,
        "recall": 0.9384050783574688
    },
    "HighestTradingPrice": {
        "tp": 1257,
        "fp": 628,
        "fn": 367,
        "f1": 0.7164434311769735,
        "precision": 0.6668435013262599,
        "recall": 0.7740147783251231
    },
    "LowestTradingPrice": {
        "tp": 726,
        "fp": 148,
        "fn": 314,
        "f1": 0.7586206896551723,
        "precision": 0.8306636155606407,
        "recall": 0.698076923076923
    },
    "RepurchasedShares": {
        "tp": 1340,
        "fp": 194,
        "fn": 227,
        "f1": 0.8642373427926476,
        "precision": 0.8735332464146024,
        "recall": 0.8551372048500319
    },
    "ClosingDate": {
        "tp": 975,
        "fp": 525,
        "fn": 673,
        "f1": 0.619440914866582,
        "precision": 0.65,
        "recall": 0.591626213592233
    },
    "RepurchaseAmount": {
        "tp": 1208,
        "fp": 300,
        "fn": 218,
        "f1": 0.8234492160872527,
        "precision": 0.8010610079575596,
        "recall": 0.847124824684432
    },
    "TradedShares": {
        "tp": 795,
        "fp": 333,
        "fn": 339,
        "f1": 0.7029177718832891,
        "precision": 0.7047872340425532,
        "recall": 0.701058201058201
    },
    "LaterHoldingShares": {
        "tp": 85,
        "fp": 179,
        "fn": 336,
        "f1": 0.2481751824817518,
        "precision": 0.32196969696969696,
        "recall": 0.20190023752969122
    },
    "AveragePrice": {
        "tp": 191,
        "fp": 58,
        "fn": 18,
        "f1": 0.834061135371179,
        "precision": 0.7670682730923695,
        "recall": 0.9138755980861244
    },
    "Pledger": {
        "tp": 0,
        "fp": 0,
        "fn": 0,
        "f1": 0,
        "precision": 0,
        "recall": 0
    },
    "PledgedShares": {
        "tp": 2171,
        "fp": 763,
        "fn": 700,
        "f1": 0.7479758828596037,
        "precision": 0.7399454669393319,
        "recall": 0.7561825148032044
    },
    "Pledgee": {
        "tp": 1997,
        "fp": 132,
        "fn": 135,
        "f1": 0.9373386528983806,
        "precision": 0.9379990605918271,
        "recall": 0.9366791744840526
    },
    "TotalPledgedShares": {
        "tp": 1156,
        "fp": 480,
        "fn": 214,
        "f1": 0.7691284098469727,
        "precision": 0.706601466992665,
        "recall": 0.8437956204379562
    },
    "ReleasedDate": {
        "tp": 465,
        "fp": 524,
        "fn": 296,
        "f1": 0.5314285714285714,
        "precision": 0.47017189079878663,
        "recall": 0.6110381077529566
    },
    "StockCode": {
        "tp": 3228,
        "fp": 18,
        "fn": 20,
        "f1": 0.9941484447182014,
        "precision": 0.9944547134935305,
        "recall": 0.9938423645320197
    },
    "StockAbbr": {
        "tp": 4053,
        "fp": 499,
        "fn": 1042,
        "f1": 0.8402612211050068,
        "precision": 0.8903778558875219,
        "recall": 0.7954857703631011
    },
    "precision": 0.8290079379462829,
    "recall": 0.8244358734049456,
    "micro_f1": 0.8267155843921128,
    "macro_f1": 0.6968443440968733
}