{
    "EquityHolder": {
        "tp": 8344,
        "fp": 1309,
        "fn": 1269,
        "f1": 0.8661891414927854,
        "precision": 0.864394488759971,
        "recall": 0.8679912618329345
    },
    "FrozeShares": {
        "tp": 125,
        "fp": 109,
        "fn": 173,
        "f1": 0.4699248120300752,
        "precision": 0.5341880341880342,
        "recall": 0.41946308724832215
    },
    "LegalInstitution": {
        "tp": 447,
        "fp": 57,
        "fn": 55,
        "f1": 0.8886679920477137,
        "precision": 0.8869047619047619,
        "recall": 0.8904382470119522
    },
    "TotalHoldingShares": {
        "tp": 1712,
        "fp": 591,
        "fn": 447,
        "f1": 0.7673688928731511,
        "precision": 0.7433782023447677,
        "recall": 0.792959703566466
    },
    "TotalHoldingRatio": {
        "tp": 1413,
        "fp": 367,
        "fn": 312,
        "f1": 0.8062767475035663,
        "precision": 0.7938202247191011,
        "recall": 0.8191304347826087
    },
    "StartDate": {
        "tp": 3824,
        "fp": 1302,
        "fn": 1207,
        "f1": 0.7529782416067737,
        "precision": 0.7460007803355443,
        "recall": 0.7600874577618764
    },
    "EndDate": {
        "tp": 995,
        "fp": 589,
        "fn": 515,
        "f1": 0.6431803490627019,
        "precision": 0.6281565656565656,
        "recall": 0.6589403973509934
    },
    "UnfrozeDate": {
        "tp": 8,
        "fp": 22,
        "fn": 10,
        "f1": 0.33333333333333337,
        "precision": 0.26666666666666666,
        "recall": 0.4444444444444444
    },
    "CompanyName": {
        "tp": 9582,
        "fp": 349,
        "fn": 500,
        "f1": 0.9575775745765253,
        "precision": 0.964857516866378,
        "recall": 0.9504066653441777
    },
    "HighestTradingPrice": {
        "tp": 1259,
        "fp": 312,
        "fn": 365,
        "f1": 0.7881064162754303,
        "precision": 0.8014003819223424,
        "recall": 0.7752463054187192
    },
    "LowestTradingPrice": {
        "tp": 898,
        "fp": 320,
        "fn": 142,
        "f1": 0.7953941541186892,
        "precision": 0.7372742200328407,
        "recall": 0.8634615384615385
    },
    "RepurchasedShares": {
        "tp": 1429,
        "fp": 208,
        "fn": 138,
        "f1": 0.8920099875156056,
        "precision": 0.8729383017715333,
        "recall": 0.9119336311423102
    },
    "ClosingDate": {
        "tp": 1074,
        "fp": 516,
        "fn": 574,
        "f1": 0.663372452130945,
        "precision": 0.6754716981132075,
        "recall": 0.6516990291262136
    },
    "RepurchaseAmount": {
        "tp": 1257,
        "fp": 307,
        "fn": 169,
        "f1": 0.8408026755852843,
        "precision": 0.8037084398976982,
        "recall": 0.8814866760168303
    },
    "TradedShares": {
        "tp": 841,
        "fp": 364,
        "fn": 293,
        "f1": 0.7191107310816588,
        "precision": 0.6979253112033195,
        "recall": 0.7416225749559083
    },
    "LaterHoldingShares": {
        "tp": 102,
        "fp": 283,
        "fn": 319,
        "f1": 0.25310173697270466,
        "precision": 0.2649350649350649,
        "recall": 0.24228028503562946
    },
    "AveragePrice": {
        "tp": 195,
        "fp": 48,
        "fn": 14,
        "f1": 0.8628318584070797,
        "precision": 0.8024691358024691,
        "recall": 0.9330143540669856
    },
    "Pledger": {
        "tp": 0,
        "fp": 0,
        "fn": 0,
        "f1": 0,
        "precision": 0,
        "recall": 0
    },
    "PledgedShares": {
        "tp": 2338,
        "fp": 870,
        "fn": 533,
        "f1": 0.7692054614245765,
        "precision": 0.7288029925187033,
        "recall": 0.8143504005572971
    },
    "Pledgee": {
        "tp": 2006,
        "fp": 148,
        "fn": 126,
        "f1": 0.9360709286047596,
        "precision": 0.9312906220984215,
        "recall": 0.9409005628517824
    },
    "TotalPledgedShares": {
        "tp": 1104,
        "fp": 447,
        "fn": 266,
        "f1": 0.7559055118110237,
        "precision": 0.7117988394584139,
        "recall": 0.8058394160583942
    },
    "ReleasedDate": {
        "tp": 450,
        "fp": 524,
        "fn": 311,
        "f1": 0.5187319884726225,
        "precision": 0.4620123203285421,
        "recall": 0.5913272010512484
    },
    "StockCode": {
        "tp": 3234,
        "fp": 12,
        "fn": 14,
        "f1": 0.9959963042808747,
        "precision": 0.9963031423290203,
        "recall": 0.9956896551724138
    },
    "StockAbbr": {
        "tp": 4010,
        "fp": 553,
        "fn": 1085,
        "f1": 0.8303996686684614,
        "precision": 0.878807801884725,
        "recall": 0.7870461236506379
    },
    "precision": 0.8292210331709745,
    "recall": 0.8407288587700958,
    "micro_f1": 0.8349352950652419,
    "macro_f1": 0.7127723733281811
}