{
    "EquityHolder": {
        "tp": 8352,
        "fp": 1401,
        "fn": 1261,
        "f1": 0.86254260043375,
        "precision": 0.8563518917256229,
        "recall": 0.8688234682201186
    },
    "FrozeShares": {
        "tp": 131,
        "fp": 132,
        "fn": 167,
        "f1": 0.46702317290552586,
        "precision": 0.49809885931558934,
        "recall": 0.4395973154362416
    },
    "LegalInstitution": {
        "tp": 447,
        "fp": 53,
        "fn": 55,
        "f1": 0.8922155688622754,
        "precision": 0.894,
        "recall": 0.8904382470119522
    },
    "TotalHoldingShares": {
        "tp": 1691,
        "fp": 525,
        "fn": 468,
        "f1": 0.7730285714285713,
        "precision": 0.7630866425992779,
        "recall": 0.7832329782306623
    },
    "TotalHoldingRatio": {
        "tp": 1414,
        "fp": 342,
        "fn": 311,
        "f1": 0.8124102269462798,
        "precision": 0.8052391799544419,
        "recall": 0.8197101449275362
    },
    "StartDate": {
        "tp": 3880,
        "fp": 1450,
        "fn": 1151,
        "f1": 0.7489624553614516,
        "precision": 0.7279549718574109,
        "recall": 0.7712184456370503
    },
    "EndDate": {
        "tp": 1019,
        "fp": 638,
        "fn": 491,
        "f1": 0.6435112093463845,
        "precision": 0.6149668074834037,
        "recall": 0.6748344370860927
    },
    "UnfrozeDate": {
        "tp": 7,
        "fp": 16,
        "fn": 11,
        "f1": 0.34146341463414637,
        "precision": 0.30434782608695654,
        "recall": 0.3888888888888889
    },
    "CompanyName": {
        "tp": 9455,
        "fp": 375,
        "fn": 627,
        "f1": 0.9496785857774207,
        "precision": 0.9618514750762971,
        "recall": 0.9378099583415989
    },
    "HighestTradingPrice": {
        "tp": 1285,
        "fp": 376,
        "fn": 339,
        "f1": 0.78234398782344,
        "precision": 0.773630343166767,
        "recall": 0.791256157635468
    },
    "LowestTradingPrice": {
        "tp": 865,
        "fp": 255,
        "fn": 175,
        "f1": 0.8009259259259258,
        "precision": 0.7723214285714286,
        "recall": 0.8317307692307693
    },
    "RepurchasedShares": {
        "tp": 1342,
        "fp": 275,
        "fn": 225,
        "f1": 0.842964824120603,
        "precision": 0.8299319727891157,
        "recall": 0.8564135290363752
    },
    "ClosingDate": {
        "tp": 1019,
        "fp": 482,
        "fn": 629,
        "f1": 0.647189583994919,
        "precision": 0.6788807461692206,
        "recall": 0.6183252427184466
    },
    "RepurchaseAmount": {
        "tp": 1294,
        "fp": 303,
        "fn": 132,
        "f1": 0.8561032087330467,
        "precision": 0.8102692548528491,
        "recall": 0.9074333800841514
    },
    "TradedShares": {
        "tp": 897,
        "fp": 447,
        "fn": 237,
        "f1": 0.7239709443099274,
        "precision": 0.6674107142857143,
        "recall": 0.791005291005291
    },
    "LaterHoldingShares": {
        "tp": 110,
        "fp": 253,
        "fn": 311,
        "f1": 0.2806122448979592,
        "precision": 0.30303030303030304,
        "recall": 0.26128266033254155
    },
    "AveragePrice": {
        "tp": 199,
        "fp": 78,
        "fn": 10,
        "f1": 0.8189300411522633,
        "precision": 0.7184115523465704,
        "recall": 0.9521531100478469
    },
    "Pledger": {
        "tp": 0,
        "fp": 0,
        "fn": 0,
        "f1": 0,
        "precision": 0,
        "recall": 0
    },
    "PledgedShares": {
        "tp": 2179,
        "fp": 763,
        "fn": 692,
        "f1": 0.749698950627903,
        "precision": 0.7406526172671652,
        "recall": 0.7589690003483107
    },
    "Pledgee": {
        "tp": 2027,
        "fp": 155,
        "fn": 105,
        "f1": 0.9397311080203986,
        "precision": 0.9289642529789184,
        "recall": 0.950750469043152
    },
    "TotalPledgedShares": {
        "tp": 1105,
        "fp": 411,
        "fn": 265,
        "f1": 0.7657657657657658,
        "precision": 0.728891820580475,
        "recall": 0.8065693430656934
    },
    "ReleasedDate": {
        "tp": 430,
        "fp": 430,
        "fn": 331,
        "f1": 0.5305367057371994,
        "precision": 0.5,
        "recall": 0.5650459921156373
    },
    "StockCode": {
        "tp": 3238,
        "fp": 18,
        "fn": 10,
        "f1": 0.9956949569495694,
        "precision": 0.9944717444717445,
        "recall": 0.9969211822660099
    },
    "StockAbbr": {
        "tp": 4079,
        "fp": 546,
        "fn": 1016,
        "f1": 0.8393004115226339,
        "precision": 0.881945945945946,
        "recall": 0.8005888125613346
    },
    "precision": 0.8269412162522913,
    "recall": 0.8374486338403864,
    "micro_f1": 0.8321617579898454,
    "macro_f1": 0.7110251860532234
}