{
    "EquityHolder": {
        "tp": 8162,
        "fp": 1283,
        "fn": 1451,
        "f1": 0.8565431839647393,
        "precision": 0.8641609317098994,
        "recall": 0.8490585665244981
    },
    "FrozeShares": {
        "tp": 9,
        "fp": 7,
        "fn": 289,
        "f1": 0.05732484076433121,
        "precision": 0.5625,
        "recall": 0.030201342281879196
    },
    "LegalInstitution": {
        "tp": 451,
        "fp": 68,
        "fn": 51,
        "f1": 0.8834476003917727,
        "precision": 0.8689788053949904,
        "recall": 0.898406374501992
    },
    "TotalHoldingShares": {
        "tp": 1688,
        "fp": 832,
        "fn": 471,
        "f1": 0.7215216926693738,
        "precision": 0.6698412698412698,
        "recall": 0.7818434460398332
    },
    "TotalHoldingRatio": {
        "tp": 1385,
        "fp": 358,
        "fn": 340,
        "f1": 0.7987312572087659,
        "precision": 0.7946069994262766,
        "recall": 0.8028985507246377
    },
    "StartDate": {
        "tp": 3692,
        "fp": 1069,
        "fn": 1339,
        "f1": 0.7540849673202615,
        "precision": 0.7754673387943709,
        "recall": 0.7338501291989664
    },
    "EndDate": {
        "tp": 1039,
        "fp": 477,
        "fn": 471,
        "f1": 0.6867151354923994,
        "precision": 0.6853562005277045,
        "recall": 0.6880794701986755
    },
    "UnfrozeDate": {
        "tp": 0,
        "fp": 0,
        "fn": 18,
        "f1": 0,
        "precision": 0,
        "recall": 0
    },
    "CompanyName": {
        "tp": 9507,
        "fp": 506,
        "fn": 575,
        "f1": 0.9462055237621299,
        "precision": 0.9494656945970239,
        "recall": 0.9429676651458044
    },
    "HighestTradingPrice": {
        "tp": 1501,
        "fp": 1305,
        "fn": 123,
        "f1": 0.6776523702031603,
        "precision": 0.5349251603706343,
        "recall": 0.9242610837438424
    },
    "LowestTradingPrice": {
        "tp": 0,
        "fp": 0,
        "fn": 1040,
        "f1": 0,
        "precision": 0,
        "recall": 0
    },
    "RepurchasedShares": {
        "tp": 1450,
        "fp": 243,
        "fn": 117,
        "f1": 0.8895705521472392,
        "precision": 0.8564678086237448,
        "recall": 0.9253350350989151
    },
    "ClosingDate": {
        "tp": 1205,
        "fp": 456,
        "fn": 443,
        "f1": 0.7283167119975824,
        "precision": 0.7254665863937387,
        "recall": 0.7311893203883495
    },
    "RepurchaseAmount": {
        "tp": 1202,
        "fp": 247,
        "fn": 224,
        "f1": 0.8361739130434783,
        "precision": 0.8295376121463078,
        "recall": 0.8429172510518934
    },
    "TradedShares": {
        "tp": 848,
        "fp": 370,
        "fn": 286,
        "f1": 0.7210884353741497,
        "precision": 0.6962233169129721,
        "recall": 0.7477954144620811
    },
    "LaterHoldingShares": {
        "tp": 56,
        "fp": 148,
        "fn": 365,
        "f1": 0.1792,
        "precision": 0.27450980392156865,
        "recall": 0.1330166270783848
    },
    "AveragePrice": {
        "tp": 197,
        "fp": 63,
        "fn": 12,
        "f1": 0.8400852878464818,
        "precision": 0.7576923076923077,
        "recall": 0.9425837320574163
    },
    "Pledger": {
        "tp": 0,
        "fp": 0,
        "fn": 0,
        "f1": 0,
        "precision": 0,
        "recall": 0
    },
    "PledgedShares": {
        "tp": 2487,
        "fp": 896,
        "fn": 384,
        "f1": 0.7953309881675727,
        "precision": 0.7351463198344664,
        "recall": 0.8662486938349008
    },
    "Pledgee": {
        "tp": 2008,
        "fp": 149,
        "fn": 124,
        "f1": 0.9363487992539054,
        "precision": 0.9309225776541493,
        "recall": 0.9418386491557224
    },
    "TotalPledgedShares": {
        "tp": 1199,
        "fp": 454,
        "fn": 171,
        "f1": 0.7932517366854118,
        "precision": 0.7253478523895946,
        "recall": 0.8751824817518248
    },
    "ReleasedDate": {
        "tp": 462,
        "fp": 441,
        "fn": 299,
        "f1": 0.5552884615384616,
        "precision": 0.5116279069767442,
        "recall": 0.607095926412615
    },
    "StockCode": {
        "tp": 3226,
        "fp": 20,
        "fn": 22,
        "f1": 0.9935324915306436,
        "precision": 0.9938385705483672,
        "recall": 0.9932266009852216
    },
    "StockAbbr": {
        "tp": 4127,
        "fp": 460,
        "fn": 968,
        "f1": 0.8525098120223094,
        "precision": 0.8997165903640724,
        "recall": 0.8100098135426889
    },
    "precision": 0.8232920201603501,
    "recall": 0.827283541201067,
    "micro_f1": 0.8252829544126505,
    "macro_f1": 0.6459551567243405
}