{
    "EquityHolder": {
        "tp": 8171,
        "fp": 1424,
        "fn": 1442,
        "f1": 0.8507913369429405,
        "precision": 0.8515893694632621,
        "recall": 0.8499947987100801
    },
    "FrozeShares": {
        "tp": 132,
        "fp": 118,
        "fn": 166,
        "f1": 0.48175182481751827,
        "precision": 0.528,
        "recall": 0.4429530201342282
    },
    "LegalInstitution": {
        "tp": 448,
        "fp": 55,
        "fn": 54,
        "f1": 0.891542288557214,
        "precision": 0.8906560636182903,
        "recall": 0.8924302788844621
    },
    "TotalHoldingShares": {
        "tp": 1687,
        "fp": 582,
        "fn": 472,
        "f1": 0.7619692863595304,
        "precision": 0.743499338915822,
        "recall": 0.7813802686428902
    },
    "TotalHoldingRatio": {
        "tp": 1467,
        "fp": 451,
        "fn": 258,
        "f1": 0.8053801811693658,
        "precision": 0.764859228362878,
        "recall": 0.8504347826086956
    },
    "StartDate": {
        "tp": 3739,
        "fp": 1297,
        "fn": 1292,
        "f1": 0.7428230853283005,
        "precision": 0.7424543288324067,
        "recall": 0.7431922083084874
    },
    "EndDate": {
        "tp": 966,
        "fp": 522,
        "fn": 544,
        "f1": 0.6444296197464976,
        "precision": 0.6491935483870968,
        "recall": 0.6397350993377483
    },
    "UnfrozeDate": {
        "tp": 1,
        "fp": 1,
        "fn": 17,
        "f1": 0.09999999999999999,
        "precision": 0.5,
        "recall": 0.05555555555555555
    },
    "CompanyName": {
        "tp": 9518,
        "fp": 369,
        "fn": 564,
        "f1": 0.9532775802493866,
        "precision": 0.9626782643875796,
        "recall": 0.9440587185082325
    },
    "HighestTradingPrice": {
        "tp": 1057,
        "fp": 604,
        "fn": 567,
        "f1": 0.643531202435312,
        "precision": 0.6363636363636364,
        "recall": 0.6508620689655172
    },
    "LowestTradingPrice": {
        "tp": 795,
        "fp": 304,
        "fn": 245,
        "f1": 0.7433380084151472,
        "precision": 0.7233848953594176,
        "recall": 0.7644230769230769
    },
    "RepurchasedShares": {
        "tp": 1375,
        "fp": 241,
        "fn": 192,
        "f1": 0.8639648130694314,
        "precision": 0.8508663366336634,
        "recall": 0.8774728781110402
    },
    "ClosingDate": {
        "tp": 993,
        "fp": 572,
        "fn": 655,
        "f1": 0.6181139122315593,
        "precision": 0.6345047923322684,
        "recall": 0.6025485436893204
    },
    "RepurchaseAmount": {
        "tp": 1238,
        "fp": 299,
        "fn": 188,
        "f1": 0.8356395545055686,
        "precision": 0.8054651919323357,
        "recall": 0.8681626928471248
    },
    "TradedShares": {
        "tp": 891,
        "fp": 424,
        "fn": 243,
        "f1": 0.7276439363005307,
        "precision": 0.6775665399239543,
        "recall": 0.7857142857142857
    },
    "LaterHoldingShares": {
        "tp": 107,
        "fp": 252,
        "fn": 314,
        "f1": 0.27435897435897433,
        "precision": 0.298050139275766,
        "recall": 0.25415676959619954
    },
    "AveragePrice": {
        "tp": 197,
        "fp": 80,
        "fn": 12,
        "f1": 0.8106995884773663,
        "precision": 0.7111913357400722,
        "recall": 0.9425837320574163
    },
    "Pledger": {
        "tp": 0,
        "fp": 0,
        "fn": 0,
        "f1": 0,
        "precision": 0,
        "recall": 0
    },
    "PledgedShares": {
        "tp": 2180,
        "fp": 836,
        "fn": 691,
        "f1": 0.740614914217768,
        "precision": 0.7228116710875332,
        "recall": 0.759317311041449
    },
    "Pledgee": {
        "tp": 2000,
        "fp": 130,
        "fn": 132,
        "f1": 0.938526513374003,
        "precision": 0.9389671361502347,
        "recall": 0.9380863039399625
    },
    "TotalPledgedShares": {
        "tp": 1076,
        "fp": 432,
        "fn": 294,
        "f1": 0.7477414871438498,
        "precision": 0.713527851458886,
        "recall": 0.7854014598540145
    },
    "ReleasedDate": {
        "tp": 458,
        "fp": 412,
        "fn": 303,
        "f1": 0.5616186388718577,
        "precision": 0.5264367816091954,
        "recall": 0.6018396846254928
    },
    "StockCode": {
        "tp": 3235,
        "fp": 15,
        "fn": 13,
        "f1": 0.9956909818405663,
        "precision": 0.9953846153846154,
        "recall": 0.9959975369458128
    },
    "StockAbbr": {
        "tp": 4064,
        "fp": 541,
        "fn": 1031,
        "f1": 0.837938144329897,
        "precision": 0.8825190010857763,
        "recall": 0.7976447497546615
    },
    "precision": 0.821346581533826,
    "recall": 0.8253730805277197,
    "micro_f1": 0.8233549083063647,
    "macro_f1": 0.6904744113642746
}