{
    "EquityHolder": {
        "tp": 8249,
        "fp": 1448,
        "fn": 1364,
        "f1": 0.8543759709994821,
        "precision": 0.8506754666391667,
        "recall": 0.8581088109851243
    },
    "FrozeShares": {
        "tp": 137,
        "fp": 126,
        "fn": 161,
        "f1": 0.4884135472370767,
        "precision": 0.5209125475285171,
        "recall": 0.4597315436241611
    },
    "LegalInstitution": {
        "tp": 449,
        "fp": 57,
        "fn": 53,
        "f1": 0.8908730158730158,
        "precision": 0.8873517786561265,
        "recall": 0.8944223107569721
    },
    "TotalHoldingShares": {
        "tp": 1705,
        "fp": 569,
        "fn": 454,
        "f1": 0.7692307692307692,
        "precision": 0.7497801231310466,
        "recall": 0.7897174617878647
    },
    "TotalHoldingRatio": {
        "tp": 1443,
        "fp": 441,
        "fn": 282,
        "f1": 0.7996674979218621,
        "precision": 0.7659235668789809,
        "recall": 0.8365217391304348
    },
    "StartDate": {
        "tp": 3959,
        "fp": 1528,
        "fn": 1072,
        "f1": 0.7528047157254231,
        "precision": 0.7215236012392928,
        "recall": 0.7869210892466706
    },
    "EndDate": {
        "tp": 1030,
        "fp": 658,
        "fn": 480,
        "f1": 0.6441525953721076,
        "precision": 0.6101895734597157,
        "recall": 0.6821192052980133
    },
    "UnfrozeDate": {
        "tp": 7,
        "fp": 12,
        "fn": 11,
        "f1": 0.37837837837837834,
        "precision": 0.3684210526315789,
        "recall": 0.3888888888888889
    },
    "CompanyName": {
        "tp": 9342,
        "fp": 414,
        "fn": 740,
        "f1": 0.9418288133884465,
        "precision": 0.9575645756457565,
        "recall": 0.9266018647093831
    },
    "HighestTradingPrice": {
        "tp": 1296,
        "fp": 446,
        "fn": 328,
        "f1": 0.770053475935829,
        "precision": 0.7439724454649828,
        "recall": 0.7980295566502463
    },
    "LowestTradingPrice": {
        "tp": 815,
        "fp": 242,
        "fn": 225,
        "f1": 0.7773009060562709,
        "precision": 0.771050141911069,
        "recall": 0.7836538461538461
    },
    "RepurchasedShares": {
        "tp": 1256,
        "fp": 294,
        "fn": 311,
        "f1": 0.8059031119666346,
        "precision": 0.8103225806451613,
        "recall": 0.801531589023612
    },
    "ClosingDate": {
        "tp": 1121,
        "fp": 651,
        "fn": 527,
        "f1": 0.6555555555555556,
        "precision": 0.6326185101580135,
        "recall": 0.6802184466019418
    },
    "RepurchaseAmount": {
        "tp": 1320,
        "fp": 326,
        "fn": 106,
        "f1": 0.859375,
        "precision": 0.8019441069258809,
        "recall": 0.9256661991584852
    },
    "TradedShares": {
        "tp": 835,
        "fp": 375,
        "fn": 299,
        "f1": 0.7124573378839589,
        "precision": 0.6900826446280992,
        "recall": 0.736331569664903
    },
    "LaterHoldingShares": {
        "tp": 121,
        "fp": 256,
        "fn": 300,
        "f1": 0.30325814536340856,
        "precision": 0.3209549071618037,
        "recall": 0.28741092636579574
    },
    "AveragePrice": {
        "tp": 196,
        "fp": 71,
        "fn": 13,
        "f1": 0.823529411764706,
        "precision": 0.7340823970037453,
        "recall": 0.937799043062201
    },
    "Pledger": {
        "tp": 0,
        "fp": 0,
        "fn": 0,
        "f1": 0,
        "precision": 0,
        "recall": 0
    },
    "PledgedShares": {
        "tp": 2276,
        "fp": 859,
        "fn": 595,
        "f1": 0.757908757908758,
        "precision": 0.7259968102073365,
        "recall": 0.7927551375827238
    },
    "Pledgee": {
        "tp": 2010,
        "fp": 140,
        "fn": 122,
        "f1": 0.9388136384866884,
        "precision": 0.9348837209302325,
        "recall": 0.9427767354596623
    },
    "TotalPledgedShares": {
        "tp": 1056,
        "fp": 434,
        "fn": 314,
        "f1": 0.7384615384615384,
        "precision": 0.7087248322147651,
        "recall": 0.7708029197080292
    },
    "ReleasedDate": {
        "tp": 478,
        "fp": 517,
        "fn": 283,
        "f1": 0.5444191343963553,
        "precision": 0.48040201005025124,
        "recall": 0.6281208935611038
    },
    "StockCode": {
        "tp": 3238,
        "fp": 19,
        "fn": 10,
        "f1": 0.9955418908531899,
        "precision": 0.9941664108074916,
        "recall": 0.9969211822660099
    },
    "StockAbbr": {
        "tp": 4034,
        "fp": 517,
        "fn": 1061,
        "f1": 0.8364088741447231,
        "precision": 0.8863985937156669,
        "recall": 0.791756624141315
    },
    "precision": 0.816814330755817,
    "recall": 0.8357904981616322,
    "micro_f1": 0.8261934667771276,
    "macro_f1": 0.7099463367876742
}