{
    "EquityHolder": {
        "tp": 8294,
        "fp": 1387,
        "fn": 1319,
        "f1": 0.8597491448118586,
        "precision": 0.8567296766862927,
        "recall": 0.8627899719130344
    },
    "FrozeShares": {
        "tp": 0,
        "fp": 0,
        "fn": 298,
        "f1": 0,
        "precision": 0,
        "recall": 0
    },
    "LegalInstitution": {
        "tp": 452,
        "fp": 74,
        "fn": 50,
        "f1": 0.8793774319066147,
        "precision": 0.8593155893536122,
        "recall": 0.900398406374502
    },
    "TotalHoldingShares": {
        "tp": 1696,
        "fp": 842,
        "fn": 463,
        "f1": 0.7221630828188204,
        "precision": 0.6682427107959023,
        "recall": 0.7855488652153775
    },
    "TotalHoldingRatio": {
        "tp": 1384,
        "fp": 415,
        "fn": 341,
        "f1": 0.7854710556186152,
        "precision": 0.7693162868260145,
        "recall": 0.8023188405797101
    },
    "StartDate": {
        "tp": 3626,
        "fp": 1050,
        "fn": 1405,
        "f1": 0.747089729061502,
        "precision": 0.7754491017964071,
        "recall": 0.7207314649175114
    },
    "EndDate": {
        "tp": 1026,
        "fp": 482,
        "fn": 484,
        "f1": 0.679920477137177,
        "precision": 0.6803713527851459,
        "recall": 0.6794701986754967
    },
    "UnfrozeDate": {
        "tp": 0,
        "fp": 0,
        "fn": 18,
        "f1": 0,
        "precision": 0,
        "recall": 0
    },
    "CompanyName": {
        "tp": 9643,
        "fp": 468,
        "fn": 439,
        "f1": 0.9550834447580844,
        "precision": 0.9537137770744734,
        "recall": 0.956457052172188
    },
    "HighestTradingPrice": {
        "tp": 1509,
        "fp": 1312,
        "fn": 115,
        "f1": 0.67896512935883,
        "precision": 0.5349166962070188,
        "recall": 0.9291871921182266
    },
    "LowestTradingPrice": {
        "tp": 0,
        "fp": 0,
        "fn": 1040,
        "f1": 0,
        "precision": 0,
        "recall": 0
    },
    "RepurchasedShares": {
        "tp": 1456,
        "fp": 263,
        "fn": 111,
        "f1": 0.8861838101034692,
        "precision": 0.8470040721349622,
        "recall": 0.9291640076579452
    },
    "ClosingDate": {
        "tp": 1174,
        "fp": 362,
        "fn": 474,
        "f1": 0.7374371859296482,
        "precision": 0.7643229166666666,
        "recall": 0.712378640776699
    },
    "RepurchaseAmount": {
        "tp": 1115,
        "fp": 224,
        "fn": 311,
        "f1": 0.8065099457504521,
        "precision": 0.8327109783420463,
        "recall": 0.7819074333800842
    },
    "TradedShares": {
        "tp": 848,
        "fp": 358,
        "fn": 286,
        "f1": 0.7247863247863249,
        "precision": 0.703150912106136,
        "recall": 0.7477954144620811
    },
    "LaterHoldingShares": {
        "tp": 44,
        "fp": 109,
        "fn": 377,
        "f1": 0.15331010452961671,
        "precision": 0.2875816993464052,
        "recall": 0.10451306413301663
    },
    "AveragePrice": {
        "tp": 196,
        "fp": 65,
        "fn": 13,
        "f1": 0.8340425531914893,
        "precision": 0.7509578544061303,
        "recall": 0.937799043062201
    },
    "Pledger": {
        "tp": 0,
        "fp": 0,
        "fn": 0,
        "f1": 0,
        "precision": 0,
        "recall": 0
    },
    "PledgedShares": {
        "tp": 2487,
        "fp": 933,
        "fn": 384,
        "f1": 0.7906533142584645,
        "precision": 0.7271929824561404,
        "recall": 0.8662486938349008
    },
    "Pledgee": {
        "tp": 1993,
        "fp": 156,
        "fn": 139,
        "f1": 0.9310908666199486,
        "precision": 0.9274080967892043,
        "recall": 0.9348030018761726
    },
    "TotalPledgedShares": {
        "tp": 1204,
        "fp": 469,
        "fn": 166,
        "f1": 0.7913243509694381,
        "precision": 0.7196652719665272,
        "recall": 0.8788321167883212
    },
    "ReleasedDate": {
        "tp": 461,
        "fp": 440,
        "fn": 300,
        "f1": 0.5547533092659447,
        "precision": 0.51165371809101,
        "recall": 0.6057818659658344
    },
    "StockCode": {
        "tp": 3218,
        "fp": 22,
        "fn": 30,
        "f1": 0.9919852034525277,
        "precision": 0.9932098765432099,
        "recall": 0.9907635467980296
    },
    "StockAbbr": {
        "tp": 4045,
        "fp": 402,
        "fn": 1050,
        "f1": 0.8478306434709704,
        "precision": 0.9096019788621542,
        "recall": 0.7939156035328754
    },
    "precision": 0.8234776676719805,
    "recall": 0.8267428447840819,
    "micro_f1": 0.8251070259380507,
    "macro_f1": 0.639905296158325
}