{
    "EquityHolder": {
        "tp": 8212,
        "fp": 1402,
        "fn": 1401,
        "f1": 0.8542154262235399,
        "precision": 0.8541710006240899,
        "recall": 0.8542598564443982
    },
    "FrozeShares": {
        "tp": 96,
        "fp": 85,
        "fn": 202,
        "f1": 0.4008350730688935,
        "precision": 0.5303867403314917,
        "recall": 0.3221476510067114
    },
    "LegalInstitution": {
        "tp": 448,
        "fp": 55,
        "fn": 54,
        "f1": 0.891542288557214,
        "precision": 0.8906560636182903,
        "recall": 0.8924302788844621
    },
    "TotalHoldingShares": {
        "tp": 1683,
        "fp": 588,
        "fn": 476,
        "f1": 0.7598194130925507,
        "precision": 0.7410832232496698,
        "recall": 0.7795275590551181
    },
    "TotalHoldingRatio": {
        "tp": 1357,
        "fp": 295,
        "fn": 368,
        "f1": 0.8036718981344387,
        "precision": 0.8214285714285714,
        "recall": 0.7866666666666666
    },
    "StartDate": {
        "tp": 3638,
        "fp": 1214,
        "fn": 1393,
        "f1": 0.7362137002934331,
        "precision": 0.7497938994229184,
        "recall": 0.7231166766050487
    },
    "EndDate": {
        "tp": 1029,
        "fp": 598,
        "fn": 481,
        "f1": 0.6560408033152693,
        "precision": 0.6324523663183774,
        "recall": 0.6814569536423841
    },
    "UnfrozeDate": {
        "tp": 2,
        "fp": 1,
        "fn": 16,
        "f1": 0.1904761904761905,
        "precision": 0.6666666666666666,
        "recall": 0.1111111111111111
    },
    "CompanyName": {
        "tp": 9315,
        "fp": 382,
        "fn": 767,
        "f1": 0.9419080843318671,
        "precision": 0.960606373105084,
        "recall": 0.9239238246379686
    },
    "HighestTradingPrice": {
        "tp": 1054,
        "fp": 970,
        "fn": 570,
        "f1": 0.5778508771929824,
        "precision": 0.5207509881422925,
        "recall": 0.6490147783251231
    },
    "LowestTradingPrice": {
        "tp": 588,
        "fp": 106,
        "fn": 452,
        "f1": 0.6782006920415226,
        "precision": 0.8472622478386167,
        "recall": 0.5653846153846154
    },
    "RepurchasedShares": {
        "tp": 1249,
        "fp": 301,
        "fn": 318,
        "f1": 0.8014116137311517,
        "precision": 0.8058064516129032,
        "recall": 0.7970644543714104
    },
    "ClosingDate": {
        "tp": 1085,
        "fp": 705,
        "fn": 563,
        "f1": 0.6311809191390343,
        "precision": 0.6061452513966481,
        "recall": 0.658373786407767
    },
    "RepurchaseAmount": {
        "tp": 1139,
        "fp": 291,
        "fn": 287,
        "f1": 0.7976190476190477,
        "precision": 0.7965034965034965,
        "recall": 0.7987377279102384
    },
    "TradedShares": {
        "tp": 791,
        "fp": 312,
        "fn": 343,
        "f1": 0.7071971390254805,
        "precision": 0.7171350861287398,
        "recall": 0.6975308641975309
    },
    "LaterHoldingShares": {
        "tp": 101,
        "fp": 219,
        "fn": 320,
        "f1": 0.2726045883940621,
        "precision": 0.315625,
        "recall": 0.23990498812351543
    },
    "AveragePrice": {
        "tp": 188,
        "fp": 63,
        "fn": 21,
        "f1": 0.817391304347826,
        "precision": 0.749003984063745,
        "recall": 0.8995215311004785
    },
    "Pledger": {
        "tp": 0,
        "fp": 0,
        "fn": 0,
        "f1": 0,
        "precision": 0,
        "recall": 0
    },
    "PledgedShares": {
        "tp": 1968,
        "fp": 736,
        "fn": 903,
        "f1": 0.7060089686098654,
        "precision": 0.727810650887574,
        "recall": 0.6854754440961337
    },
    "Pledgee": {
        "tp": 1997,
        "fp": 153,
        "fn": 135,
        "f1": 0.9327417094815508,
        "precision": 0.9288372093023256,
        "recall": 0.9366791744840526
    },
    "TotalPledgedShares": {
        "tp": 1191,
        "fp": 569,
        "fn": 179,
        "f1": 0.7610223642172524,
        "precision": 0.6767045454545455,
        "recall": 0.8693430656934307
    },
    "ReleasedDate": {
        "tp": 470,
        "fp": 455,
        "fn": 291,
        "f1": 0.5575326215895612,
        "precision": 0.5081081081081081,
        "recall": 0.6176084099868594
    },
    "StockCode": {
        "tp": 3229,
        "fp": 16,
        "fn": 19,
        "f1": 0.9946095795472046,
        "precision": 0.9950693374422188,
        "recall": 0.9941502463054187
    },
    "StockAbbr": {
        "tp": 4066,
        "fp": 536,
        "fn": 1029,
        "f1": 0.838609879344127,
        "precision": 0.883528900478053,
        "recall": 0.7980372914622179
    },
    "precision": 0.8170634054014705,
    "recall": 0.8091702112320669,
    "micro_f1": 0.8130976528542452,
    "macro_f1": 0.6795293409072528
}