{
    "EquityHolder": {
        "tp": 8121,
        "fp": 1293,
        "fn": 1492,
        "f1": 0.85362905345036,
        "precision": 0.8626513702995539,
        "recall": 0.84479350879018
    },
    "FrozeShares": {
        "tp": 50,
        "fp": 29,
        "fn": 248,
        "f1": 0.26525198938992045,
        "precision": 0.6329113924050633,
        "recall": 0.16778523489932887
    },
    "LegalInstitution": {
        "tp": 453,
        "fp": 61,
        "fn": 49,
        "f1": 0.8917322834645669,
        "precision": 0.8813229571984436,
        "recall": 0.9023904382470119
    },
    "TotalHoldingShares": {
        "tp": 1690,
        "fp": 748,
        "fn": 469,
        "f1": 0.7352621274744399,
        "precision": 0.6931911402789172,
        "recall": 0.7827698008337193
    },
    "TotalHoldingRatio": {
        "tp": 1410,
        "fp": 371,
        "fn": 315,
        "f1": 0.8043354249857388,
        "precision": 0.7916900617630545,
        "recall": 0.8173913043478261
    },
    "StartDate": {
        "tp": 3697,
        "fp": 1012,
        "fn": 1334,
        "f1": 0.7591375770020533,
        "precision": 0.7850923763007008,
        "recall": 0.7348439674021069
    },
    "EndDate": {
        "tp": 1039,
        "fp": 491,
        "fn": 471,
        "f1": 0.6835526315789474,
        "precision": 0.6790849673202615,
        "recall": 0.6880794701986755
    },
    "UnfrozeDate": {
        "tp": 0,
        "fp": 0,
        "fn": 18,
        "f1": 0,
        "precision": 0,
        "recall": 0
    },
    "CompanyName": {
        "tp": 9406,
        "fp": 452,
        "fn": 676,
        "f1": 0.9434302908726179,
        "precision": 0.9541489145871374,
        "recall": 0.9329498115453283
    },
    "HighestTradingPrice": {
        "tp": 1503,
        "fp": 1293,
        "fn": 121,
        "f1": 0.6800904977375566,
        "precision": 0.5375536480686696,
        "recall": 0.9254926108374384
    },
    "LowestTradingPrice": {
        "tp": 0,
        "fp": 0,
        "fn": 1040,
        "f1": 0,
        "precision": 0,
        "recall": 0
    },
    "RepurchasedShares": {
        "tp": 1438,
        "fp": 256,
        "fn": 129,
        "f1": 0.881938055811101,
        "precision": 0.8488783943329398,
        "recall": 0.9176770899808552
    },
    "ClosingDate": {
        "tp": 1082,
        "fp": 562,
        "fn": 566,
        "f1": 0.6573511543134872,
        "precision": 0.6581508515815085,
        "recall": 0.6565533980582524
    },
    "RepurchaseAmount": {
        "tp": 1222,
        "fp": 261,
        "fn": 204,
        "f1": 0.8401512547267102,
        "precision": 0.8240053944706676,
        "recall": 0.8569424964936886
    },
    "TradedShares": {
        "tp": 845,
        "fp": 351,
        "fn": 289,
        "f1": 0.7253218884120172,
        "precision": 0.7065217391304348,
        "recall": 0.7451499118165785
    },
    "LaterHoldingShares": {
        "tp": 71,
        "fp": 186,
        "fn": 350,
        "f1": 0.2094395280235988,
        "precision": 0.27626459143968873,
        "recall": 0.16864608076009502
    },
    "AveragePrice": {
        "tp": 197,
        "fp": 59,
        "fn": 12,
        "f1": 0.8473118279569892,
        "precision": 0.76953125,
        "recall": 0.9425837320574163
    },
    "Pledger": {
        "tp": 0,
        "fp": 0,
        "fn": 0,
        "f1": 0,
        "precision": 0,
        "recall": 0
    },
    "PledgedShares": {
        "tp": 2375,
        "fp": 858,
        "fn": 496,
        "f1": 0.7781782437745741,
        "precision": 0.734611815651098,
        "recall": 0.8272378962034135
    },
    "Pledgee": {
        "tp": 2012,
        "fp": 141,
        "fn": 120,
        "f1": 0.9390898483080514,
        "precision": 0.9345099860659545,
        "recall": 0.9437148217636022
    },
    "TotalPledgedShares": {
        "tp": 1188,
        "fp": 407,
        "fn": 182,
        "f1": 0.8013490725126476,
        "precision": 0.7448275862068966,
        "recall": 0.8671532846715329
    },
    "ReleasedDate": {
        "tp": 479,
        "fp": 456,
        "fn": 282,
        "f1": 0.5648584905660378,
        "precision": 0.5122994652406417,
        "recall": 0.6294349540078844
    },
    "StockCode": {
        "tp": 3228,
        "fp": 24,
        "fn": 20,
        "f1": 0.9932307692307691,
        "precision": 0.992619926199262,
        "recall": 0.9938423645320197
    },
    "StockAbbr": {
        "tp": 4115,
        "fp": 510,
        "fn": 980,
        "f1": 0.8467078189300412,
        "precision": 0.8897297297297297,
        "recall": 0.8076545632973503
    },
    "precision": 0.8228599256881065,
    "recall": 0.8222370413092063,
    "micro_f1": 0.8225483655770515,
    "macro_f1": 0.6542229095217594
}