{
    "EquityHolder": {
        "tp": 8339,
        "fp": 1455,
        "fn": 1274,
        "f1": 0.8593806358530427,
        "precision": 0.851439656932816,
        "recall": 0.8674711328409446
    },
    "FrozeShares": {
        "tp": 123,
        "fp": 117,
        "fn": 175,
        "f1": 0.45724907063197023,
        "precision": 0.5125,
        "recall": 0.412751677852349
    },
    "LegalInstitution": {
        "tp": 447,
        "fp": 58,
        "fn": 55,
        "f1": 0.8877855014895729,
        "precision": 0.8851485148514852,
        "recall": 0.8904382470119522
    },
    "TotalHoldingShares": {
        "tp": 1707,
        "fp": 639,
        "fn": 452,
        "f1": 0.7578246392896781,
        "precision": 0.7276214833759591,
        "recall": 0.7906438165817508
    },
    "TotalHoldingRatio": {
        "tp": 1436,
        "fp": 468,
        "fn": 289,
        "f1": 0.7914025902452466,
        "precision": 0.7542016806722689,
        "recall": 0.832463768115942
    },
    "StartDate": {
        "tp": 4037,
        "fp": 1731,
        "fn": 994,
        "f1": 0.7476618205389388,
        "precision": 0.6998959778085991,
        "recall": 0.8024249652156629
    },
    "EndDate": {
        "tp": 910,
        "fp": 476,
        "fn": 600,
        "f1": 0.6284530386740331,
        "precision": 0.6565656565656566,
        "recall": 0.6026490066225165
    },
    "UnfrozeDate": {
        "tp": 5,
        "fp": 9,
        "fn": 13,
        "f1": 0.31250000000000006,
        "precision": 0.35714285714285715,
        "recall": 0.2777777777777778
    },
    "CompanyName": {
        "tp": 9507,
        "fp": 393,
        "fn": 575,
        "f1": 0.9515564007606846,
        "precision": 0.9603030303030303,
        "recall": 0.9429676651458044
    },
    "HighestTradingPrice": {
        "tp": 1334,
        "fp": 442,
        "fn": 290,
        "f1": 0.7847058823529411,
        "precision": 0.7511261261261262,
        "recall": 0.8214285714285714
    },
    "LowestTradingPrice": {
        "tp": 779,
        "fp": 221,
        "fn": 261,
        "f1": 0.7637254901960784,
        "precision": 0.779,
        "recall": 0.7490384615384615
    },
    "RepurchasedShares": {
        "tp": 1287,
        "fp": 271,
        "fn": 280,
        "f1": 0.82368,
        "precision": 0.8260590500641849,
        "recall": 0.8213146139119336
    },
    "ClosingDate": {
        "tp": 972,
        "fp": 447,
        "fn": 676,
        "f1": 0.6338441473752852,
        "precision": 0.6849894291754757,
        "recall": 0.5898058252427184
    },
    "RepurchaseAmount": {
        "tp": 1225,
        "fp": 298,
        "fn": 201,
        "f1": 0.8307900983384198,
        "precision": 0.804333552199606,
        "recall": 0.8590462833099579
    },
    "TradedShares": {
        "tp": 870,
        "fp": 385,
        "fn": 264,
        "f1": 0.7283382168271244,
        "precision": 0.6932270916334662,
        "recall": 0.7671957671957672
    },
    "LaterHoldingShares": {
        "tp": 138,
        "fp": 342,
        "fn": 283,
        "f1": 0.30632630410654826,
        "precision": 0.2875,
        "recall": 0.32779097387173395
    },
    "AveragePrice": {
        "tp": 199,
        "fp": 72,
        "fn": 10,
        "f1": 0.8291666666666667,
        "precision": 0.7343173431734318,
        "recall": 0.9521531100478469
    },
    "Pledger": {
        "tp": 0,
        "fp": 0,
        "fn": 0,
        "f1": 0,
        "precision": 0,
        "recall": 0
    },
    "PledgedShares": {
        "tp": 2305,
        "fp": 840,
        "fn": 566,
        "f1": 0.7662898936170213,
        "precision": 0.7329093799682035,
        "recall": 0.8028561476837339
    },
    "Pledgee": {
        "tp": 2000,
        "fp": 137,
        "fn": 132,
        "f1": 0.9369875849144998,
        "precision": 0.9358914365933552,
        "recall": 0.9380863039399625
    },
    "TotalPledgedShares": {
        "tp": 1124,
        "fp": 462,
        "fn": 246,
        "f1": 0.760487144790257,
        "precision": 0.7087011349306431,
        "recall": 0.8204379562043795
    },
    "ReleasedDate": {
        "tp": 442,
        "fp": 358,
        "fn": 319,
        "f1": 0.5663036515054453,
        "precision": 0.5525,
        "recall": 0.580814717477004
    },
    "StockCode": {
        "tp": 3237,
        "fp": 15,
        "fn": 11,
        "f1": 0.9960000000000001,
        "precision": 0.9953874538745388,
        "recall": 0.9966133004926109
    },
    "StockAbbr": {
        "tp": 4116,
        "fp": 556,
        "fn": 979,
        "f1": 0.8428381283915225,
        "precision": 0.8809931506849316,
        "recall": 0.8078508341511286
    },
    "precision": 0.8203451375791013,
    "recall": 0.8387823516689497,
    "micro_f1": 0.8294613019649779,
    "macro_f1": 0.7068040377735407
}