{
    "EquityHolder": {
        "tp": 8125,
        "fp": 1417,
        "fn": 1488,
        "f1": 0.8483424693291568,
        "precision": 0.8514986376021798,
        "recall": 0.845209611983772
    },
    "FrozeShares": {
        "tp": 88,
        "fp": 75,
        "fn": 210,
        "f1": 0.38177874186550975,
        "precision": 0.5398773006134969,
        "recall": 0.2953020134228188
    },
    "LegalInstitution": {
        "tp": 451,
        "fp": 60,
        "fn": 51,
        "f1": 0.8904244817374136,
        "precision": 0.8825831702544031,
        "recall": 0.898406374501992
    },
    "TotalHoldingShares": {
        "tp": 1701,
        "fp": 672,
        "fn": 458,
        "f1": 0.7506619593998235,
        "precision": 0.7168141592920354,
        "recall": 0.7878647522000927
    },
    "TotalHoldingRatio": {
        "tp": 1443,
        "fp": 443,
        "fn": 282,
        "f1": 0.799224591525893,
        "precision": 0.7651113467656415,
        "recall": 0.8365217391304348
    },
    "StartDate": {
        "tp": 3778,
        "fp": 1406,
        "fn": 1253,
        "f1": 0.7396965247185511,
        "precision": 0.7287808641975309,
        "recall": 0.7509441462929834
    },
    "EndDate": {
        "tp": 1015,
        "fp": 591,
        "fn": 495,
        "f1": 0.6514762516046212,
        "precision": 0.6320049813200498,
        "recall": 0.6721854304635762
    },
    "UnfrozeDate": {
        "tp": 0,
        "fp": 0,
        "fn": 18,
        "f1": 0,
        "precision": 0,
        "recall": 0
    },
    "CompanyName": {
        "tp": 9409,
        "fp": 414,
        "fn": 673,
        "f1": 0.9453906053755337,
        "precision": 0.9578540160846992,
        "recall": 0.9332473715532632
    },
    "HighestTradingPrice": {
        "tp": 1292,
        "fp": 1440,
        "fn": 332,
        "f1": 0.5932047750229569,
        "precision": 0.47291361639824303,
        "recall": 0.7955665024630542
    },
    "LowestTradingPrice": {
        "tp": 84,
        "fp": 4,
        "fn": 956,
        "f1": 0.14893617021276595,
        "precision": 0.9545454545454546,
        "recall": 0.08076923076923077
    },
    "RepurchasedShares": {
        "tp": 1446,
        "fp": 273,
        "fn": 121,
        "f1": 0.880097382836275,
        "precision": 0.8411867364746946,
        "recall": 0.9227823867262285
    },
    "ClosingDate": {
        "tp": 1282,
        "fp": 926,
        "fn": 366,
        "f1": 0.6649377593360997,
        "precision": 0.5806159420289855,
        "recall": 0.7779126213592233
    },
    "RepurchaseAmount": {
        "tp": 1222,
        "fp": 291,
        "fn": 204,
        "f1": 0.8315753657706704,
        "precision": 0.807666886979511,
        "recall": 0.8569424964936886
    },
    "TradedShares": {
        "tp": 881,
        "fp": 394,
        "fn": 253,
        "f1": 0.7314238273142384,
        "precision": 0.6909803921568628,
        "recall": 0.7768959435626103
    },
    "LaterHoldingShares": {
        "tp": 75,
        "fp": 190,
        "fn": 346,
        "f1": 0.21865889212827988,
        "precision": 0.2830188679245283,
        "recall": 0.17814726840855108
    },
    "AveragePrice": {
        "tp": 198,
        "fp": 68,
        "fn": 11,
        "f1": 0.8336842105263158,
        "precision": 0.7443609022556391,
        "recall": 0.9473684210526315
    },
    "Pledger": {
        "tp": 0,
        "fp": 0,
        "fn": 0,
        "f1": 0,
        "precision": 0,
        "recall": 0
    },
    "PledgedShares": {
        "tp": 2295,
        "fp": 845,
        "fn": 576,
        "f1": 0.763600066544668,
        "precision": 0.7308917197452229,
        "recall": 0.799373040752351
    },
    "Pledgee": {
        "tp": 2007,
        "fp": 143,
        "fn": 125,
        "f1": 0.9374124241008874,
        "precision": 0.9334883720930233,
        "recall": 0.9413696060037523
    },
    "TotalPledgedShares": {
        "tp": 1165,
        "fp": 459,
        "fn": 205,
        "f1": 0.7782231128924516,
        "precision": 0.7173645320197044,
        "recall": 0.8503649635036497
    },
    "ReleasedDate": {
        "tp": 524,
        "fp": 647,
        "fn": 237,
        "f1": 0.5424430641821947,
        "precision": 0.4474807856532878,
        "recall": 0.6885676741130092
    },
    "StockCode": {
        "tp": 3230,
        "fp": 14,
        "fn": 18,
        "f1": 0.9950708564386938,
        "precision": 0.9956843403205918,
        "recall": 0.9944581280788177
    },
    "StockAbbr": {
        "tp": 4054,
        "fp": 565,
        "fn": 1041,
        "f1": 0.8346716079884703,
        "precision": 0.877679151331457,
        "recall": 0.7956820412168792
    },
    "precision": 0.8014605442891668,
    "recall": 0.8248323841107347,
    "micro_f1": 0.8129785230845754,
    "macro_f1": 0.6567056308688112
}