{
    "EquityHolder": {
        "tp": 8521,
        "fp": 1580,
        "fn": 1092,
        "f1": 0.8644618037942579,
        "precision": 0.8435798435798436,
        "recall": 0.886403828149381
    },
    "FrozeShares": {
        "tp": 129,
        "fp": 137,
        "fn": 169,
        "f1": 0.4574468085106383,
        "precision": 0.4849624060150376,
        "recall": 0.43288590604026844
    },
    "LegalInstitution": {
        "tp": 447,
        "fp": 64,
        "fn": 55,
        "f1": 0.8825271470878578,
        "precision": 0.8747553816046967,
        "recall": 0.8904382470119522
    },
    "TotalHoldingShares": {
        "tp": 1766,
        "fp": 688,
        "fn": 393,
        "f1": 0.7656622588337308,
        "precision": 0.7196414017929911,
        "recall": 0.8179712830013895
    },
    "TotalHoldingRatio": {
        "tp": 1476,
        "fp": 474,
        "fn": 249,
        "f1": 0.803265306122449,
        "precision": 0.7569230769230769,
        "recall": 0.8556521739130435
    },
    "StartDate": {
        "tp": 4035,
        "fp": 1883,
        "fn": 996,
        "f1": 0.7370536122020276,
        "precision": 0.6818181818181818,
        "recall": 0.8020274299344067
    },
    "EndDate": {
        "tp": 910,
        "fp": 488,
        "fn": 600,
        "f1": 0.6258596973865199,
        "precision": 0.6509298998569385,
        "recall": 0.6026490066225165
    },
    "UnfrozeDate": {
        "tp": 7,
        "fp": 11,
        "fn": 11,
        "f1": 0.3888888888888889,
        "precision": 0.3888888888888889,
        "recall": 0.3888888888888889
    },
    "CompanyName": {
        "tp": 9573,
        "fp": 366,
        "fn": 509,
        "f1": 0.9562958893162179,
        "precision": 0.9631753697555085,
        "recall": 0.9495139853203729
    },
    "HighestTradingPrice": {
        "tp": 1308,
        "fp": 357,
        "fn": 316,
        "f1": 0.7953785345089692,
        "precision": 0.7855855855855856,
        "recall": 0.8054187192118226
    },
    "LowestTradingPrice": {
        "tp": 847,
        "fp": 229,
        "fn": 193,
        "f1": 0.8005671077504726,
        "precision": 0.7871747211895911,
        "recall": 0.8144230769230769
    },
    "RepurchasedShares": {
        "tp": 1324,
        "fp": 244,
        "fn": 243,
        "f1": 0.8446570972886762,
        "precision": 0.8443877551020408,
        "recall": 0.8449266113592853
    },
    "ClosingDate": {
        "tp": 878,
        "fp": 572,
        "fn": 770,
        "f1": 0.566817301484829,
        "precision": 0.6055172413793104,
        "recall": 0.5327669902912622
    },
    "RepurchaseAmount": {
        "tp": 1147,
        "fp": 277,
        "fn": 279,
        "f1": 0.8049122807017545,
        "precision": 0.8054775280898876,
        "recall": 0.8043478260869565
    },
    "TradedShares": {
        "tp": 876,
        "fp": 406,
        "fn": 258,
        "f1": 0.7251655629139072,
        "precision": 0.6833073322932918,
        "recall": 0.7724867724867724
    },
    "LaterHoldingShares": {
        "tp": 110,
        "fp": 249,
        "fn": 311,
        "f1": 0.282051282051282,
        "precision": 0.3064066852367688,
        "recall": 0.26128266033254155
    },
    "AveragePrice": {
        "tp": 197,
        "fp": 65,
        "fn": 12,
        "f1": 0.8365180467091294,
        "precision": 0.7519083969465649,
        "recall": 0.9425837320574163
    },
    "Pledger": {
        "tp": 0,
        "fp": 0,
        "fn": 0,
        "f1": 0,
        "precision": 0,
        "recall": 0
    },
    "PledgedShares": {
        "tp": 2328,
        "fp": 816,
        "fn": 543,
        "f1": 0.774064837905237,
        "precision": 0.7404580152671756,
        "recall": 0.8108672936259144
    },
    "Pledgee": {
        "tp": 2019,
        "fp": 147,
        "fn": 113,
        "f1": 0.9395067473243369,
        "precision": 0.9321329639889196,
        "recall": 0.9469981238273921
    },
    "TotalPledgedShares": {
        "tp": 1015,
        "fp": 356,
        "fn": 355,
        "f1": 0.7406056183874498,
        "precision": 0.7403355215171408,
        "recall": 0.7408759124087592
    },
    "ReleasedDate": {
        "tp": 360,
        "fp": 318,
        "fn": 401,
        "f1": 0.5003474635163307,
        "precision": 0.5309734513274337,
        "recall": 0.4730617608409987
    },
    "StockCode": {
        "tp": 3236,
        "fp": 18,
        "fn": 12,
        "f1": 0.9953860350661334,
        "precision": 0.9944683466502766,
        "recall": 0.9963054187192119
    },
    "StockAbbr": {
        "tp": 4128,
        "fp": 541,
        "fn": 967,
        "f1": 0.8455551003687014,
        "precision": 0.8841293638894838,
        "recall": 0.8102060843964671
    },
    "precision": 0.8192997558104809,
    "recall": 0.8405486266311009,
    "micro_f1": 0.8297881804513954,
    "macro_f1": 0.7055414345049913
}