{
    "EquityHolder": {
        "tp": 8147,
        "fp": 1398,
        "fn": 1466,
        "f1": 0.8505063158993631,
        "precision": 0.853535882661079,
        "recall": 0.847498179548528
    },
    "FrozeShares": {
        "tp": 96,
        "fp": 111,
        "fn": 202,
        "f1": 0.38019801980198015,
        "precision": 0.463768115942029,
        "recall": 0.3221476510067114
    },
    "LegalInstitution": {
        "tp": 448,
        "fp": 59,
        "fn": 54,
        "f1": 0.88800792864222,
        "precision": 0.883629191321499,
        "recall": 0.8924302788844621
    },
    "TotalHoldingShares": {
        "tp": 1679,
        "fp": 552,
        "fn": 480,
        "f1": 0.7649202733485193,
        "precision": 0.7525773195876289,
        "recall": 0.777674849467346
    },
    "TotalHoldingRatio": {
        "tp": 1412,
        "fp": 359,
        "fn": 313,
        "f1": 0.8077803203661328,
        "precision": 0.7972896668548842,
        "recall": 0.8185507246376812
    },
    "StartDate": {
        "tp": 3722,
        "fp": 1130,
        "fn": 1309,
        "f1": 0.7532125872710715,
        "precision": 0.7671063478977741,
        "recall": 0.7398131584178096
    },
    "EndDate": {
        "tp": 1023,
        "fp": 670,
        "fn": 487,
        "f1": 0.6387761473618482,
        "precision": 0.6042528056704075,
        "recall": 0.6774834437086092
    },
    "UnfrozeDate": {
        "tp": 6,
        "fp": 10,
        "fn": 12,
        "f1": 0.35294117647058826,
        "precision": 0.375,
        "recall": 0.3333333333333333
    },
    "CompanyName": {
        "tp": 9421,
        "fp": 380,
        "fn": 661,
        "f1": 0.9476437157370619,
        "precision": 0.9612284460769309,
        "recall": 0.9344376115850029
    },
    "HighestTradingPrice": {
        "tp": 1279,
        "fp": 602,
        "fn": 345,
        "f1": 0.72981455064194,
        "precision": 0.6799574694311536,
        "recall": 0.7875615763546798
    },
    "LowestTradingPrice": {
        "tp": 722,
        "fp": 195,
        "fn": 318,
        "f1": 0.7378640776699029,
        "precision": 0.787350054525627,
        "recall": 0.6942307692307692
    },
    "RepurchasedShares": {
        "tp": 1429,
        "fp": 233,
        "fn": 138,
        "f1": 0.8851037472901827,
        "precision": 0.8598074608904934,
        "recall": 0.9119336311423102
    },
    "ClosingDate": {
        "tp": 1115,
        "fp": 731,
        "fn": 533,
        "f1": 0.6382369776760161,
        "precision": 0.6040086673889491,
        "recall": 0.6765776699029126
    },
    "RepurchaseAmount": {
        "tp": 1295,
        "fp": 320,
        "fn": 131,
        "f1": 0.8516935218678066,
        "precision": 0.8018575851393189,
        "recall": 0.9081346423562412
    },
    "TradedShares": {
        "tp": 798,
        "fp": 311,
        "fn": 336,
        "f1": 0.7115470352206866,
        "precision": 0.7195671776375113,
        "recall": 0.7037037037037037
    },
    "LaterHoldingShares": {
        "tp": 90,
        "fp": 221,
        "fn": 331,
        "f1": 0.24590163934426226,
        "precision": 0.28938906752411575,
        "recall": 0.21377672209026127
    },
    "AveragePrice": {
        "tp": 184,
        "fp": 46,
        "fn": 25,
        "f1": 0.8382687927107063,
        "precision": 0.8,
        "recall": 0.8803827751196173
    },
    "Pledger": {
        "tp": 0,
        "fp": 0,
        "fn": 0,
        "f1": 0,
        "precision": 0,
        "recall": 0
    },
    "PledgedShares": {
        "tp": 2141,
        "fp": 746,
        "fn": 730,
        "f1": 0.7436609934004863,
        "precision": 0.7416002771042605,
        "recall": 0.7457331940090561
    },
    "Pledgee": {
        "tp": 2004,
        "fp": 137,
        "fn": 128,
        "f1": 0.9379826819564709,
        "precision": 0.9360112097150864,
        "recall": 0.9399624765478424
    },
    "TotalPledgedShares": {
        "tp": 1166,
        "fp": 516,
        "fn": 204,
        "f1": 0.764089121887287,
        "precision": 0.6932223543400713,
        "recall": 0.8510948905109489
    },
    "ReleasedDate": {
        "tp": 444,
        "fp": 511,
        "fn": 317,
        "f1": 0.5174825174825175,
        "precision": 0.4649214659685864,
        "recall": 0.5834428383705651
    },
    "StockCode": {
        "tp": 3233,
        "fp": 15,
        "fn": 15,
        "f1": 0.9953817733990148,
        "precision": 0.9953817733990148,
        "recall": 0.9953817733990148
    },
    "StockAbbr": {
        "tp": 4101,
        "fp": 557,
        "fn": 994,
        "f1": 0.8409720086127345,
        "precision": 0.8804207814512667,
        "recall": 0.8049067713444553
    },
    "precision": 0.824083206312203,
    "recall": 0.8282567947516402,
    "micro_f1": 0.8261647295706029,
    "macro_f1": 0.7009160801691167
}