{
    "EquityHolder": {
        "tp": 8077,
        "fp": 1415,
        "fn": 1536,
        "f1": 0.8455378173253074,
        "precision": 0.8509270965023178,
        "recall": 0.8402163736606678
    },
    "FrozeShares": {
        "tp": 90,
        "fp": 79,
        "fn": 208,
        "f1": 0.3854389721627409,
        "precision": 0.5325443786982249,
        "recall": 0.30201342281879195
    },
    "LegalInstitution": {
        "tp": 451,
        "fp": 63,
        "fn": 51,
        "f1": 0.8877952755905512,
        "precision": 0.877431906614786,
        "recall": 0.898406374501992
    },
    "TotalHoldingShares": {
        "tp": 1701,
        "fp": 627,
        "fn": 458,
        "f1": 0.7581903276131046,
        "precision": 0.7306701030927835,
        "recall": 0.7878647522000927
    },
    "TotalHoldingRatio": {
        "tp": 1465,
        "fp": 429,
        "fn": 260,
        "f1": 0.8096159159988947,
        "precision": 0.7734952481520592,
        "recall": 0.8492753623188406
    },
    "StartDate": {
        "tp": 3778,
        "fp": 1411,
        "fn": 1253,
        "f1": 0.7393346379647749,
        "precision": 0.728078627866641,
        "recall": 0.7509441462929834
    },
    "EndDate": {
        "tp": 1097,
        "fp": 727,
        "fn": 413,
        "f1": 0.6580683863227355,
        "precision": 0.6014254385964912,
        "recall": 0.7264900662251655
    },
    "UnfrozeDate": {
        "tp": 0,
        "fp": 0,
        "fn": 18,
        "f1": 0,
        "precision": 0,
        "recall": 0
    },
    "CompanyName": {
        "tp": 9244,
        "fp": 470,
        "fn": 838,
        "f1": 0.9339260456657911,
        "precision": 0.9516162240065884,
        "recall": 0.9168815711168419
    },
    "HighestTradingPrice": {
        "tp": 1216,
        "fp": 1269,
        "fn": 408,
        "f1": 0.5918715015818935,
        "precision": 0.48933601609657945,
        "recall": 0.7487684729064039
    },
    "LowestTradingPrice": {
        "tp": 294,
        "fp": 22,
        "fn": 746,
        "f1": 0.4336283185840708,
        "precision": 0.930379746835443,
        "recall": 0.2826923076923077
    },
    "RepurchasedShares": {
        "tp": 1343,
        "fp": 282,
        "fn": 224,
        "f1": 0.8414786967418547,
        "precision": 0.8264615384615385,
        "recall": 0.8570516911295469
    },
    "ClosingDate": {
        "tp": 1214,
        "fp": 750,
        "fn": 434,
        "f1": 0.672203765227021,
        "precision": 0.6181262729124236,
        "recall": 0.7366504854368932
    },
    "RepurchaseAmount": {
        "tp": 1244,
        "fp": 292,
        "fn": 182,
        "f1": 0.8399729912221472,
        "precision": 0.8098958333333334,
        "recall": 0.8723702664796634
    },
    "TradedShares": {
        "tp": 846,
        "fp": 398,
        "fn": 288,
        "f1": 0.7115222876366695,
        "precision": 0.680064308681672,
        "recall": 0.746031746031746
    },
    "LaterHoldingShares": {
        "tp": 95,
        "fp": 223,
        "fn": 326,
        "f1": 0.2571041948579161,
        "precision": 0.29874213836477986,
        "recall": 0.22565320665083136
    },
    "AveragePrice": {
        "tp": 197,
        "fp": 63,
        "fn": 12,
        "f1": 0.8400852878464818,
        "precision": 0.7576923076923077,
        "recall": 0.9425837320574163
    },
    "Pledger": {
        "tp": 0,
        "fp": 0,
        "fn": 0,
        "f1": 0,
        "precision": 0,
        "recall": 0
    },
    "PledgedShares": {
        "tp": 2188,
        "fp": 792,
        "fn": 683,
        "f1": 0.747906340796445,
        "precision": 0.7342281879194631,
        "recall": 0.7621037965865552
    },
    "Pledgee": {
        "tp": 2003,
        "fp": 145,
        "fn": 129,
        "f1": 0.9359813084112151,
        "precision": 0.9324953445065177,
        "recall": 0.9394934333958724
    },
    "TotalPledgedShares": {
        "tp": 1160,
        "fp": 482,
        "fn": 210,
        "f1": 0.7702523240371846,
        "precision": 0.7064555420219245,
        "recall": 0.8467153284671532
    },
    "ReleasedDate": {
        "tp": 498,
        "fp": 574,
        "fn": 263,
        "f1": 0.5433715220949263,
        "precision": 0.46455223880597013,
        "recall": 0.6544021024967148
    },
    "StockCode": {
        "tp": 3232,
        "fp": 22,
        "fn": 16,
        "f1": 0.9941556444171024,
        "precision": 0.9932390903503381,
        "recall": 0.9950738916256158
    },
    "StockAbbr": {
        "tp": 4086,
        "fp": 575,
        "fn": 1009,
        "f1": 0.8376383763837639,
        "precision": 0.8766359150396911,
        "recall": 0.8019627085377822
    },
    "precision": 0.8038107683342457,
    "recall": 0.820398673491457,
    "micro_f1": 0.8120200155200556,
    "macro_f1": 0.6681283307701079
}