{
    "EquityHolder": {
        "tp": 8303,
        "fp": 1412,
        "fn": 1310,
        "f1": 0.8591680463576159,
        "precision": 0.8546577457539887,
        "recall": 0.8637262040986164
    },
    "FrozeShares": {
        "tp": 16,
        "fp": 13,
        "fn": 282,
        "f1": 0.09785932721712537,
        "precision": 0.5517241379310345,
        "recall": 0.053691275167785234
    },
    "LegalInstitution": {
        "tp": 451,
        "fp": 63,
        "fn": 51,
        "f1": 0.8877952755905512,
        "precision": 0.877431906614786,
        "recall": 0.898406374501992
    },
    "TotalHoldingShares": {
        "tp": 1722,
        "fp": 822,
        "fn": 437,
        "f1": 0.7322985328513715,
        "precision": 0.6768867924528302,
        "recall": 0.7975914775358962
    },
    "TotalHoldingRatio": {
        "tp": 1408,
        "fp": 393,
        "fn": 317,
        "f1": 0.7986386840612592,
        "precision": 0.781787895613548,
        "recall": 0.816231884057971
    },
    "StartDate": {
        "tp": 3789,
        "fp": 1150,
        "fn": 1242,
        "f1": 0.7600802407221665,
        "precision": 0.7671593439967604,
        "recall": 0.7531305903398927
    },
    "EndDate": {
        "tp": 1037,
        "fp": 480,
        "fn": 473,
        "f1": 0.6851668318467129,
        "precision": 0.6835860250494397,
        "recall": 0.6867549668874172
    },
    "UnfrozeDate": {
        "tp": 0,
        "fp": 0,
        "fn": 18,
        "f1": 0,
        "precision": 0,
        "recall": 0
    },
    "CompanyName": {
        "tp": 9630,
        "fp": 425,
        "fn": 452,
        "f1": 0.956448328946715,
        "precision": 0.95773247140726,
        "recall": 0.9551676254711366
    },
    "HighestTradingPrice": {
        "tp": 1469,
        "fp": 1313,
        "fn": 155,
        "f1": 0.6668179754879708,
        "precision": 0.5280373831775701,
        "recall": 0.9045566502463054
    },
    "LowestTradingPrice": {
        "tp": 0,
        "fp": 0,
        "fn": 1040,
        "f1": 0,
        "precision": 0,
        "recall": 0
    },
    "RepurchasedShares": {
        "tp": 1449,
        "fp": 246,
        "fn": 118,
        "f1": 0.8884120171673819,
        "precision": 0.8548672566371681,
        "recall": 0.9246968730057434
    },
    "ClosingDate": {
        "tp": 1218,
        "fp": 520,
        "fn": 430,
        "f1": 0.7194329592439457,
        "precision": 0.7008055235903338,
        "recall": 0.7390776699029126
    },
    "RepurchaseAmount": {
        "tp": 1195,
        "fp": 250,
        "fn": 231,
        "f1": 0.8324625566004877,
        "precision": 0.8269896193771626,
        "recall": 0.8380084151472651
    },
    "TradedShares": {
        "tp": 846,
        "fp": 352,
        "fn": 288,
        "f1": 0.725557461406518,
        "precision": 0.7061769616026711,
        "recall": 0.746031746031746
    },
    "LaterHoldingShares": {
        "tp": 54,
        "fp": 115,
        "fn": 367,
        "f1": 0.18305084745762712,
        "precision": 0.31952662721893493,
        "recall": 0.12826603325415678
    },
    "AveragePrice": {
        "tp": 197,
        "fp": 65,
        "fn": 12,
        "f1": 0.8365180467091294,
        "precision": 0.7519083969465649,
        "recall": 0.9425837320574163
    },
    "Pledger": {
        "tp": 0,
        "fp": 0,
        "fn": 0,
        "f1": 0,
        "precision": 0,
        "recall": 0
    },
    "PledgedShares": {
        "tp": 2492,
        "fp": 904,
        "fn": 379,
        "f1": 0.7952768469762247,
        "precision": 0.7338044758539458,
        "recall": 0.8679902473005922
    },
    "Pledgee": {
        "tp": 2014,
        "fp": 147,
        "fn": 118,
        "f1": 0.9382716049382717,
        "precision": 0.9319759370661731,
        "recall": 0.9446529080675422
    },
    "TotalPledgedShares": {
        "tp": 1177,
        "fp": 397,
        "fn": 193,
        "f1": 0.7995923913043479,
        "precision": 0.7477763659466328,
        "recall": 0.8591240875912409
    },
    "ReleasedDate": {
        "tp": 465,
        "fp": 446,
        "fn": 296,
        "f1": 0.55622009569378,
        "precision": 0.5104281009879253,
        "recall": 0.6110381077529566
    },
    "StockCode": {
        "tp": 3225,
        "fp": 20,
        "fn": 23,
        "f1": 0.9933774834437086,
        "precision": 0.9938366718027735,
        "recall": 0.9929187192118226
    },
    "StockAbbr": {
        "tp": 4090,
        "fp": 443,
        "fn": 1005,
        "f1": 0.8496053178230162,
        "precision": 0.9022722258989632,
        "recall": 0.802747791952895
    },
    "precision": 0.8225637194742366,
    "recall": 0.8335195732102949,
    "micro_f1": 0.828005407002247,
    "macro_f1": 0.6484187863269136
}