{
    "EquityHolder": {
        "tp": 8129,
        "fp": 1333,
        "fn": 1484,
        "f1": 0.8523197903014416,
        "precision": 0.8591206932995138,
        "recall": 0.845625715177364
    },
    "FrozeShares": {
        "tp": 124,
        "fp": 107,
        "fn": 174,
        "f1": 0.46880907372400754,
        "precision": 0.5367965367965368,
        "recall": 0.4161073825503356
    },
    "LegalInstitution": {
        "tp": 449,
        "fp": 58,
        "fn": 53,
        "f1": 0.889990089197225,
        "precision": 0.8856015779092702,
        "recall": 0.8944223107569721
    },
    "TotalHoldingShares": {
        "tp": 1648,
        "fp": 449,
        "fn": 511,
        "f1": 0.7744360902255639,
        "precision": 0.7858845970433953,
        "recall": 0.7633163501621121
    },
    "TotalHoldingRatio": {
        "tp": 1417,
        "fp": 419,
        "fn": 308,
        "f1": 0.7958438640831227,
        "precision": 0.7717864923747276,
        "recall": 0.8214492753623188
    },
    "StartDate": {
        "tp": 3753,
        "fp": 1263,
        "fn": 1278,
        "f1": 0.7470886831890117,
        "precision": 0.7482057416267942,
        "recall": 0.7459749552772809
    },
    "EndDate": {
        "tp": 1040,
        "fp": 569,
        "fn": 470,
        "f1": 0.6668804103879449,
        "precision": 0.6463642013673089,
        "recall": 0.6887417218543046
    },
    "UnfrozeDate": {
        "tp": 5,
        "fp": 12,
        "fn": 13,
        "f1": 0.28571428571428575,
        "precision": 0.29411764705882354,
        "recall": 0.2777777777777778
    },
    "CompanyName": {
        "tp": 9501,
        "fp": 407,
        "fn": 581,
        "f1": 0.9505752876438218,
        "precision": 0.9589220831651191,
        "recall": 0.9423725451299345
    },
    "HighestTradingPrice": {
        "tp": 1271,
        "fp": 495,
        "fn": 353,
        "f1": 0.7498525073746314,
        "precision": 0.7197055492638732,
        "recall": 0.7826354679802956
    },
    "LowestTradingPrice": {
        "tp": 815,
        "fp": 240,
        "fn": 225,
        "f1": 0.7780429594272076,
        "precision": 0.7725118483412322,
        "recall": 0.7836538461538461
    },
    "RepurchasedShares": {
        "tp": 1273,
        "fp": 284,
        "fn": 294,
        "f1": 0.8149807938540333,
        "precision": 0.8175979447655748,
        "recall": 0.8123803446075303
    },
    "ClosingDate": {
        "tp": 1196,
        "fp": 777,
        "fn": 452,
        "f1": 0.6605909969621652,
        "precision": 0.606183476938672,
        "recall": 0.7257281553398058
    },
    "RepurchaseAmount": {
        "tp": 1276,
        "fp": 304,
        "fn": 150,
        "f1": 0.8489687292082502,
        "precision": 0.8075949367088607,
        "recall": 0.8948106591865358
    },
    "TradedShares": {
        "tp": 872,
        "fp": 415,
        "fn": 262,
        "f1": 0.7203634861627426,
        "precision": 0.6775446775446775,
        "recall": 0.7689594356261023
    },
    "LaterHoldingShares": {
        "tp": 104,
        "fp": 251,
        "fn": 317,
        "f1": 0.26804123711340205,
        "precision": 0.29295774647887324,
        "recall": 0.24703087885985747
    },
    "AveragePrice": {
        "tp": 193,
        "fp": 64,
        "fn": 16,
        "f1": 0.8283261802575107,
        "precision": 0.7509727626459144,
        "recall": 0.9234449760765551
    },
    "Pledger": {
        "tp": 0,
        "fp": 0,
        "fn": 0,
        "f1": 0,
        "precision": 0,
        "recall": 0
    },
    "PledgedShares": {
        "tp": 2404,
        "fp": 915,
        "fn": 467,
        "f1": 0.7767366720516962,
        "precision": 0.7243145525760771,
        "recall": 0.8373389063044235
    },
    "Pledgee": {
        "tp": 2005,
        "fp": 144,
        "fn": 127,
        "f1": 0.9366970334034105,
        "precision": 0.9329920893438809,
        "recall": 0.9404315196998124
    },
    "TotalPledgedShares": {
        "tp": 1000,
        "fp": 416,
        "fn": 370,
        "f1": 0.7178750897343863,
        "precision": 0.7062146892655368,
        "recall": 0.7299270072992701
    },
    "ReleasedDate": {
        "tp": 488,
        "fp": 592,
        "fn": 273,
        "f1": 0.530146659424226,
        "precision": 0.45185185185185184,
        "recall": 0.6412614980289093
    },
    "StockCode": {
        "tp": 3236,
        "fp": 15,
        "fn": 12,
        "f1": 0.9958455146945685,
        "precision": 0.9953860350661335,
        "recall": 0.9963054187192119
    },
    "StockAbbr": {
        "tp": 4105,
        "fp": 534,
        "fn": 990,
        "f1": 0.8434353811382781,
        "precision": 0.8848889846949773,
        "recall": 0.8056918547595682
    },
    "precision": 0.8214735572231979,
    "recall": 0.8345468964025665,
    "micro_f1": 0.8279586235259407,
    "macro_f1": 0.704231700636372
}