{
    "EquityHolder": {
        "tp": 8152,
        "fp": 1381,
        "fn": 1461,
        "f1": 0.851561683902643,
        "precision": 0.8551347949228995,
        "recall": 0.8480183085405181
    },
    "FrozeShares": {
        "tp": 119,
        "fp": 96,
        "fn": 179,
        "f1": 0.46393762183235865,
        "precision": 0.5534883720930233,
        "recall": 0.39932885906040266
    },
    "LegalInstitution": {
        "tp": 448,
        "fp": 60,
        "fn": 54,
        "f1": 0.8871287128712873,
        "precision": 0.8818897637795275,
        "recall": 0.8924302788844621
    },
    "TotalHoldingShares": {
        "tp": 1697,
        "fp": 628,
        "fn": 462,
        "f1": 0.7569134701159679,
        "precision": 0.7298924731182795,
        "recall": 0.7860120426123205
    },
    "TotalHoldingRatio": {
        "tp": 1448,
        "fp": 425,
        "fn": 277,
        "f1": 0.8048916064480267,
        "precision": 0.7730912973838762,
        "recall": 0.8394202898550724
    },
    "StartDate": {
        "tp": 3701,
        "fp": 1235,
        "fn": 1330,
        "f1": 0.74265074746664,
        "precision": 0.7497974068071313,
        "recall": 0.7356390379646194
    },
    "EndDate": {
        "tp": 984,
        "fp": 558,
        "fn": 526,
        "f1": 0.6448230668414155,
        "precision": 0.6381322957198443,
        "recall": 0.6516556291390728
    },
    "UnfrozeDate": {
        "tp": 4,
        "fp": 4,
        "fn": 14,
        "f1": 0.30769230769230765,
        "precision": 0.5,
        "recall": 0.2222222222222222
    },
    "CompanyName": {
        "tp": 9581,
        "fp": 341,
        "fn": 501,
        "f1": 0.9579084183163367,
        "precision": 0.9656319290465631,
        "recall": 0.9503074786748661
    },
    "HighestTradingPrice": {
        "tp": 1207,
        "fp": 671,
        "fn": 417,
        "f1": 0.6893203883495146,
        "precision": 0.6427050053248137,
        "recall": 0.7432266009852216
    },
    "LowestTradingPrice": {
        "tp": 740,
        "fp": 171,
        "fn": 300,
        "f1": 0.7585853408508457,
        "precision": 0.8122941822173436,
        "recall": 0.7115384615384616
    },
    "RepurchasedShares": {
        "tp": 1405,
        "fp": 236,
        "fn": 162,
        "f1": 0.8759351620947632,
        "precision": 0.8561852528945765,
        "recall": 0.8966177409061902
    },
    "ClosingDate": {
        "tp": 1143,
        "fp": 690,
        "fn": 505,
        "f1": 0.656707842573973,
        "precision": 0.6235679214402619,
        "recall": 0.6935679611650486
    },
    "RepurchaseAmount": {
        "tp": 1261,
        "fp": 314,
        "fn": 165,
        "f1": 0.8403865378207265,
        "precision": 0.8006349206349206,
        "recall": 0.8842917251051894
    },
    "TradedShares": {
        "tp": 799,
        "fp": 302,
        "fn": 335,
        "f1": 0.7149888143176734,
        "precision": 0.7257039055404177,
        "recall": 0.7045855379188712
    },
    "LaterHoldingShares": {
        "tp": 94,
        "fp": 240,
        "fn": 327,
        "f1": 0.2490066225165563,
        "precision": 0.281437125748503,
        "recall": 0.22327790973871733
    },
    "AveragePrice": {
        "tp": 192,
        "fp": 63,
        "fn": 17,
        "f1": 0.8275862068965517,
        "precision": 0.7529411764705882,
        "recall": 0.9186602870813397
    },
    "Pledger": {
        "tp": 0,
        "fp": 0,
        "fn": 0,
        "f1": 0,
        "precision": 0,
        "recall": 0
    },
    "PledgedShares": {
        "tp": 2188,
        "fp": 807,
        "fn": 683,
        "f1": 0.7459938629389704,
        "precision": 0.730550918196995,
        "recall": 0.7621037965865552
    },
    "Pledgee": {
        "tp": 2005,
        "fp": 133,
        "fn": 127,
        "f1": 0.9391100702576113,
        "precision": 0.9377923292797007,
        "recall": 0.9404315196998124
    },
    "TotalPledgedShares": {
        "tp": 1153,
        "fp": 481,
        "fn": 217,
        "f1": 0.7676431424766977,
        "precision": 0.7056303549571603,
        "recall": 0.8416058394160584
    },
    "ReleasedDate": {
        "tp": 502,
        "fp": 648,
        "fn": 259,
        "f1": 0.5253793825222397,
        "precision": 0.4365217391304348,
        "recall": 0.6596583442838371
    },
    "StockCode": {
        "tp": 3231,
        "fp": 15,
        "fn": 17,
        "f1": 0.9950723744995381,
        "precision": 0.9953789279112755,
        "recall": 0.9947660098522167
    },
    "StockAbbr": {
        "tp": 4060,
        "fp": 483,
        "fn": 1035,
        "f1": 0.8424984436605105,
        "precision": 0.8936825885978429,
        "recall": 0.7968596663395485
    },
    "precision": 0.8220550484883058,
    "recall": 0.831122485761661,
    "micro_f1": 0.8265639003405629,
    "macro_f1": 0.7019050761359648
}