{
    "EquityHolder": {
        "tp": 8201,
        "fp": 1361,
        "fn": 1412,
        "f1": 0.8553846153846154,
        "precision": 0.8576657603011922,
        "recall": 0.8531155726620202
    },
    "FrozeShares": {
        "tp": 127,
        "fp": 134,
        "fn": 171,
        "f1": 0.45438282647584977,
        "precision": 0.48659003831417624,
        "recall": 0.4261744966442953
    },
    "LegalInstitution": {
        "tp": 448,
        "fp": 62,
        "fn": 54,
        "f1": 0.8853754940711461,
        "precision": 0.8784313725490196,
        "recall": 0.8924302788844621
    },
    "TotalHoldingShares": {
        "tp": 1692,
        "fp": 580,
        "fn": 467,
        "f1": 0.7637102234258631,
        "precision": 0.7447183098591549,
        "recall": 0.7836961556276054
    },
    "TotalHoldingRatio": {
        "tp": 1331,
        "fp": 249,
        "fn": 394,
        "f1": 0.8054462934947051,
        "precision": 0.8424050632911393,
        "recall": 0.7715942028985507
    },
    "StartDate": {
        "tp": 3689,
        "fp": 1142,
        "fn": 1342,
        "f1": 0.7481241127560333,
        "precision": 0.7636100186296833,
        "recall": 0.7332538262770821
    },
    "EndDate": {
        "tp": 998,
        "fp": 524,
        "fn": 512,
        "f1": 0.6583113456464381,
        "precision": 0.6557161629434954,
        "recall": 0.6609271523178808
    },
    "UnfrozeDate": {
        "tp": 8,
        "fp": 18,
        "fn": 10,
        "f1": 0.3636363636363637,
        "precision": 0.3076923076923077,
        "recall": 0.4444444444444444
    },
    "CompanyName": {
        "tp": 9738,
        "fp": 374,
        "fn": 344,
        "f1": 0.964444884619194,
        "precision": 0.9630142405063291,
        "recall": 0.9658797857567943
    },
    "HighestTradingPrice": {
        "tp": 1145,
        "fp": 307,
        "fn": 479,
        "f1": 0.7444733420026007,
        "precision": 0.7885674931129476,
        "recall": 0.7050492610837439
    },
    "LowestTradingPrice": {
        "tp": 937,
        "fp": 401,
        "fn": 103,
        "f1": 0.7880571909167368,
        "precision": 0.7002989536621823,
        "recall": 0.9009615384615385
    },
    "RepurchasedShares": {
        "tp": 1413,
        "fp": 229,
        "fn": 154,
        "f1": 0.8806481770021813,
        "precision": 0.8605359317904994,
        "recall": 0.9017230376515635
    },
    "ClosingDate": {
        "tp": 1101,
        "fp": 605,
        "fn": 547,
        "f1": 0.6565295169946334,
        "precision": 0.645369284876905,
        "recall": 0.6680825242718447
    },
    "RepurchaseAmount": {
        "tp": 1233,
        "fp": 303,
        "fn": 193,
        "f1": 0.8325455773126266,
        "precision": 0.802734375,
        "recall": 0.864656381486676
    },
    "TradedShares": {
        "tp": 821,
        "fp": 301,
        "fn": 313,
        "f1": 0.7278368794326242,
        "precision": 0.731729055258467,
        "recall": 0.7239858906525574
    },
    "LaterHoldingShares": {
        "tp": 127,
        "fp": 348,
        "fn": 294,
        "f1": 0.28348214285714285,
        "precision": 0.2673684210526316,
        "recall": 0.3016627078384798
    },
    "AveragePrice": {
        "tp": 195,
        "fp": 47,
        "fn": 14,
        "f1": 0.8647450110864744,
        "precision": 0.8057851239669421,
        "recall": 0.9330143540669856
    },
    "Pledger": {
        "tp": 0,
        "fp": 0,
        "fn": 0,
        "f1": 0,
        "precision": 0,
        "recall": 0
    },
    "PledgedShares": {
        "tp": 2180,
        "fp": 762,
        "fn": 691,
        "f1": 0.7500430070531567,
        "precision": 0.7409925220938137,
        "recall": 0.759317311041449
    },
    "Pledgee": {
        "tp": 2016,
        "fp": 147,
        "fn": 116,
        "f1": 0.9387660069848662,
        "precision": 0.9320388349514563,
        "recall": 0.9455909943714822
    },
    "TotalPledgedShares": {
        "tp": 1147,
        "fp": 593,
        "fn": 223,
        "f1": 0.7376205787781349,
        "precision": 0.6591954022988505,
        "recall": 0.8372262773722627
    },
    "ReleasedDate": {
        "tp": 469,
        "fp": 568,
        "fn": 292,
        "f1": 0.5216907675194662,
        "precision": 0.4522661523625844,
        "recall": 0.6162943495400789
    },
    "StockCode": {
        "tp": 3233,
        "fp": 14,
        "fn": 15,
        "f1": 0.9955350269438029,
        "precision": 0.9956883276870958,
        "recall": 0.9953817733990148
    },
    "StockAbbr": {
        "tp": 3976,
        "fp": 492,
        "fn": 1119,
        "f1": 0.8315382202237791,
        "precision": 0.8898836168307968,
        "recall": 0.7803729146221786
    },
    "precision": 0.8286129136342452,
    "recall": 0.8331230625045059,
    "micro_f1": 0.830861867529433,
    "macro_f1": 0.7105136501924347
}