{
    "EquityHolder": {
        "tp": 8257,
        "fp": 1396,
        "fn": 1356,
        "f1": 0.8571576871172013,
        "precision": 0.8553817466072724,
        "recall": 0.8589410173723083
    },
    "FrozeShares": {
        "tp": 127,
        "fp": 123,
        "fn": 171,
        "f1": 0.4635036496350365,
        "precision": 0.508,
        "recall": 0.4261744966442953
    },
    "LegalInstitution": {
        "tp": 449,
        "fp": 58,
        "fn": 53,
        "f1": 0.889990089197225,
        "precision": 0.8856015779092702,
        "recall": 0.8944223107569721
    },
    "TotalHoldingShares": {
        "tp": 1697,
        "fp": 569,
        "fn": 462,
        "f1": 0.7670056497175142,
        "precision": 0.7488967343336276,
        "recall": 0.7860120426123205
    },
    "TotalHoldingRatio": {
        "tp": 1371,
        "fp": 272,
        "fn": 354,
        "f1": 0.8141330166270784,
        "precision": 0.8344491783323189,
        "recall": 0.7947826086956522
    },
    "StartDate": {
        "tp": 3831,
        "fp": 1454,
        "fn": 1200,
        "f1": 0.7427297402093835,
        "precision": 0.7248817407757805,
        "recall": 0.7614788312462731
    },
    "EndDate": {
        "tp": 1014,
        "fp": 649,
        "fn": 496,
        "f1": 0.6391427670973842,
        "precision": 0.6097414311485267,
        "recall": 0.671523178807947
    },
    "UnfrozeDate": {
        "tp": 6,
        "fp": 17,
        "fn": 12,
        "f1": 0.2926829268292683,
        "precision": 0.2608695652173913,
        "recall": 0.3333333333333333
    },
    "CompanyName": {
        "tp": 9570,
        "fp": 356,
        "fn": 512,
        "f1": 0.9566173530587765,
        "precision": 0.9641345960104776,
        "recall": 0.949216425312438
    },
    "HighestTradingPrice": {
        "tp": 1253,
        "fp": 432,
        "fn": 371,
        "f1": 0.7573284980356604,
        "precision": 0.743620178041543,
        "recall": 0.771551724137931
    },
    "LowestTradingPrice": {
        "tp": 818,
        "fp": 220,
        "fn": 222,
        "f1": 0.7872954764196343,
        "precision": 0.7880539499036608,
        "recall": 0.7865384615384615
    },
    "RepurchasedShares": {
        "tp": 1407,
        "fp": 218,
        "fn": 160,
        "f1": 0.881578947368421,
        "precision": 0.8658461538461538,
        "recall": 0.8978940650925336
    },
    "ClosingDate": {
        "tp": 1033,
        "fp": 801,
        "fn": 615,
        "f1": 0.5933371625502585,
        "precision": 0.5632497273718647,
        "recall": 0.6268203883495146
    },
    "RepurchaseAmount": {
        "tp": 1253,
        "fp": 286,
        "fn": 173,
        "f1": 0.8451939291736931,
        "precision": 0.8141650422352177,
        "recall": 0.8786816269284713
    },
    "TradedShares": {
        "tp": 802,
        "fp": 349,
        "fn": 332,
        "f1": 0.7019693654266959,
        "precision": 0.6967854039965248,
        "recall": 0.7072310405643739
    },
    "LaterHoldingShares": {
        "tp": 133,
        "fp": 352,
        "fn": 288,
        "f1": 0.293598233995585,
        "precision": 0.27422680412371137,
        "recall": 0.3159144893111639
    },
    "AveragePrice": {
        "tp": 190,
        "fp": 56,
        "fn": 19,
        "f1": 0.8351648351648352,
        "precision": 0.7723577235772358,
        "recall": 0.9090909090909091
    },
    "Pledger": {
        "tp": 0,
        "fp": 0,
        "fn": 0,
        "f1": 0,
        "precision": 0,
        "recall": 0
    },
    "PledgedShares": {
        "tp": 2307,
        "fp": 812,
        "fn": 564,
        "f1": 0.7702838063439065,
        "precision": 0.7396601474831677,
        "recall": 0.8035527690700105
    },
    "Pledgee": {
        "tp": 2015,
        "fp": 141,
        "fn": 117,
        "f1": 0.9398320895522387,
        "precision": 0.9346011131725418,
        "recall": 0.9451219512195121
    },
    "TotalPledgedShares": {
        "tp": 1048,
        "fp": 386,
        "fn": 322,
        "f1": 0.7475035663338089,
        "precision": 0.7308228730822873,
        "recall": 0.7649635036496351
    },
    "ReleasedDate": {
        "tp": 453,
        "fp": 499,
        "fn": 308,
        "f1": 0.5288966725043782,
        "precision": 0.47584033613445376,
        "recall": 0.59526938239159
    },
    "StockCode": {
        "tp": 3234,
        "fp": 15,
        "fn": 14,
        "f1": 0.9955364014160382,
        "precision": 0.9953831948291783,
        "recall": 0.9956896551724138
    },
    "StockAbbr": {
        "tp": 4144,
        "fp": 557,
        "fn": 951,
        "f1": 0.8460596161698652,
        "precision": 0.8815145713677941,
        "recall": 0.8133464180569185
    },
    "precision": 0.8224703172071594,
    "recall": 0.8364934035037128,
    "micro_f1": 0.8294225923476956,
    "macro_f1": 0.7061058949976622
}