{
    "EquityHolder": {
        "tp": 8417,
        "fp": 1448,
        "fn": 1196,
        "f1": 0.8642571105863025,
        "precision": 0.8532184490623416,
        "recall": 0.8755851451159887
    },
    "FrozeShares": {
        "tp": 19,
        "fp": 16,
        "fn": 279,
        "f1": 0.11411411411411412,
        "precision": 0.5428571428571428,
        "recall": 0.06375838926174497
    },
    "LegalInstitution": {
        "tp": 454,
        "fp": 66,
        "fn": 48,
        "f1": 0.8884540117416829,
        "precision": 0.8730769230769231,
        "recall": 0.9043824701195219
    },
    "TotalHoldingShares": {
        "tp": 1756,
        "fp": 872,
        "fn": 403,
        "f1": 0.7336536452893254,
        "precision": 0.6681887366818874,
        "recall": 0.8133395090319593
    },
    "TotalHoldingRatio": {
        "tp": 1416,
        "fp": 400,
        "fn": 309,
        "f1": 0.7997740751200226,
        "precision": 0.7797356828193832,
        "recall": 0.8208695652173913
    },
    "StartDate": {
        "tp": 3693,
        "fp": 1070,
        "fn": 1338,
        "f1": 0.7541351848070248,
        "precision": 0.7753516691161033,
        "recall": 0.7340488968395945
    },
    "EndDate": {
        "tp": 1054,
        "fp": 519,
        "fn": 456,
        "f1": 0.6837495945507622,
        "precision": 0.670057215511761,
        "recall": 0.6980132450331126
    },
    "UnfrozeDate": {
        "tp": 0,
        "fp": 0,
        "fn": 18,
        "f1": 0,
        "precision": 0,
        "recall": 0
    },
    "CompanyName": {
        "tp": 9414,
        "fp": 494,
        "fn": 668,
        "f1": 0.9418709354677339,
        "precision": 0.9501412999596286,
        "recall": 0.9337433048998215
    },
    "HighestTradingPrice": {
        "tp": 1425,
        "fp": 1356,
        "fn": 199,
        "f1": 0.6469920544835415,
        "precision": 0.5124056094929881,
        "recall": 0.8774630541871922
    },
    "LowestTradingPrice": {
        "tp": 0,
        "fp": 0,
        "fn": 1040,
        "f1": 0,
        "precision": 0,
        "recall": 0
    },
    "RepurchasedShares": {
        "tp": 1428,
        "fp": 231,
        "fn": 139,
        "f1": 0.8853068815871048,
        "precision": 0.8607594936708861,
        "recall": 0.9112954690491385
    },
    "ClosingDate": {
        "tp": 1202,
        "fp": 538,
        "fn": 446,
        "f1": 0.7095631641086185,
        "precision": 0.6908045977011494,
        "recall": 0.7293689320388349
    },
    "RepurchaseAmount": {
        "tp": 1199,
        "fp": 243,
        "fn": 227,
        "f1": 0.8361227336122733,
        "precision": 0.8314840499306518,
        "recall": 0.8408134642356241
    },
    "TradedShares": {
        "tp": 819,
        "fp": 316,
        "fn": 315,
        "f1": 0.7219039224327897,
        "precision": 0.7215859030837004,
        "recall": 0.7222222222222222
    },
    "LaterHoldingShares": {
        "tp": 64,
        "fp": 134,
        "fn": 357,
        "f1": 0.20678513731825524,
        "precision": 0.32323232323232326,
        "recall": 0.15201900237529692
    },
    "AveragePrice": {
        "tp": 197,
        "fp": 69,
        "fn": 12,
        "f1": 0.8294736842105263,
        "precision": 0.7406015037593985,
        "recall": 0.9425837320574163
    },
    "Pledger": {
        "tp": 0,
        "fp": 0,
        "fn": 0,
        "f1": 0,
        "precision": 0,
        "recall": 0
    },
    "PledgedShares": {
        "tp": 2469,
        "fp": 905,
        "fn": 402,
        "f1": 0.7907125700560448,
        "precision": 0.7317723770005927,
        "recall": 0.8599791013584117
    },
    "Pledgee": {
        "tp": 2017,
        "fp": 159,
        "fn": 115,
        "f1": 0.936397400185701,
        "precision": 0.9269301470588235,
        "recall": 0.9460600375234521
    },
    "TotalPledgedShares": {
        "tp": 1194,
        "fp": 443,
        "fn": 176,
        "f1": 0.7941469903558364,
        "precision": 0.7293830177153329,
        "recall": 0.8715328467153285
    },
    "ReleasedDate": {
        "tp": 486,
        "fp": 531,
        "fn": 275,
        "f1": 0.5466816647919011,
        "precision": 0.4778761061946903,
        "recall": 0.6386333771353482
    },
    "StockCode": {
        "tp": 3226,
        "fp": 21,
        "fn": 22,
        "f1": 0.9933795227097768,
        "precision": 0.9935324915306437,
        "recall": 0.9932266009852216
    },
    "StockAbbr": {
        "tp": 4073,
        "fp": 531,
        "fn": 1022,
        "f1": 0.8398804000412414,
        "precision": 0.8846655082536924,
        "recall": 0.7994111874386653
    },
    "precision": 0.8162244608399546,
    "recall": 0.8294643500829068,
    "micro_f1": 0.8227911467086209,
    "macro_f1": 0.6465564498987745
}