{
    "EquityHolder": {
        "tp": 8317,
        "fp": 1416,
        "fn": 1296,
        "f1": 0.8598159826320688,
        "precision": 0.8545155656015617,
        "recall": 0.8651825652761885
    },
    "FrozeShares": {
        "tp": 135,
        "fp": 139,
        "fn": 163,
        "f1": 0.472027972027972,
        "precision": 0.4927007299270073,
        "recall": 0.45302013422818793
    },
    "LegalInstitution": {
        "tp": 449,
        "fp": 59,
        "fn": 53,
        "f1": 0.8891089108910891,
        "precision": 0.8838582677165354,
        "recall": 0.8944223107569721
    },
    "TotalHoldingShares": {
        "tp": 1660,
        "fp": 516,
        "fn": 499,
        "f1": 0.7658592848904268,
        "precision": 0.7628676470588235,
        "recall": 0.7688744789254285
    },
    "TotalHoldingRatio": {
        "tp": 1412,
        "fp": 342,
        "fn": 313,
        "f1": 0.8117275079045704,
        "precision": 0.8050171037628279,
        "recall": 0.8185507246376812
    },
    "StartDate": {
        "tp": 3850,
        "fp": 1393,
        "fn": 1181,
        "f1": 0.7494646680942184,
        "precision": 0.7343124165554072,
        "recall": 0.7652554164182072
    },
    "EndDate": {
        "tp": 960,
        "fp": 497,
        "fn": 550,
        "f1": 0.647118301314459,
        "precision": 0.6588881262868909,
        "recall": 0.6357615894039735
    },
    "UnfrozeDate": {
        "tp": 6,
        "fp": 11,
        "fn": 12,
        "f1": 0.34285714285714286,
        "precision": 0.35294117647058826,
        "recall": 0.3333333333333333
    },
    "CompanyName": {
        "tp": 9464,
        "fp": 356,
        "fn": 618,
        "f1": 0.9510601949552808,
        "precision": 0.9637474541751527,
        "recall": 0.9387026383654037
    },
    "HighestTradingPrice": {
        "tp": 1217,
        "fp": 416,
        "fn": 407,
        "f1": 0.7473134786613448,
        "precision": 0.7452541334966319,
        "recall": 0.749384236453202
    },
    "LowestTradingPrice": {
        "tp": 854,
        "fp": 268,
        "fn": 186,
        "f1": 0.790009250693802,
        "precision": 0.7611408199643493,
        "recall": 0.8211538461538461
    },
    "RepurchasedShares": {
        "tp": 1307,
        "fp": 259,
        "fn": 260,
        "f1": 0.8343440791573571,
        "precision": 0.834610472541507,
        "recall": 0.834077855775367
    },
    "ClosingDate": {
        "tp": 974,
        "fp": 618,
        "fn": 674,
        "f1": 0.6012345679012346,
        "precision": 0.6118090452261307,
        "recall": 0.5910194174757282
    },
    "RepurchaseAmount": {
        "tp": 1270,
        "fp": 301,
        "fn": 156,
        "f1": 0.8475141808475141,
        "precision": 0.8084022915340547,
        "recall": 0.8906030855539971
    },
    "TradedShares": {
        "tp": 841,
        "fp": 348,
        "fn": 293,
        "f1": 0.724063710718898,
        "precision": 0.7073170731707317,
        "recall": 0.7416225749559083
    },
    "LaterHoldingShares": {
        "tp": 145,
        "fp": 356,
        "fn": 276,
        "f1": 0.31453362255965295,
        "precision": 0.2894211576846307,
        "recall": 0.34441805225653205
    },
    "AveragePrice": {
        "tp": 194,
        "fp": 68,
        "fn": 15,
        "f1": 0.8237791932059448,
        "precision": 0.7404580152671756,
        "recall": 0.9282296650717703
    },
    "Pledger": {
        "tp": 0,
        "fp": 0,
        "fn": 0,
        "f1": 0,
        "precision": 0,
        "recall": 0
    },
    "PledgedShares": {
        "tp": 2295,
        "fp": 827,
        "fn": 576,
        "f1": 0.7658935424662106,
        "precision": 0.7351057014734145,
        "recall": 0.799373040752351
    },
    "Pledgee": {
        "tp": 2017,
        "fp": 140,
        "fn": 115,
        "f1": 0.9405455817206808,
        "precision": 0.9350950394065832,
        "recall": 0.9460600375234521
    },
    "TotalPledgedShares": {
        "tp": 1050,
        "fp": 405,
        "fn": 320,
        "f1": 0.7433628318584071,
        "precision": 0.7216494845360825,
        "recall": 0.7664233576642335
    },
    "ReleasedDate": {
        "tp": 460,
        "fp": 433,
        "fn": 301,
        "f1": 0.5562273276904475,
        "precision": 0.5151175811870101,
        "recall": 0.6044678055190539
    },
    "StockCode": {
        "tp": 3233,
        "fp": 15,
        "fn": 15,
        "f1": 0.9953817733990148,
        "precision": 0.9953817733990148,
        "recall": 0.9953817733990148
    },
    "StockAbbr": {
        "tp": 4072,
        "fp": 521,
        "fn": 1023,
        "f1": 0.8406275805119736,
        "precision": 0.8865665142608317,
        "recall": 0.7992149165848872
    },
    "precision": 0.8263608059263501,
    "recall": 0.8323480643068272,
    "micro_f1": 0.8293436293436293,
    "macro_f1": 0.708911278623321
}