{
    "EquityHolder": {
        "tp": 8340,
        "fp": 1381,
        "fn": 1273,
        "f1": 0.862728871418227,
        "precision": 0.8579364262935912,
        "recall": 0.8675751586393425
    },
    "FrozeShares": {
        "tp": 116,
        "fp": 121,
        "fn": 182,
        "f1": 0.43364485981308415,
        "precision": 0.48945147679324896,
        "recall": 0.38926174496644295
    },
    "LegalInstitution": {
        "tp": 447,
        "fp": 55,
        "fn": 55,
        "f1": 0.8904382470119522,
        "precision": 0.8904382470119522,
        "recall": 0.8904382470119522
    },
    "TotalHoldingShares": {
        "tp": 1684,
        "fp": 542,
        "fn": 475,
        "f1": 0.7680729760547321,
        "precision": 0.756513926325247,
        "recall": 0.7799907364520612
    },
    "TotalHoldingRatio": {
        "tp": 1397,
        "fp": 328,
        "fn": 328,
        "f1": 0.8098550724637681,
        "precision": 0.8098550724637681,
        "recall": 0.8098550724637681
    },
    "StartDate": {
        "tp": 3844,
        "fp": 1431,
        "fn": 1187,
        "f1": 0.7459732194837959,
        "precision": 0.7287203791469195,
        "recall": 0.7640628105744385
    },
    "EndDate": {
        "tp": 972,
        "fp": 448,
        "fn": 538,
        "f1": 0.663481228668942,
        "precision": 0.6845070422535211,
        "recall": 0.6437086092715232
    },
    "UnfrozeDate": {
        "tp": 7,
        "fp": 12,
        "fn": 11,
        "f1": 0.37837837837837834,
        "precision": 0.3684210526315789,
        "recall": 0.3888888888888889
    },
    "CompanyName": {
        "tp": 9574,
        "fp": 366,
        "fn": 508,
        "f1": 0.9563480171811006,
        "precision": 0.96317907444668,
        "recall": 0.9496131719896845
    },
    "HighestTradingPrice": {
        "tp": 1449,
        "fp": 379,
        "fn": 175,
        "f1": 0.839513325608343,
        "precision": 0.7926695842450766,
        "recall": 0.8922413793103449
    },
    "LowestTradingPrice": {
        "tp": 805,
        "fp": 198,
        "fn": 235,
        "f1": 0.7880567792462067,
        "precision": 0.80259222333001,
        "recall": 0.7740384615384616
    },
    "RepurchasedShares": {
        "tp": 1287,
        "fp": 236,
        "fn": 280,
        "f1": 0.8330097087378641,
        "precision": 0.845042678923178,
        "recall": 0.8213146139119336
    },
    "ClosingDate": {
        "tp": 1019,
        "fp": 479,
        "fn": 629,
        "f1": 0.6478067387158296,
        "precision": 0.6802403204272364,
        "recall": 0.6183252427184466
    },
    "RepurchaseAmount": {
        "tp": 1323,
        "fp": 335,
        "fn": 103,
        "f1": 0.857976653696498,
        "precision": 0.7979493365500603,
        "recall": 0.9277699859747546
    },
    "TradedShares": {
        "tp": 839,
        "fp": 339,
        "fn": 295,
        "f1": 0.7257785467128026,
        "precision": 0.7122241086587436,
        "recall": 0.7398589065255732
    },
    "LaterHoldingShares": {
        "tp": 99,
        "fp": 247,
        "fn": 322,
        "f1": 0.258148631029987,
        "precision": 0.2861271676300578,
        "recall": 0.23515439429928742
    },
    "AveragePrice": {
        "tp": 196,
        "fp": 39,
        "fn": 13,
        "f1": 0.882882882882883,
        "precision": 0.8340425531914893,
        "recall": 0.937799043062201
    },
    "Pledger": {
        "tp": 0,
        "fp": 0,
        "fn": 0,
        "f1": 0,
        "precision": 0,
        "recall": 0
    },
    "PledgedShares": {
        "tp": 2262,
        "fp": 826,
        "fn": 609,
        "f1": 0.7591877831850982,
        "precision": 0.7325129533678757,
        "recall": 0.7878787878787878
    },
    "Pledgee": {
        "tp": 2010,
        "fp": 141,
        "fn": 122,
        "f1": 0.9385944431473265,
        "precision": 0.9344490934449093,
        "recall": 0.9427767354596623
    },
    "TotalPledgedShares": {
        "tp": 1130,
        "fp": 448,
        "fn": 240,
        "f1": 0.7666214382632293,
        "precision": 0.7160963244613435,
        "recall": 0.8248175182481752
    },
    "ReleasedDate": {
        "tp": 387,
        "fp": 400,
        "fn": 374,
        "f1": 0.5,
        "precision": 0.49174078780177893,
        "recall": 0.5085413929040736
    },
    "StockCode": {
        "tp": 3235,
        "fp": 12,
        "fn": 13,
        "f1": 0.9961508852963817,
        "precision": 0.9963042808746535,
        "recall": 0.9959975369458128
    },
    "StockAbbr": {
        "tp": 4009,
        "fp": 420,
        "fn": 1086,
        "f1": 0.8418731625367493,
        "precision": 0.9051704673741251,
        "recall": 0.7868498527968597
    },
    "precision": 0.8348797065487108,
    "recall": 0.8368358445678034,
    "micro_f1": 0.8358566310824678,
    "macro_f1": 0.7143550770638823
}