{
    "EquityHolder": {
        "tp": 8203,
        "fp": 1369,
        "fn": 1410,
        "f1": 0.8551472504560855,
        "precision": 0.856978687839532,
        "recall": 0.8533236242588161
    },
    "FrozeShares": {
        "tp": 127,
        "fp": 131,
        "fn": 171,
        "f1": 0.4568345323741007,
        "precision": 0.49224806201550386,
        "recall": 0.4261744966442953
    },
    "LegalInstitution": {
        "tp": 447,
        "fp": 56,
        "fn": 55,
        "f1": 0.8895522388059701,
        "precision": 0.8886679920477137,
        "recall": 0.8904382470119522
    },
    "TotalHoldingShares": {
        "tp": 1694,
        "fp": 534,
        "fn": 465,
        "f1": 0.772281741509004,
        "precision": 0.7603231597845601,
        "recall": 0.7846225104214914
    },
    "TotalHoldingRatio": {
        "tp": 1399,
        "fp": 299,
        "fn": 326,
        "f1": 0.8174116272275781,
        "precision": 0.8239104829210836,
        "recall": 0.8110144927536231
    },
    "StartDate": {
        "tp": 3844,
        "fp": 1483,
        "fn": 1187,
        "f1": 0.7422282293879127,
        "precision": 0.7216069082034916,
        "recall": 0.7640628105744385
    },
    "EndDate": {
        "tp": 935,
        "fp": 469,
        "fn": 575,
        "f1": 0.641729581331503,
        "precision": 0.665954415954416,
        "recall": 0.6192052980132451
    },
    "UnfrozeDate": {
        "tp": 5,
        "fp": 10,
        "fn": 13,
        "f1": 0.303030303030303,
        "precision": 0.3333333333333333,
        "recall": 0.2777777777777778
    },
    "CompanyName": {
        "tp": 9566,
        "fp": 383,
        "fn": 516,
        "f1": 0.9551195646747542,
        "precision": 0.9615036687104231,
        "recall": 0.9488196786351915
    },
    "HighestTradingPrice": {
        "tp": 1242,
        "fp": 387,
        "fn": 382,
        "f1": 0.7636028281586229,
        "precision": 0.7624309392265194,
        "recall": 0.7647783251231527
    },
    "LowestTradingPrice": {
        "tp": 856,
        "fp": 268,
        "fn": 184,
        "f1": 0.7911275415896488,
        "precision": 0.7615658362989324,
        "recall": 0.823076923076923
    },
    "RepurchasedShares": {
        "tp": 1368,
        "fp": 209,
        "fn": 199,
        "f1": 0.8702290076335878,
        "precision": 0.8674698795180723,
        "recall": 0.8730057434588385
    },
    "ClosingDate": {
        "tp": 860,
        "fp": 460,
        "fn": 788,
        "f1": 0.5795148247978437,
        "precision": 0.6515151515151515,
        "recall": 0.5218446601941747
    },
    "RepurchaseAmount": {
        "tp": 1209,
        "fp": 280,
        "fn": 217,
        "f1": 0.8295025728987993,
        "precision": 0.8119543317662861,
        "recall": 0.8478260869565217
    },
    "TradedShares": {
        "tp": 814,
        "fp": 341,
        "fn": 320,
        "f1": 0.711227610310179,
        "precision": 0.7047619047619048,
        "recall": 0.7178130511463845
    },
    "LaterHoldingShares": {
        "tp": 103,
        "fp": 230,
        "fn": 318,
        "f1": 0.27320954907161804,
        "precision": 0.30930930930930933,
        "recall": 0.24465558194774348
    },
    "AveragePrice": {
        "tp": 192,
        "fp": 63,
        "fn": 17,
        "f1": 0.8275862068965517,
        "precision": 0.7529411764705882,
        "recall": 0.9186602870813397
    },
    "Pledger": {
        "tp": 0,
        "fp": 0,
        "fn": 0,
        "f1": 0,
        "precision": 0,
        "recall": 0
    },
    "PledgedShares": {
        "tp": 2360,
        "fp": 843,
        "fn": 511,
        "f1": 0.777082647349358,
        "precision": 0.7368092413362473,
        "recall": 0.8220132358063392
    },
    "Pledgee": {
        "tp": 2011,
        "fp": 144,
        "fn": 121,
        "f1": 0.9381852111033356,
        "precision": 0.9331786542923434,
        "recall": 0.9432457786116323
    },
    "TotalPledgedShares": {
        "tp": 1089,
        "fp": 425,
        "fn": 281,
        "f1": 0.7552011095700417,
        "precision": 0.7192866578599736,
        "recall": 0.7948905109489051
    },
    "ReleasedDate": {
        "tp": 426,
        "fp": 397,
        "fn": 335,
        "f1": 0.537878787878788,
        "precision": 0.5176184690157959,
        "recall": 0.5597897503285151
    },
    "StockCode": {
        "tp": 3231,
        "fp": 16,
        "fn": 17,
        "f1": 0.994919168591224,
        "precision": 0.995072374499538,
        "recall": 0.9947660098522167
    },
    "StockAbbr": {
        "tp": 4103,
        "fp": 540,
        "fn": 992,
        "f1": 0.8426781680016431,
        "precision": 0.8836958862804222,
        "recall": 0.8052993130520117
    },
    "precision": 0.8315259558651052,
    "recall": 0.830581789344676,
    "micro_f1": 0.8310536044362292,
    "macro_f1": 0.7052200126103522
}