{
    "EquityHolder": {
        "tp": 8611,
        "fp": 2613,
        "fn": 1002,
        "f1": 0.8265105341459903,
        "precision": 0.7671952957947256,
        "recall": 0.8957661500052013
    },
    "FrozeShares": {
        "tp": 0,
        "fp": 0,
        "fn": 298,
        "f1": 0,
        "precision": 0,
        "recall": 0
    },
    "LegalInstitution": {
        "tp": 460,
        "fp": 96,
        "fn": 42,
        "f1": 0.8695652173913044,
        "precision": 0.8273381294964028,
        "recall": 0.9163346613545816
    },
    "TotalHoldingShares": {
        "tp": 1669,
        "fp": 703,
        "fn": 490,
        "f1": 0.7367027146325316,
        "precision": 0.7036256323777403,
        "recall": 0.7730430754979157
    },
    "TotalHoldingRatio": {
        "tp": 1457,
        "fp": 730,
        "fn": 268,
        "f1": 0.7448875255623723,
        "precision": 0.6662094192958391,
        "recall": 0.8446376811594203
    },
    "StartDate": {
        "tp": 3539,
        "fp": 1689,
        "fn": 1492,
        "f1": 0.6899307924749001,
        "precision": 0.6769319051262433,
        "recall": 0.7034386801828663
    },
    "EndDate": {
        "tp": 1077,
        "fp": 684,
        "fn": 433,
        "f1": 0.6585142158361359,
        "precision": 0.6115843270868825,
        "recall": 0.7132450331125828
    },
    "UnfrozeDate": {
        "tp": 0,
        "fp": 0,
        "fn": 18,
        "f1": 0,
        "precision": 0,
        "recall": 0
    },
    "CompanyName": {
        "tp": 9830,
        "fp": 488,
        "fn": 252,
        "f1": 0.9637254901960783,
        "precision": 0.952704012405505,
        "recall": 0.9750049593334655
    },
    "HighestTradingPrice": {
        "tp": 1498,
        "fp": 1269,
        "fn": 126,
        "f1": 0.682304714188112,
        "precision": 0.5413805565594507,
        "recall": 0.9224137931034483
    },
    "LowestTradingPrice": {
        "tp": 0,
        "fp": 0,
        "fn": 1040,
        "f1": 0,
        "precision": 0,
        "recall": 0
    },
    "RepurchasedShares": {
        "tp": 1316,
        "fp": 433,
        "fn": 251,
        "f1": 0.7937273823884199,
        "precision": 0.7524299599771298,
        "recall": 0.839821314613912
    },
    "ClosingDate": {
        "tp": 1168,
        "fp": 343,
        "fn": 480,
        "f1": 0.7394745172522951,
        "precision": 0.7729980145598941,
        "recall": 0.7087378640776699
    },
    "RepurchaseAmount": {
        "tp": 105,
        "fp": 55,
        "fn": 1321,
        "f1": 0.13240857503152584,
        "precision": 0.65625,
        "recall": 0.07363253856942496
    },
    "TradedShares": {
        "tp": 954,
        "fp": 708,
        "fn": 180,
        "f1": 0.6824034334763949,
        "precision": 0.5740072202166066,
        "recall": 0.8412698412698413
    },
    "LaterHoldingShares": {
        "tp": 0,
        "fp": 7,
        "fn": 421,
        "f1": 0,
        "precision": 0,
        "recall": 0
    },
    "AveragePrice": {
        "tp": 189,
        "fp": 53,
        "fn": 20,
        "f1": 0.8381374722838137,
        "precision": 0.78099173553719,
        "recall": 0.9043062200956937
    },
    "Pledger": {
        "tp": 0,
        "fp": 0,
        "fn": 0,
        "f1": 0,
        "precision": 0,
        "recall": 0
    },
    "PledgedShares": {
        "tp": 2592,
        "fp": 1072,
        "fn": 279,
        "f1": 0.7932670237184392,
        "precision": 0.7074235807860262,
        "recall": 0.9028213166144201
    },
    "Pledgee": {
        "tp": 2017,
        "fp": 243,
        "fn": 115,
        "f1": 0.9184881602914391,
        "precision": 0.8924778761061947,
        "recall": 0.9460600375234521
    },
    "TotalPledgedShares": {
        "tp": 1217,
        "fp": 557,
        "fn": 153,
        "f1": 0.774173027989822,
        "precision": 0.6860202931228861,
        "recall": 0.8883211678832117
    },
    "ReleasedDate": {
        "tp": 487,
        "fp": 708,
        "fn": 274,
        "f1": 0.4979550102249489,
        "precision": 0.40753138075313805,
        "recall": 0.6399474375821288
    },
    "StockCode": {
        "tp": 3217,
        "fp": 19,
        "fn": 31,
        "f1": 0.9922887106724244,
        "precision": 0.9941285537700866,
        "recall": 0.9904556650246306
    },
    "StockAbbr": {
        "tp": 4150,
        "fp": 579,
        "fn": 945,
        "f1": 0.8448697068403909,
        "precision": 0.8775639670120533,
        "recall": 0.8145240431795878
    },
    "precision": 0.777328418825296,
    "recall": 0.8210114627640401,
    "micro_f1": 0.7985730063285591,
    "macro_f1": 0.590805592691556
}