{
    "EquityHolder": {
        "tp": 8109,
        "fp": 1317,
        "fn": 1504,
        "f1": 0.8518304532801093,
        "precision": 0.8602800763844685,
        "recall": 0.843545199209404
    },
    "FrozeShares": {
        "tp": 131,
        "fp": 122,
        "fn": 167,
        "f1": 0.47549909255898365,
        "precision": 0.5177865612648221,
        "recall": 0.4395973154362416
    },
    "LegalInstitution": {
        "tp": 447,
        "fp": 54,
        "fn": 55,
        "f1": 0.8913260219341975,
        "precision": 0.8922155688622755,
        "recall": 0.8904382470119522
    },
    "TotalHoldingShares": {
        "tp": 1681,
        "fp": 477,
        "fn": 478,
        "f1": 0.7787815612694,
        "precision": 0.7789620018535681,
        "recall": 0.778601204261232
    },
    "TotalHoldingRatio": {
        "tp": 1421,
        "fp": 395,
        "fn": 304,
        "f1": 0.8025981361197402,
        "precision": 0.7824889867841409,
        "recall": 0.823768115942029
    },
    "StartDate": {
        "tp": 3832,
        "fp": 1345,
        "fn": 1199,
        "f1": 0.7507836990595611,
        "precision": 0.7401970253042303,
        "recall": 0.7616775988869012
    },
    "EndDate": {
        "tp": 1025,
        "fp": 651,
        "fn": 485,
        "f1": 0.6434400502197113,
        "precision": 0.6115751789976134,
        "recall": 0.6788079470198676
    },
    "UnfrozeDate": {
        "tp": 6,
        "fp": 12,
        "fn": 12,
        "f1": 0.3333333333333333,
        "precision": 0.3333333333333333,
        "recall": 0.3333333333333333
    },
    "CompanyName": {
        "tp": 9592,
        "fp": 370,
        "fn": 490,
        "f1": 0.9570943923368589,
        "precision": 0.9628588636819916,
        "recall": 0.9513985320372942
    },
    "HighestTradingPrice": {
        "tp": 1357,
        "fp": 499,
        "fn": 267,
        "f1": 0.7798850574712644,
        "precision": 0.7311422413793104,
        "recall": 0.8355911330049262
    },
    "LowestTradingPrice": {
        "tp": 761,
        "fp": 197,
        "fn": 279,
        "f1": 0.7617617617617617,
        "precision": 0.7943632567849687,
        "recall": 0.7317307692307692
    },
    "RepurchasedShares": {
        "tp": 1398,
        "fp": 233,
        "fn": 169,
        "f1": 0.874296435272045,
        "precision": 0.8571428571428571,
        "recall": 0.8921506062539886
    },
    "ClosingDate": {
        "tp": 929,
        "fp": 534,
        "fn": 719,
        "f1": 0.5972356155576986,
        "precision": 0.6349965823650034,
        "recall": 0.5637135922330098
    },
    "RepurchaseAmount": {
        "tp": 1269,
        "fp": 297,
        "fn": 157,
        "f1": 0.8482620320855615,
        "precision": 0.8103448275862069,
        "recall": 0.8899018232819075
    },
    "TradedShares": {
        "tp": 794,
        "fp": 329,
        "fn": 340,
        "f1": 0.7035888347363757,
        "precision": 0.7070347284060552,
        "recall": 0.7001763668430335
    },
    "LaterHoldingShares": {
        "tp": 83,
        "fp": 227,
        "fn": 338,
        "f1": 0.2270861833105335,
        "precision": 0.267741935483871,
        "recall": 0.19714964370546317
    },
    "AveragePrice": {
        "tp": 194,
        "fp": 57,
        "fn": 15,
        "f1": 0.8434782608695651,
        "precision": 0.7729083665338645,
        "recall": 0.9282296650717703
    },
    "Pledger": {
        "tp": 0,
        "fp": 0,
        "fn": 0,
        "f1": 0,
        "precision": 0,
        "recall": 0
    },
    "PledgedShares": {
        "tp": 2281,
        "fp": 826,
        "fn": 590,
        "f1": 0.7631314821010371,
        "precision": 0.7341486964917927,
        "recall": 0.7944966910484151
    },
    "Pledgee": {
        "tp": 1992,
        "fp": 136,
        "fn": 140,
        "f1": 0.9352112676056338,
        "precision": 0.9360902255639098,
        "recall": 0.9343339587242027
    },
    "TotalPledgedShares": {
        "tp": 1100,
        "fp": 418,
        "fn": 270,
        "f1": 0.7617728531855956,
        "precision": 0.7246376811594203,
        "recall": 0.8029197080291971
    },
    "ReleasedDate": {
        "tp": 429,
        "fp": 443,
        "fn": 332,
        "f1": 0.5254133496631966,
        "precision": 0.4919724770642202,
        "recall": 0.5637319316688568
    },
    "StockCode": {
        "tp": 3237,
        "fp": 12,
        "fn": 11,
        "f1": 0.9964599045713407,
        "precision": 0.9963065558633426,
        "recall": 0.9966133004926109
    },
    "StockAbbr": {
        "tp": 4098,
        "fp": 450,
        "fn": 997,
        "f1": 0.8499429638079437,
        "precision": 0.9010554089709762,
        "recall": 0.8043179587831207
    },
    "precision": 0.8308168517285439,
    "recall": 0.8320596928844352,
    "micro_f1": 0.8314378078540491,
    "macro_f1": 0.7063421975879769
}