{
    "EquityHolder": {
        "tp": 8428,
        "fp": 1586,
        "fn": 1185,
        "f1": 0.858816935853671,
        "precision": 0.8416217295785899,
        "recall": 0.8767294288983668
    },
    "FrozeShares": {
        "tp": 71,
        "fp": 40,
        "fn": 227,
        "f1": 0.3471882640586797,
        "precision": 0.6396396396396397,
        "recall": 0.23825503355704697
    },
    "LegalInstitution": {
        "tp": 453,
        "fp": 70,
        "fn": 49,
        "f1": 0.8839024390243903,
        "precision": 0.8661567877629063,
        "recall": 0.9023904382470119
    },
    "TotalHoldingShares": {
        "tp": 1692,
        "fp": 730,
        "fn": 467,
        "f1": 0.7387033398821218,
        "precision": 0.6985962014863749,
        "recall": 0.7836961556276054
    },
    "TotalHoldingRatio": {
        "tp": 1406,
        "fp": 327,
        "fn": 319,
        "f1": 0.8131868131868132,
        "precision": 0.8113098672821697,
        "recall": 0.8150724637681159
    },
    "StartDate": {
        "tp": 3907,
        "fp": 1376,
        "fn": 1124,
        "f1": 0.7576110141555168,
        "precision": 0.7395419269354533,
        "recall": 0.7765851719340091
    },
    "EndDate": {
        "tp": 1002,
        "fp": 564,
        "fn": 508,
        "f1": 0.6514954486345903,
        "precision": 0.6398467432950191,
        "recall": 0.6635761589403973
    },
    "UnfrozeDate": {
        "tp": 0,
        "fp": 0,
        "fn": 18,
        "f1": 0,
        "precision": 0,
        "recall": 0
    },
    "CompanyName": {
        "tp": 9476,
        "fp": 451,
        "fn": 606,
        "f1": 0.9471737718026888,
        "precision": 0.9545683489473153,
        "recall": 0.9398928783971434
    },
    "HighestTradingPrice": {
        "tp": 1334,
        "fp": 1450,
        "fn": 290,
        "f1": 0.6052631578947368,
        "precision": 0.4791666666666667,
        "recall": 0.8214285714285714
    },
    "LowestTradingPrice": {
        "tp": 0,
        "fp": 0,
        "fn": 1040,
        "f1": 0,
        "precision": 0,
        "recall": 0
    },
    "RepurchasedShares": {
        "tp": 1427,
        "fp": 235,
        "fn": 140,
        "f1": 0.8838649736760607,
        "precision": 0.858604091456077,
        "recall": 0.9106573069559668
    },
    "ClosingDate": {
        "tp": 1187,
        "fp": 622,
        "fn": 461,
        "f1": 0.6867225918426382,
        "precision": 0.65616362631288,
        "recall": 0.7202669902912622
    },
    "RepurchaseAmount": {
        "tp": 1211,
        "fp": 280,
        "fn": 215,
        "f1": 0.8303051079876584,
        "precision": 0.812206572769953,
        "recall": 0.8492286115007013
    },
    "TradedShares": {
        "tp": 882,
        "fp": 404,
        "fn": 252,
        "f1": 0.7289256198347107,
        "precision": 0.6858475894245724,
        "recall": 0.7777777777777778
    },
    "LaterHoldingShares": {
        "tp": 64,
        "fp": 177,
        "fn": 357,
        "f1": 0.19335347432024172,
        "precision": 0.26556016597510373,
        "recall": 0.15201900237529692
    },
    "AveragePrice": {
        "tp": 199,
        "fp": 66,
        "fn": 10,
        "f1": 0.839662447257384,
        "precision": 0.7509433962264151,
        "recall": 0.9521531100478469
    },
    "Pledger": {
        "tp": 0,
        "fp": 0,
        "fn": 0,
        "f1": 0,
        "precision": 0,
        "recall": 0
    },
    "PledgedShares": {
        "tp": 2419,
        "fp": 901,
        "fn": 452,
        "f1": 0.7814569536423842,
        "precision": 0.7286144578313253,
        "recall": 0.8425635667014978
    },
    "Pledgee": {
        "tp": 2014,
        "fp": 147,
        "fn": 118,
        "f1": 0.9382716049382717,
        "precision": 0.9319759370661731,
        "recall": 0.9446529080675422
    },
    "TotalPledgedShares": {
        "tp": 1148,
        "fp": 395,
        "fn": 222,
        "f1": 0.7881908685204256,
        "precision": 0.7440051847051199,
        "recall": 0.8379562043795621
    },
    "ReleasedDate": {
        "tp": 481,
        "fp": 460,
        "fn": 280,
        "f1": 0.5652173913043479,
        "precision": 0.5111583421891605,
        "recall": 0.6320630749014454
    },
    "StockCode": {
        "tp": 3230,
        "fp": 20,
        "fn": 18,
        "f1": 0.9941520467836257,
        "precision": 0.9938461538461538,
        "recall": 0.9944581280788177
    },
    "StockAbbr": {
        "tp": 4164,
        "fp": 573,
        "fn": 931,
        "f1": 0.8470301057770546,
        "precision": 0.8790373654211526,
        "recall": 0.8172718351324828
    },
    "precision": 0.8094587254025828,
    "recall": 0.8325823660875207,
    "micro_f1": 0.8208577292475544,
    "macro_f1": 0.6533539320990839
}