{
    "EquityHolder": {
        "tp": 8213,
        "fp": 1403,
        "fn": 1400,
        "f1": 0.8542305892142077,
        "precision": 0.8540973377703827,
        "recall": 0.8543638822427962
    },
    "FrozeShares": {
        "tp": 106,
        "fp": 89,
        "fn": 192,
        "f1": 0.4300202839756592,
        "precision": 0.5435897435897435,
        "recall": 0.35570469798657717
    },
    "LegalInstitution": {
        "tp": 448,
        "fp": 58,
        "fn": 54,
        "f1": 0.888888888888889,
        "precision": 0.8853754940711462,
        "recall": 0.8924302788844621
    },
    "TotalHoldingShares": {
        "tp": 1671,
        "fp": 618,
        "fn": 488,
        "f1": 0.7513489208633093,
        "precision": 0.7300131061598951,
        "recall": 0.7739694302918018
    },
    "TotalHoldingRatio": {
        "tp": 1422,
        "fp": 350,
        "fn": 303,
        "f1": 0.8132685158707464,
        "precision": 0.8024830699774267,
        "recall": 0.8243478260869566
    },
    "StartDate": {
        "tp": 3740,
        "fp": 1241,
        "fn": 1291,
        "f1": 0.7471034758290052,
        "precision": 0.7508532423208191,
        "recall": 0.7433909759491155
    },
    "EndDate": {
        "tp": 1026,
        "fp": 581,
        "fn": 484,
        "f1": 0.6583253128007701,
        "precision": 0.6384567517112633,
        "recall": 0.6794701986754967
    },
    "UnfrozeDate": {
        "tp": 0,
        "fp": 0,
        "fn": 18,
        "f1": 0,
        "precision": 0,
        "recall": 0
    },
    "CompanyName": {
        "tp": 9314,
        "fp": 436,
        "fn": 768,
        "f1": 0.9392900363049617,
        "precision": 0.9552820512820512,
        "recall": 0.923824637968657
    },
    "HighestTradingPrice": {
        "tp": 1218,
        "fp": 1335,
        "fn": 406,
        "f1": 0.5831936796744074,
        "precision": 0.4770857814336075,
        "recall": 0.75
    },
    "LowestTradingPrice": {
        "tp": 215,
        "fp": 16,
        "fn": 825,
        "f1": 0.33831628638867034,
        "precision": 0.9307359307359307,
        "recall": 0.20673076923076922
    },
    "RepurchasedShares": {
        "tp": 1394,
        "fp": 250,
        "fn": 173,
        "f1": 0.8682653379009654,
        "precision": 0.8479318734793188,
        "recall": 0.8895979578813018
    },
    "ClosingDate": {
        "tp": 1166,
        "fp": 703,
        "fn": 482,
        "f1": 0.6630651123116291,
        "precision": 0.6238630283574104,
        "recall": 0.7075242718446602
    },
    "RepurchaseAmount": {
        "tp": 1177,
        "fp": 288,
        "fn": 249,
        "f1": 0.814251124178485,
        "precision": 0.8034129692832764,
        "recall": 0.8253856942496494
    },
    "TradedShares": {
        "tp": 867,
        "fp": 373,
        "fn": 267,
        "f1": 0.7304128053917438,
        "precision": 0.6991935483870968,
        "recall": 0.7645502645502645
    },
    "LaterHoldingShares": {
        "tp": 103,
        "fp": 259,
        "fn": 318,
        "f1": 0.26309067688378035,
        "precision": 0.2845303867403315,
        "recall": 0.24465558194774348
    },
    "AveragePrice": {
        "tp": 197,
        "fp": 64,
        "fn": 12,
        "f1": 0.8382978723404256,
        "precision": 0.7547892720306514,
        "recall": 0.9425837320574163
    },
    "Pledger": {
        "tp": 0,
        "fp": 0,
        "fn": 0,
        "f1": 0,
        "precision": 0,
        "recall": 0
    },
    "PledgedShares": {
        "tp": 2067,
        "fp": 793,
        "fn": 804,
        "f1": 0.7213400802652243,
        "precision": 0.7227272727272728,
        "recall": 0.7199582027168234
    },
    "Pledgee": {
        "tp": 2007,
        "fp": 137,
        "fn": 125,
        "f1": 0.9387277829747428,
        "precision": 0.9361007462686567,
        "recall": 0.9413696060037523
    },
    "TotalPledgedShares": {
        "tp": 1096,
        "fp": 407,
        "fn": 274,
        "f1": 0.7629655412460842,
        "precision": 0.729208250166334,
        "recall": 0.8
    },
    "ReleasedDate": {
        "tp": 518,
        "fp": 627,
        "fn": 243,
        "f1": 0.5435466946484784,
        "precision": 0.4524017467248908,
        "recall": 0.6806833114323259
    },
    "StockCode": {
        "tp": 3230,
        "fp": 20,
        "fn": 18,
        "f1": 0.9941520467836257,
        "precision": 0.9938461538461538,
        "recall": 0.9944581280788177
    },
    "StockAbbr": {
        "tp": 4130,
        "fp": 573,
        "fn": 965,
        "f1": 0.843029189630537,
        "precision": 0.878162874760791,
        "recall": 0.8105986261040236
    },
    "precision": 0.810156222071283,
    "recall": 0.8169021699949535,
    "micro_f1": 0.8135152113434443,
    "macro_f1": 0.6660470939319313
}