{
    "EquityHolder": {
        "tp": 8228,
        "fp": 1358,
        "fn": 1385,
        "f1": 0.8571279754153863,
        "precision": 0.8583350719799708,
        "recall": 0.8559242692187663
    },
    "FrozeShares": {
        "tp": 140,
        "fp": 141,
        "fn": 158,
        "f1": 0.4835924006908463,
        "precision": 0.498220640569395,
        "recall": 0.4697986577181208
    },
    "LegalInstitution": {
        "tp": 446,
        "fp": 55,
        "fn": 56,
        "f1": 0.8893320039880358,
        "precision": 0.8902195608782435,
        "recall": 0.8884462151394422
    },
    "TotalHoldingShares": {
        "tp": 1717,
        "fp": 562,
        "fn": 442,
        "f1": 0.7737719693555655,
        "precision": 0.7534006143045195,
        "recall": 0.7952755905511811
    },
    "TotalHoldingRatio": {
        "tp": 1393,
        "fp": 341,
        "fn": 332,
        "f1": 0.8054350968488002,
        "precision": 0.8033448673587081,
        "recall": 0.807536231884058
    },
    "StartDate": {
        "tp": 3582,
        "fp": 1064,
        "fn": 1449,
        "f1": 0.7403120801901416,
        "precision": 0.7709857942315971,
        "recall": 0.7119856887298748
    },
    "EndDate": {
        "tp": 1050,
        "fp": 674,
        "fn": 460,
        "f1": 0.6493506493506493,
        "precision": 0.6090487238979119,
        "recall": 0.695364238410596
    },
    "UnfrozeDate": {
        "tp": 7,
        "fp": 12,
        "fn": 11,
        "f1": 0.37837837837837834,
        "precision": 0.3684210526315789,
        "recall": 0.3888888888888889
    },
    "CompanyName": {
        "tp": 9380,
        "fp": 427,
        "fn": 702,
        "f1": 0.9432349539946704,
        "precision": 0.9564596716630978,
        "recall": 0.9303709581432256
    },
    "HighestTradingPrice": {
        "tp": 1187,
        "fp": 525,
        "fn": 437,
        "f1": 0.7116306954436451,
        "precision": 0.6933411214953271,
        "recall": 0.7309113300492611
    },
    "LowestTradingPrice": {
        "tp": 826,
        "fp": 212,
        "fn": 214,
        "f1": 0.794995187680462,
        "precision": 0.7957610789980732,
        "recall": 0.7942307692307692
    },
    "RepurchasedShares": {
        "tp": 1414,
        "fp": 232,
        "fn": 153,
        "f1": 0.8801742919389979,
        "precision": 0.8590522478736331,
        "recall": 0.9023611997447352
    },
    "ClosingDate": {
        "tp": 1123,
        "fp": 767,
        "fn": 525,
        "f1": 0.6348219332956473,
        "precision": 0.5941798941798941,
        "recall": 0.6814320388349514
    },
    "RepurchaseAmount": {
        "tp": 1216,
        "fp": 289,
        "fn": 210,
        "f1": 0.8297509382463323,
        "precision": 0.8079734219269104,
        "recall": 0.85273492286115
    },
    "TradedShares": {
        "tp": 845,
        "fp": 376,
        "fn": 289,
        "f1": 0.7176220806794056,
        "precision": 0.6920556920556921,
        "recall": 0.7451499118165785
    },
    "LaterHoldingShares": {
        "tp": 91,
        "fp": 219,
        "fn": 330,
        "f1": 0.24897400820793433,
        "precision": 0.29354838709677417,
        "recall": 0.2161520190023753
    },
    "AveragePrice": {
        "tp": 194,
        "fp": 72,
        "fn": 15,
        "f1": 0.8168421052631578,
        "precision": 0.7293233082706767,
        "recall": 0.9282296650717703
    },
    "Pledger": {
        "tp": 0,
        "fp": 0,
        "fn": 0,
        "f1": 0,
        "precision": 0,
        "recall": 0
    },
    "PledgedShares": {
        "tp": 2258,
        "fp": 822,
        "fn": 613,
        "f1": 0.7588640564610991,
        "precision": 0.7331168831168832,
        "recall": 0.7864855451062348
    },
    "Pledgee": {
        "tp": 2001,
        "fp": 136,
        "fn": 131,
        "f1": 0.9374560787069571,
        "precision": 0.9363593823116518,
        "recall": 0.9385553470919324
    },
    "TotalPledgedShares": {
        "tp": 1012,
        "fp": 451,
        "fn": 358,
        "f1": 0.7144369925873633,
        "precision": 0.6917293233082706,
        "recall": 0.7386861313868613
    },
    "ReleasedDate": {
        "tp": 457,
        "fp": 526,
        "fn": 304,
        "f1": 0.5240825688073395,
        "precision": 0.4649033570701933,
        "recall": 0.6005256241787122
    },
    "StockCode": {
        "tp": 3234,
        "fp": 16,
        "fn": 14,
        "f1": 0.9953831948291783,
        "precision": 0.9950769230769231,
        "recall": 0.9956896551724138
    },
    "StockAbbr": {
        "tp": 4077,
        "fp": 548,
        "fn": 1018,
        "f1": 0.8388888888888889,
        "precision": 0.8815135135135135,
        "recall": 0.8001962708537782
    },
    "precision": 0.8236181175161122,
    "recall": 0.8268690072813785,
    "micro_f1": 0.8252403608335508,
    "macro_f1": 0.705185772052037
}