{
    "EquityHolder": {
        "tp": 8318,
        "fp": 1380,
        "fn": 1295,
        "f1": 0.8614779141421988,
        "precision": 0.857702619096721,
        "recall": 0.8652865910745865
    },
    "FrozeShares": {
        "tp": 3,
        "fp": 5,
        "fn": 295,
        "f1": 0.0196078431372549,
        "precision": 0.375,
        "recall": 0.010067114093959731
    },
    "LegalInstitution": {
        "tp": 454,
        "fp": 74,
        "fn": 48,
        "f1": 0.8815533980582524,
        "precision": 0.8598484848484849,
        "recall": 0.9043824701195219
    },
    "TotalHoldingShares": {
        "tp": 1714,
        "fp": 858,
        "fn": 445,
        "f1": 0.724582540689072,
        "precision": 0.666407465007776,
        "recall": 0.793886058360352
    },
    "TotalHoldingRatio": {
        "tp": 1396,
        "fp": 403,
        "fn": 329,
        "f1": 0.7922814982973894,
        "precision": 0.7759866592551418,
        "recall": 0.8092753623188406
    },
    "StartDate": {
        "tp": 3666,
        "fp": 1073,
        "fn": 1365,
        "f1": 0.7504605936540429,
        "precision": 0.7735809242456214,
        "recall": 0.7286821705426356
    },
    "EndDate": {
        "tp": 1036,
        "fp": 472,
        "fn": 474,
        "f1": 0.6865473823724321,
        "precision": 0.6870026525198939,
        "recall": 0.686092715231788
    },
    "UnfrozeDate": {
        "tp": 0,
        "fp": 0,
        "fn": 18,
        "f1": 0,
        "precision": 0,
        "recall": 0
    },
    "CompanyName": {
        "tp": 9516,
        "fp": 538,
        "fn": 566,
        "f1": 0.9451728247914184,
        "precision": 0.9464889596180625,
        "recall": 0.9438603451696091
    },
    "HighestTradingPrice": {
        "tp": 1481,
        "fp": 1317,
        "fn": 143,
        "f1": 0.6698326549072818,
        "precision": 0.5293066476054324,
        "recall": 0.9119458128078818
    },
    "LowestTradingPrice": {
        "tp": 0,
        "fp": 0,
        "fn": 1040,
        "f1": 0,
        "precision": 0,
        "recall": 0
    },
    "RepurchasedShares": {
        "tp": 1452,
        "fp": 249,
        "fn": 115,
        "f1": 0.8886168910648715,
        "precision": 0.8536155202821869,
        "recall": 0.9266113592852585
    },
    "ClosingDate": {
        "tp": 1224,
        "fp": 498,
        "fn": 424,
        "f1": 0.7264094955489614,
        "precision": 0.710801393728223,
        "recall": 0.7427184466019418
    },
    "RepurchaseAmount": {
        "tp": 1161,
        "fp": 241,
        "fn": 265,
        "f1": 0.8210749646393211,
        "precision": 0.8281027104136948,
        "recall": 0.8141654978962132
    },
    "TradedShares": {
        "tp": 830,
        "fp": 345,
        "fn": 304,
        "f1": 0.7189259419662192,
        "precision": 0.7063829787234043,
        "recall": 0.7319223985890653
    },
    "LaterHoldingShares": {
        "tp": 52,
        "fp": 127,
        "fn": 369,
        "f1": 0.17333333333333337,
        "precision": 0.2905027932960894,
        "recall": 0.12351543942992874
    },
    "AveragePrice": {
        "tp": 197,
        "fp": 62,
        "fn": 12,
        "f1": 0.8418803418803418,
        "precision": 0.7606177606177607,
        "recall": 0.9425837320574163
    },
    "Pledger": {
        "tp": 0,
        "fp": 0,
        "fn": 0,
        "f1": 0,
        "precision": 0,
        "recall": 0
    },
    "PledgedShares": {
        "tp": 2463,
        "fp": 890,
        "fn": 408,
        "f1": 0.791452442159383,
        "precision": 0.7345660602445571,
        "recall": 0.857889237199582
    },
    "Pledgee": {
        "tp": 2006,
        "fp": 151,
        "fn": 126,
        "f1": 0.9354161809279553,
        "precision": 0.9299953639313862,
        "recall": 0.9409005628517824
    },
    "TotalPledgedShares": {
        "tp": 1189,
        "fp": 436,
        "fn": 181,
        "f1": 0.7939899833055092,
        "precision": 0.7316923076923076,
        "recall": 0.8678832116788321
    },
    "ReleasedDate": {
        "tp": 466,
        "fp": 507,
        "fn": 295,
        "f1": 0.5374855824682814,
        "precision": 0.4789311408016444,
        "recall": 0.6123521681997371
    },
    "StockCode": {
        "tp": 3221,
        "fp": 23,
        "fn": 27,
        "f1": 0.9922982131854591,
        "precision": 0.9929099876695437,
        "recall": 0.9916871921182266
    },
    "StockAbbr": {
        "tp": 4156,
        "fp": 497,
        "fn": 939,
        "f1": 0.8526877308165778,
        "precision": 0.8931871910595315,
        "recall": 0.8157016683022571
    },
    "precision": 0.819295777156393,
    "recall": 0.8290858625910172,
    "micro_f1": 0.8241617471849219,
    "macro_f1": 0.6418786563060648
}