{
    "EquityHolder": {
        "tp": 8250,
        "fp": 1446,
        "fn": 1363,
        "f1": 0.8545237971930187,
        "precision": 0.8508663366336634,
        "recall": 0.8582128367835223
    },
    "FrozeShares": {
        "tp": 54,
        "fp": 28,
        "fn": 244,
        "f1": 0.28421052631578947,
        "precision": 0.6585365853658537,
        "recall": 0.18120805369127516
    },
    "LegalInstitution": {
        "tp": 452,
        "fp": 60,
        "fn": 50,
        "f1": 0.8915187376725838,
        "precision": 0.8828125,
        "recall": 0.900398406374502
    },
    "TotalHoldingShares": {
        "tp": 1704,
        "fp": 720,
        "fn": 455,
        "f1": 0.7436177176521929,
        "precision": 0.7029702970297029,
        "recall": 0.7892542843909217
    },
    "TotalHoldingRatio": {
        "tp": 1411,
        "fp": 347,
        "fn": 314,
        "f1": 0.8102210737869653,
        "precision": 0.8026166097838453,
        "recall": 0.8179710144927537
    },
    "StartDate": {
        "tp": 3878,
        "fp": 1338,
        "fn": 1153,
        "f1": 0.7569044598419049,
        "precision": 0.7434815950920245,
        "recall": 0.770820910355794
    },
    "EndDate": {
        "tp": 1012,
        "fp": 495,
        "fn": 498,
        "f1": 0.6708650977792509,
        "precision": 0.6715328467153284,
        "recall": 0.6701986754966888
    },
    "UnfrozeDate": {
        "tp": 0,
        "fp": 0,
        "fn": 18,
        "f1": 0,
        "precision": 0,
        "recall": 0
    },
    "CompanyName": {
        "tp": 9554,
        "fp": 414,
        "fn": 528,
        "f1": 0.9530174563591024,
        "precision": 0.9584670947030498,
        "recall": 0.9476294386034517
    },
    "HighestTradingPrice": {
        "tp": 1391,
        "fp": 1372,
        "fn": 233,
        "f1": 0.6341463414634146,
        "precision": 0.5034382917119073,
        "recall": 0.8565270935960592
    },
    "LowestTradingPrice": {
        "tp": 0,
        "fp": 0,
        "fn": 1040,
        "f1": 0,
        "precision": 0,
        "recall": 0
    },
    "RepurchasedShares": {
        "tp": 1439,
        "fp": 228,
        "fn": 128,
        "f1": 0.8899196042053183,
        "precision": 0.8632273545290942,
        "recall": 0.9183152520740268
    },
    "ClosingDate": {
        "tp": 1225,
        "fp": 590,
        "fn": 423,
        "f1": 0.707479064395033,
        "precision": 0.6749311294765841,
        "recall": 0.7433252427184466
    },
    "RepurchaseAmount": {
        "tp": 1183,
        "fp": 248,
        "fn": 243,
        "f1": 0.8281414070703536,
        "precision": 0.8266946191474493,
        "recall": 0.8295932678821879
    },
    "TradedShares": {
        "tp": 866,
        "fp": 357,
        "fn": 268,
        "f1": 0.7348324140857022,
        "precision": 0.7080948487326247,
        "recall": 0.763668430335097
    },
    "LaterHoldingShares": {
        "tp": 60,
        "fp": 150,
        "fn": 361,
        "f1": 0.19017432646592708,
        "precision": 0.2857142857142857,
        "recall": 0.14251781472684086
    },
    "AveragePrice": {
        "tp": 197,
        "fp": 77,
        "fn": 12,
        "f1": 0.815734989648033,
        "precision": 0.718978102189781,
        "recall": 0.9425837320574163
    },
    "Pledger": {
        "tp": 0,
        "fp": 0,
        "fn": 0,
        "f1": 0,
        "precision": 0,
        "recall": 0
    },
    "PledgedShares": {
        "tp": 2424,
        "fp": 860,
        "fn": 447,
        "f1": 0.7876523151909017,
        "precision": 0.7381242387332522,
        "recall": 0.8443051201671892
    },
    "Pledgee": {
        "tp": 1991,
        "fp": 139,
        "fn": 141,
        "f1": 0.9343031440638198,
        "precision": 0.9347417840375587,
        "recall": 0.9338649155722326
    },
    "TotalPledgedShares": {
        "tp": 1190,
        "fp": 407,
        "fn": 180,
        "f1": 0.8021570610043816,
        "precision": 0.7451471509079524,
        "recall": 0.8686131386861314
    },
    "ReleasedDate": {
        "tp": 474,
        "fp": 447,
        "fn": 287,
        "f1": 0.563614744351962,
        "precision": 0.5146579804560261,
        "recall": 0.6228646517739816
    },
    "StockCode": {
        "tp": 3229,
        "fp": 20,
        "fn": 19,
        "f1": 0.993997229490534,
        "precision": 0.9938442597722376,
        "recall": 0.9941502463054187
    },
    "StockAbbr": {
        "tp": 4075,
        "fp": 480,
        "fn": 1020,
        "f1": 0.844559585492228,
        "precision": 0.8946212952799122,
        "recall": 0.7998037291462218
    },
    "precision": 0.8183611101240184,
    "recall": 0.8301312089971884,
    "micro_f1": 0.8242041407941593,
    "macro_f1": 0.6538162955636841
}