{
    "EquityHolder": {
        "tp": 8037,
        "fp": 1435,
        "fn": 1576,
        "f1": 0.8422321194655489,
        "precision": 0.8485008445945946,
        "recall": 0.8360553417247477
    },
    "FrozeShares": {
        "tp": 83,
        "fp": 52,
        "fn": 215,
        "f1": 0.3833718244803695,
        "precision": 0.6148148148148148,
        "recall": 0.2785234899328859
    },
    "LegalInstitution": {
        "tp": 451,
        "fp": 60,
        "fn": 51,
        "f1": 0.8904244817374136,
        "precision": 0.8825831702544031,
        "recall": 0.898406374501992
    },
    "TotalHoldingShares": {
        "tp": 1695,
        "fp": 658,
        "fn": 464,
        "f1": 0.7513297872340425,
        "precision": 0.7203569910752231,
        "recall": 0.7850856878184345
    },
    "TotalHoldingRatio": {
        "tp": 1406,
        "fp": 315,
        "fn": 319,
        "f1": 0.8160185722576899,
        "precision": 0.8169668797210924,
        "recall": 0.8150724637681159
    },
    "StartDate": {
        "tp": 3827,
        "fp": 1320,
        "fn": 1204,
        "f1": 0.7520141481627038,
        "precision": 0.7435399261705848,
        "recall": 0.7606837606837606
    },
    "EndDate": {
        "tp": 1041,
        "fp": 564,
        "fn": 469,
        "f1": 0.6683788121990369,
        "precision": 0.6485981308411215,
        "recall": 0.6894039735099338
    },
    "UnfrozeDate": {
        "tp": 0,
        "fp": 0,
        "fn": 18,
        "f1": 0,
        "precision": 0,
        "recall": 0
    },
    "CompanyName": {
        "tp": 9437,
        "fp": 415,
        "fn": 645,
        "f1": 0.9468245209190328,
        "precision": 0.9578765732846123,
        "recall": 0.9360245982939893
    },
    "HighestTradingPrice": {
        "tp": 1257,
        "fp": 1501,
        "fn": 367,
        "f1": 0.5737106344135099,
        "precision": 0.4557650471356055,
        "recall": 0.7740147783251231
    },
    "LowestTradingPrice": {
        "tp": 21,
        "fp": 2,
        "fn": 1019,
        "f1": 0.03951081843838194,
        "precision": 0.9130434782608695,
        "recall": 0.020192307692307693
    },
    "RepurchasedShares": {
        "tp": 1351,
        "fp": 247,
        "fn": 216,
        "f1": 0.8537124802527646,
        "precision": 0.8454317897371715,
        "recall": 0.8621569878749202
    },
    "ClosingDate": {
        "tp": 970,
        "fp": 513,
        "fn": 678,
        "f1": 0.6196103481315873,
        "precision": 0.6540795684423466,
        "recall": 0.5885922330097088
    },
    "RepurchaseAmount": {
        "tp": 1207,
        "fp": 277,
        "fn": 219,
        "f1": 0.8295532646048109,
        "precision": 0.8133423180592992,
        "recall": 0.8464235624123422
    },
    "TradedShares": {
        "tp": 881,
        "fp": 375,
        "fn": 253,
        "f1": 0.7372384937238493,
        "precision": 0.7014331210191083,
        "recall": 0.7768959435626103
    },
    "LaterHoldingShares": {
        "tp": 68,
        "fp": 157,
        "fn": 353,
        "f1": 0.21052631578947367,
        "precision": 0.3022222222222222,
        "recall": 0.16152019002375298
    },
    "AveragePrice": {
        "tp": 198,
        "fp": 64,
        "fn": 11,
        "f1": 0.8407643312101911,
        "precision": 0.7557251908396947,
        "recall": 0.9473684210526315
    },
    "Pledger": {
        "tp": 0,
        "fp": 0,
        "fn": 0,
        "f1": 0,
        "precision": 0,
        "recall": 0
    },
    "PledgedShares": {
        "tp": 2333,
        "fp": 872,
        "fn": 538,
        "f1": 0.7679394338380514,
        "precision": 0.7279251170046802,
        "recall": 0.8126088470916057
    },
    "Pledgee": {
        "tp": 2010,
        "fp": 138,
        "fn": 122,
        "f1": 0.9392523364485982,
        "precision": 0.9357541899441341,
        "recall": 0.9427767354596623
    },
    "TotalPledgedShares": {
        "tp": 1152,
        "fp": 439,
        "fn": 218,
        "f1": 0.778115501519757,
        "precision": 0.7240729101194218,
        "recall": 0.8408759124087591
    },
    "ReleasedDate": {
        "tp": 500,
        "fp": 461,
        "fn": 261,
        "f1": 0.5807200929152148,
        "precision": 0.5202913631633714,
        "recall": 0.657030223390276
    },
    "StockCode": {
        "tp": 3231,
        "fp": 19,
        "fn": 17,
        "f1": 0.9944598337950139,
        "precision": 0.9941538461538462,
        "recall": 0.9947660098522167
    },
    "StockAbbr": {
        "tp": 3979,
        "fp": 526,
        "fn": 1116,
        "f1": 0.8289583333333332,
        "precision": 0.8832408435072142,
        "recall": 0.7809617271835132
    },
    "precision": 0.8125843910342965,
    "recall": 0.813477759354048,
    "micro_f1": 0.8130308297832097,
    "macro_f1": 0.6518611035362657
}