{
    "EquityHolder": {
        "tp": 8144,
        "fp": 1375,
        "fn": 1469,
        "f1": 0.8513485260296885,
        "precision": 0.8555520537871625,
        "recall": 0.847186102153334
    },
    "FrozeShares": {
        "tp": 99,
        "fp": 83,
        "fn": 199,
        "f1": 0.4125,
        "precision": 0.5439560439560439,
        "recall": 0.33221476510067116
    },
    "LegalInstitution": {
        "tp": 449,
        "fp": 62,
        "fn": 53,
        "f1": 0.8864758144126357,
        "precision": 0.8786692759295499,
        "recall": 0.8944223107569721
    },
    "TotalHoldingShares": {
        "tp": 1716,
        "fp": 667,
        "fn": 443,
        "f1": 0.7556142668428005,
        "precision": 0.7201007133864876,
        "recall": 0.7948124131542381
    },
    "TotalHoldingRatio": {
        "tp": 1395,
        "fp": 330,
        "fn": 330,
        "f1": 0.808695652173913,
        "precision": 0.808695652173913,
        "recall": 0.808695652173913
    },
    "StartDate": {
        "tp": 3690,
        "fp": 1237,
        "fn": 1341,
        "f1": 0.7411126732275558,
        "precision": 0.7489344428658413,
        "recall": 0.7334525939177102
    },
    "EndDate": {
        "tp": 1047,
        "fp": 721,
        "fn": 463,
        "f1": 0.638804148871263,
        "precision": 0.5921945701357466,
        "recall": 0.6933774834437086
    },
    "UnfrozeDate": {
        "tp": 2,
        "fp": 0,
        "fn": 16,
        "f1": 0.19999999999999998,
        "precision": 1.0,
        "recall": 0.1111111111111111
    },
    "CompanyName": {
        "tp": 9519,
        "fp": 361,
        "fn": 563,
        "f1": 0.953712052900511,
        "precision": 0.9634615384615385,
        "recall": 0.9441579051775442
    },
    "HighestTradingPrice": {
        "tp": 1204,
        "fp": 1019,
        "fn": 420,
        "f1": 0.625942292695607,
        "precision": 0.5416104363472785,
        "recall": 0.7413793103448276
    },
    "LowestTradingPrice": {
        "tp": 512,
        "fp": 78,
        "fn": 528,
        "f1": 0.6282208588957054,
        "precision": 0.8677966101694915,
        "recall": 0.49230769230769234
    },
    "RepurchasedShares": {
        "tp": 1329,
        "fp": 311,
        "fn": 238,
        "f1": 0.8288119738072965,
        "precision": 0.8103658536585366,
        "recall": 0.8481174218251436
    },
    "ClosingDate": {
        "tp": 1118,
        "fp": 841,
        "fn": 530,
        "f1": 0.6199057388411422,
        "precision": 0.5706993363961205,
        "recall": 0.6783980582524272
    },
    "RepurchaseAmount": {
        "tp": 1248,
        "fp": 295,
        "fn": 178,
        "f1": 0.8406871000336813,
        "precision": 0.8088139987038238,
        "recall": 0.8751753155680224
    },
    "TradedShares": {
        "tp": 840,
        "fp": 380,
        "fn": 294,
        "f1": 0.7136788445199659,
        "precision": 0.6885245901639344,
        "recall": 0.7407407407407407
    },
    "LaterHoldingShares": {
        "tp": 107,
        "fp": 239,
        "fn": 314,
        "f1": 0.2790091264667536,
        "precision": 0.3092485549132948,
        "recall": 0.25415676959619954
    },
    "AveragePrice": {
        "tp": 196,
        "fp": 59,
        "fn": 13,
        "f1": 0.8448275862068966,
        "precision": 0.7686274509803922,
        "recall": 0.937799043062201
    },
    "Pledger": {
        "tp": 0,
        "fp": 0,
        "fn": 0,
        "f1": 0,
        "precision": 0,
        "recall": 0
    },
    "PledgedShares": {
        "tp": 2019,
        "fp": 729,
        "fn": 852,
        "f1": 0.7186332087560064,
        "precision": 0.7347161572052402,
        "recall": 0.703239289446186
    },
    "Pledgee": {
        "tp": 2005,
        "fp": 142,
        "fn": 127,
        "f1": 0.9371348445898575,
        "precision": 0.9338612016767582,
        "recall": 0.9404315196998124
    },
    "TotalPledgedShares": {
        "tp": 1117,
        "fp": 450,
        "fn": 253,
        "f1": 0.7606401089547158,
        "precision": 0.7128270580727505,
        "recall": 0.8153284671532847
    },
    "ReleasedDate": {
        "tp": 391,
        "fp": 450,
        "fn": 370,
        "f1": 0.4881398252184769,
        "precision": 0.464922711058264,
        "recall": 0.5137976346911958
    },
    "StockCode": {
        "tp": 3229,
        "fp": 15,
        "fn": 19,
        "f1": 0.9947627849661121,
        "precision": 0.9953760789149199,
        "recall": 0.9941502463054187
    },
    "StockAbbr": {
        "tp": 4022,
        "fp": 442,
        "fn": 1073,
        "f1": 0.8415106182655089,
        "precision": 0.9009856630824373,
        "recall": 0.7894013738959764
    },
    "precision": 0.8152790747791107,
    "recall": 0.8182178646096172,
    "micro_f1": 0.8167458261370178,
    "macro_f1": 0.6820903352781703
}