{
    "EquityHolder": {
        "tp": 8249,
        "fp": 1333,
        "fn": 1364,
        "f1": 0.8594946600677259,
        "precision": 0.8608849926946358,
        "recall": 0.8581088109851243
    },
    "FrozeShares": {
        "tp": 141,
        "fp": 136,
        "fn": 157,
        "f1": 0.4904347826086957,
        "precision": 0.5090252707581228,
        "recall": 0.47315436241610737
    },
    "LegalInstitution": {
        "tp": 447,
        "fp": 57,
        "fn": 55,
        "f1": 0.8886679920477137,
        "precision": 0.8869047619047619,
        "recall": 0.8904382470119522
    },
    "TotalHoldingShares": {
        "tp": 1632,
        "fp": 497,
        "fn": 527,
        "f1": 0.7611940298507464,
        "precision": 0.7665570690465007,
        "recall": 0.7559055118110236
    },
    "TotalHoldingRatio": {
        "tp": 1382,
        "fp": 290,
        "fn": 343,
        "f1": 0.8136591109802767,
        "precision": 0.8265550239234449,
        "recall": 0.8011594202898551
    },
    "StartDate": {
        "tp": 3819,
        "fp": 1349,
        "fn": 1212,
        "f1": 0.7488969506814394,
        "precision": 0.7389705882352942,
        "recall": 0.7590936195587359
    },
    "EndDate": {
        "tp": 989,
        "fp": 523,
        "fn": 521,
        "f1": 0.6545334215751158,
        "precision": 0.6541005291005291,
        "recall": 0.6549668874172185
    },
    "UnfrozeDate": {
        "tp": 9,
        "fp": 11,
        "fn": 9,
        "f1": 0.4736842105263158,
        "precision": 0.45,
        "recall": 0.5
    },
    "CompanyName": {
        "tp": 9373,
        "fp": 343,
        "fn": 709,
        "f1": 0.9468633195272249,
        "precision": 0.9646974063400576,
        "recall": 0.929676651458044
    },
    "HighestTradingPrice": {
        "tp": 1339,
        "fp": 314,
        "fn": 285,
        "f1": 0.8172108635947514,
        "precision": 0.810042347247429,
        "recall": 0.8245073891625616
    },
    "LowestTradingPrice": {
        "tp": 837,
        "fp": 223,
        "fn": 203,
        "f1": 0.7971428571428572,
        "precision": 0.789622641509434,
        "recall": 0.8048076923076923
    },
    "RepurchasedShares": {
        "tp": 1381,
        "fp": 226,
        "fn": 186,
        "f1": 0.8701953371140516,
        "precision": 0.8593652769135034,
        "recall": 0.8813018506700702
    },
    "ClosingDate": {
        "tp": 1099,
        "fp": 674,
        "fn": 549,
        "f1": 0.6425021923414207,
        "precision": 0.6198533558939651,
        "recall": 0.6668689320388349
    },
    "RepurchaseAmount": {
        "tp": 1243,
        "fp": 314,
        "fn": 183,
        "f1": 0.833389205497821,
        "precision": 0.798330122029544,
        "recall": 0.8716690042075736
    },
    "TradedShares": {
        "tp": 852,
        "fp": 373,
        "fn": 282,
        "f1": 0.7223399745654939,
        "precision": 0.6955102040816327,
        "recall": 0.7513227513227513
    },
    "LaterHoldingShares": {
        "tp": 112,
        "fp": 271,
        "fn": 309,
        "f1": 0.27860696517412936,
        "precision": 0.2924281984334204,
        "recall": 0.2660332541567696
    },
    "AveragePrice": {
        "tp": 195,
        "fp": 66,
        "fn": 14,
        "f1": 0.8297872340425532,
        "precision": 0.7471264367816092,
        "recall": 0.9330143540669856
    },
    "Pledger": {
        "tp": 0,
        "fp": 0,
        "fn": 0,
        "f1": 0,
        "precision": 0,
        "recall": 0
    },
    "PledgedShares": {
        "tp": 2139,
        "fp": 767,
        "fn": 732,
        "f1": 0.7405227626795916,
        "precision": 0.7360633172746043,
        "recall": 0.7450365726227796
    },
    "Pledgee": {
        "tp": 2000,
        "fp": 143,
        "fn": 132,
        "f1": 0.935672514619883,
        "precision": 0.9332711152589828,
        "recall": 0.9380863039399625
    },
    "TotalPledgedShares": {
        "tp": 1052,
        "fp": 446,
        "fn": 318,
        "f1": 0.7336122733612274,
        "precision": 0.7022696929238985,
        "recall": 0.7678832116788321
    },
    "ReleasedDate": {
        "tp": 409,
        "fp": 330,
        "fn": 352,
        "f1": 0.5453333333333333,
        "precision": 0.5534506089309879,
        "recall": 0.5374507227332457
    },
    "StockCode": {
        "tp": 3238,
        "fp": 11,
        "fn": 10,
        "f1": 0.9967677389564414,
        "precision": 0.9966143428747307,
        "recall": 0.9969211822660099
    },
    "StockAbbr": {
        "tp": 4007,
        "fp": 533,
        "fn": 1088,
        "f1": 0.8317592112091333,
        "precision": 0.8825991189427312,
        "recall": 0.7864573110893033
    },
    "precision": 0.8327110595570377,
    "recall": 0.8280585393987456,
    "micro_f1": 0.830378282636592,
    "macro_f1": 0.7171779558957474
}