{
    "EquityHolder": {
        "tp": 8173,
        "fp": 1338,
        "fn": 1440,
        "f1": 0.8547375026145159,
        "precision": 0.8593207864577858,
        "recall": 0.8502028503068761
    },
    "FrozeShares": {
        "tp": 122,
        "fp": 134,
        "fn": 176,
        "f1": 0.4404332129963899,
        "precision": 0.4765625,
        "recall": 0.40939597315436244
    },
    "LegalInstitution": {
        "tp": 447,
        "fp": 55,
        "fn": 55,
        "f1": 0.8904382470119522,
        "precision": 0.8904382470119522,
        "recall": 0.8904382470119522
    },
    "TotalHoldingShares": {
        "tp": 1720,
        "fp": 609,
        "fn": 439,
        "f1": 0.7664884135472371,
        "precision": 0.7385143838557321,
        "recall": 0.7966651227420102
    },
    "TotalHoldingRatio": {
        "tp": 1446,
        "fp": 465,
        "fn": 279,
        "f1": 0.7953795379537952,
        "precision": 0.7566718995290423,
        "recall": 0.8382608695652174
    },
    "StartDate": {
        "tp": 3895,
        "fp": 1487,
        "fn": 1136,
        "f1": 0.7481033323729953,
        "precision": 0.7237086584912672,
        "recall": 0.7741999602464719
    },
    "EndDate": {
        "tp": 1029,
        "fp": 656,
        "fn": 481,
        "f1": 0.644131455399061,
        "precision": 0.6106824925816023,
        "recall": 0.6814569536423841
    },
    "UnfrozeDate": {
        "tp": 8,
        "fp": 11,
        "fn": 10,
        "f1": 0.43243243243243246,
        "precision": 0.42105263157894735,
        "recall": 0.4444444444444444
    },
    "CompanyName": {
        "tp": 9418,
        "fp": 392,
        "fn": 664,
        "f1": 0.946913331992761,
        "precision": 0.9600407747196738,
        "recall": 0.934140051577068
    },
    "HighestTradingPrice": {
        "tp": 1282,
        "fp": 324,
        "fn": 342,
        "f1": 0.7938080495356036,
        "precision": 0.7982565379825654,
        "recall": 0.7894088669950738
    },
    "LowestTradingPrice": {
        "tp": 909,
        "fp": 270,
        "fn": 131,
        "f1": 0.8192879675529517,
        "precision": 0.7709923664122137,
        "recall": 0.8740384615384615
    },
    "RepurchasedShares": {
        "tp": 1377,
        "fp": 244,
        "fn": 190,
        "f1": 0.8638644918444165,
        "precision": 0.8494756323257249,
        "recall": 0.8787492022973835
    },
    "ClosingDate": {
        "tp": 1031,
        "fp": 565,
        "fn": 617,
        "f1": 0.6356350184956844,
        "precision": 0.6459899749373433,
        "recall": 0.6256067961165048
    },
    "RepurchaseAmount": {
        "tp": 1305,
        "fp": 331,
        "fn": 121,
        "f1": 0.8523840627041148,
        "precision": 0.7976772616136919,
        "recall": 0.9151472650771388
    },
    "TradedShares": {
        "tp": 844,
        "fp": 340,
        "fn": 290,
        "f1": 0.7282139775668679,
        "precision": 0.7128378378378378,
        "recall": 0.7442680776014109
    },
    "LaterHoldingShares": {
        "tp": 113,
        "fp": 266,
        "fn": 308,
        "f1": 0.28250000000000003,
        "precision": 0.29815303430079154,
        "recall": 0.2684085510688836
    },
    "AveragePrice": {
        "tp": 199,
        "fp": 80,
        "fn": 10,
        "f1": 0.8155737704918032,
        "precision": 0.7132616487455197,
        "recall": 0.9521531100478469
    },
    "Pledger": {
        "tp": 0,
        "fp": 0,
        "fn": 0,
        "f1": 0,
        "precision": 0,
        "recall": 0
    },
    "PledgedShares": {
        "tp": 2389,
        "fp": 896,
        "fn": 482,
        "f1": 0.776153346328785,
        "precision": 0.7272450532724505,
        "recall": 0.8321142459073494
    },
    "Pledgee": {
        "tp": 2021,
        "fp": 135,
        "fn": 111,
        "f1": 0.9426305970149255,
        "precision": 0.9373840445269017,
        "recall": 0.9479362101313321
    },
    "TotalPledgedShares": {
        "tp": 1042,
        "fp": 377,
        "fn": 328,
        "f1": 0.7472212262459663,
        "precision": 0.7343199436222692,
        "recall": 0.7605839416058394
    },
    "ReleasedDate": {
        "tp": 438,
        "fp": 394,
        "fn": 323,
        "f1": 0.5499058380414312,
        "precision": 0.5264423076923077,
        "recall": 0.5755584756898817
    },
    "StockCode": {
        "tp": 3233,
        "fp": 14,
        "fn": 15,
        "f1": 0.9955350269438029,
        "precision": 0.9956883276870958,
        "recall": 0.9953817733990148
    },
    "StockAbbr": {
        "tp": 4123,
        "fp": 568,
        "fn": 972,
        "f1": 0.8426323319027181,
        "precision": 0.8789170752504797,
        "recall": 0.809224730127576
    },
    "precision": 0.8239228523400867,
    "recall": 0.8392329320164371,
    "micro_f1": 0.8315074241734299,
    "macro_f1": 0.7151834654579253
}