{
    "EquityHolder": {
        "tp": 8209,
        "fp": 1433,
        "fn": 1404,
        "f1": 0.8526616463256298,
        "precision": 0.8513793818709812,
        "recall": 0.8539477790492042
    },
    "FrozeShares": {
        "tp": 87,
        "fp": 57,
        "fn": 211,
        "f1": 0.3936651583710407,
        "precision": 0.6041666666666666,
        "recall": 0.29194630872483224
    },
    "LegalInstitution": {
        "tp": 452,
        "fp": 57,
        "fn": 50,
        "f1": 0.894164193867458,
        "precision": 0.888015717092338,
        "recall": 0.900398406374502
    },
    "TotalHoldingShares": {
        "tp": 1661,
        "fp": 609,
        "fn": 498,
        "f1": 0.7500564461503726,
        "precision": 0.7317180616740088,
        "recall": 0.7693376563223715
    },
    "TotalHoldingRatio": {
        "tp": 1381,
        "fp": 321,
        "fn": 344,
        "f1": 0.8059527283338197,
        "precision": 0.8113983548766157,
        "recall": 0.8005797101449276
    },
    "StartDate": {
        "tp": 3828,
        "fp": 1301,
        "fn": 1203,
        "f1": 0.7535433070866141,
        "precision": 0.7463443166309222,
        "recall": 0.7608825283243887
    },
    "EndDate": {
        "tp": 1015,
        "fp": 527,
        "fn": 495,
        "f1": 0.6651376146788991,
        "precision": 0.6582360570687419,
        "recall": 0.6721854304635762
    },
    "UnfrozeDate": {
        "tp": 0,
        "fp": 0,
        "fn": 18,
        "f1": 0,
        "precision": 0,
        "recall": 0
    },
    "CompanyName": {
        "tp": 9398,
        "fp": 434,
        "fn": 684,
        "f1": 0.943858591945365,
        "precision": 0.9558584214808787,
        "recall": 0.9321563181908351
    },
    "HighestTradingPrice": {
        "tp": 1178,
        "fp": 1551,
        "fn": 446,
        "f1": 0.5412359292441994,
        "precision": 0.4316599486991572,
        "recall": 0.7253694581280788
    },
    "LowestTradingPrice": {
        "tp": 6,
        "fp": 1,
        "fn": 1034,
        "f1": 0.011461318051575931,
        "precision": 0.8571428571428571,
        "recall": 0.0057692307692307696
    },
    "RepurchasedShares": {
        "tp": 1432,
        "fp": 237,
        "fn": 135,
        "f1": 0.8850432632880098,
        "precision": 0.8579988016776513,
        "recall": 0.9138481174218251
    },
    "ClosingDate": {
        "tp": 1130,
        "fp": 565,
        "fn": 518,
        "f1": 0.676039485492073,
        "precision": 0.6666666666666666,
        "recall": 0.6856796116504854
    },
    "RepurchaseAmount": {
        "tp": 1179,
        "fp": 283,
        "fn": 247,
        "f1": 0.8164819944598337,
        "precision": 0.8064295485636115,
        "recall": 0.8267882187938289
    },
    "TradedShares": {
        "tp": 832,
        "fp": 358,
        "fn": 302,
        "f1": 0.7160068846815834,
        "precision": 0.6991596638655462,
        "recall": 0.7336860670194003
    },
    "LaterHoldingShares": {
        "tp": 92,
        "fp": 224,
        "fn": 329,
        "f1": 0.24966078697421978,
        "precision": 0.2911392405063291,
        "recall": 0.21852731591448932
    },
    "AveragePrice": {
        "tp": 197,
        "fp": 61,
        "fn": 12,
        "f1": 0.8436830835117772,
        "precision": 0.7635658914728682,
        "recall": 0.9425837320574163
    },
    "Pledger": {
        "tp": 0,
        "fp": 0,
        "fn": 0,
        "f1": 0,
        "precision": 0,
        "recall": 0
    },
    "PledgedShares": {
        "tp": 2421,
        "fp": 860,
        "fn": 450,
        "f1": 0.7870611183355006,
        "precision": 0.7378847912221883,
        "recall": 0.8432601880877743
    },
    "Pledgee": {
        "tp": 2012,
        "fp": 148,
        "fn": 120,
        "f1": 0.9375582479030755,
        "precision": 0.9314814814814815,
        "recall": 0.9437148217636022
    },
    "TotalPledgedShares": {
        "tp": 1184,
        "fp": 451,
        "fn": 186,
        "f1": 0.7880199667221298,
        "precision": 0.7241590214067278,
        "recall": 0.8642335766423358
    },
    "ReleasedDate": {
        "tp": 488,
        "fp": 448,
        "fn": 273,
        "f1": 0.5751325869180908,
        "precision": 0.5213675213675214,
        "recall": 0.6412614980289093
    },
    "StockCode": {
        "tp": 3229,
        "fp": 21,
        "fn": 19,
        "f1": 0.9938442597722377,
        "precision": 0.9935384615384616,
        "recall": 0.9941502463054187
    },
    "StockAbbr": {
        "tp": 4179,
        "fp": 519,
        "fn": 916,
        "f1": 0.8534667619728378,
        "precision": 0.8895274584929758,
        "recall": 0.8202158979391561
    },
    "precision": 0.8132938490081347,
    "recall": 0.8216783216783217,
    "micro_f1": 0.8174645866953559,
    "macro_f1": 0.6555723072535979
}