{
    "EquityHolder": {
        "tp": 8276,
        "fp": 1302,
        "fn": 1337,
        "f1": 0.8624876244072742,
        "precision": 0.8640634788055962,
        "recall": 0.8609175075418704
    },
    "FrozeShares": {
        "tp": 107,
        "fp": 96,
        "fn": 191,
        "f1": 0.42714570858283435,
        "precision": 0.5270935960591133,
        "recall": 0.35906040268456374
    },
    "LegalInstitution": {
        "tp": 447,
        "fp": 55,
        "fn": 55,
        "f1": 0.8904382470119522,
        "precision": 0.8904382470119522,
        "recall": 0.8904382470119522
    },
    "TotalHoldingShares": {
        "tp": 1773,
        "fp": 669,
        "fn": 386,
        "f1": 0.7707020212997175,
        "precision": 0.726044226044226,
        "recall": 0.8212135247799908
    },
    "TotalHoldingRatio": {
        "tp": 1463,
        "fp": 486,
        "fn": 262,
        "f1": 0.7964071856287426,
        "precision": 0.7506413545407902,
        "recall": 0.8481159420289855
    },
    "StartDate": {
        "tp": 3912,
        "fp": 1457,
        "fn": 1119,
        "f1": 0.7523076923076923,
        "precision": 0.7286273048984914,
        "recall": 0.7775790101371497
    },
    "EndDate": {
        "tp": 963,
        "fp": 522,
        "fn": 547,
        "f1": 0.6430717863105175,
        "precision": 0.6484848484848484,
        "recall": 0.6377483443708609
    },
    "UnfrozeDate": {
        "tp": 8,
        "fp": 24,
        "fn": 10,
        "f1": 0.32,
        "precision": 0.25,
        "recall": 0.4444444444444444
    },
    "CompanyName": {
        "tp": 9554,
        "fp": 393,
        "fn": 528,
        "f1": 0.954016675820061,
        "precision": 0.9604906001809591,
        "recall": 0.9476294386034517
    },
    "HighestTradingPrice": {
        "tp": 1211,
        "fp": 365,
        "fn": 413,
        "f1": 0.7568750000000001,
        "precision": 0.7684010152284264,
        "recall": 0.7456896551724138
    },
    "LowestTradingPrice": {
        "tp": 733,
        "fp": 269,
        "fn": 307,
        "f1": 0.7179236043095004,
        "precision": 0.7315369261477046,
        "recall": 0.7048076923076924
    },
    "RepurchasedShares": {
        "tp": 941,
        "fp": 220,
        "fn": 626,
        "f1": 0.689882697947214,
        "precision": 0.8105081826012058,
        "recall": 0.6005105296745373
    },
    "ClosingDate": {
        "tp": 817,
        "fp": 494,
        "fn": 831,
        "f1": 0.5522135856708347,
        "precision": 0.6231884057971014,
        "recall": 0.495752427184466
    },
    "RepurchaseAmount": {
        "tp": 1101,
        "fp": 333,
        "fn": 325,
        "f1": 0.7699300699300701,
        "precision": 0.7677824267782427,
        "recall": 0.7720897615708275
    },
    "TradedShares": {
        "tp": 795,
        "fp": 310,
        "fn": 339,
        "f1": 0.7101384546672621,
        "precision": 0.7194570135746606,
        "recall": 0.701058201058201
    },
    "LaterHoldingShares": {
        "tp": 68,
        "fp": 141,
        "fn": 353,
        "f1": 0.21587301587301586,
        "precision": 0.3253588516746411,
        "recall": 0.16152019002375298
    },
    "AveragePrice": {
        "tp": 197,
        "fp": 64,
        "fn": 12,
        "f1": 0.8382978723404256,
        "precision": 0.7547892720306514,
        "recall": 0.9425837320574163
    },
    "Pledger": {
        "tp": 0,
        "fp": 0,
        "fn": 0,
        "f1": 0,
        "precision": 0,
        "recall": 0
    },
    "PledgedShares": {
        "tp": 2278,
        "fp": 833,
        "fn": 593,
        "f1": 0.7616181878970245,
        "precision": 0.73224043715847,
        "recall": 0.7934517589690003
    },
    "Pledgee": {
        "tp": 2015,
        "fp": 145,
        "fn": 117,
        "f1": 0.9389561975768871,
        "precision": 0.9328703703703703,
        "recall": 0.9451219512195121
    },
    "TotalPledgedShares": {
        "tp": 1124,
        "fp": 437,
        "fn": 246,
        "f1": 0.7669737291026953,
        "precision": 0.7200512491992312,
        "recall": 0.8204379562043795
    },
    "ReleasedDate": {
        "tp": 435,
        "fp": 546,
        "fn": 326,
        "f1": 0.4994259471871412,
        "precision": 0.4434250764525994,
        "recall": 0.5716162943495401
    },
    "StockCode": {
        "tp": 3237,
        "fp": 10,
        "fn": 11,
        "f1": 0.9967667436489608,
        "precision": 0.9969202340622113,
        "recall": 0.9966133004926109
    },
    "StockAbbr": {
        "tp": 4001,
        "fp": 468,
        "fn": 1094,
        "f1": 0.8366792137181096,
        "precision": 0.895278585813381,
        "recall": 0.785279685966634
    },
    "precision": 0.8250476449768581,
    "recall": 0.8192632110157884,
    "micro_f1": 0.8221452536195842,
    "macro_f1": 0.6861721358849139
}