{
    "EquityHolder": {
        "tp": 8278,
        "fp": 1389,
        "fn": 1335,
        "f1": 0.858713692946058,
        "precision": 0.856315299472432,
        "recall": 0.8611255591386664
    },
    "FrozeShares": {
        "tp": 34,
        "fp": 18,
        "fn": 264,
        "f1": 0.19428571428571428,
        "precision": 0.6538461538461539,
        "recall": 0.11409395973154363
    },
    "LegalInstitution": {
        "tp": 454,
        "fp": 62,
        "fn": 48,
        "f1": 0.8919449901768174,
        "precision": 0.8798449612403101,
        "recall": 0.9043824701195219
    },
    "TotalHoldingShares": {
        "tp": 1745,
        "fp": 781,
        "fn": 414,
        "f1": 0.7449306296691568,
        "precision": 0.6908155186064925,
        "recall": 0.8082445576655859
    },
    "TotalHoldingRatio": {
        "tp": 1423,
        "fp": 391,
        "fn": 302,
        "f1": 0.8041819723085616,
        "precision": 0.7844542447629548,
        "recall": 0.8249275362318841
    },
    "StartDate": {
        "tp": 3709,
        "fp": 1107,
        "fn": 1322,
        "f1": 0.753325886056667,
        "precision": 0.770141196013289,
        "recall": 0.7372291790896442
    },
    "EndDate": {
        "tp": 1056,
        "fp": 497,
        "fn": 454,
        "f1": 0.6895200783545543,
        "precision": 0.6799742433998712,
        "recall": 0.6993377483443709
    },
    "UnfrozeDate": {
        "tp": 0,
        "fp": 0,
        "fn": 18,
        "f1": 0,
        "precision": 0,
        "recall": 0
    },
    "CompanyName": {
        "tp": 9517,
        "fp": 401,
        "fn": 565,
        "f1": 0.9516999999999999,
        "precision": 0.9595684613833434,
        "recall": 0.9439595318389209
    },
    "HighestTradingPrice": {
        "tp": 1421,
        "fp": 1343,
        "fn": 203,
        "f1": 0.64767547857794,
        "precision": 0.51410998552822,
        "recall": 0.875
    },
    "LowestTradingPrice": {
        "tp": 0,
        "fp": 0,
        "fn": 1040,
        "f1": 0,
        "precision": 0,
        "recall": 0
    },
    "RepurchasedShares": {
        "tp": 1447,
        "fp": 242,
        "fn": 120,
        "f1": 0.8888206388206389,
        "precision": 0.8567199526346951,
        "recall": 0.9234205488194002
    },
    "ClosingDate": {
        "tp": 1209,
        "fp": 558,
        "fn": 439,
        "f1": 0.7080527086383602,
        "precision": 0.6842105263157895,
        "recall": 0.7336165048543689
    },
    "RepurchaseAmount": {
        "tp": 1190,
        "fp": 245,
        "fn": 236,
        "f1": 0.8318769660957707,
        "precision": 0.8292682926829268,
        "recall": 0.8345021037868162
    },
    "TradedShares": {
        "tp": 868,
        "fp": 383,
        "fn": 266,
        "f1": 0.7278825995807129,
        "precision": 0.6938449240607514,
        "recall": 0.7654320987654321
    },
    "LaterHoldingShares": {
        "tp": 69,
        "fp": 167,
        "fn": 352,
        "f1": 0.2100456621004566,
        "precision": 0.2923728813559322,
        "recall": 0.16389548693586697
    },
    "AveragePrice": {
        "tp": 198,
        "fp": 77,
        "fn": 11,
        "f1": 0.8181818181818181,
        "precision": 0.72,
        "recall": 0.9473684210526315
    },
    "Pledger": {
        "tp": 0,
        "fp": 0,
        "fn": 0,
        "f1": 0,
        "precision": 0,
        "recall": 0
    },
    "PledgedShares": {
        "tp": 2493,
        "fp": 904,
        "fn": 378,
        "f1": 0.7954690491384812,
        "precision": 0.7338828377980571,
        "recall": 0.8683385579937304
    },
    "Pledgee": {
        "tp": 2015,
        "fp": 154,
        "fn": 117,
        "f1": 0.9369913973494537,
        "precision": 0.9289995389580452,
        "recall": 0.9451219512195121
    },
    "TotalPledgedShares": {
        "tp": 1201,
        "fp": 436,
        "fn": 169,
        "f1": 0.7988027934818757,
        "precision": 0.7336591325595602,
        "recall": 0.8766423357664234
    },
    "ReleasedDate": {
        "tp": 493,
        "fp": 560,
        "fn": 268,
        "f1": 0.5435501653803748,
        "precision": 0.4681861348528015,
        "recall": 0.6478318002628121
    },
    "StockCode": {
        "tp": 3228,
        "fp": 20,
        "fn": 20,
        "f1": 0.9938423645320197,
        "precision": 0.9938423645320197,
        "recall": 0.9938423645320197
    },
    "StockAbbr": {
        "tp": 4123,
        "fp": 472,
        "fn": 972,
        "f1": 0.8509803921568626,
        "precision": 0.8972796517954298,
        "recall": 0.809224730127576
    },
    "precision": 0.8189542019936855,
    "recall": 0.8321498089539326,
    "micro_f1": 0.8254992758935117,
    "macro_f1": 0.6516989582430122
}