{
    "EquityHolder": {
        "tp": 8147,
        "fp": 1375,
        "fn": 1466,
        "f1": 0.8515286124902013,
        "precision": 0.8555975635370721,
        "recall": 0.847498179548528
    },
    "FrozeShares": {
        "tp": 120,
        "fp": 122,
        "fn": 178,
        "f1": 0.4444444444444444,
        "precision": 0.49586776859504134,
        "recall": 0.40268456375838924
    },
    "LegalInstitution": {
        "tp": 448,
        "fp": 63,
        "fn": 54,
        "f1": 0.8845014807502467,
        "precision": 0.8767123287671232,
        "recall": 0.8924302788844621
    },
    "TotalHoldingShares": {
        "tp": 1705,
        "fp": 605,
        "fn": 454,
        "f1": 0.7630342358469455,
        "precision": 0.7380952380952381,
        "recall": 0.7897174617878647
    },
    "TotalHoldingRatio": {
        "tp": 1358,
        "fp": 324,
        "fn": 367,
        "f1": 0.7971822717933665,
        "precision": 0.807372175980975,
        "recall": 0.7872463768115942
    },
    "StartDate": {
        "tp": 3992,
        "fp": 1601,
        "fn": 1039,
        "f1": 0.7515060240963856,
        "precision": 0.7137493295190417,
        "recall": 0.7934804213873982
    },
    "EndDate": {
        "tp": 1060,
        "fp": 708,
        "fn": 450,
        "f1": 0.6467358145210493,
        "precision": 0.5995475113122172,
        "recall": 0.7019867549668874
    },
    "UnfrozeDate": {
        "tp": 8,
        "fp": 18,
        "fn": 10,
        "f1": 0.3636363636363637,
        "precision": 0.3076923076923077,
        "recall": 0.4444444444444444
    },
    "CompanyName": {
        "tp": 9472,
        "fp": 394,
        "fn": 610,
        "f1": 0.9496691397633847,
        "precision": 0.9600648692479221,
        "recall": 0.9394961317198969
    },
    "HighestTradingPrice": {
        "tp": 1282,
        "fp": 338,
        "fn": 342,
        "f1": 0.7903822441430333,
        "precision": 0.7913580246913581,
        "recall": 0.7894088669950738
    },
    "LowestTradingPrice": {
        "tp": 881,
        "fp": 263,
        "fn": 159,
        "f1": 0.8067765567765567,
        "precision": 0.7701048951048951,
        "recall": 0.8471153846153846
    },
    "RepurchasedShares": {
        "tp": 1366,
        "fp": 261,
        "fn": 201,
        "f1": 0.8553537883531622,
        "precision": 0.8395820528580209,
        "recall": 0.8717294192724953
    },
    "ClosingDate": {
        "tp": 1030,
        "fp": 626,
        "fn": 618,
        "f1": 0.6234866828087168,
        "precision": 0.6219806763285024,
        "recall": 0.625
    },
    "RepurchaseAmount": {
        "tp": 1199,
        "fp": 287,
        "fn": 227,
        "f1": 0.823489010989011,
        "precision": 0.806864064602961,
        "recall": 0.8408134642356241
    },
    "TradedShares": {
        "tp": 891,
        "fp": 414,
        "fn": 243,
        "f1": 0.7306273062730626,
        "precision": 0.6827586206896552,
        "recall": 0.7857142857142857
    },
    "LaterHoldingShares": {
        "tp": 97,
        "fp": 217,
        "fn": 324,
        "f1": 0.26394557823129255,
        "precision": 0.3089171974522293,
        "recall": 0.23040380047505937
    },
    "AveragePrice": {
        "tp": 199,
        "fp": 72,
        "fn": 10,
        "f1": 0.8291666666666667,
        "precision": 0.7343173431734318,
        "recall": 0.9521531100478469
    },
    "Pledger": {
        "tp": 0,
        "fp": 0,
        "fn": 0,
        "f1": 0,
        "precision": 0,
        "recall": 0
    },
    "PledgedShares": {
        "tp": 2288,
        "fp": 798,
        "fn": 583,
        "f1": 0.7681718986066811,
        "precision": 0.7414128321451717,
        "recall": 0.7969348659003831
    },
    "Pledgee": {
        "tp": 2008,
        "fp": 147,
        "fn": 124,
        "f1": 0.9367856309773736,
        "precision": 0.9317865429234339,
        "recall": 0.9418386491557224
    },
    "TotalPledgedShares": {
        "tp": 1135,
        "fp": 416,
        "fn": 235,
        "f1": 0.7771311194796303,
        "precision": 0.731785944551902,
        "recall": 0.8284671532846716
    },
    "ReleasedDate": {
        "tp": 405,
        "fp": 337,
        "fn": 356,
        "f1": 0.5389221556886228,
        "precision": 0.545822102425876,
        "recall": 0.5321944809461235
    },
    "StockCode": {
        "tp": 3237,
        "fp": 17,
        "fn": 11,
        "f1": 0.9956936327283913,
        "precision": 0.9947756607252612,
        "recall": 0.9966133004926109
    },
    "StockAbbr": {
        "tp": 4075,
        "fp": 568,
        "fn": 1020,
        "f1": 0.8369275005134525,
        "precision": 0.8776653026060737,
        "recall": 0.7998037291462218
    },
    "precision": 0.8231276829744208,
    "recall": 0.8363311945786173,
    "micro_f1": 0.8296769117988878,
    "macro_f1": 0.7095457566490854
}