{
    "EquityHolder": {
        "tp": 8268,
        "fp": 1352,
        "fn": 1345,
        "f1": 0.8597722664170957,
        "precision": 0.8594594594594595,
        "recall": 0.8600853011546864
    },
    "FrozeShares": {
        "tp": 136,
        "fp": 126,
        "fn": 162,
        "f1": 0.4857142857142857,
        "precision": 0.5190839694656488,
        "recall": 0.4563758389261745
    },
    "LegalInstitution": {
        "tp": 448,
        "fp": 55,
        "fn": 54,
        "f1": 0.891542288557214,
        "precision": 0.8906560636182903,
        "recall": 0.8924302788844621
    },
    "TotalHoldingShares": {
        "tp": 1648,
        "fp": 418,
        "fn": 511,
        "f1": 0.7801183431952662,
        "precision": 0.797676669893514,
        "recall": 0.7633163501621121
    },
    "TotalHoldingRatio": {
        "tp": 1312,
        "fp": 202,
        "fn": 413,
        "f1": 0.8101265822784811,
        "precision": 0.8665785997357992,
        "recall": 0.7605797101449275
    },
    "StartDate": {
        "tp": 3744,
        "fp": 1228,
        "fn": 1287,
        "f1": 0.7485754273717885,
        "precision": 0.7530168946098149,
        "recall": 0.7441860465116279
    },
    "EndDate": {
        "tp": 949,
        "fp": 434,
        "fn": 561,
        "f1": 0.6560663670929829,
        "precision": 0.6861894432393347,
        "recall": 0.628476821192053
    },
    "UnfrozeDate": {
        "tp": 7,
        "fp": 18,
        "fn": 11,
        "f1": 0.32558139534883723,
        "precision": 0.28,
        "recall": 0.3888888888888889
    },
    "CompanyName": {
        "tp": 9576,
        "fp": 358,
        "fn": 506,
        "f1": 0.9568345323741007,
        "precision": 0.9639621501912623,
        "recall": 0.9498115453283079
    },
    "HighestTradingPrice": {
        "tp": 1251,
        "fp": 340,
        "fn": 373,
        "f1": 0.7782270606531881,
        "precision": 0.7862979258328096,
        "recall": 0.770320197044335
    },
    "LowestTradingPrice": {
        "tp": 889,
        "fp": 283,
        "fn": 151,
        "f1": 0.8037974683544303,
        "precision": 0.7585324232081911,
        "recall": 0.8548076923076923
    },
    "RepurchasedShares": {
        "tp": 1185,
        "fp": 218,
        "fn": 382,
        "f1": 0.797979797979798,
        "precision": 0.8446186742694227,
        "recall": 0.7562220804084238
    },
    "ClosingDate": {
        "tp": 973,
        "fp": 537,
        "fn": 675,
        "f1": 0.6162127929069031,
        "precision": 0.6443708609271523,
        "recall": 0.5904126213592233
    },
    "RepurchaseAmount": {
        "tp": 1101,
        "fp": 278,
        "fn": 325,
        "f1": 0.7850267379679144,
        "precision": 0.7984046410442349,
        "recall": 0.7720897615708275
    },
    "TradedShares": {
        "tp": 784,
        "fp": 275,
        "fn": 350,
        "f1": 0.7150022799817602,
        "precision": 0.7403210576015109,
        "recall": 0.691358024691358
    },
    "LaterHoldingShares": {
        "tp": 76,
        "fp": 161,
        "fn": 345,
        "f1": 0.23100303951367782,
        "precision": 0.3206751054852321,
        "recall": 0.18052256532066507
    },
    "AveragePrice": {
        "tp": 190,
        "fp": 50,
        "fn": 19,
        "f1": 0.8463251670378619,
        "precision": 0.7916666666666666,
        "recall": 0.9090909090909091
    },
    "Pledger": {
        "tp": 0,
        "fp": 0,
        "fn": 0,
        "f1": 0,
        "precision": 0,
        "recall": 0
    },
    "PledgedShares": {
        "tp": 2180,
        "fp": 706,
        "fn": 691,
        "f1": 0.7573388917839153,
        "precision": 0.7553707553707554,
        "recall": 0.759317311041449
    },
    "Pledgee": {
        "tp": 2010,
        "fp": 134,
        "fn": 122,
        "f1": 0.9401309635173059,
        "precision": 0.9375,
        "recall": 0.9427767354596623
    },
    "TotalPledgedShares": {
        "tp": 1038,
        "fp": 336,
        "fn": 332,
        "f1": 0.7565597667638484,
        "precision": 0.7554585152838428,
        "recall": 0.7576642335766424
    },
    "ReleasedDate": {
        "tp": 451,
        "fp": 409,
        "fn": 310,
        "f1": 0.5564466378778531,
        "precision": 0.5244186046511627,
        "recall": 0.5926412614980289
    },
    "StockCode": {
        "tp": 3231,
        "fp": 13,
        "fn": 17,
        "f1": 0.9953789279112754,
        "precision": 0.9959926017262639,
        "recall": 0.9947660098522167
    },
    "StockAbbr": {
        "tp": 3909,
        "fp": 590,
        "fn": 1186,
        "f1": 0.8148843026891809,
        "precision": 0.8688597466103578,
        "recall": 0.7672227674190383
    },
    "precision": 0.8418434582474896,
    "recall": 0.8174608896258381,
    "micro_f1": 0.8294730296906575,
    "macro_f1": 0.7045268884703737
}