{
    "EquityHolder": {
        "tp": 8044,
        "fp": 1421,
        "fn": 1569,
        "f1": 0.843274976412622,
        "precision": 0.8498679344955098,
        "recall": 0.8367835223135338
    },
    "FrozeShares": {
        "tp": 14,
        "fp": 20,
        "fn": 284,
        "f1": 0.08433734939759037,
        "precision": 0.4117647058823529,
        "recall": 0.04697986577181208
    },
    "LegalInstitution": {
        "tp": 401,
        "fp": 74,
        "fn": 101,
        "f1": 0.8208802456499489,
        "precision": 0.8442105263157895,
        "recall": 0.798804780876494
    },
    "TotalHoldingShares": {
        "tp": 1780,
        "fp": 528,
        "fn": 379,
        "f1": 0.79695545108574,
        "precision": 0.7712305025996534,
        "recall": 0.824455766558592
    },
    "TotalHoldingRatio": {
        "tp": 1389,
        "fp": 209,
        "fn": 336,
        "f1": 0.8359915738790249,
        "precision": 0.8692115143929913,
        "recall": 0.8052173913043478
    },
    "StartDate": {
        "tp": 3953,
        "fp": 1558,
        "fn": 1078,
        "f1": 0.749952570669702,
        "precision": 0.7172926873525676,
        "recall": 0.785728483402902
    },
    "EndDate": {
        "tp": 1037,
        "fp": 550,
        "fn": 473,
        "f1": 0.6696803358088472,
        "precision": 0.6534341524889729,
        "recall": 0.6867549668874172
    },
    "UnfrozeDate": {
        "tp": 0,
        "fp": 0,
        "fn": 18,
        "f1": 0,
        "precision": 0,
        "recall": 0
    },
    "CompanyName": {
        "tp": 9520,
        "fp": 325,
        "fn": 562,
        "f1": 0.9554875294826115,
        "precision": 0.9669883189436262,
        "recall": 0.9442570918468558
    },
    "HighestTradingPrice": {
        "tp": 1463,
        "fp": 276,
        "fn": 161,
        "f1": 0.8700564971751413,
        "precision": 0.8412880966072456,
        "recall": 0.9008620689655172
    },
    "LowestTradingPrice": {
        "tp": 916,
        "fp": 53,
        "fn": 124,
        "f1": 0.9118964659034344,
        "precision": 0.9453044375644994,
        "recall": 0.8807692307692307
    },
    "RepurchasedShares": {
        "tp": 1358,
        "fp": 203,
        "fn": 209,
        "f1": 0.8682864450127876,
        "precision": 0.8699551569506726,
        "recall": 0.8666241225271218
    },
    "ClosingDate": {
        "tp": 932,
        "fp": 679,
        "fn": 716,
        "f1": 0.5719545872967168,
        "precision": 0.5785226567349472,
        "recall": 0.5655339805825242
    },
    "RepurchaseAmount": {
        "tp": 1080,
        "fp": 127,
        "fn": 346,
        "f1": 0.8203570072161032,
        "precision": 0.8947804473902237,
        "recall": 0.7573632538569425
    },
    "TradedShares": {
        "tp": 820,
        "fp": 347,
        "fn": 314,
        "f1": 0.7127335940895262,
        "precision": 0.702656383890317,
        "recall": 0.7231040564373897
    },
    "LaterHoldingShares": {
        "tp": 113,
        "fp": 179,
        "fn": 308,
        "f1": 0.3169705469845722,
        "precision": 0.386986301369863,
        "recall": 0.2684085510688836
    },
    "AveragePrice": {
        "tp": 185,
        "fp": 37,
        "fn": 24,
        "f1": 0.8584686774941995,
        "precision": 0.8333333333333334,
        "recall": 0.8851674641148325
    },
    "Pledger": {
        "tp": 0,
        "fp": 0,
        "fn": 0,
        "f1": 0,
        "precision": 0,
        "recall": 0
    },
    "PledgedShares": {
        "tp": 2306,
        "fp": 831,
        "fn": 565,
        "f1": 0.7676431424766977,
        "precision": 0.7350972266496653,
        "recall": 0.8032044583768722
    },
    "Pledgee": {
        "tp": 1955,
        "fp": 140,
        "fn": 177,
        "f1": 0.9250059143600662,
        "precision": 0.9331742243436754,
        "recall": 0.9169793621013134
    },
    "TotalPledgedShares": {
        "tp": 1108,
        "fp": 396,
        "fn": 262,
        "f1": 0.7710508002783576,
        "precision": 0.7367021276595744,
        "recall": 0.8087591240875912
    },
    "ReleasedDate": {
        "tp": 344,
        "fp": 189,
        "fn": 417,
        "f1": 0.5316846986089645,
        "precision": 0.6454033771106942,
        "recall": 0.4520367936925099
    },
    "StockCode": {
        "tp": 3234,
        "fp": 12,
        "fn": 14,
        "f1": 0.9959963042808747,
        "precision": 0.9963031423290203,
        "recall": 0.9956896551724138
    },
    "StockAbbr": {
        "tp": 3825,
        "fp": 556,
        "fn": 1270,
        "f1": 0.8073026593499366,
        "precision": 0.8730883359963478,
        "recall": 0.7507360157016683
    },
    "precision": 0.8401453557729367,
    "recall": 0.8250486626775286,
    "micro_f1": 0.8325285757154159,
    "macro_f1": 0.6869153072047275
}