{
    "EquityHolder": {
        "tp": 6982,
        "fp": 716,
        "fn": 2631,
        "f1": 0.8066547282074981,
        "precision": 0.9069888282670824,
        "recall": 0.7263081244148549
    },
    "FrozeShares": {
        "tp": 0,
        "fp": 0,
        "fn": 298,
        "f1": 0,
        "precision": 0,
        "recall": 0
    },
    "LegalInstitution": {
        "tp": 393,
        "fp": 64,
        "fn": 109,
        "f1": 0.8196037539103233,
        "precision": 0.8599562363238512,
        "recall": 0.7828685258964143
    },
    "TotalHoldingShares": {
        "tp": 1804,
        "fp": 685,
        "fn": 355,
        "f1": 0.7762478485370052,
        "precision": 0.7247890719164323,
        "recall": 0.8355720240852247
    },
    "TotalHoldingRatio": {
        "tp": 1397,
        "fp": 272,
        "fn": 328,
        "f1": 0.8232174425456689,
        "precision": 0.8370281605751947,
        "recall": 0.8098550724637681
    },
    "StartDate": {
        "tp": 3474,
        "fp": 1144,
        "fn": 1557,
        "f1": 0.7200746191315162,
        "precision": 0.7522737115634474,
        "recall": 0.6905187835420393
    },
    "EndDate": {
        "tp": 829,
        "fp": 350,
        "fn": 681,
        "f1": 0.616586091483823,
        "precision": 0.7031382527565734,
        "recall": 0.5490066225165563
    },
    "UnfrozeDate": {
        "tp": 0,
        "fp": 0,
        "fn": 18,
        "f1": 0,
        "precision": 0,
        "recall": 0
    },
    "CompanyName": {
        "tp": 9146,
        "fp": 392,
        "fn": 936,
        "f1": 0.9323139653414884,
        "precision": 0.9589012371566367,
        "recall": 0.9071612775243008
    },
    "HighestTradingPrice": {
        "tp": 1222,
        "fp": 376,
        "fn": 402,
        "f1": 0.7585350713842334,
        "precision": 0.7647058823529411,
        "recall": 0.7524630541871922
    },
    "LowestTradingPrice": {
        "tp": 933,
        "fp": 62,
        "fn": 107,
        "f1": 0.9169533169533169,
        "precision": 0.9376884422110553,
        "recall": 0.8971153846153846
    },
    "RepurchasedShares": {
        "tp": 1213,
        "fp": 184,
        "fn": 354,
        "f1": 0.8184885290148448,
        "precision": 0.8682891911238368,
        "recall": 0.7740906190172304
    },
    "ClosingDate": {
        "tp": 503,
        "fp": 257,
        "fn": 1145,
        "f1": 0.41777408637873753,
        "precision": 0.6618421052631579,
        "recall": 0.30521844660194175
    },
    "RepurchaseAmount": {
        "tp": 1005,
        "fp": 184,
        "fn": 421,
        "f1": 0.768642447418738,
        "precision": 0.8452481076534903,
        "recall": 0.7047685834502104
    },
    "TradedShares": {
        "tp": 615,
        "fp": 125,
        "fn": 519,
        "f1": 0.6563500533617929,
        "precision": 0.831081081081081,
        "recall": 0.5423280423280423
    },
    "LaterHoldingShares": {
        "tp": 71,
        "fp": 133,
        "fn": 350,
        "f1": 0.22719999999999999,
        "precision": 0.3480392156862745,
        "recall": 0.16864608076009502
    },
    "AveragePrice": {
        "tp": 187,
        "fp": 62,
        "fn": 22,
        "f1": 0.816593886462882,
        "precision": 0.751004016064257,
        "recall": 0.8947368421052632
    },
    "Pledger": {
        "tp": 0,
        "fp": 0,
        "fn": 0,
        "f1": 0,
        "precision": 0,
        "recall": 0
    },
    "PledgedShares": {
        "tp": 2087,
        "fp": 717,
        "fn": 784,
        "f1": 0.7355066079295154,
        "precision": 0.7442938659058488,
        "recall": 0.726924416579589
    },
    "Pledgee": {
        "tp": 1771,
        "fp": 242,
        "fn": 361,
        "f1": 0.8545235223160433,
        "precision": 0.8797814207650273,
        "recall": 0.8306754221388368
    },
    "TotalPledgedShares": {
        "tp": 1101,
        "fp": 309,
        "fn": 269,
        "f1": 0.7920863309352518,
        "precision": 0.7808510638297872,
        "recall": 0.8036496350364963
    },
    "ReleasedDate": {
        "tp": 439,
        "fp": 485,
        "fn": 322,
        "f1": 0.5210682492581602,
        "precision": 0.4751082251082251,
        "recall": 0.5768725361366623
    },
    "StockCode": {
        "tp": 3235,
        "fp": 8,
        "fn": 13,
        "f1": 0.9967647511939609,
        "precision": 0.9975331483194573,
        "recall": 0.9959975369458128
    },
    "StockAbbr": {
        "tp": 3230,
        "fp": 470,
        "fn": 1865,
        "f1": 0.7345082433200683,
        "precision": 0.8729729729729729,
        "recall": 0.633954857703631
    },
    "precision": 0.8519253590866309,
    "recall": 0.750432557133588,
    "micro_f1": 0.797964698441902,
    "macro_f1": 0.6462372310452029
}