{
    "EquityHolder": {
        "tp": 7663,
        "fp": 2323,
        "fn": 1950,
        "f1": 0.781978672381244,
        "precision": 0.7673743240536751,
        "recall": 0.7971496931238947
    },
    "FrozeShares": {
        "tp": 0,
        "fp": 0,
        "fn": 298,
        "f1": 0,
        "precision": 0,
        "recall": 0
    },
    "LegalInstitution": {
        "tp": 0,
        "fp": 0,
        "fn": 502,
        "f1": 0,
        "precision": 0,
        "recall": 0
    },
    "TotalHoldingShares": {
        "tp": 1466,
        "fp": 811,
        "fn": 693,
        "f1": 0.6609558160504959,
        "precision": 0.6438296003513395,
        "recall": 0.6790180639184807
    },
    "TotalHoldingRatio": {
        "tp": 1336,
        "fp": 453,
        "fn": 389,
        "f1": 0.7603870233352304,
        "precision": 0.7467859139183901,
        "recall": 0.7744927536231884
    },
    "StartDate": {
        "tp": 2836,
        "fp": 4119,
        "fn": 2195,
        "f1": 0.4732187552144168,
        "precision": 0.407764198418404,
        "recall": 0.5637050288213079
    },
    "EndDate": {
        "tp": 617,
        "fp": 477,
        "fn": 893,
        "f1": 0.4738863287250384,
        "precision": 0.5639853747714808,
        "recall": 0.40860927152317883
    },
    "UnfrozeDate": {
        "tp": 0,
        "fp": 0,
        "fn": 18,
        "f1": 0,
        "precision": 0,
        "recall": 0
    },
    "CompanyName": {
        "tp": 9460,
        "fp": 414,
        "fn": 622,
        "f1": 0.9480857887352174,
        "precision": 0.9580717034636419,
        "recall": 0.9383058916881571
    },
    "HighestTradingPrice": {
        "tp": 15,
        "fp": 29,
        "fn": 1609,
        "f1": 0.01798561151079137,
        "precision": 0.3409090909090909,
        "recall": 0.009236453201970444
    },
    "LowestTradingPrice": {
        "tp": 0,
        "fp": 0,
        "fn": 1040,
        "f1": 0,
        "precision": 0,
        "recall": 0
    },
    "RepurchasedShares": {
        "tp": 0,
        "fp": 0,
        "fn": 1567,
        "f1": 0,
        "precision": 0,
        "recall": 0
    },
    "ClosingDate": {
        "tp": 0,
        "fp": 0,
        "fn": 1648,
        "f1": 0,
        "precision": 0,
        "recall": 0
    },
    "RepurchaseAmount": {
        "tp": 0,
        "fp": 0,
        "fn": 1426,
        "f1": 0,
        "precision": 0,
        "recall": 0
    },
    "TradedShares": {
        "tp": 837,
        "fp": 1359,
        "fn": 297,
        "f1": 0.5027027027027027,
        "precision": 0.38114754098360654,
        "recall": 0.7380952380952381
    },
    "LaterHoldingShares": {
        "tp": 0,
        "fp": 0,
        "fn": 421,
        "f1": 0,
        "precision": 0,
        "recall": 0
    },
    "AveragePrice": {
        "tp": 170,
        "fp": 2223,
        "fn": 39,
        "f1": 0.13066871637202152,
        "precision": 0.0710405348934392,
        "recall": 0.8133971291866029
    },
    "Pledger": {
        "tp": 0,
        "fp": 0,
        "fn": 0,
        "f1": 0,
        "precision": 0,
        "recall": 0
    },
    "PledgedShares": {
        "tp": 2561,
        "fp": 2277,
        "fn": 310,
        "f1": 0.6644182124789206,
        "precision": 0.5293509714758164,
        "recall": 0.8920236851271334
    },
    "Pledgee": {
        "tp": 1955,
        "fp": 379,
        "fn": 177,
        "f1": 0.8755038065382893,
        "precision": 0.837617823479006,
        "recall": 0.9169793621013134
    },
    "TotalPledgedShares": {
        "tp": 878,
        "fp": 335,
        "fn": 492,
        "f1": 0.6798296554394114,
        "precision": 0.7238252267106348,
        "recall": 0.6408759124087591
    },
    "ReleasedDate": {
        "tp": 72,
        "fp": 253,
        "fn": 689,
        "f1": 0.13259668508287292,
        "precision": 0.22153846153846155,
        "recall": 0.09461235216819974
    },
    "StockCode": {
        "tp": 3234,
        "fp": 30,
        "fn": 14,
        "f1": 0.9932432432432433,
        "precision": 0.9908088235294118,
        "recall": 0.9956896551724138
    },
    "StockAbbr": {
        "tp": 3418,
        "fp": 860,
        "fn": 1677,
        "f1": 0.7293289235036807,
        "precision": 0.798971482000935,
        "recall": 0.6708537782139352
    },
    "precision": 0.6908437381763148,
    "recall": 0.6581717251820345,
    "micro_f1": 0.6741120874252381,
    "macro_f1": 0.36769958088806565
}