{
    "EquityHolder": {
        "tp": 8246,
        "fp": 1989,
        "fn": 1367,
        "f1": 0.8309149536477226,
        "precision": 0.8056668295065951,
        "recall": 0.8577967335899302
    },
    "FrozeShares": {
        "tp": 8,
        "fp": 30,
        "fn": 290,
        "f1": 0.04761904761904762,
        "precision": 0.21052631578947367,
        "recall": 0.026845637583892617
    },
    "LegalInstitution": {
        "tp": 415,
        "fp": 70,
        "fn": 87,
        "f1": 0.8409321175278622,
        "precision": 0.8556701030927835,
        "recall": 0.8266932270916335
    },
    "TotalHoldingShares": {
        "tp": 1761,
        "fp": 502,
        "fn": 398,
        "f1": 0.796472184531886,
        "precision": 0.7781705700397702,
        "recall": 0.8156553960166744
    },
    "TotalHoldingRatio": {
        "tp": 1386,
        "fp": 177,
        "fn": 339,
        "f1": 0.843065693430657,
        "precision": 0.8867562380038387,
        "recall": 0.8034782608695652
    },
    "StartDate": {
        "tp": 3621,
        "fp": 1208,
        "fn": 1410,
        "f1": 0.7344827586206896,
        "precision": 0.7498446883412715,
        "recall": 0.7197376267143709
    },
    "EndDate": {
        "tp": 1069,
        "fp": 598,
        "fn": 441,
        "f1": 0.6729619137551149,
        "precision": 0.6412717456508699,
        "recall": 0.7079470198675497
    },
    "UnfrozeDate": {
        "tp": 0,
        "fp": 0,
        "fn": 18,
        "f1": 0,
        "precision": 0,
        "recall": 0
    },
    "CompanyName": {
        "tp": 9488,
        "fp": 460,
        "fn": 594,
        "f1": 0.9473789316025962,
        "precision": 0.9537595496582227,
        "recall": 0.9410831184288831
    },
    "HighestTradingPrice": {
        "tp": 1525,
        "fp": 310,
        "fn": 99,
        "f1": 0.8817577334489738,
        "precision": 0.8310626702997275,
        "recall": 0.9390394088669951
    },
    "LowestTradingPrice": {
        "tp": 928,
        "fp": 43,
        "fn": 112,
        "f1": 0.922923918448533,
        "precision": 0.9557157569515963,
        "recall": 0.8923076923076924
    },
    "RepurchasedShares": {
        "tp": 1439,
        "fp": 246,
        "fn": 128,
        "f1": 0.8849938499384993,
        "precision": 0.8540059347181009,
        "recall": 0.9183152520740268
    },
    "ClosingDate": {
        "tp": 1092,
        "fp": 710,
        "fn": 556,
        "f1": 0.6330434782608696,
        "precision": 0.6059933407325194,
        "recall": 0.662621359223301
    },
    "RepurchaseAmount": {
        "tp": 1077,
        "fp": 155,
        "fn": 349,
        "f1": 0.8103837471783295,
        "precision": 0.8741883116883117,
        "recall": 0.7552594670406733
    },
    "TradedShares": {
        "tp": 897,
        "fp": 352,
        "fn": 237,
        "f1": 0.7528325639949643,
        "precision": 0.7181745396317054,
        "recall": 0.791005291005291
    },
    "LaterHoldingShares": {
        "tp": 169,
        "fp": 342,
        "fn": 252,
        "f1": 0.36266094420600864,
        "precision": 0.33072407045009783,
        "recall": 0.4014251781472684
    },
    "AveragePrice": {
        "tp": 194,
        "fp": 59,
        "fn": 15,
        "f1": 0.8398268398268398,
        "precision": 0.766798418972332,
        "recall": 0.9282296650717703
    },
    "Pledger": {
        "tp": 0,
        "fp": 0,
        "fn": 0,
        "f1": 0,
        "precision": 0,
        "recall": 0
    },
    "PledgedShares": {
        "tp": 2392,
        "fp": 904,
        "fn": 479,
        "f1": 0.775741851791795,
        "precision": 0.7257281553398058,
        "recall": 0.8331591779867642
    },
    "Pledgee": {
        "tp": 1927,
        "fp": 193,
        "fn": 205,
        "f1": 0.9063969896519284,
        "precision": 0.9089622641509434,
        "recall": 0.9038461538461539
    },
    "TotalPledgedShares": {
        "tp": 1094,
        "fp": 320,
        "fn": 276,
        "f1": 0.7859195402298851,
        "precision": 0.7736916548797736,
        "recall": 0.7985401459854015
    },
    "ReleasedDate": {
        "tp": 420,
        "fp": 456,
        "fn": 341,
        "f1": 0.5131337813072693,
        "precision": 0.4794520547945205,
        "recall": 0.5519053876478318
    },
    "StockCode": {
        "tp": 3232,
        "fp": 9,
        "fn": 16,
        "f1": 0.9961473262444136,
        "precision": 0.9972230792965134,
        "recall": 0.9950738916256158
    },
    "StockAbbr": {
        "tp": 4092,
        "fp": 726,
        "fn": 1003,
        "f1": 0.8255825683445979,
        "precision": 0.8493150684931506,
        "recall": 0.8031403336604515
    },
    "precision": 0.824980916369317,
    "recall": 0.837574796337683,
    "micro_f1": 0.8312301569556857,
    "macro_f1": 0.6918821972336868
}