{
    "EquityHolder": {
        "tp": 8179,
        "fp": 1647,
        "fn": 1434,
        "f1": 0.8415041926025001,
        "precision": 0.8323834724201099,
        "recall": 0.8508270050972642
    },
    "FrozeShares": {
        "tp": 118,
        "fp": 109,
        "fn": 180,
        "f1": 0.44952380952380955,
        "precision": 0.5198237885462555,
        "recall": 0.3959731543624161
    },
    "LegalInstitution": {
        "tp": 432,
        "fp": 64,
        "fn": 70,
        "f1": 0.8657314629258517,
        "precision": 0.8709677419354839,
        "recall": 0.8605577689243028
    },
    "TotalHoldingShares": {
        "tp": 1708,
        "fp": 440,
        "fn": 451,
        "f1": 0.7931274669143257,
        "precision": 0.7951582867783985,
        "recall": 0.7911069939786939
    },
    "TotalHoldingRatio": {
        "tp": 1323,
        "fp": 159,
        "fn": 402,
        "f1": 0.8250701590271282,
        "precision": 0.8927125506072875,
        "recall": 0.7669565217391304
    },
    "StartDate": {
        "tp": 3983,
        "fp": 1650,
        "fn": 1048,
        "f1": 0.7469992498124531,
        "precision": 0.7070832593644595,
        "recall": 0.7916915126217452
    },
    "EndDate": {
        "tp": 1068,
        "fp": 603,
        "fn": 442,
        "f1": 0.671486953788117,
        "precision": 0.6391382405745063,
        "recall": 0.7072847682119205
    },
    "UnfrozeDate": {
        "tp": 4,
        "fp": 9,
        "fn": 14,
        "f1": 0.2580645161290323,
        "precision": 0.3076923076923077,
        "recall": 0.2222222222222222
    },
    "CompanyName": {
        "tp": 9534,
        "fp": 444,
        "fn": 548,
        "f1": 0.9505483549351944,
        "precision": 0.9555021046301864,
        "recall": 0.9456457052172188
    },
    "HighestTradingPrice": {
        "tp": 1366,
        "fp": 348,
        "fn": 258,
        "f1": 0.8184541641701617,
        "precision": 0.7969661610268378,
        "recall": 0.8411330049261084
    },
    "LowestTradingPrice": {
        "tp": 864,
        "fp": 74,
        "fn": 176,
        "f1": 0.8736097067745198,
        "precision": 0.9211087420042644,
        "recall": 0.8307692307692308
    },
    "RepurchasedShares": {
        "tp": 1481,
        "fp": 281,
        "fn": 86,
        "f1": 0.8897566836887955,
        "precision": 0.840522133938706,
        "recall": 0.9451180599872367
    },
    "ClosingDate": {
        "tp": 1209,
        "fp": 629,
        "fn": 439,
        "f1": 0.693631669535284,
        "precision": 0.6577801958650707,
        "recall": 0.7336165048543689
    },
    "RepurchaseAmount": {
        "tp": 1231,
        "fp": 324,
        "fn": 195,
        "f1": 0.8258973498825898,
        "precision": 0.7916398713826367,
        "recall": 0.8632538569424965
    },
    "TradedShares": {
        "tp": 816,
        "fp": 251,
        "fn": 318,
        "f1": 0.7414811449341208,
        "precision": 0.7647610121836926,
        "recall": 0.7195767195767195
    },
    "LaterHoldingShares": {
        "tp": 49,
        "fp": 96,
        "fn": 372,
        "f1": 0.17314487632508835,
        "precision": 0.33793103448275863,
        "recall": 0.1163895486935867
    },
    "AveragePrice": {
        "tp": 190,
        "fp": 59,
        "fn": 19,
        "f1": 0.8296943231441049,
        "precision": 0.7630522088353414,
        "recall": 0.9090909090909091
    },
    "Pledger": {
        "tp": 0,
        "fp": 0,
        "fn": 0,
        "f1": 0,
        "precision": 0,
        "recall": 0
    },
    "PledgedShares": {
        "tp": 2181,
        "fp": 1021,
        "fn": 690,
        "f1": 0.7182611559361107,
        "precision": 0.6811367895065584,
        "recall": 0.7596656217345873
    },
    "Pledgee": {
        "tp": 2001,
        "fp": 629,
        "fn": 131,
        "f1": 0.8404031919361613,
        "precision": 0.7608365019011407,
        "recall": 0.9385553470919324
    },
    "TotalPledgedShares": {
        "tp": 973,
        "fp": 347,
        "fn": 397,
        "f1": 0.7234200743494422,
        "precision": 0.7371212121212121,
        "recall": 0.7102189781021898
    },
    "ReleasedDate": {
        "tp": 407,
        "fp": 334,
        "fn": 354,
        "f1": 0.5419440745672437,
        "precision": 0.5492577597840755,
        "recall": 0.5348226018396847
    },
    "StockCode": {
        "tp": 3221,
        "fp": 19,
        "fn": 27,
        "f1": 0.9929099876695437,
        "precision": 0.9941358024691358,
        "recall": 0.9916871921182266
    },
    "StockAbbr": {
        "tp": 3931,
        "fp": 868,
        "fn": 1164,
        "f1": 0.7946230038407116,
        "precision": 0.8191289852052511,
        "recall": 0.771540726202159
    },
    "precision": 0.8164061121501923,
    "recall": 0.833916083916084,
    "micro_f1": 0.825068207350345,
    "macro_f1": 0.7024703155171786
}