{
    "EquityHolder": {
        "tp": 7871,
        "fp": 1464,
        "fn": 1742,
        "f1": 0.8308000844416299,
        "precision": 0.8431708623460097,
        "recall": 0.8187870591906793
    },
    "FrozeShares": {
        "tp": 89,
        "fp": 71,
        "fn": 209,
        "f1": 0.388646288209607,
        "precision": 0.55625,
        "recall": 0.2986577181208054
    },
    "LegalInstitution": {
        "tp": 425,
        "fp": 64,
        "fn": 77,
        "f1": 0.8577194752774975,
        "precision": 0.869120654396728,
        "recall": 0.8466135458167331
    },
    "TotalHoldingShares": {
        "tp": 1694,
        "fp": 407,
        "fn": 465,
        "f1": 0.7953051643192489,
        "precision": 0.806282722513089,
        "recall": 0.7846225104214914
    },
    "TotalHoldingRatio": {
        "tp": 1382,
        "fp": 192,
        "fn": 343,
        "f1": 0.8378296453470749,
        "precision": 0.8780177890724269,
        "recall": 0.8011594202898551
    },
    "StartDate": {
        "tp": 3516,
        "fp": 997,
        "fn": 1515,
        "f1": 0.7367979882648784,
        "precision": 0.7790826501218702,
        "recall": 0.6988670244484197
    },
    "EndDate": {
        "tp": 995,
        "fp": 598,
        "fn": 515,
        "f1": 0.6413148565903964,
        "precision": 0.6246076585059636,
        "recall": 0.6589403973509934
    },
    "UnfrozeDate": {
        "tp": 3,
        "fp": 5,
        "fn": 15,
        "f1": 0.23076923076923078,
        "precision": 0.375,
        "recall": 0.16666666666666666
    },
    "CompanyName": {
        "tp": 9414,
        "fp": 345,
        "fn": 668,
        "f1": 0.9489441056398368,
        "precision": 0.9646480172148786,
        "recall": 0.9337433048998215
    },
    "HighestTradingPrice": {
        "tp": 1465,
        "fp": 313,
        "fn": 159,
        "f1": 0.8612580834803057,
        "precision": 0.8239595050618672,
        "recall": 0.9020935960591133
    },
    "LowestTradingPrice": {
        "tp": 847,
        "fp": 59,
        "fn": 193,
        "f1": 0.8705035971223021,
        "precision": 0.934878587196468,
        "recall": 0.8144230769230769
    },
    "RepurchasedShares": {
        "tp": 1370,
        "fp": 244,
        "fn": 197,
        "f1": 0.8613643508330714,
        "precision": 0.8488228004956629,
        "recall": 0.8742820676451819
    },
    "ClosingDate": {
        "tp": 1118,
        "fp": 761,
        "fn": 530,
        "f1": 0.6339665438049333,
        "precision": 0.5949973390101118,
        "recall": 0.6783980582524272
    },
    "RepurchaseAmount": {
        "tp": 1162,
        "fp": 270,
        "fn": 264,
        "f1": 0.8131560531840448,
        "precision": 0.8114525139664804,
        "recall": 0.814866760168303
    },
    "TradedShares": {
        "tp": 814,
        "fp": 265,
        "fn": 320,
        "f1": 0.7356529597830997,
        "precision": 0.7544022242817423,
        "recall": 0.7178130511463845
    },
    "LaterHoldingShares": {
        "tp": 52,
        "fp": 103,
        "fn": 369,
        "f1": 0.18055555555555555,
        "precision": 0.33548387096774196,
        "recall": 0.12351543942992874
    },
    "AveragePrice": {
        "tp": 188,
        "fp": 40,
        "fn": 21,
        "f1": 0.8604118993135011,
        "precision": 0.8245614035087719,
        "recall": 0.8995215311004785
    },
    "Pledger": {
        "tp": 0,
        "fp": 0,
        "fn": 0,
        "f1": 0,
        "precision": 0,
        "recall": 0
    },
    "PledgedShares": {
        "tp": 2179,
        "fp": 766,
        "fn": 692,
        "f1": 0.7493122420907841,
        "precision": 0.7398981324278439,
        "recall": 0.7589690003483107
    },
    "Pledgee": {
        "tp": 1936,
        "fp": 226,
        "fn": 196,
        "f1": 0.9017233348858874,
        "precision": 0.8954671600370028,
        "recall": 0.9080675422138836
    },
    "TotalPledgedShares": {
        "tp": 1131,
        "fp": 371,
        "fn": 239,
        "f1": 0.7876044568245125,
        "precision": 0.7529960053262317,
        "recall": 0.8255474452554744
    },
    "ReleasedDate": {
        "tp": 409,
        "fp": 307,
        "fn": 352,
        "f1": 0.5538253215978334,
        "precision": 0.5712290502793296,
        "recall": 0.5374507227332457
    },
    "StockCode": {
        "tp": 3222,
        "fp": 8,
        "fn": 26,
        "f1": 0.9947514665020069,
        "precision": 0.9975232198142415,
        "recall": 0.9919950738916257
    },
    "StockAbbr": {
        "tp": 3841,
        "fp": 528,
        "fn": 1254,
        "f1": 0.8117075232459848,
        "precision": 0.8791485465781643,
        "recall": 0.7538763493621198
    },
    "precision": 0.8429951239561343,
    "recall": 0.813261480787254,
    "micro_f1": 0.8278614084817129,
    "macro_f1": 0.7034966761284678
}