{
    "EquityHolder": {
        "tp": 8317,
        "fp": 1411,
        "fn": 1296,
        "f1": 0.8600382606897266,
        "precision": 0.8549547697368421,
        "recall": 0.8651825652761885
    },
    "FrozeShares": {
        "tp": 105,
        "fp": 153,
        "fn": 193,
        "f1": 0.3776978417266187,
        "precision": 0.4069767441860465,
        "recall": 0.3523489932885906
    },
    "LegalInstitution": {
        "tp": 437,
        "fp": 74,
        "fn": 65,
        "f1": 0.8627838104639685,
        "precision": 0.8551859099804305,
        "recall": 0.8705179282868526
    },
    "TotalHoldingShares": {
        "tp": 1721,
        "fp": 374,
        "fn": 438,
        "f1": 0.8091208274565115,
        "precision": 0.8214797136038187,
        "recall": 0.7971283001389532
    },
    "TotalHoldingRatio": {
        "tp": 1410,
        "fp": 329,
        "fn": 315,
        "f1": 0.8140877598152425,
        "precision": 0.8108108108108109,
        "recall": 0.8173913043478261
    },
    "StartDate": {
        "tp": 3190,
        "fp": 961,
        "fn": 1841,
        "f1": 0.694837725985624,
        "precision": 0.7684895205974464,
        "recall": 0.6340687736036573
    },
    "EndDate": {
        "tp": 1013,
        "fp": 547,
        "fn": 497,
        "f1": 0.6599348534201955,
        "precision": 0.6493589743589744,
        "recall": 0.6708609271523179
    },
    "UnfrozeDate": {
        "tp": 2,
        "fp": 1,
        "fn": 16,
        "f1": 0.1904761904761905,
        "precision": 0.6666666666666666,
        "recall": 0.1111111111111111
    },
    "CompanyName": {
        "tp": 9825,
        "fp": 446,
        "fn": 257,
        "f1": 0.9654596373998919,
        "precision": 0.9565767695453218,
        "recall": 0.9745090259869074
    },
    "HighestTradingPrice": {
        "tp": 1414,
        "fp": 519,
        "fn": 210,
        "f1": 0.7950520101208884,
        "precision": 0.7315054319710295,
        "recall": 0.8706896551724138
    },
    "LowestTradingPrice": {
        "tp": 722,
        "fp": 47,
        "fn": 318,
        "f1": 0.7982310668877832,
        "precision": 0.9388816644993498,
        "recall": 0.6942307692307692
    },
    "RepurchasedShares": {
        "tp": 1315,
        "fp": 314,
        "fn": 252,
        "f1": 0.8229036295369212,
        "precision": 0.807243707796194,
        "recall": 0.8391831525207403
    },
    "ClosingDate": {
        "tp": 1148,
        "fp": 445,
        "fn": 500,
        "f1": 0.7084233261339092,
        "precision": 0.7206528562460766,
        "recall": 0.6966019417475728
    },
    "RepurchaseAmount": {
        "tp": 1124,
        "fp": 316,
        "fn": 302,
        "f1": 0.7843684577808794,
        "precision": 0.7805555555555556,
        "recall": 0.788218793828892
    },
    "TradedShares": {
        "tp": 913,
        "fp": 463,
        "fn": 221,
        "f1": 0.7274900398406374,
        "precision": 0.6635174418604651,
        "recall": 0.8051146384479718
    },
    "LaterHoldingShares": {
        "tp": 121,
        "fp": 226,
        "fn": 300,
        "f1": 0.3151041666666667,
        "precision": 0.34870317002881845,
        "recall": 0.28741092636579574
    },
    "AveragePrice": {
        "tp": 186,
        "fp": 62,
        "fn": 23,
        "f1": 0.8140043763676149,
        "precision": 0.75,
        "recall": 0.8899521531100478
    },
    "Pledger": {
        "tp": 0,
        "fp": 0,
        "fn": 0,
        "f1": 0,
        "precision": 0,
        "recall": 0
    },
    "PledgedShares": {
        "tp": 2425,
        "fp": 1026,
        "fn": 446,
        "f1": 0.7671622904144257,
        "precision": 0.702694871051869,
        "recall": 0.8446534308603274
    },
    "Pledgee": {
        "tp": 2004,
        "fp": 271,
        "fn": 128,
        "f1": 0.9094622191967325,
        "precision": 0.8808791208791209,
        "recall": 0.9399624765478424
    },
    "TotalPledgedShares": {
        "tp": 1044,
        "fp": 353,
        "fn": 326,
        "f1": 0.754607878568847,
        "precision": 0.7473156764495347,
        "recall": 0.762043795620438
    },
    "ReleasedDate": {
        "tp": 459,
        "fp": 784,
        "fn": 302,
        "f1": 0.45808383233532934,
        "precision": 0.3692679002413516,
        "recall": 0.6031537450722734
    },
    "StockCode": {
        "tp": 3228,
        "fp": 18,
        "fn": 20,
        "f1": 0.9941484447182014,
        "precision": 0.9944547134935305,
        "recall": 0.9938423645320197
    },
    "StockAbbr": {
        "tp": 3931,
        "fp": 681,
        "fn": 1164,
        "f1": 0.8099309776449983,
        "precision": 0.8523417172593235,
        "recall": 0.771540726202159
    },
    "precision": 0.8242326621923938,
    "recall": 0.8300410929276909,
    "micro_f1": 0.8271266803760811,
    "macro_f1": 0.6955587343186586
}