{
    "EquityHolder": {
        "tp": 8529,
        "fp": 1336,
        "fn": 1310,
        "f1": 0.8657125456760049,
        "precision": 0.8645717181956412,
        "recall": 0.8668563878442931
    },
    "FrozeShares": {
        "tp": 51,
        "fp": 87,
        "fn": 298,
        "f1": 0.20944558521560575,
        "precision": 0.3695652173913043,
        "recall": 0.14613180515759314
    },
    "LegalInstitution": {
        "tp": 515,
        "fp": 71,
        "fn": 51,
        "f1": 0.8940972222222222,
        "precision": 0.878839590443686,
        "recall": 0.9098939929328622
    },
    "TotalHoldingShares": {
        "tp": 1872,
        "fp": 790,
        "fn": 329,
        "f1": 0.7698951264651449,
        "precision": 0.7032306536438768,
        "recall": 0.8505224897773739
    },
    "TotalHoldingRatio": {
        "tp": 1539,
        "fp": 337,
        "fn": 231,
        "f1": 0.8442128359846408,
        "precision": 0.820362473347548,
        "recall": 0.8694915254237288
    },
    "StartDate": {
        "tp": 4272,
        "fp": 1383,
        "fn": 993,
        "f1": 0.7824175824175824,
        "precision": 0.7554376657824934,
        "recall": 0.8113960113960114
    },
    "EndDate": {
        "tp": 1178,
        "fp": 523,
        "fn": 465,
        "f1": 0.7045454545454546,
        "precision": 0.6925338036449148,
        "recall": 0.7169811320754716
    },
    "UnfrozeDate": {
        "tp": 5,
        "fp": 10,
        "fn": 13,
        "f1": 0.303030303030303,
        "precision": 0.3333333333333333,
        "recall": 0.2777777777777778
    },
    "CompanyName": {
        "tp": 9255,
        "fp": 531,
        "fn": 918,
        "f1": 0.9274011724034271,
        "precision": 0.9457388105456775,
        "recall": 0.9097611324093188
    },
    "HighestTradingPrice": {
        "tp": 1265,
        "fp": 164,
        "fn": 609,
        "f1": 0.7659703300030275,
        "precision": 0.8852344296710987,
        "recall": 0.6750266808964781
    },
    "LowestTradingPrice": {
        "tp": 1027,
        "fp": 624,
        "fn": 44,
        "f1": 0.754592211609111,
        "precision": 0.6220472440944882,
        "recall": 0.9589169000933707
    },
    "RepurchasedShares": {
        "tp": 1399,
        "fp": 242,
        "fn": 276,
        "f1": 0.8437876960193004,
        "precision": 0.8525289457647776,
        "recall": 0.8352238805970149
    },
    "ClosingDate": {
        "tp": 1249,
        "fp": 1075,
        "fn": 449,
        "f1": 0.6210840377921433,
        "precision": 0.5374354561101549,
        "recall": 0.7355712603062426
    },
    "RepurchaseAmount": {
        "tp": 1390,
        "fp": 384,
        "fn": 163,
        "f1": 0.8355876164712954,
        "precision": 0.7835400225479143,
        "recall": 0.8950418544752092
    },
    "TradedShares": {
        "tp": 1077,
        "fp": 502,
        "fn": 190,
        "f1": 0.7568517217146873,
        "precision": 0.682077264091197,
        "recall": 0.8500394632991318
    },
    "LaterHoldingShares": {
        "tp": 81,
        "fp": 308,
        "fn": 360,
        "f1": 0.19518072289156627,
        "precision": 0.20822622107969152,
        "recall": 0.1836734693877551
    },
    "AveragePrice": {
        "tp": 210,
        "fp": 37,
        "fn": 4,
        "f1": 0.911062906724512,
        "precision": 0.8502024291497976,
        "recall": 0.9813084112149533
    },
    "Pledger": {
        "tp": 0,
        "fp": 0,
        "fn": 0,
        "f1": 0,
        "precision": 0,
        "recall": 0
    },
    "PledgedShares": {
        "tp": 2696,
        "fp": 966,
        "fn": 328,
        "f1": 0.8064612623392162,
        "precision": 0.736209721463681,
        "recall": 0.8915343915343915
    },
    "Pledgee": {
        "tp": 2135,
        "fp": 188,
        "fn": 85,
        "f1": 0.9399075500770416,
        "precision": 0.9190701678863539,
        "recall": 0.9617117117117117
    },
    "TotalPledgedShares": {
        "tp": 991,
        "fp": 283,
        "fn": 405,
        "f1": 0.7423220973782773,
        "precision": 0.7778649921507065,
        "recall": 0.7098853868194842
    },
    "ReleasedDate": {
        "tp": 501,
        "fp": 329,
        "fn": 280,
        "f1": 0.6219739292364991,
        "precision": 0.6036144578313253,
        "recall": 0.6414852752880922
    },
    "StockCode": {
        "tp": 3239,
        "fp": 12,
        "fn": 12,
        "f1": 0.9963088280529068,
        "precision": 0.9963088280529068,
        "recall": 0.9963088280529068
    },
    "StockAbbr": {
        "tp": 4487,
        "fp": 693,
        "fn": 702,
        "f1": 0.8654643649339377,
        "precision": 0.8662162162162163,
        "recall": 0.86471381769127
    },
    "precision": 0.8182593001102978,
    "recall": 0.8518563624343227,
    "micro_f1": 0.8347199018036756,
    "macro_f1": 0.7065547126334962
}