{
    "EquityHolder": {
        "tp": 8969,
        "fp": 1745,
        "fn": 870,
        "f1": 0.8727679657470928,
        "precision": 0.8371289901064028,
        "recall": 0.9115763797133855
    },
    "FrozeShares": {
        "tp": 197,
        "fp": 277,
        "fn": 152,
        "f1": 0.47873633049817743,
        "precision": 0.41561181434599154,
        "recall": 0.5644699140401146
    },
    "LegalInstitution": {
        "tp": 509,
        "fp": 51,
        "fn": 57,
        "f1": 0.9040852575488455,
        "precision": 0.9089285714285714,
        "recall": 0.8992932862190812
    },
    "TotalHoldingShares": {
        "tp": 1679,
        "fp": 362,
        "fn": 522,
        "f1": 0.7916077322017917,
        "precision": 0.8226359627633513,
        "recall": 0.7628350749659246
    },
    "TotalHoldingRatio": {
        "tp": 1483,
        "fp": 212,
        "fn": 287,
        "f1": 0.8559884559884561,
        "precision": 0.8749262536873156,
        "recall": 0.8378531073446328
    },
    "StartDate": {
        "tp": 4070,
        "fp": 1110,
        "fn": 1195,
        "f1": 0.7793202489229297,
        "precision": 0.7857142857142857,
        "recall": 0.7730294396961064
    },
    "EndDate": {
        "tp": 1344,
        "fp": 928,
        "fn": 299,
        "f1": 0.6865900383141762,
        "precision": 0.5915492957746479,
        "recall": 0.8180158247108947
    },
    "UnfrozeDate": {
        "tp": 13,
        "fp": 44,
        "fn": 5,
        "f1": 0.3466666666666667,
        "precision": 0.22807017543859648,
        "recall": 0.7222222222222222
    },
    "CompanyName": {
        "tp": 9609,
        "fp": 410,
        "fn": 564,
        "f1": 0.9517630744849446,
        "precision": 0.9590777522706857,
        "recall": 0.9445591271011501
    },
    "HighestTradingPrice": {
        "tp": 1762,
        "fp": 312,
        "fn": 112,
        "f1": 0.8926038500506587,
        "precision": 0.849566055930569,
        "recall": 0.9402347918890075
    },
    "LowestTradingPrice": {
        "tp": 949,
        "fp": 79,
        "fn": 122,
        "f1": 0.9042401143401619,
        "precision": 0.9231517509727627,
        "recall": 0.8860877684407096
    },
    "RepurchasedShares": {
        "tp": 1641,
        "fp": 369,
        "fn": 34,
        "f1": 0.8906377204884668,
        "precision": 0.8164179104477612,
        "recall": 0.9797014925373134
    },
    "ClosingDate": {
        "tp": 1506,
        "fp": 2128,
        "fn": 192,
        "f1": 0.5648912228057015,
        "precision": 0.4144193725921849,
        "recall": 0.8869257950530035
    },
    "RepurchaseAmount": {
        "tp": 1371,
        "fp": 443,
        "fn": 182,
        "f1": 0.8143748143748143,
        "precision": 0.7557883131201764,
        "recall": 0.8828074694140373
    },
    "TradedShares": {
        "tp": 1019,
        "fp": 496,
        "fn": 248,
        "f1": 0.732566498921639,
        "precision": 0.6726072607260726,
        "recall": 0.8042620363062352
    },
    "LaterHoldingShares": {
        "tp": 78,
        "fp": 151,
        "fn": 363,
        "f1": 0.2328358208955224,
        "precision": 0.3406113537117904,
        "recall": 0.17687074829931973
    },
    "AveragePrice": {
        "tp": 191,
        "fp": 33,
        "fn": 23,
        "f1": 0.8721461187214612,
        "precision": 0.8526785714285714,
        "recall": 0.8925233644859814
    },
    "Pledger": {
        "tp": 0,
        "fp": 0,
        "fn": 0,
        "f1": 0,
        "precision": 0,
        "recall": 0
    },
    "PledgedShares": {
        "tp": 2673,
        "fp": 1125,
        "fn": 351,
        "f1": 0.783641160949868,
        "precision": 0.7037914691943128,
        "recall": 0.8839285714285714
    },
    "Pledgee": {
        "tp": 2018,
        "fp": 263,
        "fn": 202,
        "f1": 0.8966896245278827,
        "precision": 0.8846996931170539,
        "recall": 0.909009009009009
    },
    "TotalPledgedShares": {
        "tp": 722,
        "fp": 243,
        "fn": 674,
        "f1": 0.6116052520118593,
        "precision": 0.7481865284974093,
        "recall": 0.5171919770773639
    },
    "ReleasedDate": {
        "tp": 476,
        "fp": 325,
        "fn": 305,
        "f1": 0.6017699115044247,
        "precision": 0.5942571785268415,
        "recall": 0.6094750320102432
    },
    "StockCode": {
        "tp": 3241,
        "fp": 13,
        "fn": 10,
        "f1": 0.9964642582628749,
        "precision": 0.9960049170251998,
        "recall": 0.9969240233774224
    },
    "StockAbbr": {
        "tp": 4552,
        "fp": 870,
        "fn": 637,
        "f1": 0.8579775704457638,
        "precision": 0.8395426042050904,
        "recall": 0.8772403160531894
    },
    "precision": 0.8068190973397141,
    "recall": 0.8711507011378267,
    "micro_f1": 0.837751696099181,
    "macro_f1": 0.7216654045280908
}