{
    "EquityHolder": {
        "tp": 8792,
        "fp": 1192,
        "fn": 1047,
        "f1": 0.8870503960046411,
        "precision": 0.8806089743589743,
        "recall": 0.8935867466205916
    },
    "FrozeShares": {
        "tp": 27,
        "fp": 143,
        "fn": 322,
        "f1": 0.10404624277456646,
        "precision": 0.1588235294117647,
        "recall": 0.07736389684813753
    },
    "LegalInstitution": {
        "tp": 511,
        "fp": 51,
        "fn": 55,
        "f1": 0.9060283687943261,
        "precision": 0.9092526690391459,
        "recall": 0.9028268551236749
    },
    "TotalHoldingShares": {
        "tp": 1802,
        "fp": 533,
        "fn": 399,
        "f1": 0.7945326278659611,
        "precision": 0.7717344753747324,
        "recall": 0.8187187641980918
    },
    "TotalHoldingRatio": {
        "tp": 1466,
        "fp": 244,
        "fn": 304,
        "f1": 0.8425287356321839,
        "precision": 0.8573099415204678,
        "recall": 0.8282485875706215
    },
    "StartDate": {
        "tp": 4188,
        "fp": 1104,
        "fn": 1077,
        "f1": 0.7934072179596477,
        "precision": 0.7913832199546486,
        "recall": 0.7954415954415954
    },
    "EndDate": {
        "tp": 1048,
        "fp": 428,
        "fn": 595,
        "f1": 0.6720102596986213,
        "precision": 0.7100271002710027,
        "recall": 0.6378575776019476
    },
    "UnfrozeDate": {
        "tp": 0,
        "fp": 0,
        "fn": 18,
        "f1": 0,
        "precision": 0,
        "recall": 0
    },
    "CompanyName": {
        "tp": 9944,
        "fp": 354,
        "fn": 229,
        "f1": 0.9715206878022569,
        "precision": 0.9656243930860361,
        "recall": 0.9774894328123465
    },
    "HighestTradingPrice": {
        "tp": 1652,
        "fp": 321,
        "fn": 222,
        "f1": 0.8588510527683909,
        "precision": 0.8373035985808414,
        "recall": 0.8815368196371398
    },
    "LowestTradingPrice": {
        "tp": 937,
        "fp": 250,
        "fn": 134,
        "f1": 0.8299379982285209,
        "precision": 0.7893850042123,
        "recall": 0.8748832866479925
    },
    "RepurchasedShares": {
        "tp": 1577,
        "fp": 282,
        "fn": 98,
        "f1": 0.8924731182795699,
        "precision": 0.8483055406132329,
        "recall": 0.9414925373134329
    },
    "ClosingDate": {
        "tp": 1326,
        "fp": 1009,
        "fn": 372,
        "f1": 0.6575750061988593,
        "precision": 0.5678800856531049,
        "recall": 0.7809187279151943
    },
    "RepurchaseAmount": {
        "tp": 1389,
        "fp": 346,
        "fn": 164,
        "f1": 0.8448905109489052,
        "precision": 0.8005763688760807,
        "recall": 0.8943979394719896
    },
    "TradedShares": {
        "tp": 946,
        "fp": 278,
        "fn": 321,
        "f1": 0.7595343235648334,
        "precision": 0.7728758169934641,
        "recall": 0.7466456195737964
    },
    "LaterHoldingShares": {
        "tp": 69,
        "fp": 99,
        "fn": 372,
        "f1": 0.22660098522167488,
        "precision": 0.4107142857142857,
        "recall": 0.1564625850340136
    },
    "AveragePrice": {
        "tp": 210,
        "fp": 62,
        "fn": 4,
        "f1": 0.8641975308641975,
        "precision": 0.7720588235294118,
        "recall": 0.9813084112149533
    },
    "Pledger": {
        "tp": 0,
        "fp": 0,
        "fn": 0,
        "f1": 0,
        "precision": 0,
        "recall": 0
    },
    "PledgedShares": {
        "tp": 2721,
        "fp": 864,
        "fn": 303,
        "f1": 0.8234226055379029,
        "precision": 0.7589958158995815,
        "recall": 0.8998015873015873
    },
    "Pledgee": {
        "tp": 2120,
        "fp": 185,
        "fn": 100,
        "f1": 0.9370165745856354,
        "precision": 0.9197396963123644,
        "recall": 0.954954954954955
    },
    "TotalPledgedShares": {
        "tp": 1206,
        "fp": 399,
        "fn": 190,
        "f1": 0.8037320893035655,
        "precision": 0.7514018691588785,
        "recall": 0.8638968481375359
    },
    "ReleasedDate": {
        "tp": 456,
        "fp": 239,
        "fn": 325,
        "f1": 0.6178861788617886,
        "precision": 0.6561151079136691,
        "recall": 0.5838668373879642
    },
    "StockCode": {
        "tp": 3240,
        "fp": 24,
        "fn": 11,
        "f1": 0.9946277820414429,
        "precision": 0.9926470588235294,
        "recall": 0.9966164257151645
    },
    "StockAbbr": {
        "tp": 4438,
        "fp": 402,
        "fn": 751,
        "f1": 0.8850334031309203,
        "precision": 0.9169421487603305,
        "recall": 0.8552707650799769
    },
    "precision": 0.8503753779257397,
    "recall": 0.8710289154111138,
    "micro_f1": 0.8605782453245324,
    "macro_f1": 0.7069543206695169
}