{
    "EquityHolder": {
        "tp": 8683,
        "fp": 1899,
        "fn": 1156,
        "f1": 0.8503990989667499,
        "precision": 0.8205443205443206,
        "recall": 0.8825083849984755
    },
    "FrozeShares": {
        "tp": 0,
        "fp": 0,
        "fn": 349,
        "f1": 0,
        "precision": 0,
        "recall": 0
    },
    "LegalInstitution": {
        "tp": 316,
        "fp": 54,
        "fn": 250,
        "f1": 0.6752136752136751,
        "precision": 0.8540540540540541,
        "recall": 0.558303886925795
    },
    "TotalHoldingShares": {
        "tp": 1716,
        "fp": 955,
        "fn": 485,
        "f1": 0.7044334975369457,
        "precision": 0.6424560089853987,
        "recall": 0.7796456156292594
    },
    "TotalHoldingRatio": {
        "tp": 884,
        "fp": 224,
        "fn": 886,
        "f1": 0.6143154968728285,
        "precision": 0.7978339350180506,
        "recall": 0.4994350282485876
    },
    "StartDate": {
        "tp": 4329,
        "fp": 2834,
        "fn": 936,
        "f1": 0.696652719665272,
        "precision": 0.604355716878403,
        "recall": 0.8222222222222222
    },
    "EndDate": {
        "tp": 841,
        "fp": 504,
        "fn": 802,
        "f1": 0.5629183400267739,
        "precision": 0.625278810408922,
        "recall": 0.5118685331710287
    },
    "UnfrozeDate": {
        "tp": 0,
        "fp": 0,
        "fn": 18,
        "f1": 0,
        "precision": 0,
        "recall": 0
    },
    "CompanyName": {
        "tp": 10036,
        "fp": 304,
        "fn": 137,
        "f1": 0.9785014381124166,
        "precision": 0.9705996131528046,
        "recall": 0.9865329794554212
    },
    "HighestTradingPrice": {
        "tp": 1668,
        "fp": 1309,
        "fn": 206,
        "f1": 0.6876932591218305,
        "precision": 0.5602955995969097,
        "recall": 0.8900747065101388
    },
    "LowestTradingPrice": {
        "tp": 0,
        "fp": 0,
        "fn": 1071,
        "f1": 0,
        "precision": 0,
        "recall": 0
    },
    "RepurchasedShares": {
        "tp": 1275,
        "fp": 146,
        "fn": 400,
        "f1": 0.8236434108527131,
        "precision": 0.8972554539057002,
        "recall": 0.7611940298507462
    },
    "ClosingDate": {
        "tp": 0,
        "fp": 0,
        "fn": 1698,
        "f1": 0,
        "precision": 0,
        "recall": 0
    },
    "RepurchaseAmount": {
        "tp": 903,
        "fp": 48,
        "fn": 650,
        "f1": 0.7212460063897763,
        "precision": 0.9495268138801262,
        "recall": 0.5814552479072762
    },
    "TradedShares": {
        "tp": 1004,
        "fp": 468,
        "fn": 263,
        "f1": 0.7331142752829499,
        "precision": 0.6820652173913043,
        "recall": 0.7924230465666929
    },
    "LaterHoldingShares": {
        "tp": 0,
        "fp": 52,
        "fn": 441,
        "f1": 0,
        "precision": 0,
        "recall": 0
    },
    "AveragePrice": {
        "tp": 164,
        "fp": 59,
        "fn": 50,
        "f1": 0.7505720823798627,
        "precision": 0.7354260089686099,
        "recall": 0.7663551401869159
    },
    "Pledger": {
        "tp": 0,
        "fp": 0,
        "fn": 0,
        "f1": 0,
        "precision": 0,
        "recall": 0
    },
    "PledgedShares": {
        "tp": 2786,
        "fp": 1241,
        "fn": 238,
        "f1": 0.7902425187916609,
        "precision": 0.6918301465110505,
        "recall": 0.9212962962962963
    },
    "Pledgee": {
        "tp": 2120,
        "fp": 206,
        "fn": 100,
        "f1": 0.9326880774307083,
        "precision": 0.9114359415305245,
        "recall": 0.954954954954955
    },
    "TotalPledgedShares": {
        "tp": 1189,
        "fp": 463,
        "fn": 207,
        "f1": 0.7801837270341208,
        "precision": 0.7197336561743342,
        "recall": 0.8517191977077364
    },
    "ReleasedDate": {
        "tp": 117,
        "fp": 71,
        "fn": 664,
        "f1": 0.24148606811145512,
        "precision": 0.6223404255319149,
        "recall": 0.14980793854033292
    },
    "StockCode": {
        "tp": 3232,
        "fp": 17,
        "fn": 19,
        "f1": 0.9944615384615385,
        "precision": 0.994767620806402,
        "recall": 0.9941556444171025
    },
    "StockAbbr": {
        "tp": 3298,
        "fp": 182,
        "fn": 1891,
        "f1": 0.7608720729034489,
        "precision": 0.9477011494252874,
        "recall": 0.6355752553478512
    },
    "precision": 0.801500080939619,
    "recall": 0.775270538292912,
    "micro_f1": 0.7881671456997568,
    "macro_f1": 0.5541098876314471
}