{
    "EquityHolder": {
        "tp": 8713,
        "fp": 1333,
        "fn": 1126,
        "f1": 0.8763389489564998,
        "precision": 0.8673103722874776,
        "recall": 0.8855574753531863
    },
    "FrozeShares": {
        "tp": 155,
        "fp": 263,
        "fn": 194,
        "f1": 0.4041720990873533,
        "precision": 0.3708133971291866,
        "recall": 0.44412607449856734
    },
    "LegalInstitution": {
        "tp": 522,
        "fp": 61,
        "fn": 44,
        "f1": 0.9086161879895561,
        "precision": 0.8953687821612349,
        "recall": 0.9222614840989399
    },
    "TotalHoldingShares": {
        "tp": 1739,
        "fp": 549,
        "fn": 462,
        "f1": 0.774782802405881,
        "precision": 0.7600524475524476,
        "recall": 0.7900954111767379
    },
    "TotalHoldingRatio": {
        "tp": 1538,
        "fp": 360,
        "fn": 232,
        "f1": 0.8386041439476554,
        "precision": 0.8103266596417281,
        "recall": 0.8689265536723164
    },
    "StartDate": {
        "tp": 3873,
        "fp": 820,
        "fn": 1392,
        "f1": 0.7778670415746134,
        "precision": 0.8252716812273599,
        "recall": 0.7356125356125356
    },
    "EndDate": {
        "tp": 1174,
        "fp": 418,
        "fn": 469,
        "f1": 0.7258114374034003,
        "precision": 0.7374371859296482,
        "recall": 0.714546561168594
    },
    "UnfrozeDate": {
        "tp": 10,
        "fp": 19,
        "fn": 8,
        "f1": 0.4255319148936171,
        "precision": 0.3448275862068966,
        "recall": 0.5555555555555556
    },
    "CompanyName": {
        "tp": 9922,
        "fp": 370,
        "fn": 251,
        "f1": 0.9696555094063035,
        "precision": 0.9640497473766032,
        "recall": 0.9753268455716111
    },
    "HighestTradingPrice": {
        "tp": 1791,
        "fp": 338,
        "fn": 83,
        "f1": 0.8948288783412441,
        "precision": 0.8412400187881635,
        "recall": 0.955709711846318
    },
    "LowestTradingPrice": {
        "tp": 932,
        "fp": 40,
        "fn": 139,
        "f1": 0.9123837493881546,
        "precision": 0.9588477366255144,
        "recall": 0.8702147525676938
    },
    "RepurchasedShares": {
        "tp": 1500,
        "fp": 224,
        "fn": 175,
        "f1": 0.8826125330979699,
        "precision": 0.8700696055684455,
        "recall": 0.8955223880597015
    },
    "ClosingDate": {
        "tp": 1048,
        "fp": 878,
        "fn": 650,
        "f1": 0.5783664459161147,
        "precision": 0.5441329179646937,
        "recall": 0.6171967020023557
    },
    "RepurchaseAmount": {
        "tp": 729,
        "fp": 428,
        "fn": 824,
        "f1": 0.5380073800738008,
        "precision": 0.6300777873811582,
        "recall": 0.4694140373470702
    },
    "TradedShares": {
        "tp": 912,
        "fp": 304,
        "fn": 355,
        "f1": 0.7345952476842529,
        "precision": 0.75,
        "recall": 0.7198105761641673
    },
    "LaterHoldingShares": {
        "tp": 130,
        "fp": 308,
        "fn": 311,
        "f1": 0.29579067121729236,
        "precision": 0.2968036529680365,
        "recall": 0.2947845804988662
    },
    "AveragePrice": {
        "tp": 208,
        "fp": 38,
        "fn": 6,
        "f1": 0.9043478260869565,
        "precision": 0.8455284552845529,
        "recall": 0.9719626168224299
    },
    "Pledger": {
        "tp": 0,
        "fp": 0,
        "fn": 0,
        "f1": 0,
        "precision": 0,
        "recall": 0
    },
    "PledgedShares": {
        "tp": 2529,
        "fp": 816,
        "fn": 495,
        "f1": 0.7941592086669808,
        "precision": 0.7560538116591928,
        "recall": 0.8363095238095238
    },
    "Pledgee": {
        "tp": 2104,
        "fp": 169,
        "fn": 116,
        "f1": 0.9365679946583575,
        "precision": 0.9256489221293445,
        "recall": 0.9477477477477477
    },
    "TotalPledgedShares": {
        "tp": 1017,
        "fp": 323,
        "fn": 379,
        "f1": 0.7434210526315789,
        "precision": 0.758955223880597,
        "recall": 0.7285100286532952
    },
    "ReleasedDate": {
        "tp": 534,
        "fp": 393,
        "fn": 247,
        "f1": 0.6252927400468384,
        "precision": 0.5760517799352751,
        "recall": 0.6837387964148528
    },
    "StockCode": {
        "tp": 3234,
        "fp": 28,
        "fn": 17,
        "f1": 0.9930907415937356,
        "precision": 0.9914163090128756,
        "recall": 0.994770839741618
    },
    "StockAbbr": {
        "tp": 4614,
        "fp": 489,
        "fn": 575,
        "f1": 0.8966187329965022,
        "precision": 0.9041740152851264,
        "recall": 0.8891886683368665
    },
    "precision": 0.8450869647822857,
    "recall": 0.8512474338007585,
    "micro_f1": 0.8481560130010833,
    "macro_f1": 0.7263109703360272
}