{
    "EquityHolder": {
        "tp": 8210,
        "fp": 765,
        "fn": 1629,
        "f1": 0.8727543318805144,
        "precision": 0.9147632311977716,
        "recall": 0.8344343937392011
    },
    "FrozeShares": {
        "tp": 70,
        "fp": 168,
        "fn": 279,
        "f1": 0.23850085178875638,
        "precision": 0.29411764705882354,
        "recall": 0.20057306590257878
    },
    "LegalInstitution": {
        "tp": 512,
        "fp": 46,
        "fn": 54,
        "f1": 0.911032028469751,
        "precision": 0.9175627240143369,
        "recall": 0.9045936395759717
    },
    "TotalHoldingShares": {
        "tp": 1663,
        "fp": 488,
        "fn": 538,
        "f1": 0.7642463235294118,
        "precision": 0.7731287773128778,
        "recall": 0.7555656519763744
    },
    "TotalHoldingRatio": {
        "tp": 1450,
        "fp": 183,
        "fn": 320,
        "f1": 0.8521892447840141,
        "precision": 0.8879363135333742,
        "recall": 0.8192090395480226
    },
    "StartDate": {
        "tp": 3827,
        "fp": 791,
        "fn": 1438,
        "f1": 0.7744611959931196,
        "precision": 0.828713728886964,
        "recall": 0.7268755935422602
    },
    "EndDate": {
        "tp": 1033,
        "fp": 367,
        "fn": 610,
        "f1": 0.6789352612553402,
        "precision": 0.7378571428571429,
        "recall": 0.6287279367011565
    },
    "UnfrozeDate": {
        "tp": 4,
        "fp": 15,
        "fn": 14,
        "f1": 0.21621621621621623,
        "precision": 0.21052631578947367,
        "recall": 0.2222222222222222
    },
    "CompanyName": {
        "tp": 9934,
        "fp": 335,
        "fn": 239,
        "f1": 0.9719205557186185,
        "precision": 0.9673775440646606,
        "recall": 0.9765064386120121
    },
    "HighestTradingPrice": {
        "tp": 1634,
        "fp": 211,
        "fn": 240,
        "f1": 0.8787308416240924,
        "precision": 0.8856368563685637,
        "recall": 0.871931696905016
    },
    "LowestTradingPrice": {
        "tp": 997,
        "fp": 50,
        "fn": 74,
        "f1": 0.9414542020774315,
        "precision": 0.9522445081184336,
        "recall": 0.930905695611578
    },
    "RepurchasedShares": {
        "tp": 1553,
        "fp": 219,
        "fn": 122,
        "f1": 0.901073397156948,
        "precision": 0.876410835214447,
        "recall": 0.9271641791044776
    },
    "ClosingDate": {
        "tp": 1081,
        "fp": 566,
        "fn": 617,
        "f1": 0.6463378176382661,
        "precision": 0.6563448694596236,
        "recall": 0.6366313309776207
    },
    "RepurchaseAmount": {
        "tp": 1334,
        "fp": 254,
        "fn": 219,
        "f1": 0.8494110156001273,
        "precision": 0.8400503778337531,
        "recall": 0.8589826142949131
    },
    "TradedShares": {
        "tp": 878,
        "fp": 287,
        "fn": 389,
        "f1": 0.7220394736842105,
        "precision": 0.7536480686695279,
        "recall": 0.6929755327545383
    },
    "LaterHoldingShares": {
        "tp": 92,
        "fp": 259,
        "fn": 349,
        "f1": 0.23232323232323232,
        "precision": 0.2621082621082621,
        "recall": 0.20861678004535147
    },
    "AveragePrice": {
        "tp": 171,
        "fp": 66,
        "fn": 43,
        "f1": 0.7583148558758315,
        "precision": 0.7215189873417721,
        "recall": 0.7990654205607477
    },
    "Pledger": {
        "tp": 0,
        "fp": 0,
        "fn": 0,
        "f1": 0,
        "precision": 0,
        "recall": 0
    },
    "PledgedShares": {
        "tp": 2562,
        "fp": 734,
        "fn": 462,
        "f1": 0.8107594936708861,
        "precision": 0.7773058252427184,
        "recall": 0.8472222222222222
    },
    "Pledgee": {
        "tp": 2012,
        "fp": 162,
        "fn": 208,
        "f1": 0.9157942649066908,
        "precision": 0.9254829806807727,
        "recall": 0.9063063063063063
    },
    "TotalPledgedShares": {
        "tp": 1005,
        "fp": 227,
        "fn": 391,
        "f1": 0.7648401826484018,
        "precision": 0.8157467532467533,
        "recall": 0.7199140401146131
    },
    "ReleasedDate": {
        "tp": 554,
        "fp": 613,
        "fn": 227,
        "f1": 0.5687885010266941,
        "precision": 0.47472150814053127,
        "recall": 0.7093469910371318
    },
    "StockCode": {
        "tp": 3240,
        "fp": 10,
        "fn": 11,
        "f1": 0.9967697277341947,
        "precision": 0.9969230769230769,
        "recall": 0.9966164257151645
    },
    "StockAbbr": {
        "tp": 4485,
        "fp": 373,
        "fn": 704,
        "f1": 0.8928038220364288,
        "precision": 0.923219431864965,
        "recall": 0.8643283869724417
    },
    "precision": 0.8704451252477924,
    "recall": 0.8403389122794809,
    "micro_f1": 0.8551271156433681,
    "macro_f1": 0.7149873682349656
}