{
    "EquityHolder": {
        "tp": 8483,
        "fp": 1194,
        "fn": 1356,
        "f1": 0.8693379790940767,
        "precision": 0.8766146533016431,
        "recall": 0.8621811159670698
    },
    "FrozeShares": {
        "tp": 155,
        "fp": 168,
        "fn": 194,
        "f1": 0.46130952380952384,
        "precision": 0.47987616099071206,
        "recall": 0.44412607449856734
    },
    "LegalInstitution": {
        "tp": 511,
        "fp": 56,
        "fn": 55,
        "f1": 0.9020300088261253,
        "precision": 0.9012345679012346,
        "recall": 0.9028268551236749
    },
    "TotalHoldingShares": {
        "tp": 1865,
        "fp": 899,
        "fn": 336,
        "f1": 0.7512588116817724,
        "precision": 0.6747467438494935,
        "recall": 0.8473421172194457
    },
    "TotalHoldingRatio": {
        "tp": 1590,
        "fp": 516,
        "fn": 180,
        "f1": 0.8204334365325077,
        "precision": 0.7549857549857549,
        "recall": 0.8983050847457628
    },
    "StartDate": {
        "tp": 4123,
        "fp": 1263,
        "fn": 1142,
        "f1": 0.7741996056708291,
        "precision": 0.7655031563312291,
        "recall": 0.7830959164292498
    },
    "EndDate": {
        "tp": 1106,
        "fp": 392,
        "fn": 537,
        "f1": 0.7042343202801655,
        "precision": 0.7383177570093458,
        "recall": 0.6731588557516738
    },
    "UnfrozeDate": {
        "tp": 10,
        "fp": 13,
        "fn": 8,
        "f1": 0.4878048780487805,
        "precision": 0.43478260869565216,
        "recall": 0.5555555555555556
    },
    "CompanyName": {
        "tp": 9703,
        "fp": 451,
        "fn": 470,
        "f1": 0.9546908053328085,
        "precision": 0.9555840063029348,
        "recall": 0.9537992725842918
    },
    "HighestTradingPrice": {
        "tp": 1487,
        "fp": 102,
        "fn": 387,
        "f1": 0.8587929540860526,
        "precision": 0.9358086847073631,
        "recall": 0.7934898612593383
    },
    "LowestTradingPrice": {
        "tp": 1012,
        "fp": 413,
        "fn": 59,
        "f1": 0.8108974358974358,
        "precision": 0.7101754385964912,
        "recall": 0.9449112978524743
    },
    "RepurchasedShares": {
        "tp": 1604,
        "fp": 308,
        "fn": 71,
        "f1": 0.8943406746584891,
        "precision": 0.8389121338912134,
        "recall": 0.9576119402985075
    },
    "ClosingDate": {
        "tp": 1319,
        "fp": 1658,
        "fn": 379,
        "f1": 0.5642780748663102,
        "precision": 0.443063486731609,
        "recall": 0.7767962308598351
    },
    "RepurchaseAmount": {
        "tp": 1426,
        "fp": 500,
        "fn": 127,
        "f1": 0.8197757976430009,
        "precision": 0.7403946002076843,
        "recall": 0.918222794591114
    },
    "TradedShares": {
        "tp": 1036,
        "fp": 487,
        "fn": 231,
        "f1": 0.7426523297491041,
        "precision": 0.680236375574524,
        "recall": 0.8176795580110497
    },
    "LaterHoldingShares": {
        "tp": 56,
        "fp": 133,
        "fn": 385,
        "f1": 0.17777777777777776,
        "precision": 0.2962962962962963,
        "recall": 0.12698412698412698
    },
    "AveragePrice": {
        "tp": 210,
        "fp": 45,
        "fn": 4,
        "f1": 0.8955223880597015,
        "precision": 0.8235294117647058,
        "recall": 0.9813084112149533
    },
    "Pledger": {
        "tp": 0,
        "fp": 0,
        "fn": 0,
        "f1": 0,
        "precision": 0,
        "recall": 0
    },
    "PledgedShares": {
        "tp": 2526,
        "fp": 867,
        "fn": 498,
        "f1": 0.7872837774661057,
        "precision": 0.74447391688771,
        "recall": 0.8353174603174603
    },
    "Pledgee": {
        "tp": 2102,
        "fp": 136,
        "fn": 118,
        "f1": 0.9430237774786899,
        "precision": 0.9392314566577301,
        "recall": 0.9468468468468468
    },
    "TotalPledgedShares": {
        "tp": 1150,
        "fp": 550,
        "fn": 246,
        "f1": 0.7428940568475453,
        "precision": 0.6764705882352942,
        "recall": 0.8237822349570201
    },
    "ReleasedDate": {
        "tp": 535,
        "fp": 358,
        "fn": 246,
        "f1": 0.6391875746714456,
        "precision": 0.5991041433370661,
        "recall": 0.6850192061459667
    },
    "StockCode": {
        "tp": 3243,
        "fp": 8,
        "fn": 8,
        "f1": 0.9975392187019378,
        "precision": 0.9975392187019378,
        "recall": 0.9975392187019378
    },
    "StockAbbr": {
        "tp": 4374,
        "fp": 531,
        "fn": 815,
        "f1": 0.8666534574995046,
        "precision": 0.8917431192660551,
        "recall": 0.8429369820774716
    },
    "precision": 0.8179121205129051,
    "recall": 0.8633912105501236,
    "micro_f1": 0.8400365630712979,
    "macro_f1": 0.7277466110283203
}