{
    "EquityHolder": {
        "tp": 8586,
        "fp": 1753,
        "fn": 1027,
        "f1": 0.8606655974338414,
        "precision": 0.8304478189380018,
        "recall": 0.8931655050452513
    },
    "FrozeShares": {
        "tp": 132,
        "fp": 142,
        "fn": 166,
        "f1": 0.46153846153846156,
        "precision": 0.48175182481751827,
        "recall": 0.4429530201342282
    },
    "LegalInstitution": {
        "tp": 444,
        "fp": 53,
        "fn": 58,
        "f1": 0.8888888888888888,
        "precision": 0.8933601609657947,
        "recall": 0.8844621513944223
    },
    "TotalHoldingShares": {
        "tp": 1667,
        "fp": 342,
        "fn": 492,
        "f1": 0.7999040307101726,
        "precision": 0.8297660527625684,
        "recall": 0.7721167207040296
    },
    "TotalHoldingRatio": {
        "tp": 1457,
        "fp": 247,
        "fn": 268,
        "f1": 0.8498104403616215,
        "precision": 0.8550469483568075,
        "recall": 0.8446376811594203
    },
    "StartDate": {
        "tp": 3862,
        "fp": 1245,
        "fn": 1169,
        "f1": 0.7618859735648056,
        "precision": 0.7562169571176817,
        "recall": 0.7676406281057444
    },
    "EndDate": {
        "tp": 988,
        "fp": 415,
        "fn": 522,
        "f1": 0.6783384826639203,
        "precision": 0.7042052744119743,
        "recall": 0.6543046357615894
    },
    "UnfrozeDate": {
        "tp": 5,
        "fp": 10,
        "fn": 13,
        "f1": 0.303030303030303,
        "precision": 0.3333333333333333,
        "recall": 0.2777777777777778
    },
    "CompanyName": {
        "tp": 9189,
        "fp": 406,
        "fn": 893,
        "f1": 0.9339838389998475,
        "precision": 0.957686294945284,
        "recall": 0.9114263043047014
    },
    "HighestTradingPrice": {
        "tp": 1420,
        "fp": 262,
        "fn": 204,
        "f1": 0.8590441621294616,
        "precision": 0.8442330558858502,
        "recall": 0.874384236453202
    },
    "LowestTradingPrice": {
        "tp": 927,
        "fp": 155,
        "fn": 113,
        "f1": 0.8737040527803959,
        "precision": 0.8567467652495379,
        "recall": 0.8913461538461539
    },
    "RepurchasedShares": {
        "tp": 1448,
        "fp": 186,
        "fn": 119,
        "f1": 0.9047172758512965,
        "precision": 0.8861689106487148,
        "recall": 0.9240587109125717
    },
    "ClosingDate": {
        "tp": 1198,
        "fp": 771,
        "fn": 450,
        "f1": 0.6624274260436827,
        "precision": 0.6084306754697816,
        "recall": 0.7269417475728155
    },
    "RepurchaseAmount": {
        "tp": 1254,
        "fp": 296,
        "fn": 172,
        "f1": 0.842741935483871,
        "precision": 0.8090322580645162,
        "recall": 0.879382889200561
    },
    "TradedShares": {
        "tp": 956,
        "fp": 547,
        "fn": 178,
        "f1": 0.7250663632916193,
        "precision": 0.6360612109115104,
        "recall": 0.8430335097001763
    },
    "LaterHoldingShares": {
        "tp": 115,
        "fp": 189,
        "fn": 306,
        "f1": 0.31724137931034485,
        "precision": 0.3782894736842105,
        "recall": 0.27315914489311166
    },
    "AveragePrice": {
        "tp": 198,
        "fp": 65,
        "fn": 11,
        "f1": 0.8389830508474577,
        "precision": 0.752851711026616,
        "recall": 0.9473684210526315
    },
    "Pledger": {
        "tp": 0,
        "fp": 0,
        "fn": 0,
        "f1": 0,
        "precision": 0,
        "recall": 0
    },
    "PledgedShares": {
        "tp": 2316,
        "fp": 725,
        "fn": 555,
        "f1": 0.783491204330176,
        "precision": 0.7615915817165406,
        "recall": 0.8066875653082549
    },
    "Pledgee": {
        "tp": 2014,
        "fp": 335,
        "fn": 118,
        "f1": 0.8989064940861414,
        "precision": 0.8573861217539378,
        "recall": 0.9446529080675422
    },
    "TotalPledgedShares": {
        "tp": 1212,
        "fp": 483,
        "fn": 158,
        "f1": 0.7908646003262644,
        "precision": 0.7150442477876107,
        "recall": 0.8846715328467153
    },
    "ReleasedDate": {
        "tp": 438,
        "fp": 315,
        "fn": 323,
        "f1": 0.5785997357992075,
        "precision": 0.5816733067729084,
        "recall": 0.5755584756898817
    },
    "StockCode": {
        "tp": 3229,
        "fp": 20,
        "fn": 19,
        "f1": 0.993997229490534,
        "precision": 0.9938442597722376,
        "recall": 0.9941502463054187
    },
    "StockAbbr": {
        "tp": 3897,
        "fp": 537,
        "fn": 1198,
        "f1": 0.8179242312939448,
        "precision": 0.8788903924221921,
        "recall": 0.7648675171736997
    },
    "precision": 0.8317301730704505,
    "recall": 0.8462259390094442,
    "micro_f1": 0.8389154419975879,
    "macro_f1": 0.7260731315940108
}