{
    "EquityHolder": {
        "tp": 7891,
        "fp": 1083,
        "fn": 1722,
        "f1": 0.8490880723086028,
        "precision": 0.8793180298640517,
        "recall": 0.8208675751586394
    },
    "FrozeShares": {
        "tp": 144,
        "fp": 215,
        "fn": 154,
        "f1": 0.4383561643835617,
        "precision": 0.4011142061281337,
        "recall": 0.48322147651006714
    },
    "LegalInstitution": {
        "tp": 442,
        "fp": 48,
        "fn": 60,
        "f1": 0.8911290322580645,
        "precision": 0.9020408163265307,
        "recall": 0.8804780876494024
    },
    "TotalHoldingShares": {
        "tp": 1650,
        "fp": 303,
        "fn": 509,
        "f1": 0.8025291828793775,
        "precision": 0.8448540706605223,
        "recall": 0.7642427049559981
    },
    "TotalHoldingRatio": {
        "tp": 1436,
        "fp": 286,
        "fn": 289,
        "f1": 0.8331882796634755,
        "precision": 0.8339140534262486,
        "recall": 0.832463768115942
    },
    "StartDate": {
        "tp": 3327,
        "fp": 740,
        "fn": 1704,
        "f1": 0.7313695317652232,
        "precision": 0.8180477010081141,
        "recall": 0.6612999403697079
    },
    "EndDate": {
        "tp": 993,
        "fp": 527,
        "fn": 517,
        "f1": 0.6554455445544555,
        "precision": 0.6532894736842105,
        "recall": 0.6576158940397351
    },
    "UnfrozeDate": {
        "tp": 10,
        "fp": 41,
        "fn": 8,
        "f1": 0.2898550724637681,
        "precision": 0.19607843137254902,
        "recall": 0.5555555555555556
    },
    "CompanyName": {
        "tp": 9637,
        "fp": 451,
        "fn": 445,
        "f1": 0.9555775904809123,
        "precision": 0.955293417922284,
        "recall": 0.9558619321563182
    },
    "HighestTradingPrice": {
        "tp": 1558,
        "fp": 348,
        "fn": 66,
        "f1": 0.8827195467422096,
        "precision": 0.8174186778593914,
        "recall": 0.9593596059113301
    },
    "LowestTradingPrice": {
        "tp": 836,
        "fp": 78,
        "fn": 204,
        "f1": 0.8556806550665302,
        "precision": 0.9146608315098468,
        "recall": 0.8038461538461539
    },
    "RepurchasedShares": {
        "tp": 1494,
        "fp": 262,
        "fn": 73,
        "f1": 0.8991874811916942,
        "precision": 0.8507972665148064,
        "recall": 0.9534141671984684
    },
    "ClosingDate": {
        "tp": 1158,
        "fp": 669,
        "fn": 490,
        "f1": 0.6664748201438849,
        "precision": 0.6338259441707718,
        "recall": 0.7026699029126213
    },
    "RepurchaseAmount": {
        "tp": 1328,
        "fp": 372,
        "fn": 98,
        "f1": 0.8496481126039668,
        "precision": 0.7811764705882352,
        "recall": 0.9312762973352033
    },
    "TradedShares": {
        "tp": 840,
        "fp": 295,
        "fn": 294,
        "f1": 0.7404142794182459,
        "precision": 0.7400881057268722,
        "recall": 0.7407407407407407
    },
    "LaterHoldingShares": {
        "tp": 115,
        "fp": 175,
        "fn": 306,
        "f1": 0.3234880450070324,
        "precision": 0.39655172413793105,
        "recall": 0.27315914489311166
    },
    "AveragePrice": {
        "tp": 191,
        "fp": 45,
        "fn": 18,
        "f1": 0.8584269662921347,
        "precision": 0.809322033898305,
        "recall": 0.9138755980861244
    },
    "Pledger": {
        "tp": 0,
        "fp": 0,
        "fn": 0,
        "f1": 0,
        "precision": 0,
        "recall": 0
    },
    "PledgedShares": {
        "tp": 2412,
        "fp": 816,
        "fn": 459,
        "f1": 0.7909493359567142,
        "precision": 0.7472118959107806,
        "recall": 0.8401253918495298
    },
    "Pledgee": {
        "tp": 1989,
        "fp": 138,
        "fn": 143,
        "f1": 0.9340220709086641,
        "precision": 0.9351198871650211,
        "recall": 0.9329268292682927
    },
    "TotalPledgedShares": {
        "tp": 1118,
        "fp": 343,
        "fn": 252,
        "f1": 0.7898269162839985,
        "precision": 0.7652292950034223,
        "recall": 0.8160583941605839
    },
    "ReleasedDate": {
        "tp": 445,
        "fp": 569,
        "fn": 316,
        "f1": 0.5014084507042254,
        "precision": 0.4388560157790927,
        "recall": 0.5847568988173456
    },
    "StockCode": {
        "tp": 3230,
        "fp": 20,
        "fn": 18,
        "f1": 0.9941520467836257,
        "precision": 0.9938461538461538,
        "recall": 0.9944581280788177
    },
    "StockAbbr": {
        "tp": 4411,
        "fp": 1249,
        "fn": 684,
        "f1": 0.8202696420269643,
        "precision": 0.7793286219081272,
        "recall": 0.8657507360157016
    },
    "precision": 0.8371913580246914,
    "recall": 0.8408730444812919,
    "micro_f1": 0.8390281624285149,
    "macro_f1": 0.7230502849953057
}