{
    "EquityHolder": {
        "tp": 8618,
        "fp": 1675,
        "fn": 995,
        "f1": 0.8658695870591782,
        "precision": 0.8372680462450209,
        "recall": 0.8964943305939873
    },
    "FrozeShares": {
        "tp": 76,
        "fp": 89,
        "fn": 222,
        "f1": 0.32829373650107996,
        "precision": 0.46060606060606063,
        "recall": 0.2550335570469799
    },
    "LegalInstitution": {
        "tp": 411,
        "fp": 53,
        "fn": 91,
        "f1": 0.8509316770186336,
        "precision": 0.8857758620689655,
        "recall": 0.8187250996015937
    },
    "TotalHoldingShares": {
        "tp": 1768,
        "fp": 539,
        "fn": 391,
        "f1": 0.7917599641737574,
        "precision": 0.7663632423060251,
        "recall": 0.8188976377952756
    },
    "TotalHoldingRatio": {
        "tp": 1427,
        "fp": 237,
        "fn": 298,
        "f1": 0.8421363233992329,
        "precision": 0.8575721153846154,
        "recall": 0.8272463768115942
    },
    "StartDate": {
        "tp": 3925,
        "fp": 1390,
        "fn": 1106,
        "f1": 0.7587473419679104,
        "precision": 0.7384760112888052,
        "recall": 0.780162989465315
    },
    "EndDate": {
        "tp": 940,
        "fp": 389,
        "fn": 570,
        "f1": 0.6622050017611836,
        "precision": 0.7072987208427389,
        "recall": 0.6225165562913907
    },
    "UnfrozeDate": {
        "tp": 7,
        "fp": 23,
        "fn": 11,
        "f1": 0.2916666666666667,
        "precision": 0.23333333333333334,
        "recall": 0.3888888888888889
    },
    "CompanyName": {
        "tp": 9565,
        "fp": 273,
        "fn": 517,
        "f1": 0.9603413654618475,
        "precision": 0.9722504574100427,
        "recall": 0.9487204919658798
    },
    "HighestTradingPrice": {
        "tp": 1511,
        "fp": 338,
        "fn": 113,
        "f1": 0.8701410883961992,
        "precision": 0.8171984856679286,
        "recall": 0.9304187192118226
    },
    "LowestTradingPrice": {
        "tp": 889,
        "fp": 51,
        "fn": 151,
        "f1": 0.8979797979797979,
        "precision": 0.9457446808510638,
        "recall": 0.8548076923076923
    },
    "RepurchasedShares": {
        "tp": 1408,
        "fp": 221,
        "fn": 159,
        "f1": 0.881101376720901,
        "precision": 0.8643339472068754,
        "recall": 0.8985322271857051
    },
    "ClosingDate": {
        "tp": 774,
        "fp": 436,
        "fn": 874,
        "f1": 0.5416375087473758,
        "precision": 0.6396694214876033,
        "recall": 0.4696601941747573
    },
    "RepurchaseAmount": {
        "tp": 1148,
        "fp": 325,
        "fn": 278,
        "f1": 0.7919972404277337,
        "precision": 0.7793618465716226,
        "recall": 0.8050490883590463
    },
    "TradedShares": {
        "tp": 835,
        "fp": 317,
        "fn": 299,
        "f1": 0.7305336832895887,
        "precision": 0.7248263888888888,
        "recall": 0.736331569664903
    },
    "LaterHoldingShares": {
        "tp": 93,
        "fp": 181,
        "fn": 328,
        "f1": 0.26762589928057556,
        "precision": 0.33941605839416056,
        "recall": 0.2209026128266033
    },
    "AveragePrice": {
        "tp": 189,
        "fp": 44,
        "fn": 20,
        "f1": 0.8552036199095022,
        "precision": 0.8111587982832618,
        "recall": 0.9043062200956937
    },
    "Pledger": {
        "tp": 0,
        "fp": 0,
        "fn": 0,
        "f1": 0,
        "precision": 0,
        "recall": 0
    },
    "PledgedShares": {
        "tp": 2172,
        "fp": 629,
        "fn": 699,
        "f1": 0.7658674188998589,
        "precision": 0.7754373438057837,
        "recall": 0.7565308254963428
    },
    "Pledgee": {
        "tp": 1992,
        "fp": 126,
        "fn": 140,
        "f1": 0.9374117647058825,
        "precision": 0.9405099150141643,
        "recall": 0.9343339587242027
    },
    "TotalPledgedShares": {
        "tp": 1148,
        "fp": 424,
        "fn": 222,
        "f1": 0.7804214819850441,
        "precision": 0.7302798982188295,
        "recall": 0.8379562043795621
    },
    "ReleasedDate": {
        "tp": 430,
        "fp": 357,
        "fn": 331,
        "f1": 0.5555555555555556,
        "precision": 0.5463786531130876,
        "recall": 0.5650459921156373
    },
    "StockCode": {
        "tp": 3234,
        "fp": 20,
        "fn": 14,
        "f1": 0.9947708397416181,
        "precision": 0.9938537185003073,
        "recall": 0.9956896551724138
    },
    "StockAbbr": {
        "tp": 4011,
        "fp": 323,
        "fn": 1084,
        "f1": 0.8507795100222717,
        "precision": 0.9254730041532072,
        "recall": 0.7872423945044161
    },
    "precision": 0.8462684668641312,
    "recall": 0.8393590945137337,
    "micro_f1": 0.8427996199610912,
    "macro_f1": 0.7113741020696414
}