{
    "EquityHolder": {
        "tp": 8507,
        "fp": 1479,
        "fn": 1106,
        "f1": 0.86810551558753,
        "precision": 0.8518926497095934,
        "recall": 0.884947466971809
    },
    "FrozeShares": {
        "tp": 73,
        "fp": 41,
        "fn": 225,
        "f1": 0.35436893203883496,
        "precision": 0.6403508771929824,
        "recall": 0.24496644295302014
    },
    "LegalInstitution": {
        "tp": 441,
        "fp": 48,
        "fn": 61,
        "f1": 0.8900100908173563,
        "precision": 0.901840490797546,
        "recall": 0.8784860557768924
    },
    "TotalHoldingShares": {
        "tp": 1792,
        "fp": 542,
        "fn": 367,
        "f1": 0.7976852882261296,
        "precision": 0.7677806341045416,
        "recall": 0.8300138953219083
    },
    "TotalHoldingRatio": {
        "tp": 1443,
        "fp": 242,
        "fn": 282,
        "f1": 0.8463343108504399,
        "precision": 0.856379821958457,
        "recall": 0.8365217391304348
    },
    "StartDate": {
        "tp": 3837,
        "fp": 1277,
        "fn": 1194,
        "f1": 0.7564317397732873,
        "precision": 0.7502933124755573,
        "recall": 0.7626714370900417
    },
    "EndDate": {
        "tp": 966,
        "fp": 452,
        "fn": 544,
        "f1": 0.6598360655737706,
        "precision": 0.6812411847672779,
        "recall": 0.6397350993377483
    },
    "UnfrozeDate": {
        "tp": 2,
        "fp": 2,
        "fn": 16,
        "f1": 0.1818181818181818,
        "precision": 0.5,
        "recall": 0.1111111111111111
    },
    "CompanyName": {
        "tp": 9645,
        "fp": 336,
        "fn": 437,
        "f1": 0.9614713651996212,
        "precision": 0.9663360384730989,
        "recall": 0.9566554255108114
    },
    "HighestTradingPrice": {
        "tp": 1526,
        "fp": 309,
        "fn": 98,
        "f1": 0.8823359352413992,
        "precision": 0.8316076294277929,
        "recall": 0.9396551724137931
    },
    "LowestTradingPrice": {
        "tp": 875,
        "fp": 81,
        "fn": 165,
        "f1": 0.8767535070140281,
        "precision": 0.9152719665271967,
        "recall": 0.8413461538461539
    },
    "RepurchasedShares": {
        "tp": 1448,
        "fp": 229,
        "fn": 119,
        "f1": 0.8927250308261405,
        "precision": 0.8634466308884914,
        "recall": 0.9240587109125717
    },
    "ClosingDate": {
        "tp": 1180,
        "fp": 612,
        "fn": 468,
        "f1": 0.686046511627907,
        "precision": 0.6584821428571429,
        "recall": 0.7160194174757282
    },
    "RepurchaseAmount": {
        "tp": 1284,
        "fp": 312,
        "fn": 142,
        "f1": 0.8497683653209797,
        "precision": 0.8045112781954887,
        "recall": 0.9004207573632539
    },
    "TradedShares": {
        "tp": 841,
        "fp": 318,
        "fn": 293,
        "f1": 0.7335368512865243,
        "precision": 0.725625539257981,
        "recall": 0.7416225749559083
    },
    "LaterHoldingShares": {
        "tp": 126,
        "fp": 219,
        "fn": 295,
        "f1": 0.32898172323759794,
        "precision": 0.3652173913043478,
        "recall": 0.2992874109263658
    },
    "AveragePrice": {
        "tp": 190,
        "fp": 53,
        "fn": 19,
        "f1": 0.84070796460177,
        "precision": 0.7818930041152263,
        "recall": 0.9090909090909091
    },
    "Pledger": {
        "tp": 0,
        "fp": 0,
        "fn": 0,
        "f1": 0,
        "precision": 0,
        "recall": 0
    },
    "PledgedShares": {
        "tp": 2154,
        "fp": 669,
        "fn": 717,
        "f1": 0.7565858798735511,
        "precision": 0.7630180658873539,
        "recall": 0.7502612330198537
    },
    "Pledgee": {
        "tp": 2019,
        "fp": 145,
        "fn": 113,
        "f1": 0.9399441340782123,
        "precision": 0.9329944547134935,
        "recall": 0.9469981238273921
    },
    "TotalPledgedShares": {
        "tp": 1181,
        "fp": 528,
        "fn": 189,
        "f1": 0.7671321857746022,
        "precision": 0.6910473961380924,
        "recall": 0.862043795620438
    },
    "ReleasedDate": {
        "tp": 414,
        "fp": 307,
        "fn": 347,
        "f1": 0.5587044534412955,
        "precision": 0.5742024965325936,
        "recall": 0.5440210249671484
    },
    "StockCode": {
        "tp": 3226,
        "fp": 16,
        "fn": 22,
        "f1": 0.9941448382126349,
        "precision": 0.9950647748303516,
        "recall": 0.9932266009852216
    },
    "StockAbbr": {
        "tp": 3893,
        "fp": 421,
        "fn": 1202,
        "f1": 0.8275055797640558,
        "precision": 0.902410755679184,
        "recall": 0.7640824337585869
    },
    "precision": 0.8449219942191343,
    "recall": 0.8482265157522889,
    "micro_f1": 0.8465710302648738,
    "macro_f1": 0.7187889354244105
}