{
    "EquityHolder": {
        "tp": 7570,
        "fp": 771,
        "fn": 2043,
        "f1": 0.8432661245404923,
        "precision": 0.90756504016305,
        "recall": 0.7874752938728805
    },
    "FrozeShares": {
        "tp": 53,
        "fp": 79,
        "fn": 245,
        "f1": 0.24651162790697673,
        "precision": 0.4015151515151515,
        "recall": 0.17785234899328858
    },
    "LegalInstitution": {
        "tp": 428,
        "fp": 51,
        "fn": 74,
        "f1": 0.8725790010193679,
        "precision": 0.8935281837160751,
        "recall": 0.852589641434263
    },
    "TotalHoldingShares": {
        "tp": 1759,
        "fp": 467,
        "fn": 400,
        "f1": 0.8022805017103762,
        "precision": 0.7902066486972147,
        "recall": 0.8147290412227883
    },
    "TotalHoldingRatio": {
        "tp": 1332,
        "fp": 117,
        "fn": 393,
        "f1": 0.8393194706994329,
        "precision": 0.9192546583850931,
        "recall": 0.7721739130434783
    },
    "StartDate": {
        "tp": 3655,
        "fp": 1452,
        "fn": 1376,
        "f1": 0.7210495166699546,
        "precision": 0.7156843548071274,
        "recall": 0.7264957264957265
    },
    "EndDate": {
        "tp": 861,
        "fp": 309,
        "fn": 649,
        "f1": 0.6425373134328358,
        "precision": 0.735897435897436,
        "recall": 0.5701986754966888
    },
    "UnfrozeDate": {
        "tp": 0,
        "fp": 0,
        "fn": 18,
        "f1": 0,
        "precision": 0,
        "recall": 0
    },
    "CompanyName": {
        "tp": 9719,
        "fp": 357,
        "fn": 363,
        "f1": 0.9642821708502828,
        "precision": 0.9645692735212386,
        "recall": 0.963995239039873
    },
    "HighestTradingPrice": {
        "tp": 1375,
        "fp": 284,
        "fn": 249,
        "f1": 0.837648492232714,
        "precision": 0.8288125376732972,
        "recall": 0.8466748768472906
    },
    "LowestTradingPrice": {
        "tp": 843,
        "fp": 73,
        "fn": 197,
        "f1": 0.861963190184049,
        "precision": 0.9203056768558951,
        "recall": 0.8105769230769231
    },
    "RepurchasedShares": {
        "tp": 1403,
        "fp": 215,
        "fn": 164,
        "f1": 0.8810047095761381,
        "precision": 0.8671199011124846,
        "recall": 0.8953414167198468
    },
    "ClosingDate": {
        "tp": 1161,
        "fp": 685,
        "fn": 487,
        "f1": 0.6645678305666857,
        "precision": 0.6289274106175514,
        "recall": 0.7044902912621359
    },
    "RepurchaseAmount": {
        "tp": 1172,
        "fp": 302,
        "fn": 254,
        "f1": 0.8082758620689656,
        "precision": 0.7951153324287653,
        "recall": 0.8218793828892006
    },
    "TradedShares": {
        "tp": 753,
        "fp": 275,
        "fn": 381,
        "f1": 0.696577243293247,
        "precision": 0.7324902723735408,
        "recall": 0.6640211640211641
    },
    "LaterHoldingShares": {
        "tp": 140,
        "fp": 319,
        "fn": 281,
        "f1": 0.3181818181818182,
        "precision": 0.30501089324618735,
        "recall": 0.332541567695962
    },
    "AveragePrice": {
        "tp": 148,
        "fp": 39,
        "fn": 61,
        "f1": 0.7474747474747474,
        "precision": 0.7914438502673797,
        "recall": 0.7081339712918661
    },
    "Pledger": {
        "tp": 0,
        "fp": 0,
        "fn": 0,
        "f1": 0,
        "precision": 0,
        "recall": 0
    },
    "PledgedShares": {
        "tp": 2490,
        "fp": 842,
        "fn": 381,
        "f1": 0.8028373367725294,
        "precision": 0.7472989195678271,
        "recall": 0.8672936259143156
    },
    "Pledgee": {
        "tp": 1762,
        "fp": 165,
        "fn": 370,
        "f1": 0.8681941364868194,
        "precision": 0.9143746756616502,
        "recall": 0.8264540337711069
    },
    "TotalPledgedShares": {
        "tp": 1102,
        "fp": 277,
        "fn": 268,
        "f1": 0.8017460894870863,
        "precision": 0.7991298042059464,
        "recall": 0.8043795620437956
    },
    "ReleasedDate": {
        "tp": 507,
        "fp": 817,
        "fn": 254,
        "f1": 0.4863309352517986,
        "precision": 0.38293051359516617,
        "recall": 0.6662286465177398
    },
    "StockCode": {
        "tp": 3206,
        "fp": 18,
        "fn": 42,
        "f1": 0.9907292954264524,
        "precision": 0.9944168734491315,
        "recall": 0.9870689655172413
    },
    "StockAbbr": {
        "tp": 4107,
        "fp": 602,
        "fn": 988,
        "f1": 0.8378212974296205,
        "precision": 0.8721596942025908,
        "recall": 0.8060843964671246
    },
    "precision": 0.8424771558580889,
    "recall": 0.8208853002667436,
    "micro_f1": 0.8315410877622187,
    "macro_f1": 0.6889657796359331
}