{
    "EquityHolder": {
        "tp": 8354,
        "fp": 1476,
        "fn": 1259,
        "f1": 0.8593324075502751,
        "precision": 0.8498474059003052,
        "recall": 0.8690315198169146
    },
    "FrozeShares": {
        "tp": 63,
        "fp": 75,
        "fn": 235,
        "f1": 0.2889908256880734,
        "precision": 0.45652173913043476,
        "recall": 0.21140939597315436
    },
    "LegalInstitution": {
        "tp": 449,
        "fp": 54,
        "fn": 53,
        "f1": 0.8935323383084577,
        "precision": 0.8926441351888668,
        "recall": 0.8944223107569721
    },
    "TotalHoldingShares": {
        "tp": 1716,
        "fp": 483,
        "fn": 443,
        "f1": 0.7875172097292337,
        "precision": 0.7803547066848567,
        "recall": 0.7948124131542381
    },
    "TotalHoldingRatio": {
        "tp": 1405,
        "fp": 180,
        "fn": 320,
        "f1": 0.8489425981873111,
        "precision": 0.886435331230284,
        "recall": 0.8144927536231884
    },
    "StartDate": {
        "tp": 3600,
        "fp": 1051,
        "fn": 1431,
        "f1": 0.7436480066102045,
        "precision": 0.7740270909481832,
        "recall": 0.7155635062611807
    },
    "EndDate": {
        "tp": 1162,
        "fp": 916,
        "fn": 348,
        "f1": 0.6477146042363433,
        "precision": 0.559191530317613,
        "recall": 0.7695364238410596
    },
    "UnfrozeDate": {
        "tp": 6,
        "fp": 9,
        "fn": 12,
        "f1": 0.3636363636363636,
        "precision": 0.4,
        "recall": 0.3333333333333333
    },
    "CompanyName": {
        "tp": 9465,
        "fp": 299,
        "fn": 617,
        "f1": 0.9538446034465384,
        "precision": 0.9693773043834494,
        "recall": 0.9388018250347153
    },
    "HighestTradingPrice": {
        "tp": 1515,
        "fp": 359,
        "fn": 109,
        "f1": 0.8662092624356774,
        "precision": 0.8084311632870864,
        "recall": 0.9328817733990148
    },
    "LowestTradingPrice": {
        "tp": 847,
        "fp": 42,
        "fn": 193,
        "f1": 0.8781752203214099,
        "precision": 0.952755905511811,
        "recall": 0.8144230769230769
    },
    "RepurchasedShares": {
        "tp": 1450,
        "fp": 249,
        "fn": 117,
        "f1": 0.8879363135333743,
        "precision": 0.8534432018834609,
        "recall": 0.9253350350989151
    },
    "ClosingDate": {
        "tp": 1257,
        "fp": 1116,
        "fn": 391,
        "f1": 0.6252176075603084,
        "precision": 0.5297092288242731,
        "recall": 0.7627427184466019
    },
    "RepurchaseAmount": {
        "tp": 1285,
        "fp": 307,
        "fn": 141,
        "f1": 0.851557322730285,
        "precision": 0.8071608040201005,
        "recall": 0.9011220196353437
    },
    "TradedShares": {
        "tp": 737,
        "fp": 275,
        "fn": 397,
        "f1": 0.6868592730661696,
        "precision": 0.7282608695652174,
        "recall": 0.6499118165784833
    },
    "LaterHoldingShares": {
        "tp": 110,
        "fp": 193,
        "fn": 311,
        "f1": 0.30386740331491713,
        "precision": 0.36303630363036304,
        "recall": 0.26128266033254155
    },
    "AveragePrice": {
        "tp": 196,
        "fp": 43,
        "fn": 13,
        "f1": 0.875,
        "precision": 0.8200836820083682,
        "recall": 0.937799043062201
    },
    "Pledger": {
        "tp": 0,
        "fp": 0,
        "fn": 0,
        "f1": 0,
        "precision": 0,
        "recall": 0
    },
    "PledgedShares": {
        "tp": 2362,
        "fp": 813,
        "fn": 509,
        "f1": 0.7813430367184915,
        "precision": 0.7439370078740157,
        "recall": 0.8227098571926158
    },
    "Pledgee": {
        "tp": 1993,
        "fp": 174,
        "fn": 139,
        "f1": 0.9271923703186787,
        "precision": 0.9197046608214121,
        "recall": 0.9348030018761726
    },
    "TotalPledgedShares": {
        "tp": 1094,
        "fp": 364,
        "fn": 276,
        "f1": 0.7736916548797738,
        "precision": 0.7503429355281207,
        "recall": 0.7985401459854015
    },
    "ReleasedDate": {
        "tp": 439,
        "fp": 426,
        "fn": 322,
        "f1": 0.5399753997539976,
        "precision": 0.507514450867052,
        "recall": 0.5768725361366623
    },
    "StockCode": {
        "tp": 3236,
        "fp": 14,
        "fn": 12,
        "f1": 0.9959987688519545,
        "precision": 0.9956923076923077,
        "recall": 0.9963054187192119
    },
    "StockAbbr": {
        "tp": 3881,
        "fp": 373,
        "fn": 1214,
        "f1": 0.8302492245159911,
        "precision": 0.9123178185237424,
        "recall": 0.7617271835132483
    },
    "precision": 0.8338311305063223,
    "recall": 0.8402782784226083,
    "micro_f1": 0.837042290187348,
    "macro_f1": 0.7171013256414095
}