{
    "EquityHolder": {
        "tp": 8761,
        "fp": 3042,
        "fn": 852,
        "f1": 0.8181733283526337,
        "precision": 0.7422689146827078,
        "recall": 0.9113700197649017
    },
    "FrozeShares": {
        "tp": 0,
        "fp": 0,
        "fn": 298,
        "f1": 0,
        "precision": 0,
        "recall": 0
    },
    "LegalInstitution": {
        "tp": 313,
        "fp": 155,
        "fn": 189,
        "f1": 0.645360824742268,
        "precision": 0.6688034188034188,
        "recall": 0.6235059760956175
    },
    "TotalHoldingShares": {
        "tp": 1728,
        "fp": 664,
        "fn": 431,
        "f1": 0.7593935398813446,
        "precision": 0.7224080267558528,
        "recall": 0.8003705419175544
    },
    "TotalHoldingRatio": {
        "tp": 1422,
        "fp": 757,
        "fn": 303,
        "f1": 0.728483606557377,
        "precision": 0.6525929325378614,
        "recall": 0.8243478260869566
    },
    "StartDate": {
        "tp": 3348,
        "fp": 1824,
        "fn": 1683,
        "f1": 0.6562775654219347,
        "precision": 0.6473317865429234,
        "recall": 0.6654740608228981
    },
    "EndDate": {
        "tp": 730,
        "fp": 727,
        "fn": 780,
        "f1": 0.4920795416245366,
        "precision": 0.5010295126973233,
        "recall": 0.48344370860927155
    },
    "UnfrozeDate": {
        "tp": 0,
        "fp": 0,
        "fn": 18,
        "f1": 0,
        "precision": 0,
        "recall": 0
    },
    "CompanyName": {
        "tp": 9888,
        "fp": 326,
        "fn": 194,
        "f1": 0.9743791880173432,
        "precision": 0.9680830233013511,
        "recall": 0.9807577861535409
    },
    "HighestTradingPrice": {
        "tp": 1375,
        "fp": 1165,
        "fn": 249,
        "f1": 0.6604226705091258,
        "precision": 0.5413385826771654,
        "recall": 0.8466748768472906
    },
    "LowestTradingPrice": {
        "tp": 0,
        "fp": 0,
        "fn": 1040,
        "f1": 0,
        "precision": 0,
        "recall": 0
    },
    "RepurchasedShares": {
        "tp": 1212,
        "fp": 310,
        "fn": 355,
        "f1": 0.784719974101651,
        "precision": 0.7963206307490145,
        "recall": 0.7734524569240587
    },
    "ClosingDate": {
        "tp": 24,
        "fp": 73,
        "fn": 1624,
        "f1": 0.02750716332378224,
        "precision": 0.24742268041237114,
        "recall": 0.014563106796116505
    },
    "RepurchaseAmount": {
        "tp": 15,
        "fp": 6,
        "fn": 1411,
        "f1": 0.02073255010366275,
        "precision": 0.7142857142857143,
        "recall": 0.010518934081346423
    },
    "TradedShares": {
        "tp": 948,
        "fp": 865,
        "fn": 186,
        "f1": 0.6433661350525959,
        "precision": 0.5228902371759515,
        "recall": 0.8359788359788359
    },
    "LaterHoldingShares": {
        "tp": 0,
        "fp": 0,
        "fn": 421,
        "f1": 0,
        "precision": 0,
        "recall": 0
    },
    "AveragePrice": {
        "tp": 168,
        "fp": 79,
        "fn": 41,
        "f1": 0.7368421052631579,
        "precision": 0.680161943319838,
        "recall": 0.8038277511961722
    },
    "Pledger": {
        "tp": 0,
        "fp": 0,
        "fn": 0,
        "f1": 0,
        "precision": 0,
        "recall": 0
    },
    "PledgedShares": {
        "tp": 2534,
        "fp": 1307,
        "fn": 337,
        "f1": 0.7550655542312277,
        "precision": 0.6597240302004687,
        "recall": 0.8826192964123999
    },
    "Pledgee": {
        "tp": 2013,
        "fp": 371,
        "fn": 119,
        "f1": 0.8914968999114261,
        "precision": 0.8443791946308725,
        "recall": 0.9441838649155723
    },
    "TotalPledgedShares": {
        "tp": 1176,
        "fp": 526,
        "fn": 194,
        "f1": 0.765625,
        "precision": 0.690951821386604,
        "recall": 0.8583941605839416
    },
    "ReleasedDate": {
        "tp": 348,
        "fp": 982,
        "fn": 413,
        "f1": 0.3328550932568149,
        "precision": 0.26165413533834586,
        "recall": 0.45729303547963207
    },
    "StockCode": {
        "tp": 3223,
        "fp": 64,
        "fn": 25,
        "f1": 0.986381025248661,
        "precision": 0.9805293580772741,
        "recall": 0.9923029556650246
    },
    "StockAbbr": {
        "tp": 3638,
        "fp": 805,
        "fn": 1457,
        "f1": 0.7628433633885512,
        "precision": 0.8188161152374521,
        "recall": 0.7140333660451423
    },
    "precision": 0.7531627776215912,
    "recall": 0.7725470405882777,
    "micro_f1": 0.7627317698138724,
    "macro_f1": 0.518416880374504
}