{
    "EquityHolder": {
        "tp": 7066,
        "fp": 1594,
        "fn": 2547,
        "f1": 0.77338149181853,
        "precision": 0.8159353348729792,
        "recall": 0.7350462914802871
    },
    "FrozeShares": {
        "tp": 51,
        "fp": 81,
        "fn": 247,
        "f1": 0.2372093023255814,
        "precision": 0.38636363636363635,
        "recall": 0.17114093959731544
    },
    "LegalInstitution": {
        "tp": 349,
        "fp": 61,
        "fn": 153,
        "f1": 0.7653508771929824,
        "precision": 0.8512195121951219,
        "recall": 0.6952191235059761
    },
    "TotalHoldingShares": {
        "tp": 1620,
        "fp": 519,
        "fn": 539,
        "f1": 0.7538389948813401,
        "precision": 0.7573632538569425,
        "recall": 0.7503473830477073
    },
    "TotalHoldingRatio": {
        "tp": 1306,
        "fp": 348,
        "fn": 419,
        "f1": 0.7730097662030186,
        "precision": 0.7896009673518742,
        "recall": 0.7571014492753623
    },
    "StartDate": {
        "tp": 3737,
        "fp": 1655,
        "fn": 1294,
        "f1": 0.7170680226422335,
        "precision": 0.6930637982195845,
        "recall": 0.7427946730272311
    },
    "EndDate": {
        "tp": 905,
        "fp": 793,
        "fn": 605,
        "f1": 0.564214463840399,
        "precision": 0.532979976442874,
        "recall": 0.5993377483443708
    },
    "UnfrozeDate": {
        "tp": 2,
        "fp": 13,
        "fn": 16,
        "f1": 0.1212121212121212,
        "precision": 0.13333333333333333,
        "recall": 0.1111111111111111
    },
    "CompanyName": {
        "tp": 9094,
        "fp": 501,
        "fn": 988,
        "f1": 0.9243278955125273,
        "precision": 0.9477853048462741,
        "recall": 0.9020035707200952
    },
    "HighestTradingPrice": {
        "tp": 1232,
        "fp": 676,
        "fn": 392,
        "f1": 0.6976217440543603,
        "precision": 0.6457023060796646,
        "recall": 0.7586206896551724
    },
    "LowestTradingPrice": {
        "tp": 470,
        "fp": 178,
        "fn": 570,
        "f1": 0.5568720379146919,
        "precision": 0.7253086419753086,
        "recall": 0.4519230769230769
    },
    "RepurchasedShares": {
        "tp": 1326,
        "fp": 243,
        "fn": 241,
        "f1": 0.8456632653061225,
        "precision": 0.8451242829827916,
        "recall": 0.8462029355456286
    },
    "ClosingDate": {
        "tp": 1019,
        "fp": 761,
        "fn": 629,
        "f1": 0.5945157526254375,
        "precision": 0.5724719101123595,
        "recall": 0.6183252427184466
    },
    "RepurchaseAmount": {
        "tp": 1208,
        "fp": 441,
        "fn": 218,
        "f1": 0.7856910569105691,
        "precision": 0.7325651910248635,
        "recall": 0.847124824684432
    },
    "TradedShares": {
        "tp": 848,
        "fp": 423,
        "fn": 286,
        "f1": 0.7051975051975052,
        "precision": 0.6671911880409127,
        "recall": 0.7477954144620811
    },
    "LaterHoldingShares": {
        "tp": 105,
        "fp": 234,
        "fn": 316,
        "f1": 0.27631578947368424,
        "precision": 0.30973451327433627,
        "recall": 0.2494061757719715
    },
    "AveragePrice": {
        "tp": 165,
        "fp": 55,
        "fn": 44,
        "f1": 0.7692307692307692,
        "precision": 0.75,
        "recall": 0.7894736842105263
    },
    "Pledger": {
        "tp": 0,
        "fp": 0,
        "fn": 0,
        "f1": 0,
        "precision": 0,
        "recall": 0
    },
    "PledgedShares": {
        "tp": 2101,
        "fp": 897,
        "fn": 770,
        "f1": 0.7159652410972909,
        "precision": 0.7008005336891261,
        "recall": 0.7318007662835249
    },
    "Pledgee": {
        "tp": 1885,
        "fp": 218,
        "fn": 247,
        "f1": 0.8902007083825266,
        "precision": 0.896338563956253,
        "recall": 0.8841463414634146
    },
    "TotalPledgedShares": {
        "tp": 936,
        "fp": 450,
        "fn": 434,
        "f1": 0.679245283018868,
        "precision": 0.6753246753246753,
        "recall": 0.6832116788321168
    },
    "ReleasedDate": {
        "tp": 393,
        "fp": 320,
        "fn": 368,
        "f1": 0.5332428765264586,
        "precision": 0.5511921458625526,
        "recall": 0.5164257555847569
    },
    "StockCode": {
        "tp": 3215,
        "fp": 18,
        "fn": 33,
        "f1": 0.9921308440055547,
        "precision": 0.9944324157129601,
        "recall": 0.9898399014778325
    },
    "StockAbbr": {
        "tp": 3470,
        "fp": 494,
        "fn": 1625,
        "f1": 0.7660889722927475,
        "precision": 0.8753784056508577,
        "recall": 0.6810598626104023
    },
    "precision": 0.7948051462338245,
    "recall": 0.7660406603705573,
    "micro_f1": 0.7801578560939795,
    "macro_f1": 0.6432331159027217
}