{
    "EquityHolder": {
        "tp": 7666,
        "fp": 2154,
        "fn": 1947,
        "f1": 0.7889672207070448,
        "precision": 0.7806517311608961,
        "recall": 0.7974617705190887
    },
    "FrozeShares": {
        "tp": 2,
        "fp": 11,
        "fn": 296,
        "f1": 0.012861736334405146,
        "precision": 0.15384615384615385,
        "recall": 0.006711409395973154
    },
    "LegalInstitution": {
        "tp": 291,
        "fp": 78,
        "fn": 211,
        "f1": 0.6681974741676235,
        "precision": 0.7886178861788617,
        "recall": 0.5796812749003984
    },
    "TotalHoldingShares": {
        "tp": 1764,
        "fp": 970,
        "fn": 395,
        "f1": 0.7210300429184551,
        "precision": 0.6452084857351865,
        "recall": 0.8170449282075035
    },
    "TotalHoldingRatio": {
        "tp": 1329,
        "fp": 562,
        "fn": 396,
        "f1": 0.7350663716814159,
        "precision": 0.7028027498677948,
        "recall": 0.7704347826086957
    },
    "StartDate": {
        "tp": 3580,
        "fp": 1687,
        "fn": 1451,
        "f1": 0.6952806370168965,
        "precision": 0.6797038162141636,
        "recall": 0.7115881534486186
    },
    "EndDate": {
        "tp": 673,
        "fp": 741,
        "fn": 837,
        "f1": 0.46032831737346097,
        "precision": 0.47595473833097596,
        "recall": 0.4456953642384106
    },
    "UnfrozeDate": {
        "tp": 0,
        "fp": 0,
        "fn": 18,
        "f1": 0,
        "precision": 0,
        "recall": 0
    },
    "CompanyName": {
        "tp": 9569,
        "fp": 601,
        "fn": 513,
        "f1": 0.9449930871025084,
        "precision": 0.9409046214355948,
        "recall": 0.9491172386431264
    },
    "HighestTradingPrice": {
        "tp": 377,
        "fp": 894,
        "fn": 1247,
        "f1": 0.26044905008635577,
        "precision": 0.2966168371361133,
        "recall": 0.23214285714285715
    },
    "LowestTradingPrice": {
        "tp": 396,
        "fp": 428,
        "fn": 644,
        "f1": 0.424892703862661,
        "precision": 0.48058252427184467,
        "recall": 0.38076923076923075
    },
    "RepurchasedShares": {
        "tp": 928,
        "fp": 150,
        "fn": 639,
        "f1": 0.7017013232514178,
        "precision": 0.8608534322820037,
        "recall": 0.5922144224633057
    },
    "ClosingDate": {
        "tp": 848,
        "fp": 444,
        "fn": 800,
        "f1": 0.5768707482993197,
        "precision": 0.6563467492260062,
        "recall": 0.5145631067961165
    },
    "RepurchaseAmount": {
        "tp": 544,
        "fp": 307,
        "fn": 882,
        "f1": 0.47782169521299955,
        "precision": 0.6392479435957696,
        "recall": 0.3814866760168303
    },
    "TradedShares": {
        "tp": 713,
        "fp": 367,
        "fn": 421,
        "f1": 0.6440831074977418,
        "precision": 0.6601851851851852,
        "recall": 0.6287477954144621
    },
    "LaterHoldingShares": {
        "tp": 20,
        "fp": 89,
        "fn": 401,
        "f1": 0.07547169811320754,
        "precision": 0.1834862385321101,
        "recall": 0.047505938242280284
    },
    "AveragePrice": {
        "tp": 148,
        "fp": 62,
        "fn": 61,
        "f1": 0.7064439140811456,
        "precision": 0.7047619047619048,
        "recall": 0.7081339712918661
    },
    "Pledger": {
        "tp": 0,
        "fp": 0,
        "fn": 0,
        "f1": 0,
        "precision": 0,
        "recall": 0
    },
    "PledgedShares": {
        "tp": 2313,
        "fp": 1053,
        "fn": 558,
        "f1": 0.7417027417027416,
        "precision": 0.6871657754010695,
        "recall": 0.8056426332288401
    },
    "Pledgee": {
        "tp": 1885,
        "fp": 285,
        "fn": 247,
        "f1": 0.8763365876336588,
        "precision": 0.868663594470046,
        "recall": 0.8841463414634146
    },
    "TotalPledgedShares": {
        "tp": 867,
        "fp": 492,
        "fn": 503,
        "f1": 0.6353975815316966,
        "precision": 0.6379690949227373,
        "recall": 0.6328467153284671
    },
    "ReleasedDate": {
        "tp": 331,
        "fp": 298,
        "fn": 430,
        "f1": 0.4762589928057554,
        "precision": 0.5262321144674086,
        "recall": 0.43495400788436267
    },
    "StockCode": {
        "tp": 3205,
        "fp": 19,
        "fn": 43,
        "f1": 0.9904202719406676,
        "precision": 0.9941066997518611,
        "recall": 0.9867610837438424
    },
    "StockAbbr": {
        "tp": 3504,
        "fp": 515,
        "fn": 1591,
        "f1": 0.7689269256089533,
        "precision": 0.8718586713112715,
        "recall": 0.6877330716388617
    },
    "precision": 0.770372460496614,
    "recall": 0.7381046788263284,
    "micro_f1": 0.7538934501675196,
    "macro_f1": 0.557645926205422
}