{
    "EquityHolder": {
        "tp": 7959,
        "fp": 2091,
        "fn": 1654,
        "f1": 0.8095407618369528,
        "precision": 0.7919402985074627,
        "recall": 0.8279413294497036
    },
    "FrozeShares": {
        "tp": 84,
        "fp": 121,
        "fn": 214,
        "f1": 0.33399602385685884,
        "precision": 0.4097560975609756,
        "recall": 0.28187919463087246
    },
    "LegalInstitution": {
        "tp": 384,
        "fp": 124,
        "fn": 118,
        "f1": 0.7603960396039603,
        "precision": 0.7559055118110236,
        "recall": 0.7649402390438247
    },
    "TotalHoldingShares": {
        "tp": 1694,
        "fp": 556,
        "fn": 465,
        "f1": 0.7684282150147427,
        "precision": 0.7528888888888889,
        "recall": 0.7846225104214914
    },
    "TotalHoldingRatio": {
        "tp": 1262,
        "fp": 315,
        "fn": 463,
        "f1": 0.7643852210781343,
        "precision": 0.8002536461636017,
        "recall": 0.7315942028985507
    },
    "StartDate": {
        "tp": 3624,
        "fp": 1581,
        "fn": 1407,
        "f1": 0.7080890973036341,
        "precision": 0.6962536023054755,
        "recall": 0.7203339296362552
    },
    "EndDate": {
        "tp": 759,
        "fp": 372,
        "fn": 751,
        "f1": 0.5747822794396062,
        "precision": 0.6710875331564987,
        "recall": 0.5026490066225165
    },
    "UnfrozeDate": {
        "tp": 7,
        "fp": 19,
        "fn": 11,
        "f1": 0.3181818181818182,
        "precision": 0.2692307692307692,
        "recall": 0.3888888888888889
    },
    "CompanyName": {
        "tp": 9123,
        "fp": 626,
        "fn": 959,
        "f1": 0.9200746306288136,
        "precision": 0.9357882859780491,
        "recall": 0.9048799841301329
    },
    "HighestTradingPrice": {
        "tp": 1247,
        "fp": 722,
        "fn": 377,
        "f1": 0.6941274700807125,
        "precision": 0.6333164042661249,
        "recall": 0.7678571428571429
    },
    "LowestTradingPrice": {
        "tp": 348,
        "fp": 290,
        "fn": 692,
        "f1": 0.4147794994040524,
        "precision": 0.5454545454545454,
        "recall": 0.3346153846153846
    },
    "RepurchasedShares": {
        "tp": 999,
        "fp": 362,
        "fn": 568,
        "f1": 0.6823770491803279,
        "precision": 0.7340191036002939,
        "recall": 0.6375239310784939
    },
    "ClosingDate": {
        "tp": 406,
        "fp": 357,
        "fn": 1242,
        "f1": 0.3367897138116964,
        "precision": 0.5321100917431193,
        "recall": 0.24635922330097088
    },
    "RepurchaseAmount": {
        "tp": 484,
        "fp": 236,
        "fn": 942,
        "f1": 0.451071761416589,
        "precision": 0.6722222222222223,
        "recall": 0.3394109396914446
    },
    "TradedShares": {
        "tp": 697,
        "fp": 359,
        "fn": 437,
        "f1": 0.6365296803652968,
        "precision": 0.6600378787878788,
        "recall": 0.6146384479717814
    },
    "LaterHoldingShares": {
        "tp": 82,
        "fp": 245,
        "fn": 339,
        "f1": 0.2192513368983957,
        "precision": 0.25076452599388377,
        "recall": 0.19477434679334918
    },
    "AveragePrice": {
        "tp": 191,
        "fp": 53,
        "fn": 18,
        "f1": 0.8432671081677704,
        "precision": 0.7827868852459017,
        "recall": 0.9138755980861244
    },
    "Pledger": {
        "tp": 0,
        "fp": 0,
        "fn": 0,
        "f1": 0,
        "precision": 0,
        "recall": 0
    },
    "PledgedShares": {
        "tp": 1990,
        "fp": 856,
        "fn": 881,
        "f1": 0.6961693195732027,
        "precision": 0.6992269852424455,
        "recall": 0.6931382793451759
    },
    "Pledgee": {
        "tp": 1925,
        "fp": 214,
        "fn": 207,
        "f1": 0.9014282369468508,
        "precision": 0.8999532491818607,
        "recall": 0.9029080675422139
    },
    "TotalPledgedShares": {
        "tp": 992,
        "fp": 361,
        "fn": 378,
        "f1": 0.7286081527726772,
        "precision": 0.7331855136733185,
        "recall": 0.724087591240876
    },
    "ReleasedDate": {
        "tp": 358,
        "fp": 277,
        "fn": 403,
        "f1": 0.512893982808023,
        "precision": 0.5637795275590551,
        "recall": 0.4704336399474376
    },
    "StockCode": {
        "tp": 3225,
        "fp": 23,
        "fn": 23,
        "f1": 0.9929187192118226,
        "precision": 0.9929187192118226,
        "recall": 0.9929187192118226
    },
    "StockAbbr": {
        "tp": 3621,
        "fp": 1088,
        "fn": 1474,
        "f1": 0.7386780905752754,
        "precision": 0.7689530685920578,
        "recall": 0.7106967615309127
    },
    "precision": 0.7866019085924605,
    "recall": 0.7472604714872756,
    "micro_f1": 0.766426663462516,
    "macro_f1": 0.616948508673217
}