{
    "EquityHolder": {
        "tp": 8140,
        "fp": 940,
        "fn": 1699,
        "f1": 0.8605105978117236,
        "precision": 0.8964757709251101,
        "recall": 0.8273198495782091
    },
    "FrozeShares": {
        "tp": 57,
        "fp": 80,
        "fn": 292,
        "f1": 0.23456790123456792,
        "precision": 0.41605839416058393,
        "recall": 0.16332378223495703
    },
    "LegalInstitution": {
        "tp": 508,
        "fp": 53,
        "fn": 58,
        "f1": 0.9015084294587401,
        "precision": 0.9055258467023173,
        "recall": 0.8975265017667845
    },
    "TotalHoldingShares": {
        "tp": 1756,
        "fp": 407,
        "fn": 445,
        "f1": 0.8047662694775437,
        "precision": 0.8118354137771614,
        "recall": 0.797819173103135
    },
    "TotalHoldingRatio": {
        "tp": 1486,
        "fp": 185,
        "fn": 284,
        "f1": 0.8637024120895088,
        "precision": 0.8892878515858768,
        "recall": 0.8395480225988701
    },
    "StartDate": {
        "tp": 4007,
        "fp": 1134,
        "fn": 1258,
        "f1": 0.7701326157985777,
        "precision": 0.7794203462361409,
        "recall": 0.7610636277302943
    },
    "EndDate": {
        "tp": 957,
        "fp": 299,
        "fn": 686,
        "f1": 0.6602276647119697,
        "precision": 0.7619426751592356,
        "recall": 0.5824710894704809
    },
    "UnfrozeDate": {
        "tp": 12,
        "fp": 12,
        "fn": 6,
        "f1": 0.5714285714285715,
        "precision": 0.5,
        "recall": 0.6666666666666666
    },
    "CompanyName": {
        "tp": 9450,
        "fp": 423,
        "fn": 723,
        "f1": 0.9428314875785693,
        "precision": 0.9571558796718322,
        "recall": 0.928929519315836
    },
    "HighestTradingPrice": {
        "tp": 1664,
        "fp": 251,
        "fn": 210,
        "f1": 0.8783320137239377,
        "precision": 0.8689295039164491,
        "recall": 0.887940234791889
    },
    "LowestTradingPrice": {
        "tp": 932,
        "fp": 94,
        "fn": 139,
        "f1": 0.8888888888888888,
        "precision": 0.9083820662768031,
        "recall": 0.8702147525676938
    },
    "RepurchasedShares": {
        "tp": 1457,
        "fp": 169,
        "fn": 218,
        "f1": 0.8827627991517722,
        "precision": 0.8960639606396064,
        "recall": 0.8698507462686568
    },
    "ClosingDate": {
        "tp": 923,
        "fp": 559,
        "fn": 775,
        "f1": 0.580503144654088,
        "precision": 0.6228070175438597,
        "recall": 0.5435806831566549
    },
    "RepurchaseAmount": {
        "tp": 1480,
        "fp": 334,
        "fn": 73,
        "f1": 0.8791208791208791,
        "precision": 0.8158765159867696,
        "recall": 0.952994204764971
    },
    "TradedShares": {
        "tp": 875,
        "fp": 211,
        "fn": 392,
        "f1": 0.7437314067148322,
        "precision": 0.8057090239410681,
        "recall": 0.6906077348066298
    },
    "LaterHoldingShares": {
        "tp": 70,
        "fp": 141,
        "fn": 371,
        "f1": 0.21472392638036808,
        "precision": 0.33175355450236965,
        "recall": 0.15873015873015872
    },
    "AveragePrice": {
        "tp": 164,
        "fp": 59,
        "fn": 50,
        "f1": 0.7505720823798627,
        "precision": 0.7354260089686099,
        "recall": 0.7663551401869159
    },
    "Pledger": {
        "tp": 0,
        "fp": 0,
        "fn": 0,
        "f1": 0,
        "precision": 0,
        "recall": 0
    },
    "PledgedShares": {
        "tp": 2626,
        "fp": 771,
        "fn": 398,
        "f1": 0.8179411306650055,
        "precision": 0.7730350309096261,
        "recall": 0.8683862433862434
    },
    "Pledgee": {
        "tp": 1751,
        "fp": 287,
        "fn": 469,
        "f1": 0.8224518553311414,
        "precision": 0.8591756624141315,
        "recall": 0.7887387387387388
    },
    "TotalPledgedShares": {
        "tp": 966,
        "fp": 291,
        "fn": 430,
        "f1": 0.7282321899736147,
        "precision": 0.7684964200477327,
        "recall": 0.6919770773638968
    },
    "ReleasedDate": {
        "tp": 540,
        "fp": 541,
        "fn": 241,
        "f1": 0.5800214822771214,
        "precision": 0.49953746530989823,
        "recall": 0.6914212548015365
    },
    "StockCode": {
        "tp": 3241,
        "fp": 16,
        "fn": 10,
        "f1": 0.9960049170251998,
        "precision": 0.9950875038378876,
        "recall": 0.9969240233774224
    },
    "StockAbbr": {
        "tp": 4383,
        "fp": 540,
        "fn": 806,
        "f1": 0.8668908227848101,
        "precision": 0.8903107861060329,
        "recall": 0.8446714203121989
    },
    "precision": 0.8588573911154557,
    "recall": 0.8254462576985977,
    "micro_f1": 0.841820440028389,
    "macro_f1": 0.7183272286942207
}