{
    "EquityHolder": {
        "tp": 8277,
        "fp": 1210,
        "fn": 1562,
        "f1": 0.8565662837628065,
        "precision": 0.8724570464846633,
        "recall": 0.841244028864722
    },
    "FrozeShares": {
        "tp": 44,
        "fp": 99,
        "fn": 305,
        "f1": 0.17886178861788618,
        "precision": 0.3076923076923077,
        "recall": 0.12607449856733524
    },
    "LegalInstitution": {
        "tp": 516,
        "fp": 52,
        "fn": 50,
        "f1": 0.91005291005291,
        "precision": 0.9084507042253521,
        "recall": 0.911660777385159
    },
    "TotalHoldingShares": {
        "tp": 1894,
        "fp": 603,
        "fn": 307,
        "f1": 0.8063005534269903,
        "precision": 0.7585102122547056,
        "recall": 0.8605179463880055
    },
    "TotalHoldingRatio": {
        "tp": 1559,
        "fp": 350,
        "fn": 211,
        "f1": 0.8475129111171512,
        "precision": 0.8166579360921948,
        "recall": 0.8807909604519774
    },
    "StartDate": {
        "tp": 4197,
        "fp": 1455,
        "fn": 1068,
        "f1": 0.7688925528991482,
        "precision": 0.7425690021231423,
        "recall": 0.7971509971509971
    },
    "EndDate": {
        "tp": 1175,
        "fp": 473,
        "fn": 468,
        "f1": 0.7140686721361289,
        "precision": 0.7129854368932039,
        "recall": 0.7151552038953134
    },
    "UnfrozeDate": {
        "tp": 4,
        "fp": 4,
        "fn": 14,
        "f1": 0.30769230769230765,
        "precision": 0.5,
        "recall": 0.2222222222222222
    },
    "CompanyName": {
        "tp": 9499,
        "fp": 510,
        "fn": 674,
        "f1": 0.9413338618571002,
        "precision": 0.9490458587271455,
        "recall": 0.9337461908974737
    },
    "HighestTradingPrice": {
        "tp": 1490,
        "fp": 408,
        "fn": 384,
        "f1": 0.7900318133616118,
        "precision": 0.7850368809272918,
        "recall": 0.7950907150480256
    },
    "LowestTradingPrice": {
        "tp": 939,
        "fp": 175,
        "fn": 132,
        "f1": 0.859496567505721,
        "precision": 0.8429084380610413,
        "recall": 0.876750700280112
    },
    "RepurchasedShares": {
        "tp": 1448,
        "fp": 214,
        "fn": 227,
        "f1": 0.8678453700928977,
        "precision": 0.8712394705174489,
        "recall": 0.8644776119402985
    },
    "ClosingDate": {
        "tp": 1224,
        "fp": 441,
        "fn": 474,
        "f1": 0.7279214986619089,
        "precision": 0.7351351351351352,
        "recall": 0.7208480565371025
    },
    "RepurchaseAmount": {
        "tp": 1269,
        "fp": 286,
        "fn": 284,
        "f1": 0.8166023166023166,
        "precision": 0.8160771704180064,
        "recall": 0.8171281390856407
    },
    "TradedShares": {
        "tp": 1064,
        "fp": 500,
        "fn": 203,
        "f1": 0.7516778523489933,
        "precision": 0.680306905370844,
        "recall": 0.8397790055248618
    },
    "LaterHoldingShares": {
        "tp": 75,
        "fp": 172,
        "fn": 366,
        "f1": 0.2180232558139535,
        "precision": 0.30364372469635625,
        "recall": 0.17006802721088435
    },
    "AveragePrice": {
        "tp": 206,
        "fp": 37,
        "fn": 8,
        "f1": 0.901531728665208,
        "precision": 0.8477366255144033,
        "recall": 0.9626168224299065
    },
    "Pledger": {
        "tp": 0,
        "fp": 0,
        "fn": 0,
        "f1": 0,
        "precision": 0,
        "recall": 0
    },
    "PledgedShares": {
        "tp": 2757,
        "fp": 999,
        "fn": 267,
        "f1": 0.8132743362831859,
        "precision": 0.7340255591054313,
        "recall": 0.9117063492063492
    },
    "Pledgee": {
        "tp": 2139,
        "fp": 283,
        "fn": 81,
        "f1": 0.9215855234812581,
        "precision": 0.8831544178364987,
        "recall": 0.9635135135135136
    },
    "TotalPledgedShares": {
        "tp": 1078,
        "fp": 307,
        "fn": 318,
        "f1": 0.7752606975907946,
        "precision": 0.7783393501805054,
        "recall": 0.7722063037249284
    },
    "ReleasedDate": {
        "tp": 513,
        "fp": 284,
        "fn": 268,
        "f1": 0.6501901140684412,
        "precision": 0.64366373902133,
        "recall": 0.6568501920614597
    },
    "StockCode": {
        "tp": 3243,
        "fp": 7,
        "fn": 8,
        "f1": 0.997692662667282,
        "precision": 0.9978461538461538,
        "recall": 0.9975392187019378
    },
    "StockAbbr": {
        "tp": 4581,
        "fp": 640,
        "fn": 608,
        "f1": 0.8801152737752161,
        "precision": 0.8774181191342655,
        "recall": 0.8828290614761997
    },
    "precision": 0.8380068143100511,
    "recall": 0.8558230975329691,
    "micro_f1": 0.8468212570366161,
    "macro_f1": 0.720938785520051
}