{
    "EquityHolder": {
        "tp": 8957,
        "fp": 1381,
        "fn": 882,
        "f1": 0.8878425930514942,
        "precision": 0.8664151673437802,
        "recall": 0.9103567435715012
    },
    "FrozeShares": {
        "tp": 52,
        "fp": 104,
        "fn": 297,
        "f1": 0.20594059405940596,
        "precision": 0.3333333333333333,
        "recall": 0.1489971346704871
    },
    "LegalInstitution": {
        "tp": 514,
        "fp": 55,
        "fn": 52,
        "f1": 0.905726872246696,
        "precision": 0.9033391915641477,
        "recall": 0.9081272084805654
    },
    "TotalHoldingShares": {
        "tp": 1813,
        "fp": 517,
        "fn": 388,
        "f1": 0.8002648421981903,
        "precision": 0.7781115879828326,
        "recall": 0.8237164925034075
    },
    "TotalHoldingRatio": {
        "tp": 1495,
        "fp": 263,
        "fn": 275,
        "f1": 0.8475056689342403,
        "precision": 0.8503981797497155,
        "recall": 0.844632768361582
    },
    "StartDate": {
        "tp": 3858,
        "fp": 897,
        "fn": 1407,
        "f1": 0.770059880239521,
        "precision": 0.8113564668769716,
        "recall": 0.7327635327635328
    },
    "EndDate": {
        "tp": 1053,
        "fp": 391,
        "fn": 590,
        "f1": 0.6822157434402332,
        "precision": 0.7292243767313019,
        "recall": 0.6409007912355448
    },
    "UnfrozeDate": {
        "tp": 0,
        "fp": 0,
        "fn": 18,
        "f1": 0,
        "precision": 0,
        "recall": 0
    },
    "CompanyName": {
        "tp": 9791,
        "fp": 344,
        "fn": 382,
        "f1": 0.9642505416584598,
        "precision": 0.9660582141095214,
        "recall": 0.9624496215472329
    },
    "HighestTradingPrice": {
        "tp": 1745,
        "fp": 317,
        "fn": 129,
        "f1": 0.8866869918699187,
        "precision": 0.8462657613967022,
        "recall": 0.9311632870864461
    },
    "LowestTradingPrice": {
        "tp": 934,
        "fp": 140,
        "fn": 137,
        "f1": 0.8708624708624708,
        "precision": 0.8696461824953445,
        "recall": 0.8720821661998133
    },
    "RepurchasedShares": {
        "tp": 1576,
        "fp": 259,
        "fn": 99,
        "f1": 0.898005698005698,
        "precision": 0.8588555858310627,
        "recall": 0.9408955223880597
    },
    "ClosingDate": {
        "tp": 1312,
        "fp": 920,
        "fn": 386,
        "f1": 0.6676844783715014,
        "precision": 0.5878136200716846,
        "recall": 0.7726737338044759
    },
    "RepurchaseAmount": {
        "tp": 1285,
        "fp": 426,
        "fn": 268,
        "f1": 0.7873774509803921,
        "precision": 0.7510227936879018,
        "recall": 0.8274307791371539
    },
    "TradedShares": {
        "tp": 870,
        "fp": 284,
        "fn": 397,
        "f1": 0.7187112763320942,
        "precision": 0.7538994800693241,
        "recall": 0.6866614048934491
    },
    "LaterHoldingShares": {
        "tp": 80,
        "fp": 129,
        "fn": 361,
        "f1": 0.24615384615384614,
        "precision": 0.3827751196172249,
        "recall": 0.18140589569160998
    },
    "AveragePrice": {
        "tp": 209,
        "fp": 51,
        "fn": 5,
        "f1": 0.8818565400843882,
        "precision": 0.8038461538461539,
        "recall": 0.9766355140186916
    },
    "Pledger": {
        "tp": 0,
        "fp": 0,
        "fn": 0,
        "f1": 0,
        "precision": 0,
        "recall": 0
    },
    "PledgedShares": {
        "tp": 2729,
        "fp": 900,
        "fn": 295,
        "f1": 0.8203817826544417,
        "precision": 0.7519977955359604,
        "recall": 0.90244708994709
    },
    "Pledgee": {
        "tp": 2113,
        "fp": 170,
        "fn": 107,
        "f1": 0.9384854541416834,
        "precision": 0.9255365746824354,
        "recall": 0.9518018018018019
    },
    "TotalPledgedShares": {
        "tp": 1239,
        "fp": 509,
        "fn": 157,
        "f1": 0.7881679389312976,
        "precision": 0.7088100686498856,
        "recall": 0.8875358166189111
    },
    "ReleasedDate": {
        "tp": 455,
        "fp": 258,
        "fn": 326,
        "f1": 0.6091030789825971,
        "precision": 0.638148667601683,
        "recall": 0.5825864276568502
    },
    "StockCode": {
        "tp": 3234,
        "fp": 25,
        "fn": 17,
        "f1": 0.9935483870967743,
        "precision": 0.9923289352562136,
        "recall": 0.994770839741618
    },
    "StockAbbr": {
        "tp": 4405,
        "fp": 623,
        "fn": 784,
        "f1": 0.8622883429578154,
        "precision": 0.8760938743038982,
        "recall": 0.8489111582193101
    },
    "precision": 0.8472615111959374,
    "recall": 0.8650092209193082,
    "micro_f1": 0.8560433884297521,
    "macro_f1": 0.7097133530522152
}