{
    "EquityHolder": {
        "tp": 8335,
        "fp": 1430,
        "fn": 1278,
        "f1": 0.8602538961709155,
        "precision": 0.8535586277521762,
        "recall": 0.8670550296473526
    },
    "FrozeShares": {
        "tp": 66,
        "fp": 51,
        "fn": 232,
        "f1": 0.3180722891566265,
        "precision": 0.5641025641025641,
        "recall": 0.2214765100671141
    },
    "LegalInstitution": {
        "tp": 440,
        "fp": 84,
        "fn": 62,
        "f1": 0.8576998050682261,
        "precision": 0.8396946564885496,
        "recall": 0.8764940239043825
    },
    "TotalHoldingShares": {
        "tp": 1688,
        "fp": 754,
        "fn": 471,
        "f1": 0.7337535318409042,
        "precision": 0.6912366912366913,
        "recall": 0.7818434460398332
    },
    "TotalHoldingRatio": {
        "tp": 1396,
        "fp": 470,
        "fn": 329,
        "f1": 0.7774993038150934,
        "precision": 0.7481243301178992,
        "recall": 0.8092753623188406
    },
    "StartDate": {
        "tp": 3609,
        "fp": 979,
        "fn": 1422,
        "f1": 0.7503898534151159,
        "precision": 0.786617262423714,
        "recall": 0.7173524150268337
    },
    "EndDate": {
        "tp": 1072,
        "fp": 564,
        "fn": 438,
        "f1": 0.6815003178639542,
        "precision": 0.6552567237163814,
        "recall": 0.7099337748344371
    },
    "UnfrozeDate": {
        "tp": 0,
        "fp": 0,
        "fn": 18,
        "f1": 0,
        "precision": 0,
        "recall": 0
    },
    "CompanyName": {
        "tp": 9689,
        "fp": 430,
        "fn": 393,
        "f1": 0.9592594426018514,
        "precision": 0.9575056823796818,
        "recall": 0.9610196389605237
    },
    "HighestTradingPrice": {
        "tp": 1548,
        "fp": 1271,
        "fn": 76,
        "f1": 0.6968264686022957,
        "precision": 0.5491308974813763,
        "recall": 0.9532019704433498
    },
    "LowestTradingPrice": {
        "tp": 0,
        "fp": 0,
        "fn": 1040,
        "f1": 0,
        "precision": 0,
        "recall": 0
    },
    "RepurchasedShares": {
        "tp": 1415,
        "fp": 262,
        "fn": 152,
        "f1": 0.8723797780517879,
        "precision": 0.8437686344663089,
        "recall": 0.9029993618379069
    },
    "ClosingDate": {
        "tp": 1189,
        "fp": 469,
        "fn": 459,
        "f1": 0.719298245614035,
        "precision": 0.7171290711700844,
        "recall": 0.7214805825242718
    },
    "RepurchaseAmount": {
        "tp": 1165,
        "fp": 214,
        "fn": 261,
        "f1": 0.8306595365418895,
        "precision": 0.8448150833937635,
        "recall": 0.8169705469845723
    },
    "TradedShares": {
        "tp": 822,
        "fp": 345,
        "fn": 312,
        "f1": 0.714471968709257,
        "precision": 0.7043701799485861,
        "recall": 0.7248677248677249
    },
    "LaterHoldingShares": {
        "tp": 42,
        "fp": 128,
        "fn": 379,
        "f1": 0.14213197969543148,
        "precision": 0.24705882352941178,
        "recall": 0.0997624703087886
    },
    "AveragePrice": {
        "tp": 200,
        "fp": 101,
        "fn": 9,
        "f1": 0.7843137254901961,
        "precision": 0.6644518272425249,
        "recall": 0.9569377990430622
    },
    "Pledger": {
        "tp": 0,
        "fp": 0,
        "fn": 0,
        "f1": 0,
        "precision": 0,
        "recall": 0
    },
    "PledgedShares": {
        "tp": 2466,
        "fp": 876,
        "fn": 405,
        "f1": 0.7938194109126027,
        "precision": 0.7378815080789947,
        "recall": 0.8589341692789969
    },
    "Pledgee": {
        "tp": 2008,
        "fp": 175,
        "fn": 124,
        "f1": 0.9307068366164541,
        "precision": 0.9198350893266147,
        "recall": 0.9418386491557224
    },
    "TotalPledgedShares": {
        "tp": 1170,
        "fp": 425,
        "fn": 200,
        "f1": 0.7892074198988196,
        "precision": 0.7335423197492164,
        "recall": 0.8540145985401459
    },
    "ReleasedDate": {
        "tp": 472,
        "fp": 488,
        "fn": 289,
        "f1": 0.5485183033120279,
        "precision": 0.49166666666666664,
        "recall": 0.6202365308804205
    },
    "StockCode": {
        "tp": 3228,
        "fp": 24,
        "fn": 20,
        "f1": 0.9932307692307691,
        "precision": 0.992619926199262,
        "recall": 0.9938423645320197
    },
    "StockAbbr": {
        "tp": 4094,
        "fp": 374,
        "fn": 1001,
        "f1": 0.856216668409495,
        "precision": 0.9162936436884512,
        "recall": 0.8035328753680079
    },
    "precision": 0.8230527593346184,
    "recall": 0.831122485761661,
    "micro_f1": 0.8270679388765335,
    "macro_f1": 0.6504253979590731
}