{
    "EquityHolder": {
        "tp": 8324,
        "fp": 1509,
        "fn": 1289,
        "f1": 0.8561143679934177,
        "precision": 0.8465371707515509,
        "recall": 0.8659107458649745
    },
    "FrozeShares": {
        "tp": 111,
        "fp": 139,
        "fn": 187,
        "f1": 0.4051094890510949,
        "precision": 0.444,
        "recall": 0.3724832214765101
    },
    "LegalInstitution": {
        "tp": 439,
        "fp": 71,
        "fn": 63,
        "f1": 0.8675889328063241,
        "precision": 0.8607843137254902,
        "recall": 0.8745019920318725
    },
    "TotalHoldingShares": {
        "tp": 1706,
        "fp": 624,
        "fn": 453,
        "f1": 0.7600801960347516,
        "precision": 0.7321888412017168,
        "recall": 0.7901806391848077
    },
    "TotalHoldingRatio": {
        "tp": 1427,
        "fp": 391,
        "fn": 298,
        "f1": 0.8055320349985888,
        "precision": 0.7849284928492849,
        "recall": 0.8272463768115942
    },
    "StartDate": {
        "tp": 3695,
        "fp": 1223,
        "fn": 1336,
        "f1": 0.7427882199216002,
        "precision": 0.7513216754778366,
        "recall": 0.7344464321208507
    },
    "EndDate": {
        "tp": 1007,
        "fp": 488,
        "fn": 503,
        "f1": 0.670216306156406,
        "precision": 0.6735785953177258,
        "recall": 0.666887417218543
    },
    "UnfrozeDate": {
        "tp": 7,
        "fp": 17,
        "fn": 11,
        "f1": 0.3333333333333333,
        "precision": 0.2916666666666667,
        "recall": 0.3888888888888889
    },
    "CompanyName": {
        "tp": 9525,
        "fp": 358,
        "fn": 557,
        "f1": 0.9541697971450038,
        "precision": 0.9637761813214611,
        "recall": 0.944753025193414
    },
    "HighestTradingPrice": {
        "tp": 1256,
        "fp": 668,
        "fn": 368,
        "f1": 0.7080045095828637,
        "precision": 0.6528066528066528,
        "recall": 0.7733990147783252
    },
    "LowestTradingPrice": {
        "tp": 726,
        "fp": 185,
        "fn": 314,
        "f1": 0.7442337262942081,
        "precision": 0.7969264544456641,
        "recall": 0.698076923076923
    },
    "RepurchasedShares": {
        "tp": 1445,
        "fp": 242,
        "fn": 122,
        "f1": 0.8881376767055931,
        "precision": 0.8565500889152341,
        "recall": 0.9221442246330568
    },
    "ClosingDate": {
        "tp": 1055,
        "fp": 512,
        "fn": 593,
        "f1": 0.656298600311042,
        "precision": 0.6732610082961072,
        "recall": 0.6401699029126213
    },
    "RepurchaseAmount": {
        "tp": 1226,
        "fp": 299,
        "fn": 200,
        "f1": 0.830904778041342,
        "precision": 0.8039344262295082,
        "recall": 0.8597475455820477
    },
    "TradedShares": {
        "tp": 854,
        "fp": 382,
        "fn": 280,
        "f1": 0.7206751054852322,
        "precision": 0.6909385113268608,
        "recall": 0.7530864197530864
    },
    "LaterHoldingShares": {
        "tp": 98,
        "fp": 243,
        "fn": 323,
        "f1": 0.25721784776902884,
        "precision": 0.2873900293255132,
        "recall": 0.2327790973871734
    },
    "AveragePrice": {
        "tp": 196,
        "fp": 72,
        "fn": 13,
        "f1": 0.8218029350104822,
        "precision": 0.7313432835820896,
        "recall": 0.937799043062201
    },
    "Pledger": {
        "tp": 0,
        "fp": 0,
        "fn": 0,
        "f1": 0,
        "precision": 0,
        "recall": 0
    },
    "PledgedShares": {
        "tp": 2187,
        "fp": 864,
        "fn": 684,
        "f1": 0.7386018237082066,
        "precision": 0.7168141592920354,
        "recall": 0.7617554858934169
    },
    "Pledgee": {
        "tp": 2011,
        "fp": 148,
        "fn": 121,
        "f1": 0.937310650198089,
        "precision": 0.9314497452524316,
        "recall": 0.9432457786116323
    },
    "TotalPledgedShares": {
        "tp": 1027,
        "fp": 421,
        "fn": 343,
        "f1": 0.7288857345635202,
        "precision": 0.7092541436464088,
        "recall": 0.7496350364963503
    },
    "ReleasedDate": {
        "tp": 462,
        "fp": 428,
        "fn": 299,
        "f1": 0.5596608116293156,
        "precision": 0.5191011235955056,
        "recall": 0.607095926412615
    },
    "StockCode": {
        "tp": 3234,
        "fp": 9,
        "fn": 14,
        "f1": 0.9964566322600524,
        "precision": 0.9972247918593895,
        "recall": 0.9956896551724138
    },
    "StockAbbr": {
        "tp": 3992,
        "fp": 494,
        "fn": 1103,
        "f1": 0.8333159377935496,
        "precision": 0.8898796255015604,
        "recall": 0.78351324828263
    },
    "precision": 0.8245963044608133,
    "recall": 0.8292480715161128,
    "micro_f1": 0.8269156459773007,
    "macro_f1": 0.7006849769497103
}