{
    "EquityHolder": {
        "tp": 8291,
        "fp": 1405,
        "fn": 1322,
        "f1": 0.8587705215184628,
        "precision": 0.8550948844884488,
        "recall": 0.8624778945178404
    },
    "FrozeShares": {
        "tp": 113,
        "fp": 146,
        "fn": 185,
        "f1": 0.4057450628366248,
        "precision": 0.4362934362934363,
        "recall": 0.37919463087248323
    },
    "LegalInstitution": {
        "tp": 429,
        "fp": 69,
        "fn": 73,
        "f1": 0.858,
        "precision": 0.8614457831325302,
        "recall": 0.8545816733067729
    },
    "TotalHoldingShares": {
        "tp": 1712,
        "fp": 624,
        "fn": 447,
        "f1": 0.7617352614015573,
        "precision": 0.7328767123287672,
        "recall": 0.792959703566466
    },
    "TotalHoldingRatio": {
        "tp": 1409,
        "fp": 302,
        "fn": 316,
        "f1": 0.8201396973224679,
        "precision": 0.8234950321449445,
        "recall": 0.8168115942028985
    },
    "StartDate": {
        "tp": 3793,
        "fp": 1200,
        "fn": 1238,
        "f1": 0.7567837190742217,
        "precision": 0.7596635289405167,
        "recall": 0.7539256609024051
    },
    "EndDate": {
        "tp": 980,
        "fp": 510,
        "fn": 530,
        "f1": 0.6533333333333334,
        "precision": 0.6577181208053692,
        "recall": 0.6490066225165563
    },
    "UnfrozeDate": {
        "tp": 8,
        "fp": 15,
        "fn": 10,
        "f1": 0.3902439024390244,
        "precision": 0.34782608695652173,
        "recall": 0.4444444444444444
    },
    "CompanyName": {
        "tp": 9363,
        "fp": 375,
        "fn": 719,
        "f1": 0.944803229061554,
        "precision": 0.9614910659272952,
        "recall": 0.9286847847649276
    },
    "HighestTradingPrice": {
        "tp": 1265,
        "fp": 355,
        "fn": 359,
        "f1": 0.7799013563501851,
        "precision": 0.7808641975308642,
        "recall": 0.7789408866995073
    },
    "LowestTradingPrice": {
        "tp": 932,
        "fp": 258,
        "fn": 108,
        "f1": 0.8358744394618834,
        "precision": 0.7831932773109244,
        "recall": 0.8961538461538462
    },
    "RepurchasedShares": {
        "tp": 1298,
        "fp": 264,
        "fn": 269,
        "f1": 0.829658037711729,
        "precision": 0.8309859154929577,
        "recall": 0.828334396936822
    },
    "ClosingDate": {
        "tp": 1100,
        "fp": 658,
        "fn": 548,
        "f1": 0.6459189665296536,
        "precision": 0.6257110352673493,
        "recall": 0.6674757281553398
    },
    "RepurchaseAmount": {
        "tp": 1273,
        "fp": 310,
        "fn": 153,
        "f1": 0.846128281821203,
        "precision": 0.8041692987997473,
        "recall": 0.8927068723702665
    },
    "TradedShares": {
        "tp": 854,
        "fp": 394,
        "fn": 280,
        "f1": 0.7170445004198154,
        "precision": 0.6842948717948718,
        "recall": 0.7530864197530864
    },
    "LaterHoldingShares": {
        "tp": 115,
        "fp": 278,
        "fn": 306,
        "f1": 0.28255528255528256,
        "precision": 0.2926208651399491,
        "recall": 0.27315914489311166
    },
    "AveragePrice": {
        "tp": 195,
        "fp": 45,
        "fn": 14,
        "f1": 0.868596881959911,
        "precision": 0.8125,
        "recall": 0.9330143540669856
    },
    "Pledger": {
        "tp": 0,
        "fp": 0,
        "fn": 0,
        "f1": 0,
        "precision": 0,
        "recall": 0
    },
    "PledgedShares": {
        "tp": 2260,
        "fp": 839,
        "fn": 611,
        "f1": 0.7571189279731992,
        "precision": 0.729267505646983,
        "recall": 0.7871821664925113
    },
    "Pledgee": {
        "tp": 2009,
        "fp": 139,
        "fn": 123,
        "f1": 0.938785046728972,
        "precision": 0.9352886405959032,
        "recall": 0.9423076923076923
    },
    "TotalPledgedShares": {
        "tp": 1074,
        "fp": 393,
        "fn": 296,
        "f1": 0.7571378216425801,
        "precision": 0.7321063394683026,
        "recall": 0.7839416058394161
    },
    "ReleasedDate": {
        "tp": 431,
        "fp": 399,
        "fn": 330,
        "f1": 0.5417976115650535,
        "precision": 0.519277108433735,
        "recall": 0.5663600525624178
    },
    "StockCode": {
        "tp": 3236,
        "fp": 9,
        "fn": 12,
        "f1": 0.9967657477283229,
        "precision": 0.9972265023112481,
        "recall": 0.9963054187192119
    },
    "StockAbbr": {
        "tp": 4118,
        "fp": 496,
        "fn": 977,
        "f1": 0.8482850963023998,
        "precision": 0.8925010836584308,
        "recall": 0.808243375858685
    },
    "precision": 0.8298738809852712,
    "recall": 0.8337178285631894,
    "micro_f1": 0.831791413800854,
    "macro_f1": 0.7122967802390597
}