{
    "EquityHolder": {
        "tp": 8300,
        "fp": 1510,
        "fn": 1313,
        "f1": 0.8546568501261391,
        "precision": 0.8460754332313966,
        "recall": 0.8634141267034224
    },
    "FrozeShares": {
        "tp": 82,
        "fp": 132,
        "fn": 216,
        "f1": 0.3203125,
        "precision": 0.38317757009345793,
        "recall": 0.2751677852348993
    },
    "LegalInstitution": {
        "tp": 430,
        "fp": 74,
        "fn": 72,
        "f1": 0.8548707753479124,
        "precision": 0.8531746031746031,
        "recall": 0.8565737051792829
    },
    "TotalHoldingShares": {
        "tp": 1718,
        "fp": 652,
        "fn": 441,
        "f1": 0.7586663722676088,
        "precision": 0.7248945147679325,
        "recall": 0.7957387679481241
    },
    "TotalHoldingRatio": {
        "tp": 1419,
        "fp": 421,
        "fn": 306,
        "f1": 0.7960729312762972,
        "precision": 0.7711956521739131,
        "recall": 0.8226086956521739
    },
    "StartDate": {
        "tp": 3779,
        "fp": 1303,
        "fn": 1252,
        "f1": 0.7473548897458717,
        "precision": 0.7436048799685163,
        "recall": 0.7511429139336117
    },
    "EndDate": {
        "tp": 1008,
        "fp": 528,
        "fn": 502,
        "f1": 0.6618516086671045,
        "precision": 0.65625,
        "recall": 0.6675496688741722
    },
    "UnfrozeDate": {
        "tp": 4,
        "fp": 12,
        "fn": 14,
        "f1": 0.23529411764705882,
        "precision": 0.25,
        "recall": 0.2222222222222222
    },
    "CompanyName": {
        "tp": 9349,
        "fp": 394,
        "fn": 733,
        "f1": 0.9431525851197983,
        "precision": 0.9595607102535153,
        "recall": 0.9272961713945646
    },
    "HighestTradingPrice": {
        "tp": 1047,
        "fp": 1679,
        "fn": 577,
        "f1": 0.48137931034482756,
        "precision": 0.38407923697725604,
        "recall": 0.6447044334975369
    },
    "LowestTradingPrice": {
        "tp": 102,
        "fp": 2,
        "fn": 938,
        "f1": 0.1783216783216783,
        "precision": 0.9807692307692307,
        "recall": 0.09807692307692308
    },
    "RepurchasedShares": {
        "tp": 1445,
        "fp": 259,
        "fn": 122,
        "f1": 0.8835218587587894,
        "precision": 0.8480046948356808,
        "recall": 0.9221442246330568
    },
    "ClosingDate": {
        "tp": 1167,
        "fp": 723,
        "fn": 481,
        "f1": 0.6596947427925383,
        "precision": 0.6174603174603175,
        "recall": 0.7081310679611651
    },
    "RepurchaseAmount": {
        "tp": 1272,
        "fp": 302,
        "fn": 154,
        "f1": 0.848,
        "precision": 0.8081321473951716,
        "recall": 0.8920056100981767
    },
    "TradedShares": {
        "tp": 857,
        "fp": 396,
        "fn": 277,
        "f1": 0.7180561374109761,
        "precision": 0.6839584996009577,
        "recall": 0.7557319223985891
    },
    "LaterHoldingShares": {
        "tp": 80,
        "fp": 165,
        "fn": 341,
        "f1": 0.2402402402402402,
        "precision": 0.32653061224489793,
        "recall": 0.19002375296912113
    },
    "AveragePrice": {
        "tp": 195,
        "fp": 66,
        "fn": 14,
        "f1": 0.8297872340425532,
        "precision": 0.7471264367816092,
        "recall": 0.9330143540669856
    },
    "Pledger": {
        "tp": 0,
        "fp": 0,
        "fn": 0,
        "f1": 0,
        "precision": 0,
        "recall": 0
    },
    "PledgedShares": {
        "tp": 2052,
        "fp": 866,
        "fn": 819,
        "f1": 0.7089307306961479,
        "precision": 0.7032213845099383,
        "recall": 0.7147335423197492
    },
    "Pledgee": {
        "tp": 2006,
        "fp": 159,
        "fn": 126,
        "f1": 0.9336746567372586,
        "precision": 0.9265588914549654,
        "recall": 0.9409005628517824
    },
    "TotalPledgedShares": {
        "tp": 1144,
        "fp": 462,
        "fn": 226,
        "f1": 0.7688172043010753,
        "precision": 0.7123287671232876,
        "recall": 0.8350364963503649
    },
    "ReleasedDate": {
        "tp": 495,
        "fp": 519,
        "fn": 266,
        "f1": 0.5577464788732394,
        "precision": 0.4881656804733728,
        "recall": 0.6504599211563732
    },
    "StockCode": {
        "tp": 3233,
        "fp": 10,
        "fn": 15,
        "f1": 0.996148513326144,
        "precision": 0.9969164353993216,
        "recall": 0.9953817733990148
    },
    "StockAbbr": {
        "tp": 4086,
        "fp": 474,
        "fn": 1009,
        "f1": 0.8464008285862247,
        "precision": 0.8960526315789473,
        "recall": 0.8019627085377822
    },
    "precision": 0.8029727908049239,
    "recall": 0.8159108932304808,
    "micro_f1": 0.8093901414242549,
    "macro_f1": 0.6592896768595619
}