{
    "EquityHolder": {
        "tp": 8442,
        "fp": 1484,
        "fn": 1171,
        "f1": 0.8641179180101336,
        "precision": 0.8504936530324401,
        "recall": 0.8781857900759389
    },
    "FrozeShares": {
        "tp": 88,
        "fp": 103,
        "fn": 210,
        "f1": 0.3599182004089979,
        "precision": 0.4607329842931937,
        "recall": 0.2953020134228188
    },
    "LegalInstitution": {
        "tp": 442,
        "fp": 77,
        "fn": 60,
        "f1": 0.8658178256611166,
        "precision": 0.8516377649325626,
        "recall": 0.8804780876494024
    },
    "TotalHoldingShares": {
        "tp": 1711,
        "fp": 701,
        "fn": 448,
        "f1": 0.7486326843141545,
        "precision": 0.7093698175787728,
        "recall": 0.7924965261695229
    },
    "TotalHoldingRatio": {
        "tp": 1380,
        "fp": 369,
        "fn": 345,
        "f1": 0.7944732297063903,
        "precision": 0.7890222984562607,
        "recall": 0.8
    },
    "StartDate": {
        "tp": 3710,
        "fp": 1145,
        "fn": 1321,
        "f1": 0.7505563423022457,
        "precision": 0.7641606591143152,
        "recall": 0.7374279467302723
    },
    "EndDate": {
        "tp": 1054,
        "fp": 515,
        "fn": 456,
        "f1": 0.6846378694381292,
        "precision": 0.6717654557042703,
        "recall": 0.6980132450331126
    },
    "UnfrozeDate": {
        "tp": 0,
        "fp": 0,
        "fn": 18,
        "f1": 0,
        "precision": 0,
        "recall": 0
    },
    "CompanyName": {
        "tp": 9148,
        "fp": 544,
        "fn": 934,
        "f1": 0.9252553858602205,
        "precision": 0.9438712340074288,
        "recall": 0.907359650862924
    },
    "HighestTradingPrice": {
        "tp": 1409,
        "fp": 1401,
        "fn": 215,
        "f1": 0.6355435272891294,
        "precision": 0.501423487544484,
        "recall": 0.8676108374384236
    },
    "LowestTradingPrice": {
        "tp": 0,
        "fp": 0,
        "fn": 1040,
        "f1": 0,
        "precision": 0,
        "recall": 0
    },
    "RepurchasedShares": {
        "tp": 1424,
        "fp": 242,
        "fn": 143,
        "f1": 0.8809155583049798,
        "precision": 0.8547418967587035,
        "recall": 0.9087428206764518
    },
    "ClosingDate": {
        "tp": 1082,
        "fp": 605,
        "fn": 566,
        "f1": 0.6488755622188906,
        "precision": 0.6413752222880854,
        "recall": 0.6565533980582524
    },
    "RepurchaseAmount": {
        "tp": 1214,
        "fp": 259,
        "fn": 212,
        "f1": 0.8375301828216626,
        "precision": 0.8241683638832314,
        "recall": 0.8513323983169705
    },
    "TradedShares": {
        "tp": 848,
        "fp": 354,
        "fn": 286,
        "f1": 0.726027397260274,
        "precision": 0.7054908485856906,
        "recall": 0.7477954144620811
    },
    "LaterHoldingShares": {
        "tp": 51,
        "fp": 121,
        "fn": 370,
        "f1": 0.17200674536256325,
        "precision": 0.29651162790697677,
        "recall": 0.12114014251781473
    },
    "AveragePrice": {
        "tp": 200,
        "fp": 85,
        "fn": 9,
        "f1": 0.8097165991902834,
        "precision": 0.7017543859649122,
        "recall": 0.9569377990430622
    },
    "Pledger": {
        "tp": 0,
        "fp": 0,
        "fn": 0,
        "f1": 0,
        "precision": 0,
        "recall": 0
    },
    "PledgedShares": {
        "tp": 2519,
        "fp": 904,
        "fn": 352,
        "f1": 0.8004448681283762,
        "precision": 0.735904177621969,
        "recall": 0.8773946360153256
    },
    "Pledgee": {
        "tp": 2007,
        "fp": 153,
        "fn": 125,
        "f1": 0.9352283317800559,
        "precision": 0.9291666666666667,
        "recall": 0.9413696060037523
    },
    "TotalPledgedShares": {
        "tp": 1140,
        "fp": 412,
        "fn": 230,
        "f1": 0.7802874743326488,
        "precision": 0.7345360824742269,
        "recall": 0.8321167883211679
    },
    "ReleasedDate": {
        "tp": 478,
        "fp": 469,
        "fn": 283,
        "f1": 0.5597189695550352,
        "precision": 0.5047518479408659,
        "recall": 0.6281208935611038
    },
    "StockCode": {
        "tp": 3231,
        "fp": 14,
        "fn": 17,
        "f1": 0.9952256275989527,
        "precision": 0.9956856702619414,
        "recall": 0.9947660098522167
    },
    "StockAbbr": {
        "tp": 4078,
        "fp": 447,
        "fn": 1017,
        "f1": 0.8478170478170479,
        "precision": 0.9012154696132597,
        "recall": 0.8003925417075565
    },
    "precision": 0.8144131287905815,
    "recall": 0.8228678537956888,
    "micro_f1": 0.8186186616940401,
    "macro_f1": 0.6509478061400539
}