{
    "EquityHolder": {
        "tp": 8224,
        "fp": 1467,
        "fn": 1389,
        "f1": 0.8520513883133028,
        "precision": 0.8486224331854297,
        "recall": 0.8555081660251742
    },
    "FrozeShares": {
        "tp": 91,
        "fp": 101,
        "fn": 207,
        "f1": 0.37142857142857144,
        "precision": 0.4739583333333333,
        "recall": 0.3053691275167785
    },
    "LegalInstitution": {
        "tp": 427,
        "fp": 73,
        "fn": 75,
        "f1": 0.8522954091816368,
        "precision": 0.854,
        "recall": 0.850597609561753
    },
    "TotalHoldingShares": {
        "tp": 1702,
        "fp": 576,
        "fn": 457,
        "f1": 0.7671850349335138,
        "precision": 0.7471466198419666,
        "recall": 0.7883279295970357
    },
    "TotalHoldingRatio": {
        "tp": 1461,
        "fp": 461,
        "fn": 264,
        "f1": 0.8012064710721141,
        "precision": 0.7601456815816857,
        "recall": 0.8469565217391304
    },
    "StartDate": {
        "tp": 3772,
        "fp": 1315,
        "fn": 1259,
        "f1": 0.745601897608223,
        "precision": 0.7414979359150776,
        "recall": 0.7497515404492149
    },
    "EndDate": {
        "tp": 967,
        "fp": 426,
        "fn": 543,
        "f1": 0.6662073716844643,
        "precision": 0.6941852117731515,
        "recall": 0.6403973509933775
    },
    "UnfrozeDate": {
        "tp": 9,
        "fp": 15,
        "fn": 9,
        "f1": 0.42857142857142855,
        "precision": 0.375,
        "recall": 0.5
    },
    "CompanyName": {
        "tp": 9552,
        "fp": 379,
        "fn": 530,
        "f1": 0.9545795233098486,
        "precision": 0.9618366730440037,
        "recall": 0.9474310652648285
    },
    "HighestTradingPrice": {
        "tp": 1217,
        "fp": 736,
        "fn": 407,
        "f1": 0.6804584847637686,
        "precision": 0.6231438812083974,
        "recall": 0.749384236453202
    },
    "LowestTradingPrice": {
        "tp": 727,
        "fp": 103,
        "fn": 313,
        "f1": 0.7775401069518715,
        "precision": 0.8759036144578313,
        "recall": 0.6990384615384615
    },
    "RepurchasedShares": {
        "tp": 1343,
        "fp": 222,
        "fn": 224,
        "f1": 0.8575989782886334,
        "precision": 0.85814696485623,
        "recall": 0.8570516911295469
    },
    "ClosingDate": {
        "tp": 1134,
        "fp": 597,
        "fn": 514,
        "f1": 0.6712044983722995,
        "precision": 0.6551126516464472,
        "recall": 0.6881067961165048
    },
    "RepurchaseAmount": {
        "tp": 1155,
        "fp": 285,
        "fn": 271,
        "f1": 0.8060013956734124,
        "precision": 0.8020833333333334,
        "recall": 0.8099579242636746
    },
    "TradedShares": {
        "tp": 789,
        "fp": 278,
        "fn": 345,
        "f1": 0.7169468423443889,
        "precision": 0.739456419868791,
        "recall": 0.6957671957671958
    },
    "LaterHoldingShares": {
        "tp": 63,
        "fp": 117,
        "fn": 358,
        "f1": 0.2096505823627288,
        "precision": 0.35,
        "recall": 0.1496437054631829
    },
    "AveragePrice": {
        "tp": 184,
        "fp": 45,
        "fn": 25,
        "f1": 0.8401826484018265,
        "precision": 0.8034934497816594,
        "recall": 0.8803827751196173
    },
    "Pledger": {
        "tp": 0,
        "fp": 0,
        "fn": 0,
        "f1": 0,
        "precision": 0,
        "recall": 0
    },
    "PledgedShares": {
        "tp": 2303,
        "fp": 822,
        "fn": 568,
        "f1": 0.7681787858572381,
        "precision": 0.73696,
        "recall": 0.8021595262974573
    },
    "Pledgee": {
        "tp": 2002,
        "fp": 148,
        "fn": 130,
        "f1": 0.935077066791219,
        "precision": 0.9311627906976744,
        "recall": 0.9390243902439024
    },
    "TotalPledgedShares": {
        "tp": 945,
        "fp": 365,
        "fn": 425,
        "f1": 0.7052238805970149,
        "precision": 0.7213740458015268,
        "recall": 0.6897810218978102
    },
    "ReleasedDate": {
        "tp": 470,
        "fp": 455,
        "fn": 291,
        "f1": 0.5575326215895612,
        "precision": 0.5081081081081081,
        "recall": 0.6176084099868594
    },
    "StockCode": {
        "tp": 3238,
        "fp": 6,
        "fn": 10,
        "f1": 0.9975354282193468,
        "precision": 0.9981504315659679,
        "recall": 0.9969211822660099
    },
    "StockAbbr": {
        "tp": 4139,
        "fp": 458,
        "fn": 956,
        "f1": 0.85410647957078,
        "precision": 0.9003698063954753,
        "recall": 0.8123650637880275
    },
    "precision": 0.8293114659345423,
    "recall": 0.8275178429817605,
    "micro_f1": 0.8284136836027712,
    "macro_f1": 0.7006818706619664
}