{
    "EquityHolder": {
        "tp": 8138,
        "fp": 1340,
        "fn": 1475,
        "f1": 0.8525483211984705,
        "precision": 0.8586199620173032,
        "recall": 0.846561947362946
    },
    "FrozeShares": {
        "tp": 87,
        "fp": 113,
        "fn": 211,
        "f1": 0.3493975903614458,
        "precision": 0.435,
        "recall": 0.29194630872483224
    },
    "LegalInstitution": {
        "tp": 434,
        "fp": 66,
        "fn": 68,
        "f1": 0.8662674650698602,
        "precision": 0.868,
        "recall": 0.8645418326693227
    },
    "TotalHoldingShares": {
        "tp": 1729,
        "fp": 673,
        "fn": 430,
        "f1": 0.7581670686253014,
        "precision": 0.7198168193172356,
        "recall": 0.8008337193144974
    },
    "TotalHoldingRatio": {
        "tp": 1409,
        "fp": 297,
        "fn": 316,
        "f1": 0.821334887787817,
        "precision": 0.8259085580304807,
        "recall": 0.8168115942028985
    },
    "StartDate": {
        "tp": 3776,
        "fp": 1216,
        "fn": 1255,
        "f1": 0.7534670258405666,
        "precision": 0.7564102564102564,
        "recall": 0.7505466110117273
    },
    "EndDate": {
        "tp": 968,
        "fp": 408,
        "fn": 542,
        "f1": 0.6708246708246708,
        "precision": 0.7034883720930233,
        "recall": 0.6410596026490066
    },
    "UnfrozeDate": {
        "tp": 7,
        "fp": 13,
        "fn": 11,
        "f1": 0.36842105263157887,
        "precision": 0.35,
        "recall": 0.3888888888888889
    },
    "CompanyName": {
        "tp": 9481,
        "fp": 408,
        "fn": 601,
        "f1": 0.9494767412748485,
        "precision": 0.9587420366063303,
        "recall": 0.9403888117437016
    },
    "HighestTradingPrice": {
        "tp": 1339,
        "fp": 330,
        "fn": 285,
        "f1": 0.8132402064986335,
        "precision": 0.8022768124625524,
        "recall": 0.8245073891625616
    },
    "LowestTradingPrice": {
        "tp": 895,
        "fp": 171,
        "fn": 145,
        "f1": 0.8499525166191834,
        "precision": 0.8395872420262664,
        "recall": 0.8605769230769231
    },
    "RepurchasedShares": {
        "tp": 1262,
        "fp": 212,
        "fn": 305,
        "f1": 0.829990134824071,
        "precision": 0.8561736770691994,
        "recall": 0.805360561582642
    },
    "ClosingDate": {
        "tp": 896,
        "fp": 445,
        "fn": 752,
        "f1": 0.5995316159250585,
        "precision": 0.668158090976883,
        "recall": 0.5436893203883495
    },
    "RepurchaseAmount": {
        "tp": 1164,
        "fp": 295,
        "fn": 262,
        "f1": 0.8069324090121318,
        "precision": 0.7978067169294037,
        "recall": 0.8162692847124825
    },
    "TradedShares": {
        "tp": 731,
        "fp": 257,
        "fn": 403,
        "f1": 0.6889726672950047,
        "precision": 0.7398785425101214,
        "recall": 0.644620811287478
    },
    "LaterHoldingShares": {
        "tp": 70,
        "fp": 164,
        "fn": 351,
        "f1": 0.21374045801526717,
        "precision": 0.29914529914529914,
        "recall": 0.166270783847981
    },
    "AveragePrice": {
        "tp": 187,
        "fp": 44,
        "fn": 22,
        "f1": 0.8500000000000001,
        "precision": 0.8095238095238095,
        "recall": 0.8947368421052632
    },
    "Pledger": {
        "tp": 0,
        "fp": 0,
        "fn": 0,
        "f1": 0,
        "precision": 0,
        "recall": 0
    },
    "PledgedShares": {
        "tp": 2016,
        "fp": 695,
        "fn": 855,
        "f1": 0.7223217484772483,
        "precision": 0.7436370343046846,
        "recall": 0.7021943573667712
    },
    "Pledgee": {
        "tp": 2012,
        "fp": 151,
        "fn": 120,
        "f1": 0.9369033760186263,
        "precision": 0.9301895515487748,
        "recall": 0.9437148217636022
    },
    "TotalPledgedShares": {
        "tp": 1120,
        "fp": 498,
        "fn": 250,
        "f1": 0.7496653279785809,
        "precision": 0.69221260815822,
        "recall": 0.8175182481751825
    },
    "ReleasedDate": {
        "tp": 440,
        "fp": 318,
        "fn": 321,
        "f1": 0.5793285055957866,
        "precision": 0.5804749340369393,
        "recall": 0.5781865965834428
    },
    "StockCode": {
        "tp": 3236,
        "fp": 9,
        "fn": 12,
        "f1": 0.9967657477283229,
        "precision": 0.9972265023112481,
        "recall": 0.9963054187192119
    },
    "StockAbbr": {
        "tp": 4110,
        "fp": 470,
        "fn": 985,
        "f1": 0.8496124031007752,
        "precision": 0.8973799126637555,
        "recall": 0.8066732090284593
    },
    "precision": 0.8411645101663586,
    "recall": 0.8201823949246629,
    "micro_f1": 0.8305409548839247,
    "macro_f1": 0.7032025808626354
}