{
    "EquityHolder": {
        "tp": 8243,
        "fp": 1491,
        "fn": 1370,
        "f1": 0.852121775985941,
        "precision": 0.846825559893158,
        "recall": 0.8574846561947363
    },
    "FrozeShares": {
        "tp": 94,
        "fp": 129,
        "fn": 204,
        "f1": 0.36084452975047987,
        "precision": 0.42152466367713004,
        "recall": 0.31543624161073824
    },
    "LegalInstitution": {
        "tp": 439,
        "fp": 71,
        "fn": 63,
        "f1": 0.8675889328063241,
        "precision": 0.8607843137254902,
        "recall": 0.8745019920318725
    },
    "TotalHoldingShares": {
        "tp": 1670,
        "fp": 561,
        "fn": 489,
        "f1": 0.7608200455580866,
        "precision": 0.7485432541461228,
        "recall": 0.7735062528948587
    },
    "TotalHoldingRatio": {
        "tp": 1387,
        "fp": 309,
        "fn": 338,
        "f1": 0.8108740134463608,
        "precision": 0.8178066037735849,
        "recall": 0.8040579710144927
    },
    "StartDate": {
        "tp": 3576,
        "fp": 975,
        "fn": 1455,
        "f1": 0.7463994990607389,
        "precision": 0.7857613711272248,
        "recall": 0.7107930828861061
    },
    "EndDate": {
        "tp": 1021,
        "fp": 545,
        "fn": 489,
        "f1": 0.663849154746424,
        "precision": 0.6519795657726692,
        "recall": 0.676158940397351
    },
    "UnfrozeDate": {
        "tp": 9,
        "fp": 17,
        "fn": 9,
        "f1": 0.40909090909090906,
        "precision": 0.34615384615384615,
        "recall": 0.5
    },
    "CompanyName": {
        "tp": 9567,
        "fp": 406,
        "fn": 515,
        "f1": 0.9540762902019447,
        "precision": 0.9592900832247067,
        "recall": 0.9489188653045031
    },
    "HighestTradingPrice": {
        "tp": 1293,
        "fp": 466,
        "fn": 331,
        "f1": 0.7644102867277565,
        "precision": 0.7350767481523593,
        "recall": 0.7961822660098522
    },
    "LowestTradingPrice": {
        "tp": 841,
        "fp": 196,
        "fn": 199,
        "f1": 0.809821858449687,
        "precision": 0.81099324975892,
        "recall": 0.8086538461538462
    },
    "RepurchasedShares": {
        "tp": 1360,
        "fp": 234,
        "fn": 207,
        "f1": 0.8604871875988611,
        "precision": 0.8531994981179423,
        "recall": 0.8679004467134652
    },
    "ClosingDate": {
        "tp": 919,
        "fp": 471,
        "fn": 729,
        "f1": 0.6050032916392364,
        "precision": 0.6611510791366907,
        "recall": 0.5576456310679612
    },
    "RepurchaseAmount": {
        "tp": 1165,
        "fp": 304,
        "fn": 261,
        "f1": 0.8048359240069084,
        "precision": 0.7930565010211028,
        "recall": 0.8169705469845723
    },
    "TradedShares": {
        "tp": 808,
        "fp": 323,
        "fn": 326,
        "f1": 0.7134657836644591,
        "precision": 0.7144120247568524,
        "recall": 0.7125220458553791
    },
    "LaterHoldingShares": {
        "tp": 106,
        "fp": 210,
        "fn": 315,
        "f1": 0.2876526458616011,
        "precision": 0.33544303797468356,
        "recall": 0.2517814726840855
    },
    "AveragePrice": {
        "tp": 196,
        "fp": 59,
        "fn": 13,
        "f1": 0.8448275862068966,
        "precision": 0.7686274509803922,
        "recall": 0.937799043062201
    },
    "Pledger": {
        "tp": 0,
        "fp": 0,
        "fn": 0,
        "f1": 0,
        "precision": 0,
        "recall": 0
    },
    "PledgedShares": {
        "tp": 2192,
        "fp": 814,
        "fn": 679,
        "f1": 0.7459588225285009,
        "precision": 0.729208250166334,
        "recall": 0.7634970393591083
    },
    "Pledgee": {
        "tp": 2003,
        "fp": 157,
        "fn": 129,
        "f1": 0.9333643988816402,
        "precision": 0.9273148148148148,
        "recall": 0.9394934333958724
    },
    "TotalPledgedShares": {
        "tp": 1146,
        "fp": 499,
        "fn": 224,
        "f1": 0.7601990049751244,
        "precision": 0.6966565349544073,
        "recall": 0.8364963503649635
    },
    "ReleasedDate": {
        "tp": 441,
        "fp": 458,
        "fn": 320,
        "f1": 0.5313253012048192,
        "precision": 0.4905450500556173,
        "recall": 0.5795006570302234
    },
    "StockCode": {
        "tp": 3238,
        "fp": 7,
        "fn": 10,
        "f1": 0.9973817957800708,
        "precision": 0.9978428351309707,
        "recall": 0.9969211822660099
    },
    "StockAbbr": {
        "tp": 4132,
        "fp": 554,
        "fn": 963,
        "f1": 0.844903384112054,
        "precision": 0.8817755014938113,
        "recall": 0.81099116781158
    },
    "precision": 0.8320206163115677,
    "recall": 0.8262922644365943,
    "micro_f1": 0.829146546579133,
    "macro_f1": 0.7053876009285344
}