{
    "EquityHolder": {
        "tp": 8272,
        "fp": 1533,
        "fn": 1341,
        "f1": 0.851992996189103,
        "precision": 0.8436511983681795,
        "recall": 0.8605014043482784
    },
    "FrozeShares": {
        "tp": 104,
        "fp": 118,
        "fn": 194,
        "f1": 0.4,
        "precision": 0.46846846846846846,
        "recall": 0.348993288590604
    },
    "LegalInstitution": {
        "tp": 433,
        "fp": 68,
        "fn": 69,
        "f1": 0.8634097706879361,
        "precision": 0.8642714570858283,
        "recall": 0.8625498007968128
    },
    "TotalHoldingShares": {
        "tp": 1750,
        "fp": 657,
        "fn": 409,
        "f1": 0.7665352606219886,
        "precision": 0.7270461154964686,
        "recall": 0.8105604446503011
    },
    "TotalHoldingRatio": {
        "tp": 1480,
        "fp": 521,
        "fn": 245,
        "f1": 0.7944176060118089,
        "precision": 0.7396301849075462,
        "recall": 0.8579710144927536
    },
    "StartDate": {
        "tp": 3829,
        "fp": 1486,
        "fn": 1202,
        "f1": 0.7401894451962111,
        "precision": 0.7204139228598306,
        "recall": 0.761081295965017
    },
    "EndDate": {
        "tp": 1119,
        "fp": 714,
        "fn": 391,
        "f1": 0.669458570146575,
        "precision": 0.6104746317512275,
        "recall": 0.7410596026490066
    },
    "UnfrozeDate": {
        "tp": 8,
        "fp": 15,
        "fn": 10,
        "f1": 0.3902439024390244,
        "precision": 0.34782608695652173,
        "recall": 0.4444444444444444
    },
    "CompanyName": {
        "tp": 9395,
        "fp": 363,
        "fn": 687,
        "f1": 0.9470766129032259,
        "precision": 0.9627997540479607,
        "recall": 0.9318587581829002
    },
    "HighestTradingPrice": {
        "tp": 996,
        "fp": 1192,
        "fn": 628,
        "f1": 0.5225603357817419,
        "precision": 0.45521023765996343,
        "recall": 0.6133004926108374
    },
    "LowestTradingPrice": {
        "tp": 583,
        "fp": 54,
        "fn": 457,
        "f1": 0.6952892069171139,
        "precision": 0.9152276295133438,
        "recall": 0.5605769230769231
    },
    "RepurchasedShares": {
        "tp": 1375,
        "fp": 250,
        "fn": 192,
        "f1": 0.8615288220551379,
        "precision": 0.8461538461538461,
        "recall": 0.8774728781110402
    },
    "ClosingDate": {
        "tp": 1152,
        "fp": 799,
        "fn": 496,
        "f1": 0.6401778271742151,
        "precision": 0.5904664274730907,
        "recall": 0.6990291262135923
    },
    "RepurchaseAmount": {
        "tp": 1289,
        "fp": 308,
        "fn": 137,
        "f1": 0.8527952365200133,
        "precision": 0.8071383844708829,
        "recall": 0.9039270687237027
    },
    "TradedShares": {
        "tp": 808,
        "fp": 343,
        "fn": 326,
        "f1": 0.7072210065645514,
        "precision": 0.7019982623805386,
        "recall": 0.7125220458553791
    },
    "LaterHoldingShares": {
        "tp": 96,
        "fp": 225,
        "fn": 325,
        "f1": 0.25876010781671155,
        "precision": 0.29906542056074764,
        "recall": 0.22802850356294538
    },
    "AveragePrice": {
        "tp": 194,
        "fp": 80,
        "fn": 15,
        "f1": 0.8033126293995859,
        "precision": 0.708029197080292,
        "recall": 0.9282296650717703
    },
    "Pledger": {
        "tp": 0,
        "fp": 0,
        "fn": 0,
        "f1": 0,
        "precision": 0,
        "recall": 0
    },
    "PledgedShares": {
        "tp": 2249,
        "fp": 876,
        "fn": 622,
        "f1": 0.7501667778519013,
        "precision": 0.71968,
        "recall": 0.7833507488679903
    },
    "Pledgee": {
        "tp": 2000,
        "fp": 152,
        "fn": 132,
        "f1": 0.9337068160597574,
        "precision": 0.929368029739777,
        "recall": 0.9380863039399625
    },
    "TotalPledgedShares": {
        "tp": 1128,
        "fp": 416,
        "fn": 242,
        "f1": 0.7741935483870968,
        "precision": 0.7305699481865285,
        "recall": 0.8233576642335766
    },
    "ReleasedDate": {
        "tp": 484,
        "fp": 454,
        "fn": 277,
        "f1": 0.5697469099470277,
        "precision": 0.5159914712153518,
        "recall": 0.6360052562417872
    },
    "StockCode": {
        "tp": 3238,
        "fp": 6,
        "fn": 10,
        "f1": 0.9975354282193468,
        "precision": 0.9981504315659679,
        "recall": 0.9969211822660099
    },
    "StockAbbr": {
        "tp": 4095,
        "fp": 529,
        "fn": 1000,
        "f1": 0.8426792879925917,
        "precision": 0.8855968858131488,
        "recall": 0.803729146221786
    },
    "precision": 0.8050352924732685,
    "recall": 0.8304556268473794,
    "micro_f1": 0.8175479063165365,
    "macro_f1": 0.6930415877034445
}