{
    "EquityHolder": {
        "tp": 8291,
        "fp": 1392,
        "fn": 1322,
        "f1": 0.8593490878938639,
        "precision": 0.8562428999277083,
        "recall": 0.8624778945178404
    },
    "FrozeShares": {
        "tp": 46,
        "fp": 35,
        "fn": 252,
        "f1": 0.24274406332453824,
        "precision": 0.5679012345679012,
        "recall": 0.15436241610738255
    },
    "LegalInstitution": {
        "tp": 445,
        "fp": 82,
        "fn": 57,
        "f1": 0.8649173955296404,
        "precision": 0.8444022770398482,
        "recall": 0.8864541832669323
    },
    "TotalHoldingShares": {
        "tp": 1682,
        "fp": 776,
        "fn": 477,
        "f1": 0.7286116525882608,
        "precision": 0.6842961757526445,
        "recall": 0.779064381658175
    },
    "TotalHoldingRatio": {
        "tp": 1379,
        "fp": 439,
        "fn": 346,
        "f1": 0.7784363533728479,
        "precision": 0.7585258525852585,
        "recall": 0.7994202898550725
    },
    "StartDate": {
        "tp": 3617,
        "fp": 913,
        "fn": 1414,
        "f1": 0.7566154167974061,
        "precision": 0.7984547461368653,
        "recall": 0.7189425561518584
    },
    "EndDate": {
        "tp": 1021,
        "fp": 497,
        "fn": 489,
        "f1": 0.6743725231175693,
        "precision": 0.6725955204216074,
        "recall": 0.676158940397351
    },
    "UnfrozeDate": {
        "tp": 0,
        "fp": 0,
        "fn": 18,
        "f1": 0,
        "precision": 0,
        "recall": 0
    },
    "CompanyName": {
        "tp": 9716,
        "fp": 442,
        "fn": 366,
        "f1": 0.9600790513833992,
        "precision": 0.9564874975388856,
        "recall": 0.9636976790319381
    },
    "HighestTradingPrice": {
        "tp": 1540,
        "fp": 1277,
        "fn": 84,
        "f1": 0.6935374915559559,
        "precision": 0.546680866169684,
        "recall": 0.9482758620689655
    },
    "LowestTradingPrice": {
        "tp": 0,
        "fp": 0,
        "fn": 1040,
        "f1": 0,
        "precision": 0,
        "recall": 0
    },
    "RepurchasedShares": {
        "tp": 1419,
        "fp": 273,
        "fn": 148,
        "f1": 0.8708192697146364,
        "precision": 0.8386524822695035,
        "recall": 0.9055520102105935
    },
    "ClosingDate": {
        "tp": 1099,
        "fp": 341,
        "fn": 549,
        "f1": 0.7117875647668392,
        "precision": 0.7631944444444444,
        "recall": 0.6668689320388349
    },
    "RepurchaseAmount": {
        "tp": 1116,
        "fp": 184,
        "fn": 310,
        "f1": 0.8187820983125459,
        "precision": 0.8584615384615385,
        "recall": 0.782608695652174
    },
    "TradedShares": {
        "tp": 800,
        "fp": 316,
        "fn": 334,
        "f1": 0.711111111111111,
        "precision": 0.7168458781362007,
        "recall": 0.7054673721340388
    },
    "LaterHoldingShares": {
        "tp": 37,
        "fp": 109,
        "fn": 384,
        "f1": 0.13051146384479717,
        "precision": 0.2534246575342466,
        "recall": 0.08788598574821853
    },
    "AveragePrice": {
        "tp": 200,
        "fp": 96,
        "fn": 9,
        "f1": 0.7920792079207921,
        "precision": 0.6756756756756757,
        "recall": 0.9569377990430622
    },
    "Pledger": {
        "tp": 0,
        "fp": 0,
        "fn": 0,
        "f1": 0,
        "precision": 0,
        "recall": 0
    },
    "PledgedShares": {
        "tp": 2468,
        "fp": 854,
        "fn": 403,
        "f1": 0.7970289036008396,
        "precision": 0.7429259482239615,
        "recall": 0.8596307906652734
    },
    "Pledgee": {
        "tp": 2000,
        "fp": 168,
        "fn": 132,
        "f1": 0.9302325581395349,
        "precision": 0.922509225092251,
        "recall": 0.9380863039399625
    },
    "TotalPledgedShares": {
        "tp": 1185,
        "fp": 424,
        "fn": 185,
        "f1": 0.7955689828801612,
        "precision": 0.7364822871348664,
        "recall": 0.864963503649635
    },
    "ReleasedDate": {
        "tp": 459,
        "fp": 426,
        "fn": 302,
        "f1": 0.5577156743620899,
        "precision": 0.5186440677966102,
        "recall": 0.6031537450722734
    },
    "StockCode": {
        "tp": 3228,
        "fp": 24,
        "fn": 20,
        "f1": 0.9932307692307691,
        "precision": 0.992619926199262,
        "recall": 0.9938423645320197
    },
    "StockAbbr": {
        "tp": 4060,
        "fp": 392,
        "fn": 1035,
        "f1": 0.8505289619775847,
        "precision": 0.9119496855345912,
        "recall": 0.7968596663395485
    },
    "precision": 0.8288340450170081,
    "recall": 0.8256073823084132,
    "micro_f1": 0.8272175671771165,
    "macro_f1": 0.6465858167260495
}