{
    "EquityHolder": {
        "tp": 8415,
        "fp": 1618,
        "fn": 1198,
        "f1": 0.856662933930571,
        "precision": 0.8387321837934815,
        "recall": 0.8753770935191928
    },
    "FrozeShares": {
        "tp": 95,
        "fp": 132,
        "fn": 203,
        "f1": 0.36190476190476184,
        "precision": 0.4185022026431718,
        "recall": 0.3187919463087248
    },
    "LegalInstitution": {
        "tp": 440,
        "fp": 71,
        "fn": 62,
        "f1": 0.8687068114511352,
        "precision": 0.8610567514677103,
        "recall": 0.8764940239043825
    },
    "TotalHoldingShares": {
        "tp": 1756,
        "fp": 709,
        "fn": 403,
        "f1": 0.7595155709342561,
        "precision": 0.7123732251521299,
        "recall": 0.8133395090319593
    },
    "TotalHoldingRatio": {
        "tp": 1446,
        "fp": 428,
        "fn": 279,
        "f1": 0.8035565434843013,
        "precision": 0.7716115261472786,
        "recall": 0.8382608695652174
    },
    "StartDate": {
        "tp": 3849,
        "fp": 1261,
        "fn": 1182,
        "f1": 0.7590967360220885,
        "precision": 0.7532289628180039,
        "recall": 0.7650566487775791
    },
    "EndDate": {
        "tp": 1051,
        "fp": 572,
        "fn": 459,
        "f1": 0.6709224385572933,
        "precision": 0.6475662353666051,
        "recall": 0.6960264900662252
    },
    "UnfrozeDate": {
        "tp": 8,
        "fp": 20,
        "fn": 10,
        "f1": 0.34782608695652173,
        "precision": 0.2857142857142857,
        "recall": 0.4444444444444444
    },
    "CompanyName": {
        "tp": 9499,
        "fp": 386,
        "fn": 583,
        "f1": 0.9514699253768719,
        "precision": 0.9609509357612545,
        "recall": 0.9421741717913112
    },
    "HighestTradingPrice": {
        "tp": 1411,
        "fp": 409,
        "fn": 213,
        "f1": 0.8193960511033682,
        "precision": 0.7752747252747253,
        "recall": 0.8688423645320197
    },
    "LowestTradingPrice": {
        "tp": 852,
        "fp": 143,
        "fn": 188,
        "f1": 0.8373464373464373,
        "precision": 0.8562814070351759,
        "recall": 0.8192307692307692
    },
    "RepurchasedShares": {
        "tp": 1328,
        "fp": 232,
        "fn": 239,
        "f1": 0.8493763991045731,
        "precision": 0.8512820512820513,
        "recall": 0.8474792597319719
    },
    "ClosingDate": {
        "tp": 1081,
        "fp": 665,
        "fn": 567,
        "f1": 0.6370064820271066,
        "precision": 0.6191294387170676,
        "recall": 0.6559466019417476
    },
    "RepurchaseAmount": {
        "tp": 1261,
        "fp": 316,
        "fn": 165,
        "f1": 0.8398268398268398,
        "precision": 0.7996195307545974,
        "recall": 0.8842917251051894
    },
    "TradedShares": {
        "tp": 798,
        "fp": 308,
        "fn": 336,
        "f1": 0.7125,
        "precision": 0.7215189873417721,
        "recall": 0.7037037037037037
    },
    "LaterHoldingShares": {
        "tp": 85,
        "fp": 242,
        "fn": 336,
        "f1": 0.22727272727272727,
        "precision": 0.2599388379204893,
        "recall": 0.20190023752969122
    },
    "AveragePrice": {
        "tp": 192,
        "fp": 50,
        "fn": 17,
        "f1": 0.8514412416851442,
        "precision": 0.7933884297520661,
        "recall": 0.9186602870813397
    },
    "Pledger": {
        "tp": 0,
        "fp": 0,
        "fn": 0,
        "f1": 0,
        "precision": 0,
        "recall": 0
    },
    "PledgedShares": {
        "tp": 2085,
        "fp": 819,
        "fn": 786,
        "f1": 0.7220779220779221,
        "precision": 0.7179752066115702,
        "recall": 0.7262277951933125
    },
    "Pledgee": {
        "tp": 2005,
        "fp": 149,
        "fn": 127,
        "f1": 0.9356042930471302,
        "precision": 0.9308263695450325,
        "recall": 0.9404315196998124
    },
    "TotalPledgedShares": {
        "tp": 1087,
        "fp": 487,
        "fn": 283,
        "f1": 0.7384510869565217,
        "precision": 0.6905972045743329,
        "recall": 0.7934306569343066
    },
    "ReleasedDate": {
        "tp": 431,
        "fp": 330,
        "fn": 330,
        "f1": 0.5663600525624178,
        "precision": 0.5663600525624178,
        "recall": 0.5663600525624178
    },
    "StockCode": {
        "tp": 3234,
        "fp": 7,
        "fn": 14,
        "f1": 0.9967637540453075,
        "precision": 0.9978401727861771,
        "recall": 0.9956896551724138
    },
    "StockAbbr": {
        "tp": 4125,
        "fp": 510,
        "fn": 970,
        "f1": 0.8478931140801644,
        "precision": 0.889967637540453,
        "recall": 0.8096172718351324
    },
    "precision": 0.8251001808574772,
    "recall": 0.838692235599452,
    "micro_f1": 0.8318406892976528,
    "macro_f1": 0.7067074254063943
}