{
    "EquityHolder": {
        "tp": 8201,
        "fp": 1396,
        "fn": 1412,
        "f1": 0.8538261322228007,
        "precision": 0.8545378764197145,
        "recall": 0.8531155726620202
    },
    "FrozeShares": {
        "tp": 112,
        "fp": 164,
        "fn": 186,
        "f1": 0.3902439024390244,
        "precision": 0.4057971014492754,
        "recall": 0.37583892617449666
    },
    "LegalInstitution": {
        "tp": 442,
        "fp": 72,
        "fn": 60,
        "f1": 0.8700787401574802,
        "precision": 0.8599221789883269,
        "recall": 0.8804780876494024
    },
    "TotalHoldingShares": {
        "tp": 1656,
        "fp": 571,
        "fn": 503,
        "f1": 0.7551299589603282,
        "precision": 0.7436012572968118,
        "recall": 0.7670217693376563
    },
    "TotalHoldingRatio": {
        "tp": 1365,
        "fp": 276,
        "fn": 360,
        "f1": 0.8110516934046346,
        "precision": 0.8318098720292505,
        "recall": 0.7913043478260869
    },
    "StartDate": {
        "tp": 3811,
        "fp": 1211,
        "fn": 1220,
        "f1": 0.7581816373221925,
        "precision": 0.7588610115491836,
        "recall": 0.757503478433711
    },
    "EndDate": {
        "tp": 1065,
        "fp": 542,
        "fn": 445,
        "f1": 0.6833493743984601,
        "precision": 0.6627255756067206,
        "recall": 0.7052980132450332
    },
    "UnfrozeDate": {
        "tp": 0,
        "fp": 0,
        "fn": 18,
        "f1": 0,
        "precision": 0,
        "recall": 0
    },
    "CompanyName": {
        "tp": 9535,
        "fp": 338,
        "fn": 547,
        "f1": 0.955650212979203,
        "precision": 0.9657652182720551,
        "recall": 0.9457448918865304
    },
    "HighestTradingPrice": {
        "tp": 1220,
        "fp": 1595,
        "fn": 404,
        "f1": 0.5496733498535706,
        "precision": 0.433392539964476,
        "recall": 0.7512315270935961
    },
    "LowestTradingPrice": {
        "tp": 0,
        "fp": 0,
        "fn": 1040,
        "f1": 0,
        "precision": 0,
        "recall": 0
    },
    "RepurchasedShares": {
        "tp": 1452,
        "fp": 261,
        "fn": 115,
        "f1": 0.8853658536585367,
        "precision": 0.8476357267950964,
        "recall": 0.9266113592852585
    },
    "ClosingDate": {
        "tp": 1007,
        "fp": 646,
        "fn": 641,
        "f1": 0.6101181460163586,
        "precision": 0.6091954022988506,
        "recall": 0.6110436893203883
    },
    "RepurchaseAmount": {
        "tp": 1276,
        "fp": 292,
        "fn": 150,
        "f1": 0.852371409485638,
        "precision": 0.8137755102040817,
        "recall": 0.8948106591865358
    },
    "TradedShares": {
        "tp": 880,
        "fp": 446,
        "fn": 254,
        "f1": 0.7154471544715447,
        "precision": 0.6636500754147813,
        "recall": 0.7760141093474426
    },
    "LaterHoldingShares": {
        "tp": 88,
        "fp": 174,
        "fn": 333,
        "f1": 0.25768667642752563,
        "precision": 0.33587786259541985,
        "recall": 0.20902612826603326
    },
    "AveragePrice": {
        "tp": 199,
        "fp": 83,
        "fn": 10,
        "f1": 0.810590631364562,
        "precision": 0.7056737588652482,
        "recall": 0.9521531100478469
    },
    "Pledger": {
        "tp": 0,
        "fp": 0,
        "fn": 0,
        "f1": 0,
        "precision": 0,
        "recall": 0
    },
    "PledgedShares": {
        "tp": 2364,
        "fp": 874,
        "fn": 507,
        "f1": 0.7739400883941725,
        "precision": 0.7300802964793082,
        "recall": 0.8234064785788924
    },
    "Pledgee": {
        "tp": 2005,
        "fp": 142,
        "fn": 127,
        "f1": 0.9371348445898575,
        "precision": 0.9338612016767582,
        "recall": 0.9404315196998124
    },
    "TotalPledgedShares": {
        "tp": 1129,
        "fp": 405,
        "fn": 241,
        "f1": 0.7775482093663912,
        "precision": 0.7359843546284224,
        "recall": 0.8240875912408759
    },
    "ReleasedDate": {
        "tp": 482,
        "fp": 411,
        "fn": 279,
        "f1": 0.5828295042321645,
        "precision": 0.5397536394176932,
        "recall": 0.633377135348226
    },
    "StockCode": {
        "tp": 3232,
        "fp": 14,
        "fn": 16,
        "f1": 0.995380351093317,
        "precision": 0.9956869993838571,
        "recall": 0.9950738916256158
    },
    "StockAbbr": {
        "tp": 4040,
        "fp": 451,
        "fn": 1055,
        "f1": 0.842895889839349,
        "precision": 0.8995769316410599,
        "recall": 0.7929342492639843
    },
    "precision": 0.8146803755029057,
    "recall": 0.8211556484752361,
    "micro_f1": 0.8179051961690708,
    "macro_f1": 0.6528539066948794
}