{
    "EquityHolder": {
        "tp": 8273,
        "fp": 1510,
        "fn": 1340,
        "f1": 0.8530624871107445,
        "precision": 0.8456506184197077,
        "recall": 0.8606054301466763
    },
    "FrozeShares": {
        "tp": 111,
        "fp": 145,
        "fn": 187,
        "f1": 0.4007220216606498,
        "precision": 0.43359375,
        "recall": 0.3724832214765101
    },
    "LegalInstitution": {
        "tp": 430,
        "fp": 76,
        "fn": 72,
        "f1": 0.8531746031746031,
        "precision": 0.849802371541502,
        "recall": 0.8565737051792829
    },
    "TotalHoldingShares": {
        "tp": 1644,
        "fp": 477,
        "fn": 515,
        "f1": 0.7682242990654206,
        "precision": 0.7751060820367751,
        "recall": 0.76146364057434
    },
    "TotalHoldingRatio": {
        "tp": 1375,
        "fp": 310,
        "fn": 350,
        "f1": 0.8064516129032258,
        "precision": 0.8160237388724035,
        "recall": 0.7971014492753623
    },
    "StartDate": {
        "tp": 3872,
        "fp": 1567,
        "fn": 1159,
        "f1": 0.7396370582617001,
        "precision": 0.7118955690384262,
        "recall": 0.7696283045120255
    },
    "EndDate": {
        "tp": 1120,
        "fp": 774,
        "fn": 390,
        "f1": 0.6580493537015276,
        "precision": 0.5913410770855333,
        "recall": 0.7417218543046358
    },
    "UnfrozeDate": {
        "tp": 9,
        "fp": 23,
        "fn": 9,
        "f1": 0.36,
        "precision": 0.28125,
        "recall": 0.5
    },
    "CompanyName": {
        "tp": 9628,
        "fp": 390,
        "fn": 454,
        "f1": 0.9580099502487561,
        "precision": 0.9610700738670394,
        "recall": 0.9549692521325134
    },
    "HighestTradingPrice": {
        "tp": 1019,
        "fp": 575,
        "fn": 605,
        "f1": 0.6333126165320074,
        "precision": 0.6392722710163111,
        "recall": 0.6274630541871922
    },
    "LowestTradingPrice": {
        "tp": 874,
        "fp": 360,
        "fn": 166,
        "f1": 0.7686895338610379,
        "precision": 0.7082658022690438,
        "recall": 0.8403846153846154
    },
    "RepurchasedShares": {
        "tp": 1312,
        "fp": 249,
        "fn": 255,
        "f1": 0.8388746803069054,
        "precision": 0.840486867392697,
        "recall": 0.8372686662412253
    },
    "ClosingDate": {
        "tp": 966,
        "fp": 600,
        "fn": 682,
        "f1": 0.6011200995644057,
        "precision": 0.6168582375478927,
        "recall": 0.5861650485436893
    },
    "RepurchaseAmount": {
        "tp": 1220,
        "fp": 296,
        "fn": 206,
        "f1": 0.8293677770224337,
        "precision": 0.8047493403693932,
        "recall": 0.8555399719495091
    },
    "TradedShares": {
        "tp": 762,
        "fp": 303,
        "fn": 372,
        "f1": 0.6930422919508868,
        "precision": 0.7154929577464789,
        "recall": 0.671957671957672
    },
    "LaterHoldingShares": {
        "tp": 108,
        "fp": 233,
        "fn": 313,
        "f1": 0.2834645669291339,
        "precision": 0.31671554252199413,
        "recall": 0.25653206650831356
    },
    "AveragePrice": {
        "tp": 187,
        "fp": 63,
        "fn": 22,
        "f1": 0.8148148148148149,
        "precision": 0.748,
        "recall": 0.8947368421052632
    },
    "Pledger": {
        "tp": 0,
        "fp": 0,
        "fn": 0,
        "f1": 0,
        "precision": 0,
        "recall": 0
    },
    "PledgedShares": {
        "tp": 2211,
        "fp": 841,
        "fn": 660,
        "f1": 0.7465811244301873,
        "precision": 0.7244429882044561,
        "recall": 0.7701149425287356
    },
    "Pledgee": {
        "tp": 2009,
        "fp": 155,
        "fn": 123,
        "f1": 0.9352886405959031,
        "precision": 0.928373382624769,
        "recall": 0.9423076923076923
    },
    "TotalPledgedShares": {
        "tp": 1019,
        "fp": 454,
        "fn": 351,
        "f1": 0.7168483995779107,
        "precision": 0.691785471826205,
        "recall": 0.7437956204379562
    },
    "ReleasedDate": {
        "tp": 398,
        "fp": 430,
        "fn": 363,
        "f1": 0.500943989930774,
        "precision": 0.4806763285024155,
        "recall": 0.5229960578186597
    },
    "StockCode": {
        "tp": 3235,
        "fp": 7,
        "fn": 13,
        "f1": 0.9969183359013867,
        "precision": 0.9978408389882788,
        "recall": 0.9959975369458128
    },
    "StockAbbr": {
        "tp": 4008,
        "fp": 498,
        "fn": 1087,
        "f1": 0.8349130298927194,
        "precision": 0.8894806924101198,
        "recall": 0.7866535819430814
    },
    "precision": 0.8158429248476642,
    "recall": 0.8252829644582221,
    "micro_f1": 0.8205357942836663,
    "macro_f1": 0.6913129703098805
}