{
    "EquityHolder": {
        "tp": 8367,
        "fp": 1425,
        "fn": 1246,
        "f1": 0.8623550631280599,
        "precision": 0.8544730392156863,
        "recall": 0.8703838551960886
    },
    "FrozeShares": {
        "tp": 92,
        "fp": 117,
        "fn": 206,
        "f1": 0.36291913214990135,
        "precision": 0.44019138755980863,
        "recall": 0.3087248322147651
    },
    "LegalInstitution": {
        "tp": 441,
        "fp": 69,
        "fn": 61,
        "f1": 0.8715415019762845,
        "precision": 0.8647058823529412,
        "recall": 0.8784860557768924
    },
    "TotalHoldingShares": {
        "tp": 1679,
        "fp": 590,
        "fn": 480,
        "f1": 0.7583559168925023,
        "precision": 0.7399735566328779,
        "recall": 0.777674849467346
    },
    "TotalHoldingRatio": {
        "tp": 1417,
        "fp": 357,
        "fn": 308,
        "f1": 0.8099456987710774,
        "precision": 0.7987598647125141,
        "recall": 0.8214492753623188
    },
    "StartDate": {
        "tp": 3744,
        "fp": 1066,
        "fn": 1287,
        "f1": 0.7608982826948482,
        "precision": 0.7783783783783784,
        "recall": 0.7441860465116279
    },
    "EndDate": {
        "tp": 1064,
        "fp": 555,
        "fn": 446,
        "f1": 0.6800894854586129,
        "precision": 0.6571957998764669,
        "recall": 0.704635761589404
    },
    "UnfrozeDate": {
        "tp": 0,
        "fp": 0,
        "fn": 18,
        "f1": 0,
        "precision": 0,
        "recall": 0
    },
    "CompanyName": {
        "tp": 8993,
        "fp": 512,
        "fn": 1089,
        "f1": 0.9182621126257211,
        "precision": 0.9461336138874277,
        "recall": 0.8919857171196192
    },
    "HighestTradingPrice": {
        "tp": 1292,
        "fp": 1520,
        "fn": 332,
        "f1": 0.5825067628494139,
        "precision": 0.4594594594594595,
        "recall": 0.7955665024630542
    },
    "LowestTradingPrice": {
        "tp": 0,
        "fp": 0,
        "fn": 1040,
        "f1": 0,
        "precision": 0,
        "recall": 0
    },
    "RepurchasedShares": {
        "tp": 1432,
        "fp": 240,
        "fn": 135,
        "f1": 0.8842235257795615,
        "precision": 0.8564593301435407,
        "recall": 0.9138481174218251
    },
    "ClosingDate": {
        "tp": 1062,
        "fp": 690,
        "fn": 586,
        "f1": 0.6247058823529411,
        "precision": 0.6061643835616438,
        "recall": 0.6444174757281553
    },
    "RepurchaseAmount": {
        "tp": 1244,
        "fp": 292,
        "fn": 182,
        "f1": 0.8399729912221472,
        "precision": 0.8098958333333334,
        "recall": 0.8723702664796634
    },
    "TradedShares": {
        "tp": 860,
        "fp": 366,
        "fn": 274,
        "f1": 0.7288135593220338,
        "precision": 0.7014681892332789,
        "recall": 0.7583774250440917
    },
    "LaterHoldingShares": {
        "tp": 77,
        "fp": 159,
        "fn": 344,
        "f1": 0.23439878234398784,
        "precision": 0.326271186440678,
        "recall": 0.1828978622327791
    },
    "AveragePrice": {
        "tp": 200,
        "fp": 85,
        "fn": 9,
        "f1": 0.8097165991902834,
        "precision": 0.7017543859649122,
        "recall": 0.9569377990430622
    },
    "Pledger": {
        "tp": 0,
        "fp": 0,
        "fn": 0,
        "f1": 0,
        "precision": 0,
        "recall": 0
    },
    "PledgedShares": {
        "tp": 2395,
        "fp": 876,
        "fn": 476,
        "f1": 0.7798762618039726,
        "precision": 0.732191990217059,
        "recall": 0.834204110066179
    },
    "Pledgee": {
        "tp": 1998,
        "fp": 147,
        "fn": 134,
        "f1": 0.9342997428103812,
        "precision": 0.9314685314685315,
        "recall": 0.9371482176360225
    },
    "TotalPledgedShares": {
        "tp": 1125,
        "fp": 426,
        "fn": 245,
        "f1": 0.7702841492639508,
        "precision": 0.7253384912959381,
        "recall": 0.8211678832116789
    },
    "ReleasedDate": {
        "tp": 471,
        "fp": 400,
        "fn": 290,
        "f1": 0.5772058823529411,
        "precision": 0.5407577497129736,
        "recall": 0.6189224704336399
    },
    "StockCode": {
        "tp": 3234,
        "fp": 10,
        "fn": 14,
        "f1": 0.9963031423290204,
        "precision": 0.9969173859432799,
        "recall": 0.9956896551724138
    },
    "StockAbbr": {
        "tp": 4045,
        "fp": 501,
        "fn": 1050,
        "f1": 0.8391245721398196,
        "precision": 0.8897932248130225,
        "recall": 0.7939156035328754
    },
    "precision": 0.8130133908510829,
    "recall": 0.8152260111022998,
    "micro_f1": 0.8141181976079698,
    "macro_f1": 0.6510749603107276
}