{
    "EquityHolder": {
        "tp": 8524,
        "fp": 1663,
        "fn": 1089,
        "f1": 0.861010101010101,
        "precision": 0.8367527240600766,
        "recall": 0.886715905544575
    },
    "FrozeShares": {
        "tp": 40,
        "fp": 71,
        "fn": 258,
        "f1": 0.19559902200488996,
        "precision": 0.36036036036036034,
        "recall": 0.1342281879194631
    },
    "LegalInstitution": {
        "tp": 455,
        "fp": 90,
        "fn": 47,
        "f1": 0.8691499522445081,
        "precision": 0.8348623853211009,
        "recall": 0.9063745019920318
    },
    "TotalHoldingShares": {
        "tp": 1760,
        "fp": 930,
        "fn": 399,
        "f1": 0.7259228706949887,
        "precision": 0.654275092936803,
        "recall": 0.8151922186197313
    },
    "TotalHoldingRatio": {
        "tp": 1419,
        "fp": 397,
        "fn": 306,
        "f1": 0.8014685117198532,
        "precision": 0.7813876651982379,
        "recall": 0.8226086956521739
    },
    "StartDate": {
        "tp": 4051,
        "fp": 1918,
        "fn": 980,
        "f1": 0.7365454545454546,
        "precision": 0.6786731445803317,
        "recall": 0.8052077121844564
    },
    "EndDate": {
        "tp": 913,
        "fp": 375,
        "fn": 597,
        "f1": 0.6526090064331665,
        "precision": 0.7088509316770186,
        "recall": 0.604635761589404
    },
    "UnfrozeDate": {
        "tp": 3,
        "fp": 6,
        "fn": 15,
        "f1": 0.2222222222222222,
        "precision": 0.3333333333333333,
        "recall": 0.16666666666666666
    },
    "CompanyName": {
        "tp": 9308,
        "fp": 471,
        "fn": 774,
        "f1": 0.9373143346256484,
        "precision": 0.9518355660087944,
        "recall": 0.9232295179527872
    },
    "HighestTradingPrice": {
        "tp": 1263,
        "fp": 331,
        "fn": 361,
        "f1": 0.7849596022374146,
        "precision": 0.7923462986198243,
        "recall": 0.7777093596059114
    },
    "LowestTradingPrice": {
        "tp": 866,
        "fp": 248,
        "fn": 174,
        "f1": 0.8040854224698236,
        "precision": 0.77737881508079,
        "recall": 0.8326923076923077
    },
    "RepurchasedShares": {
        "tp": 1210,
        "fp": 172,
        "fn": 357,
        "f1": 0.8206171583587657,
        "precision": 0.8755426917510853,
        "recall": 0.7721761327377153
    },
    "ClosingDate": {
        "tp": 941,
        "fp": 254,
        "fn": 707,
        "f1": 0.6619767850861765,
        "precision": 0.7874476987447698,
        "recall": 0.570995145631068
    },
    "RepurchaseAmount": {
        "tp": 850,
        "fp": 90,
        "fn": 576,
        "f1": 0.7185122569737955,
        "precision": 0.9042553191489362,
        "recall": 0.5960729312762973
    },
    "TradedShares": {
        "tp": 928,
        "fp": 480,
        "fn": 206,
        "f1": 0.7301337529504326,
        "precision": 0.6590909090909091,
        "recall": 0.818342151675485
    },
    "LaterHoldingShares": {
        "tp": 85,
        "fp": 157,
        "fn": 336,
        "f1": 0.2564102564102564,
        "precision": 0.3512396694214876,
        "recall": 0.20190023752969122
    },
    "AveragePrice": {
        "tp": 196,
        "fp": 49,
        "fn": 13,
        "f1": 0.8634361233480177,
        "precision": 0.8,
        "recall": 0.937799043062201
    },
    "Pledger": {
        "tp": 0,
        "fp": 0,
        "fn": 0,
        "f1": 0,
        "precision": 0,
        "recall": 0
    },
    "PledgedShares": {
        "tp": 2254,
        "fp": 985,
        "fn": 617,
        "f1": 0.7378068739770867,
        "precision": 0.6958937943809818,
        "recall": 0.7850923023336817
    },
    "Pledgee": {
        "tp": 1997,
        "fp": 178,
        "fn": 135,
        "f1": 0.9273276062224287,
        "precision": 0.9181609195402299,
        "recall": 0.9366791744840526
    },
    "TotalPledgedShares": {
        "tp": 1071,
        "fp": 293,
        "fn": 299,
        "f1": 0.7834674469641552,
        "precision": 0.7851906158357771,
        "recall": 0.7817518248175183
    },
    "ReleasedDate": {
        "tp": 365,
        "fp": 180,
        "fn": 396,
        "f1": 0.5589586523736599,
        "precision": 0.6697247706422018,
        "recall": 0.47963206307490147
    },
    "StockCode": {
        "tp": 3234,
        "fp": 26,
        "fn": 14,
        "f1": 0.9938537185003072,
        "precision": 0.9920245398773007,
        "recall": 0.9956896551724138
    },
    "StockAbbr": {
        "tp": 4350,
        "fp": 996,
        "fn": 745,
        "f1": 0.8332535197777989,
        "precision": 0.813692480359147,
        "recall": 0.8537782139352306
    },
    "precision": 0.8164519958187907,
    "recall": 0.8305637661307764,
    "micro_f1": 0.8234474255541558,
    "macro_f1": 0.6865266937979562
}