{
    "EquityHolder": {
        "tp": 8221,
        "fp": 1434,
        "fn": 1392,
        "f1": 0.853331949346066,
        "precision": 0.851475919212843,
        "recall": 0.8551960886299802
    },
    "FrozeShares": {
        "tp": 111,
        "fp": 148,
        "fn": 187,
        "f1": 0.3985637342908438,
        "precision": 0.42857142857142855,
        "recall": 0.3724832214765101
    },
    "LegalInstitution": {
        "tp": 440,
        "fp": 63,
        "fn": 62,
        "f1": 0.8756218905472636,
        "precision": 0.8747514910536779,
        "recall": 0.8764940239043825
    },
    "TotalHoldingShares": {
        "tp": 1690,
        "fp": 469,
        "fn": 469,
        "f1": 0.7827698008337194,
        "precision": 0.7827698008337193,
        "recall": 0.7827698008337193
    },
    "TotalHoldingRatio": {
        "tp": 1453,
        "fp": 402,
        "fn": 272,
        "f1": 0.811731843575419,
        "precision": 0.783288409703504,
        "recall": 0.8423188405797102
    },
    "StartDate": {
        "tp": 3823,
        "fp": 1270,
        "fn": 1208,
        "f1": 0.7552350849466615,
        "precision": 0.7506381307677203,
        "recall": 0.7598886901212483
    },
    "EndDate": {
        "tp": 1008,
        "fp": 518,
        "fn": 502,
        "f1": 0.6640316205533597,
        "precision": 0.6605504587155964,
        "recall": 0.6675496688741722
    },
    "UnfrozeDate": {
        "tp": 10,
        "fp": 24,
        "fn": 8,
        "f1": 0.3846153846153846,
        "precision": 0.29411764705882354,
        "recall": 0.5555555555555556
    },
    "CompanyName": {
        "tp": 9651,
        "fp": 395,
        "fn": 431,
        "f1": 0.9589626391096979,
        "precision": 0.960680868007167,
        "recall": 0.9572505455266812
    },
    "HighestTradingPrice": {
        "tp": 1267,
        "fp": 319,
        "fn": 357,
        "f1": 0.7894080996884736,
        "precision": 0.7988650693568726,
        "recall": 0.7801724137931034
    },
    "LowestTradingPrice": {
        "tp": 887,
        "fp": 299,
        "fn": 153,
        "f1": 0.7969451931716082,
        "precision": 0.7478920741989882,
        "recall": 0.8528846153846154
    },
    "RepurchasedShares": {
        "tp": 1414,
        "fp": 227,
        "fn": 153,
        "f1": 0.8815461346633416,
        "precision": 0.8616697135892748,
        "recall": 0.9023611997447352
    },
    "ClosingDate": {
        "tp": 1090,
        "fp": 598,
        "fn": 558,
        "f1": 0.6534772182254196,
        "precision": 0.6457345971563981,
        "recall": 0.6614077669902912
    },
    "RepurchaseAmount": {
        "tp": 1254,
        "fp": 312,
        "fn": 172,
        "f1": 0.8382352941176471,
        "precision": 0.8007662835249042,
        "recall": 0.879382889200561
    },
    "TradedShares": {
        "tp": 827,
        "fp": 342,
        "fn": 307,
        "f1": 0.7181936604429006,
        "precision": 0.7074422583404619,
        "recall": 0.7292768959435626
    },
    "LaterHoldingShares": {
        "tp": 90,
        "fp": 220,
        "fn": 331,
        "f1": 0.24623803009575923,
        "precision": 0.2903225806451613,
        "recall": 0.21377672209026127
    },
    "AveragePrice": {
        "tp": 191,
        "fp": 66,
        "fn": 18,
        "f1": 0.8197424892703863,
        "precision": 0.7431906614785992,
        "recall": 0.9138755980861244
    },
    "Pledger": {
        "tp": 0,
        "fp": 0,
        "fn": 0,
        "f1": 0,
        "precision": 0,
        "recall": 0
    },
    "PledgedShares": {
        "tp": 2302,
        "fp": 830,
        "fn": 569,
        "f1": 0.7669498584041313,
        "precision": 0.7349936143039592,
        "recall": 0.801811215604319
    },
    "Pledgee": {
        "tp": 2015,
        "fp": 183,
        "fn": 117,
        "f1": 0.9307159353348731,
        "precision": 0.9167424931756142,
        "recall": 0.9451219512195121
    },
    "TotalPledgedShares": {
        "tp": 1147,
        "fp": 575,
        "fn": 223,
        "f1": 0.7419146183699871,
        "precision": 0.6660859465737514,
        "recall": 0.8372262773722627
    },
    "ReleasedDate": {
        "tp": 406,
        "fp": 344,
        "fn": 355,
        "f1": 0.5373924553275976,
        "precision": 0.5413333333333333,
        "recall": 0.533508541392904
    },
    "StockCode": {
        "tp": 3235,
        "fp": 9,
        "fn": 13,
        "f1": 0.996611213801602,
        "precision": 0.9972256473489519,
        "recall": 0.9959975369458128
    },
    "StockAbbr": {
        "tp": 4183,
        "fp": 665,
        "fn": 912,
        "f1": 0.8413959569546414,
        "precision": 0.8628300330033003,
        "recall": 0.8210009813542689
    },
    "precision": 0.827883814485973,
    "recall": 0.8419544373152621,
    "micro_f1": 0.8348598439831652,
    "macro_f1": 0.7101512544036162
}