{
    "EquityHolder": {
        "tp": 8462,
        "fp": 1508,
        "fn": 1151,
        "f1": 0.8642189654291988,
        "precision": 0.8487462387161484,
        "recall": 0.8802663060438989
    },
    "FrozeShares": {
        "tp": 148,
        "fp": 217,
        "fn": 150,
        "f1": 0.44645550527903466,
        "precision": 0.4054794520547945,
        "recall": 0.4966442953020134
    },
    "LegalInstitution": {
        "tp": 447,
        "fp": 78,
        "fn": 55,
        "f1": 0.8704965920155793,
        "precision": 0.8514285714285714,
        "recall": 0.8904382470119522
    },
    "TotalHoldingShares": {
        "tp": 1674,
        "fp": 606,
        "fn": 485,
        "f1": 0.7542239243072763,
        "precision": 0.7342105263157894,
        "recall": 0.7753589624826308
    },
    "TotalHoldingRatio": {
        "tp": 1462,
        "fp": 436,
        "fn": 263,
        "f1": 0.8070659674303063,
        "precision": 0.7702845100105374,
        "recall": 0.847536231884058
    },
    "StartDate": {
        "tp": 3800,
        "fp": 1198,
        "fn": 1231,
        "f1": 0.7578023731179578,
        "precision": 0.7603041216486595,
        "recall": 0.7553170343868019
    },
    "EndDate": {
        "tp": 964,
        "fp": 494,
        "fn": 546,
        "f1": 0.6495956873315364,
        "precision": 0.6611796982167353,
        "recall": 0.6384105960264901
    },
    "UnfrozeDate": {
        "tp": 6,
        "fp": 31,
        "fn": 12,
        "f1": 0.2181818181818182,
        "precision": 0.16216216216216217,
        "recall": 0.3333333333333333
    },
    "CompanyName": {
        "tp": 9623,
        "fp": 346,
        "fn": 459,
        "f1": 0.9598523764400777,
        "precision": 0.9652924064600261,
        "recall": 0.9544733187859552
    },
    "HighestTradingPrice": {
        "tp": 1406,
        "fp": 280,
        "fn": 218,
        "f1": 0.8495468277945619,
        "precision": 0.833926453143535,
        "recall": 0.8657635467980296
    },
    "LowestTradingPrice": {
        "tp": 723,
        "fp": 184,
        "fn": 317,
        "f1": 0.7426810477657936,
        "precision": 0.7971334068357222,
        "recall": 0.6951923076923077
    },
    "RepurchasedShares": {
        "tp": 1206,
        "fp": 217,
        "fn": 361,
        "f1": 0.8066889632107024,
        "precision": 0.8475052705551651,
        "recall": 0.7696234843650287
    },
    "ClosingDate": {
        "tp": 695,
        "fp": 311,
        "fn": 953,
        "f1": 0.5237377543330821,
        "precision": 0.6908548707753479,
        "recall": 0.4217233009708738
    },
    "RepurchaseAmount": {
        "tp": 1158,
        "fp": 285,
        "fn": 268,
        "f1": 0.8072499128616242,
        "precision": 0.8024948024948025,
        "recall": 0.8120617110799438
    },
    "TradedShares": {
        "tp": 805,
        "fp": 352,
        "fn": 329,
        "f1": 0.7027498908773462,
        "precision": 0.6957649092480553,
        "recall": 0.7098765432098766
    },
    "LaterHoldingShares": {
        "tp": 88,
        "fp": 212,
        "fn": 333,
        "f1": 0.24410540915395282,
        "precision": 0.29333333333333333,
        "recall": 0.20902612826603326
    },
    "AveragePrice": {
        "tp": 186,
        "fp": 75,
        "fn": 23,
        "f1": 0.7914893617021276,
        "precision": 0.7126436781609196,
        "recall": 0.8899521531100478
    },
    "Pledger": {
        "tp": 0,
        "fp": 0,
        "fn": 0,
        "f1": 0,
        "precision": 0,
        "recall": 0
    },
    "PledgedShares": {
        "tp": 2416,
        "fp": 919,
        "fn": 455,
        "f1": 0.7786013535288431,
        "precision": 0.7244377811094452,
        "recall": 0.8415186346220829
    },
    "Pledgee": {
        "tp": 1967,
        "fp": 198,
        "fn": 165,
        "f1": 0.9155224575285082,
        "precision": 0.9085450346420323,
        "recall": 0.9226078799249531
    },
    "TotalPledgedShares": {
        "tp": 1001,
        "fp": 300,
        "fn": 369,
        "f1": 0.7495320104829652,
        "precision": 0.7694081475787855,
        "recall": 0.7306569343065693
    },
    "ReleasedDate": {
        "tp": 435,
        "fp": 358,
        "fn": 326,
        "f1": 0.5598455598455598,
        "precision": 0.5485498108448928,
        "recall": 0.5716162943495401
    },
    "StockCode": {
        "tp": 3236,
        "fp": 23,
        "fn": 12,
        "f1": 0.9946211771937913,
        "precision": 0.9929426204357165,
        "recall": 0.9963054187192119
    },
    "StockAbbr": {
        "tp": 4122,
        "fp": 726,
        "fn": 973,
        "f1": 0.8291260183043347,
        "precision": 0.8502475247524752,
        "recall": 0.8090284592737979
    },
    "precision": 0.8311064567384082,
    "recall": 0.8296085357941028,
    "micro_f1": 0.8303568207237436,
    "macro_f1": 0.6926412897548325
}