{
    "EquityHolder": {
        "tp": 8097,
        "fp": 1363,
        "fn": 1516,
        "f1": 0.84905363602999,
        "precision": 0.8559196617336152,
        "recall": 0.8422968896286279
    },
    "FrozeShares": {
        "tp": 89,
        "fp": 138,
        "fn": 209,
        "f1": 0.33904761904761904,
        "precision": 0.3920704845814978,
        "recall": 0.2986577181208054
    },
    "LegalInstitution": {
        "tp": 432,
        "fp": 66,
        "fn": 70,
        "f1": 0.864,
        "precision": 0.8674698795180723,
        "recall": 0.8605577689243028
    },
    "TotalHoldingShares": {
        "tp": 1702,
        "fp": 532,
        "fn": 457,
        "f1": 0.774869109947644,
        "precision": 0.7618621307072516,
        "recall": 0.7883279295970357
    },
    "TotalHoldingRatio": {
        "tp": 1427,
        "fp": 351,
        "fn": 298,
        "f1": 0.814730231230374,
        "precision": 0.8025871766029247,
        "recall": 0.8272463768115942
    },
    "StartDate": {
        "tp": 3519,
        "fp": 1065,
        "fn": 1512,
        "f1": 0.7319812792511701,
        "precision": 0.7676701570680629,
        "recall": 0.6994633273703041
    },
    "EndDate": {
        "tp": 992,
        "fp": 589,
        "fn": 518,
        "f1": 0.6418634746036881,
        "precision": 0.6274509803921569,
        "recall": 0.6569536423841059
    },
    "UnfrozeDate": {
        "tp": 10,
        "fp": 32,
        "fn": 8,
        "f1": 0.33333333333333326,
        "precision": 0.23809523809523808,
        "recall": 0.5555555555555556
    },
    "CompanyName": {
        "tp": 9448,
        "fp": 327,
        "fn": 634,
        "f1": 0.9516039683738733,
        "precision": 0.9665473145780051,
        "recall": 0.9371156516564174
    },
    "HighestTradingPrice": {
        "tp": 1017,
        "fp": 484,
        "fn": 607,
        "f1": 0.65088,
        "precision": 0.6775483011325782,
        "recall": 0.6262315270935961
    },
    "LowestTradingPrice": {
        "tp": 854,
        "fp": 406,
        "fn": 186,
        "f1": 0.7426086956521739,
        "precision": 0.6777777777777778,
        "recall": 0.8211538461538461
    },
    "RepurchasedShares": {
        "tp": 1418,
        "fp": 231,
        "fn": 149,
        "f1": 0.8818407960199005,
        "precision": 0.8599151000606429,
        "recall": 0.9049138481174218
    },
    "ClosingDate": {
        "tp": 1220,
        "fp": 689,
        "fn": 428,
        "f1": 0.6859713241495643,
        "precision": 0.6390780513357779,
        "recall": 0.7402912621359223
    },
    "RepurchaseAmount": {
        "tp": 1241,
        "fp": 327,
        "fn": 185,
        "f1": 0.8289913159652638,
        "precision": 0.7914540816326531,
        "recall": 0.8702664796633941
    },
    "TradedShares": {
        "tp": 814,
        "fp": 316,
        "fn": 320,
        "f1": 0.7190812720848058,
        "precision": 0.720353982300885,
        "recall": 0.7178130511463845
    },
    "LaterHoldingShares": {
        "tp": 108,
        "fp": 291,
        "fn": 313,
        "f1": 0.2634146341463415,
        "precision": 0.2706766917293233,
        "recall": 0.25653206650831356
    },
    "AveragePrice": {
        "tp": 190,
        "fp": 61,
        "fn": 19,
        "f1": 0.8260869565217391,
        "precision": 0.7569721115537849,
        "recall": 0.9090909090909091
    },
    "Pledger": {
        "tp": 0,
        "fp": 0,
        "fn": 0,
        "f1": 0,
        "precision": 0,
        "recall": 0
    },
    "PledgedShares": {
        "tp": 2354,
        "fp": 845,
        "fn": 517,
        "f1": 0.7756177924217462,
        "precision": 0.7358549546733354,
        "recall": 0.8199233716475096
    },
    "Pledgee": {
        "tp": 2009,
        "fp": 142,
        "fn": 123,
        "f1": 0.9381274807378005,
        "precision": 0.9339841933984193,
        "recall": 0.9423076923076923
    },
    "TotalPledgedShares": {
        "tp": 1083,
        "fp": 406,
        "fn": 287,
        "f1": 0.757607555089192,
        "precision": 0.7273337810611148,
        "recall": 0.7905109489051095
    },
    "ReleasedDate": {
        "tp": 432,
        "fp": 558,
        "fn": 329,
        "f1": 0.49343232438606516,
        "precision": 0.43636363636363634,
        "recall": 0.5676741130091985
    },
    "StockCode": {
        "tp": 3234,
        "fp": 10,
        "fn": 14,
        "f1": 0.9963031423290204,
        "precision": 0.9969173859432799,
        "recall": 0.9956896551724138
    },
    "StockAbbr": {
        "tp": 4057,
        "fp": 565,
        "fn": 1038,
        "f1": 0.8350313882885664,
        "precision": 0.8777585460839463,
        "recall": 0.7962708537782139
    },
    "precision": 0.8236617993914406,
    "recall": 0.8245079662605436,
    "micro_f1": 0.8240846656158523,
    "macro_f1": 0.6956448887337445
}