{
    "EquityHolder": {
        "tp": 8275,
        "fp": 1586,
        "fn": 1338,
        "f1": 0.8498510834959432,
        "precision": 0.8391643849508164,
        "recall": 0.8608134817434724
    },
    "FrozeShares": {
        "tp": 115,
        "fp": 165,
        "fn": 183,
        "f1": 0.397923875432526,
        "precision": 0.4107142857142857,
        "recall": 0.3859060402684564
    },
    "LegalInstitution": {
        "tp": 452,
        "fp": 55,
        "fn": 50,
        "f1": 0.8959365708622399,
        "precision": 0.8915187376725838,
        "recall": 0.900398406374502
    },
    "TotalHoldingShares": {
        "tp": 1713,
        "fp": 519,
        "fn": 446,
        "f1": 0.7802322933272602,
        "precision": 0.7674731182795699,
        "recall": 0.793422880963409
    },
    "TotalHoldingRatio": {
        "tp": 1431,
        "fp": 373,
        "fn": 294,
        "f1": 0.8109946160385378,
        "precision": 0.7932372505543237,
        "recall": 0.8295652173913044
    },
    "StartDate": {
        "tp": 3726,
        "fp": 1221,
        "fn": 1305,
        "f1": 0.7468430547203848,
        "precision": 0.7531837477258945,
        "recall": 0.740608228980322
    },
    "EndDate": {
        "tp": 969,
        "fp": 449,
        "fn": 541,
        "f1": 0.6618852459016394,
        "precision": 0.6833568406205924,
        "recall": 0.6417218543046358
    },
    "UnfrozeDate": {
        "tp": 10,
        "fp": 31,
        "fn": 8,
        "f1": 0.33898305084745767,
        "precision": 0.24390243902439024,
        "recall": 0.5555555555555556
    },
    "CompanyName": {
        "tp": 9715,
        "fp": 430,
        "fn": 367,
        "f1": 0.9605972215355714,
        "precision": 0.9576145884672252,
        "recall": 0.9635984923626265
    },
    "HighestTradingPrice": {
        "tp": 1178,
        "fp": 347,
        "fn": 446,
        "f1": 0.7481740234995237,
        "precision": 0.7724590163934426,
        "recall": 0.7253694581280788
    },
    "LowestTradingPrice": {
        "tp": 895,
        "fp": 398,
        "fn": 145,
        "f1": 0.7672524646378054,
        "precision": 0.6921887084300077,
        "recall": 0.8605769230769231
    },
    "RepurchasedShares": {
        "tp": 1463,
        "fp": 259,
        "fn": 104,
        "f1": 0.8896321070234112,
        "precision": 0.8495934959349594,
        "recall": 0.9336311423101468
    },
    "ClosingDate": {
        "tp": 1181,
        "fp": 646,
        "fn": 467,
        "f1": 0.6797122302158273,
        "precision": 0.6464148877941981,
        "recall": 0.716626213592233
    },
    "RepurchaseAmount": {
        "tp": 1283,
        "fp": 342,
        "fn": 143,
        "f1": 0.8410357259914782,
        "precision": 0.7895384615384615,
        "recall": 0.8997194950911641
    },
    "TradedShares": {
        "tp": 862,
        "fp": 382,
        "fn": 272,
        "f1": 0.7249789739276704,
        "precision": 0.6929260450160771,
        "recall": 0.7601410934744268
    },
    "LaterHoldingShares": {
        "tp": 102,
        "fp": 257,
        "fn": 319,
        "f1": 0.26153846153846155,
        "precision": 0.2841225626740947,
        "recall": 0.24228028503562946
    },
    "AveragePrice": {
        "tp": 193,
        "fp": 64,
        "fn": 16,
        "f1": 0.8283261802575107,
        "precision": 0.7509727626459144,
        "recall": 0.9234449760765551
    },
    "Pledger": {
        "tp": 0,
        "fp": 0,
        "fn": 0,
        "f1": 0,
        "precision": 0,
        "recall": 0
    },
    "PledgedShares": {
        "tp": 2409,
        "fp": 850,
        "fn": 462,
        "f1": 0.7859706362153345,
        "precision": 0.7391837987112612,
        "recall": 0.8390804597701149
    },
    "Pledgee": {
        "tp": 2022,
        "fp": 167,
        "fn": 110,
        "f1": 0.935894468872946,
        "precision": 0.9237094563727729,
        "recall": 0.948405253283302
    },
    "TotalPledgedShares": {
        "tp": 1164,
        "fp": 454,
        "fn": 206,
        "f1": 0.7791164658634537,
        "precision": 0.7194066749072929,
        "recall": 0.8496350364963504
    },
    "ReleasedDate": {
        "tp": 430,
        "fp": 447,
        "fn": 331,
        "f1": 0.525030525030525,
        "precision": 0.4903078677309008,
        "recall": 0.5650459921156373
    },
    "StockCode": {
        "tp": 3239,
        "fp": 11,
        "fn": 9,
        "f1": 0.9969221298861187,
        "precision": 0.9966153846153846,
        "recall": 0.9972290640394089
    },
    "StockAbbr": {
        "tp": 4191,
        "fp": 630,
        "fn": 904,
        "f1": 0.8453005244050021,
        "precision": 0.8693217174859987,
        "recall": 0.8225711481844946
    },
    "precision": 0.8234181537976568,
    "recall": 0.8474154711268114,
    "micro_f1": 0.8352444819469734,
    "macro_f1": 0.7105054970636097
}