{
    "EquityHolder": {
        "tp": 8269,
        "fp": 1403,
        "fn": 1344,
        "f1": 0.8575576873217525,
        "precision": 0.8549421009098428,
        "recall": 0.8601893269530844
    },
    "FrozeShares": {
        "tp": 112,
        "fp": 168,
        "fn": 186,
        "f1": 0.3875432525951557,
        "precision": 0.4,
        "recall": 0.37583892617449666
    },
    "LegalInstitution": {
        "tp": 446,
        "fp": 58,
        "fn": 56,
        "f1": 0.8866799204771372,
        "precision": 0.8849206349206349,
        "recall": 0.8884462151394422
    },
    "TotalHoldingShares": {
        "tp": 1720,
        "fp": 529,
        "fn": 439,
        "f1": 0.7803992740471868,
        "precision": 0.7647843485993775,
        "recall": 0.7966651227420102
    },
    "TotalHoldingRatio": {
        "tp": 1433,
        "fp": 379,
        "fn": 292,
        "f1": 0.8102912072377723,
        "precision": 0.7908388520971302,
        "recall": 0.8307246376811595
    },
    "StartDate": {
        "tp": 3796,
        "fp": 1443,
        "fn": 1235,
        "f1": 0.7392405063291138,
        "precision": 0.7245657568238213,
        "recall": 0.7545219638242894
    },
    "EndDate": {
        "tp": 934,
        "fp": 522,
        "fn": 576,
        "f1": 0.6298044504383008,
        "precision": 0.6414835164835165,
        "recall": 0.6185430463576159
    },
    "UnfrozeDate": {
        "tp": 10,
        "fp": 32,
        "fn": 8,
        "f1": 0.33333333333333326,
        "precision": 0.23809523809523808,
        "recall": 0.5555555555555556
    },
    "CompanyName": {
        "tp": 9548,
        "fp": 355,
        "fn": 534,
        "f1": 0.9555166374781087,
        "precision": 0.9641522770877512,
        "recall": 0.9470343185875818
    },
    "HighestTradingPrice": {
        "tp": 1335,
        "fp": 392,
        "fn": 289,
        "f1": 0.7967770814682184,
        "precision": 0.7730167921250723,
        "recall": 0.8220443349753694
    },
    "LowestTradingPrice": {
        "tp": 842,
        "fp": 203,
        "fn": 198,
        "f1": 0.807673860911271,
        "precision": 0.8057416267942584,
        "recall": 0.8096153846153846
    },
    "RepurchasedShares": {
        "tp": 1425,
        "fp": 239,
        "fn": 142,
        "f1": 0.882079851439183,
        "precision": 0.8563701923076923,
        "recall": 0.9093809827696235
    },
    "ClosingDate": {
        "tp": 1148,
        "fp": 610,
        "fn": 500,
        "f1": 0.6741045214327658,
        "precision": 0.6530147895335608,
        "recall": 0.6966019417475728
    },
    "RepurchaseAmount": {
        "tp": 1192,
        "fp": 286,
        "fn": 234,
        "f1": 0.8209366391184573,
        "precision": 0.8064952638700947,
        "recall": 0.8359046283309958
    },
    "TradedShares": {
        "tp": 872,
        "fp": 392,
        "fn": 262,
        "f1": 0.7272727272727273,
        "precision": 0.689873417721519,
        "recall": 0.7689594356261023
    },
    "LaterHoldingShares": {
        "tp": 110,
        "fp": 278,
        "fn": 311,
        "f1": 0.2719406674907293,
        "precision": 0.28350515463917525,
        "recall": 0.26128266033254155
    },
    "AveragePrice": {
        "tp": 192,
        "fp": 49,
        "fn": 17,
        "f1": 0.8533333333333334,
        "precision": 0.7966804979253111,
        "recall": 0.9186602870813397
    },
    "Pledger": {
        "tp": 0,
        "fp": 0,
        "fn": 0,
        "f1": 0,
        "precision": 0,
        "recall": 0
    },
    "PledgedShares": {
        "tp": 2300,
        "fp": 786,
        "fn": 571,
        "f1": 0.7722007722007722,
        "precision": 0.7453013609850939,
        "recall": 0.8011145942180425
    },
    "Pledgee": {
        "tp": 2015,
        "fp": 167,
        "fn": 117,
        "f1": 0.9341678256838202,
        "precision": 0.9234647112740605,
        "recall": 0.9451219512195121
    },
    "TotalPledgedShares": {
        "tp": 1153,
        "fp": 496,
        "fn": 217,
        "f1": 0.7638290824776416,
        "precision": 0.6992116434202547,
        "recall": 0.8416058394160584
    },
    "ReleasedDate": {
        "tp": 410,
        "fp": 468,
        "fn": 351,
        "f1": 0.5003050640634533,
        "precision": 0.46697038724373574,
        "recall": 0.5387647831800263
    },
    "StockCode": {
        "tp": 3236,
        "fp": 8,
        "fn": 12,
        "f1": 0.9969192852741836,
        "precision": 0.9975339087546239,
        "recall": 0.9963054187192119
    },
    "StockAbbr": {
        "tp": 4210,
        "fp": 689,
        "fn": 885,
        "f1": 0.8425055033019813,
        "precision": 0.8593590528679322,
        "recall": 0.8263002944062807
    },
    "precision": 0.8243558065654782,
    "recall": 0.8418282748179655,
    "micro_f1": 0.8330004280211156,
    "macro_f1": 0.7093505201969331
}