{
    "EquityHolder": {
        "tp": 8114,
        "fp": 1402,
        "fn": 1499,
        "f1": 0.8483454440901249,
        "precision": 0.8526691887347625,
        "recall": 0.8440653282013939
    },
    "FrozeShares": {
        "tp": 92,
        "fp": 104,
        "fn": 206,
        "f1": 0.3724696356275304,
        "precision": 0.46938775510204084,
        "recall": 0.3087248322147651
    },
    "LegalInstitution": {
        "tp": 437,
        "fp": 61,
        "fn": 65,
        "f1": 0.874,
        "precision": 0.8775100401606426,
        "recall": 0.8705179282868526
    },
    "TotalHoldingShares": {
        "tp": 1744,
        "fp": 579,
        "fn": 415,
        "f1": 0.7782240071396698,
        "precision": 0.7507533362031855,
        "recall": 0.8077813802686429
    },
    "TotalHoldingRatio": {
        "tp": 1413,
        "fp": 357,
        "fn": 312,
        "f1": 0.8085836909871245,
        "precision": 0.7983050847457627,
        "recall": 0.8191304347826087
    },
    "StartDate": {
        "tp": 3770,
        "fp": 1300,
        "fn": 1261,
        "f1": 0.7464607464607464,
        "precision": 0.7435897435897436,
        "recall": 0.7493540051679587
    },
    "EndDate": {
        "tp": 1067,
        "fp": 644,
        "fn": 443,
        "f1": 0.6625271654765601,
        "precision": 0.6236119228521333,
        "recall": 0.7066225165562914
    },
    "UnfrozeDate": {
        "tp": 11,
        "fp": 20,
        "fn": 7,
        "f1": 0.4489795918367347,
        "precision": 0.3548387096774194,
        "recall": 0.6111111111111112
    },
    "CompanyName": {
        "tp": 9516,
        "fp": 354,
        "fn": 566,
        "f1": 0.9538893344025662,
        "precision": 0.9641337386018237,
        "recall": 0.9438603451696091
    },
    "HighestTradingPrice": {
        "tp": 1171,
        "fp": 454,
        "fn": 453,
        "f1": 0.7208371806709758,
        "precision": 0.7206153846153847,
        "recall": 0.7210591133004927
    },
    "LowestTradingPrice": {
        "tp": 855,
        "fp": 292,
        "fn": 185,
        "f1": 0.7818930041152263,
        "precision": 0.7454228421970357,
        "recall": 0.8221153846153846
    },
    "RepurchasedShares": {
        "tp": 1421,
        "fp": 241,
        "fn": 146,
        "f1": 0.8801486528336946,
        "precision": 0.8549939831528279,
        "recall": 0.9068283343969368
    },
    "ClosingDate": {
        "tp": 1109,
        "fp": 566,
        "fn": 539,
        "f1": 0.6674691543785736,
        "precision": 0.662089552238806,
        "recall": 0.6729368932038835
    },
    "RepurchaseAmount": {
        "tp": 1226,
        "fp": 314,
        "fn": 200,
        "f1": 0.8267026298044504,
        "precision": 0.7961038961038961,
        "recall": 0.8597475455820477
    },
    "TradedShares": {
        "tp": 783,
        "fp": 297,
        "fn": 351,
        "f1": 0.7073170731707318,
        "precision": 0.725,
        "recall": 0.6904761904761905
    },
    "LaterHoldingShares": {
        "tp": 104,
        "fp": 276,
        "fn": 317,
        "f1": 0.2596754057428215,
        "precision": 0.2736842105263158,
        "recall": 0.24703087885985747
    },
    "AveragePrice": {
        "tp": 191,
        "fp": 58,
        "fn": 18,
        "f1": 0.834061135371179,
        "precision": 0.7670682730923695,
        "recall": 0.9138755980861244
    },
    "Pledger": {
        "tp": 0,
        "fp": 0,
        "fn": 0,
        "f1": 0,
        "precision": 0,
        "recall": 0
    },
    "PledgedShares": {
        "tp": 2124,
        "fp": 772,
        "fn": 747,
        "f1": 0.7366048205306053,
        "precision": 0.7334254143646409,
        "recall": 0.7398119122257053
    },
    "Pledgee": {
        "tp": 2022,
        "fp": 152,
        "fn": 110,
        "f1": 0.9391546679052485,
        "precision": 0.9300827966881324,
        "recall": 0.948405253283302
    },
    "TotalPledgedShares": {
        "tp": 1185,
        "fp": 531,
        "fn": 185,
        "f1": 0.7679844458846402,
        "precision": 0.6905594405594405,
        "recall": 0.864963503649635
    },
    "ReleasedDate": {
        "tp": 435,
        "fp": 380,
        "fn": 326,
        "f1": 0.552030456852792,
        "precision": 0.5337423312883436,
        "recall": 0.5716162943495401
    },
    "StockCode": {
        "tp": 3238,
        "fp": 11,
        "fn": 10,
        "f1": 0.9967677389564414,
        "precision": 0.9966143428747307,
        "recall": 0.9969211822660099
    },
    "StockAbbr": {
        "tp": 4110,
        "fp": 560,
        "fn": 985,
        "f1": 0.8417818740399385,
        "precision": 0.880085653104925,
        "recall": 0.8066732090284593
    },
    "precision": 0.8259133952705726,
    "recall": 0.8315550428952491,
    "micro_f1": 0.8287246176367571,
    "macro_f1": 0.7085794940115989
}