{
    "EquityHolder": {
        "tp": 8291,
        "fp": 1452,
        "fn": 1322,
        "f1": 0.8566852655507337,
        "precision": 0.8509699271271682,
        "recall": 0.8624778945178404
    },
    "FrozeShares": {
        "tp": 93,
        "fp": 130,
        "fn": 205,
        "f1": 0.35700575815738966,
        "precision": 0.4170403587443946,
        "recall": 0.31208053691275167
    },
    "LegalInstitution": {
        "tp": 433,
        "fp": 64,
        "fn": 69,
        "f1": 0.8668668668668668,
        "precision": 0.8712273641851107,
        "recall": 0.8625498007968128
    },
    "TotalHoldingShares": {
        "tp": 1663,
        "fp": 522,
        "fn": 496,
        "f1": 0.7656537753222836,
        "precision": 0.7610983981693363,
        "recall": 0.7702640111162575
    },
    "TotalHoldingRatio": {
        "tp": 1438,
        "fp": 401,
        "fn": 287,
        "f1": 0.8069584736251403,
        "precision": 0.7819467101685699,
        "recall": 0.8336231884057971
    },
    "StartDate": {
        "tp": 3666,
        "fp": 1100,
        "fn": 1365,
        "f1": 0.7483923650096967,
        "precision": 0.7691984892992026,
        "recall": 0.7286821705426356
    },
    "EndDate": {
        "tp": 1041,
        "fp": 581,
        "fn": 469,
        "f1": 0.6647509578544062,
        "precision": 0.6418002466091245,
        "recall": 0.6894039735099338
    },
    "UnfrozeDate": {
        "tp": 9,
        "fp": 21,
        "fn": 9,
        "f1": 0.37499999999999994,
        "precision": 0.3,
        "recall": 0.5
    },
    "CompanyName": {
        "tp": 9538,
        "fp": 360,
        "fn": 544,
        "f1": 0.9547547547547548,
        "precision": 0.9636290159628208,
        "recall": 0.9460424518944653
    },
    "HighestTradingPrice": {
        "tp": 1332,
        "fp": 502,
        "fn": 292,
        "f1": 0.7703875072296125,
        "precision": 0.7262813522355507,
        "recall": 0.8201970443349754
    },
    "LowestTradingPrice": {
        "tp": 804,
        "fp": 179,
        "fn": 236,
        "f1": 0.7948591201186357,
        "precision": 0.8179043743641913,
        "recall": 0.7730769230769231
    },
    "RepurchasedShares": {
        "tp": 1419,
        "fp": 228,
        "fn": 148,
        "f1": 0.88301182327318,
        "precision": 0.8615664845173042,
        "recall": 0.9055520102105935
    },
    "ClosingDate": {
        "tp": 1110,
        "fp": 630,
        "fn": 538,
        "f1": 0.6552538370720189,
        "precision": 0.6379310344827587,
        "recall": 0.6735436893203883
    },
    "RepurchaseAmount": {
        "tp": 1233,
        "fp": 314,
        "fn": 193,
        "f1": 0.8294651866801213,
        "precision": 0.7970265029088559,
        "recall": 0.864656381486676
    },
    "TradedShares": {
        "tp": 841,
        "fp": 353,
        "fn": 293,
        "f1": 0.7225085910652921,
        "precision": 0.7043551088777219,
        "recall": 0.7416225749559083
    },
    "LaterHoldingShares": {
        "tp": 122,
        "fp": 311,
        "fn": 299,
        "f1": 0.2857142857142857,
        "precision": 0.2817551963048499,
        "recall": 0.28978622327790976
    },
    "AveragePrice": {
        "tp": 191,
        "fp": 61,
        "fn": 18,
        "f1": 0.8286334056399133,
        "precision": 0.7579365079365079,
        "recall": 0.9138755980861244
    },
    "Pledger": {
        "tp": 0,
        "fp": 0,
        "fn": 0,
        "f1": 0,
        "precision": 0,
        "recall": 0
    },
    "PledgedShares": {
        "tp": 2072,
        "fp": 777,
        "fn": 799,
        "f1": 0.7244755244755247,
        "precision": 0.7272727272727273,
        "recall": 0.7216997561825148
    },
    "Pledgee": {
        "tp": 2019,
        "fp": 135,
        "fn": 113,
        "f1": 0.942137190853943,
        "precision": 0.9373259052924791,
        "recall": 0.9469981238273921
    },
    "TotalPledgedShares": {
        "tp": 1100,
        "fp": 430,
        "fn": 270,
        "f1": 0.7586206896551725,
        "precision": 0.7189542483660131,
        "recall": 0.8029197080291971
    },
    "ReleasedDate": {
        "tp": 441,
        "fp": 365,
        "fn": 320,
        "f1": 0.562858966177409,
        "precision": 0.5471464019851117,
        "recall": 0.5795006570302234
    },
    "StockCode": {
        "tp": 3233,
        "fp": 12,
        "fn": 15,
        "f1": 0.9958416756507007,
        "precision": 0.9963020030816641,
        "recall": 0.9953817733990148
    },
    "StockAbbr": {
        "tp": 4071,
        "fp": 595,
        "fn": 1024,
        "f1": 0.8341358467370146,
        "precision": 0.8724817831118731,
        "recall": 0.7990186457311089
    },
    "precision": 0.828978323725374,
    "recall": 0.8319515536010381,
    "micro_f1": 0.8304622774744304,
    "macro_f1": 0.7076654944785036
}