{
    "EquityHolder": {
        "tp": 8299,
        "fp": 1510,
        "fn": 1314,
        "f1": 0.8545978786942642,
        "precision": 0.846059741054134,
        "recall": 0.8633101009050245
    },
    "FrozeShares": {
        "tp": 110,
        "fp": 143,
        "fn": 188,
        "f1": 0.39927404718693293,
        "precision": 0.43478260869565216,
        "recall": 0.3691275167785235
    },
    "LegalInstitution": {
        "tp": 440,
        "fp": 71,
        "fn": 62,
        "f1": 0.8687068114511352,
        "precision": 0.8610567514677103,
        "recall": 0.8764940239043825
    },
    "TotalHoldingShares": {
        "tp": 1703,
        "fp": 592,
        "fn": 456,
        "f1": 0.7647058823529411,
        "precision": 0.7420479302832244,
        "recall": 0.7887911069939787
    },
    "TotalHoldingRatio": {
        "tp": 1450,
        "fp": 391,
        "fn": 275,
        "f1": 0.8132361189007291,
        "precision": 0.7876154263986963,
        "recall": 0.8405797101449275
    },
    "StartDate": {
        "tp": 3773,
        "fp": 1353,
        "fn": 1258,
        "f1": 0.7429359062715369,
        "precision": 0.7360515021459227,
        "recall": 0.749950308089843
    },
    "EndDate": {
        "tp": 988,
        "fp": 632,
        "fn": 522,
        "f1": 0.6313099041533545,
        "precision": 0.6098765432098765,
        "recall": 0.6543046357615894
    },
    "UnfrozeDate": {
        "tp": 11,
        "fp": 29,
        "fn": 7,
        "f1": 0.3793103448275862,
        "precision": 0.275,
        "recall": 0.6111111111111112
    },
    "CompanyName": {
        "tp": 9534,
        "fp": 438,
        "fn": 548,
        "f1": 0.950832751570759,
        "precision": 0.9560770156438027,
        "recall": 0.9456457052172188
    },
    "HighestTradingPrice": {
        "tp": 1214,
        "fp": 489,
        "fn": 410,
        "f1": 0.7297865945296061,
        "precision": 0.7128596594245449,
        "recall": 0.7475369458128078
    },
    "LowestTradingPrice": {
        "tp": 848,
        "fp": 256,
        "fn": 192,
        "f1": 0.7910447761194029,
        "precision": 0.7681159420289855,
        "recall": 0.8153846153846154
    },
    "RepurchasedShares": {
        "tp": 1492,
        "fp": 284,
        "fn": 75,
        "f1": 0.8926114268620999,
        "precision": 0.8400900900900901,
        "recall": 0.9521378430121251
    },
    "ClosingDate": {
        "tp": 1187,
        "fp": 725,
        "fn": 461,
        "f1": 0.6668539325842697,
        "precision": 0.62081589958159,
        "recall": 0.7202669902912622
    },
    "RepurchaseAmount": {
        "tp": 1231,
        "fp": 316,
        "fn": 195,
        "f1": 0.8281197443659603,
        "precision": 0.7957336780866192,
        "recall": 0.8632538569424965
    },
    "TradedShares": {
        "tp": 823,
        "fp": 376,
        "fn": 311,
        "f1": 0.7055293613373338,
        "precision": 0.6864053377814846,
        "recall": 0.7257495590828924
    },
    "LaterHoldingShares": {
        "tp": 106,
        "fp": 307,
        "fn": 315,
        "f1": 0.25419664268585135,
        "precision": 0.2566585956416465,
        "recall": 0.2517814726840855
    },
    "AveragePrice": {
        "tp": 190,
        "fp": 61,
        "fn": 19,
        "f1": 0.8260869565217391,
        "precision": 0.7569721115537849,
        "recall": 0.9090909090909091
    },
    "Pledger": {
        "tp": 0,
        "fp": 0,
        "fn": 0,
        "f1": 0,
        "precision": 0,
        "recall": 0
    },
    "PledgedShares": {
        "tp": 2439,
        "fp": 908,
        "fn": 432,
        "f1": 0.7844966227082664,
        "precision": 0.728712279653421,
        "recall": 0.8495297805642633
    },
    "Pledgee": {
        "tp": 2017,
        "fp": 174,
        "fn": 115,
        "f1": 0.933148276659727,
        "precision": 0.9205842081241442,
        "recall": 0.9460600375234521
    },
    "TotalPledgedShares": {
        "tp": 1113,
        "fp": 488,
        "fn": 257,
        "f1": 0.7492426792325816,
        "precision": 0.6951905059337914,
        "recall": 0.8124087591240876
    },
    "ReleasedDate": {
        "tp": 364,
        "fp": 388,
        "fn": 397,
        "f1": 0.481163251817581,
        "precision": 0.48404255319148937,
        "recall": 0.4783180026281209
    },
    "StockCode": {
        "tp": 3236,
        "fp": 8,
        "fn": 12,
        "f1": 0.9969192852741836,
        "precision": 0.9975339087546239,
        "recall": 0.9963054187192119
    },
    "StockAbbr": {
        "tp": 4075,
        "fp": 610,
        "fn": 1020,
        "f1": 0.8333333333333333,
        "precision": 0.8697972251867663,
        "recall": 0.7998037291462218
    },
    "precision": 0.8155511260316128,
    "recall": 0.8406567659144979,
    "micro_f1": 0.827913663956832,
    "macro_f1": 0.703226772060049
}