{
    "EquityHolder": {
        "tp": 8122,
        "fp": 1407,
        "fn": 1491,
        "f1": 0.8486051614251384,
        "precision": 0.8523454717179137,
        "recall": 0.844897534588578
    },
    "FrozeShares": {
        "tp": 110,
        "fp": 142,
        "fn": 188,
        "f1": 0.39999999999999997,
        "precision": 0.4365079365079365,
        "recall": 0.3691275167785235
    },
    "LegalInstitution": {
        "tp": 442,
        "fp": 59,
        "fn": 60,
        "f1": 0.8813559322033899,
        "precision": 0.8822355289421158,
        "recall": 0.8804780876494024
    },
    "TotalHoldingShares": {
        "tp": 1686,
        "fp": 476,
        "fn": 473,
        "f1": 0.7803749132145338,
        "precision": 0.7798334875115633,
        "recall": 0.7809170912459472
    },
    "TotalHoldingRatio": {
        "tp": 1393,
        "fp": 288,
        "fn": 332,
        "f1": 0.8179682912507341,
        "precision": 0.8286734086853064,
        "recall": 0.807536231884058
    },
    "StartDate": {
        "tp": 3748,
        "fp": 1199,
        "fn": 1283,
        "f1": 0.7512527560633392,
        "precision": 0.757630887406509,
        "recall": 0.7449811170741403
    },
    "EndDate": {
        "tp": 951,
        "fp": 493,
        "fn": 559,
        "f1": 0.6438727149627624,
        "precision": 0.6585872576177285,
        "recall": 0.6298013245033113
    },
    "UnfrozeDate": {
        "tp": 10,
        "fp": 27,
        "fn": 8,
        "f1": 0.36363636363636365,
        "precision": 0.2702702702702703,
        "recall": 0.5555555555555556
    },
    "CompanyName": {
        "tp": 9185,
        "fp": 483,
        "fn": 897,
        "f1": 0.930126582278481,
        "precision": 0.9500413736036408,
        "recall": 0.9110295576274549
    },
    "HighestTradingPrice": {
        "tp": 1282,
        "fp": 374,
        "fn": 342,
        "f1": 0.7817073170731706,
        "precision": 0.7741545893719807,
        "recall": 0.7894088669950738
    },
    "LowestTradingPrice": {
        "tp": 881,
        "fp": 297,
        "fn": 159,
        "f1": 0.7944093778178539,
        "precision": 0.7478777589134126,
        "recall": 0.8471153846153846
    },
    "RepurchasedShares": {
        "tp": 1439,
        "fp": 251,
        "fn": 128,
        "f1": 0.8836352471599631,
        "precision": 0.8514792899408284,
        "recall": 0.9183152520740268
    },
    "ClosingDate": {
        "tp": 1006,
        "fp": 616,
        "fn": 642,
        "f1": 0.6152905198776759,
        "precision": 0.6202219482120839,
        "recall": 0.6104368932038835
    },
    "RepurchaseAmount": {
        "tp": 1285,
        "fp": 325,
        "fn": 141,
        "f1": 0.8465085638998683,
        "precision": 0.7981366459627329,
        "recall": 0.9011220196353437
    },
    "TradedShares": {
        "tp": 818,
        "fp": 352,
        "fn": 316,
        "f1": 0.7100694444444444,
        "precision": 0.6991452991452991,
        "recall": 0.7213403880070547
    },
    "LaterHoldingShares": {
        "tp": 106,
        "fp": 262,
        "fn": 315,
        "f1": 0.2686945500633714,
        "precision": 0.28804347826086957,
        "recall": 0.2517814726840855
    },
    "AveragePrice": {
        "tp": 191,
        "fp": 57,
        "fn": 18,
        "f1": 0.835886214442013,
        "precision": 0.7701612903225806,
        "recall": 0.9138755980861244
    },
    "Pledger": {
        "tp": 0,
        "fp": 0,
        "fn": 0,
        "f1": 0,
        "precision": 0,
        "recall": 0
    },
    "PledgedShares": {
        "tp": 2385,
        "fp": 882,
        "fn": 486,
        "f1": 0.777126099706745,
        "precision": 0.7300275482093664,
        "recall": 0.8307210031347962
    },
    "Pledgee": {
        "tp": 2002,
        "fp": 155,
        "fn": 130,
        "f1": 0.933550944276055,
        "precision": 0.9281409364858599,
        "recall": 0.9390243902439024
    },
    "TotalPledgedShares": {
        "tp": 1089,
        "fp": 390,
        "fn": 281,
        "f1": 0.7644787644787645,
        "precision": 0.7363083164300203,
        "recall": 0.7948905109489051
    },
    "ReleasedDate": {
        "tp": 399,
        "fp": 371,
        "fn": 362,
        "f1": 0.5212279555845851,
        "precision": 0.5181818181818182,
        "recall": 0.5243101182654402
    },
    "StockCode": {
        "tp": 3236,
        "fp": 11,
        "fn": 12,
        "f1": 0.9964588144726712,
        "precision": 0.9966122574684324,
        "recall": 0.9963054187192119
    },
    "StockAbbr": {
        "tp": 4121,
        "fp": 614,
        "fn": 974,
        "f1": 0.8384537131230926,
        "precision": 0.8703273495248152,
        "recall": 0.8088321884200196
    },
    "precision": 0.8280161680320474,
    "recall": 0.8270312162064739,
    "micro_f1": 0.8275233990369877,
    "macro_f1": 0.7076954267272922
}