{
    "EquityHolder": {
        "tp": 8291,
        "fp": 1450,
        "fn": 1322,
        "f1": 0.856773793531053,
        "precision": 0.8511446463402115,
        "recall": 0.8624778945178404
    },
    "FrozeShares": {
        "tp": 100,
        "fp": 123,
        "fn": 198,
        "f1": 0.3838771593090211,
        "precision": 0.4484304932735426,
        "recall": 0.33557046979865773
    },
    "LegalInstitution": {
        "tp": 450,
        "fp": 55,
        "fn": 52,
        "f1": 0.8937437934458788,
        "precision": 0.8910891089108911,
        "recall": 0.896414342629482
    },
    "TotalHoldingShares": {
        "tp": 1749,
        "fp": 637,
        "fn": 410,
        "f1": 0.7696369636963697,
        "precision": 0.7330259849119866,
        "recall": 0.8100972672533581
    },
    "TotalHoldingRatio": {
        "tp": 1445,
        "fp": 404,
        "fn": 280,
        "f1": 0.808617795187465,
        "precision": 0.7815035154137372,
        "recall": 0.8376811594202899
    },
    "StartDate": {
        "tp": 3695,
        "fp": 1235,
        "fn": 1336,
        "f1": 0.7418933841983737,
        "precision": 0.7494929006085193,
        "recall": 0.7344464321208507
    },
    "EndDate": {
        "tp": 904,
        "fp": 438,
        "fn": 606,
        "f1": 0.6339410939691446,
        "precision": 0.6736214605067065,
        "recall": 0.5986754966887418
    },
    "UnfrozeDate": {
        "tp": 11,
        "fp": 39,
        "fn": 7,
        "f1": 0.3235294117647059,
        "precision": 0.22,
        "recall": 0.6111111111111112
    },
    "CompanyName": {
        "tp": 9654,
        "fp": 394,
        "fn": 428,
        "f1": 0.9591654247391952,
        "precision": 0.9607882165605095,
        "recall": 0.9575481055346161
    },
    "HighestTradingPrice": {
        "tp": 1239,
        "fp": 386,
        "fn": 385,
        "f1": 0.76269621421976,
        "precision": 0.7624615384615384,
        "recall": 0.7629310344827587
    },
    "LowestTradingPrice": {
        "tp": 877,
        "fp": 307,
        "fn": 163,
        "f1": 0.7886690647482014,
        "precision": 0.7407094594594594,
        "recall": 0.8432692307692308
    },
    "RepurchasedShares": {
        "tp": 1440,
        "fp": 252,
        "fn": 127,
        "f1": 0.8837066584841976,
        "precision": 0.851063829787234,
        "recall": 0.9189534141671984
    },
    "ClosingDate": {
        "tp": 1234,
        "fp": 966,
        "fn": 414,
        "f1": 0.6413721413721414,
        "precision": 0.5609090909090909,
        "recall": 0.7487864077669902
    },
    "RepurchaseAmount": {
        "tp": 1278,
        "fp": 339,
        "fn": 148,
        "f1": 0.8399605652316793,
        "precision": 0.7903525046382189,
        "recall": 0.8962131837307152
    },
    "TradedShares": {
        "tp": 832,
        "fp": 354,
        "fn": 302,
        "f1": 0.7172413793103447,
        "precision": 0.7015177065767285,
        "recall": 0.7336860670194003
    },
    "LaterHoldingShares": {
        "tp": 114,
        "fp": 268,
        "fn": 307,
        "f1": 0.2839352428393524,
        "precision": 0.29842931937172773,
        "recall": 0.27078384798099764
    },
    "AveragePrice": {
        "tp": 191,
        "fp": 50,
        "fn": 18,
        "f1": 0.8488888888888888,
        "precision": 0.7925311203319502,
        "recall": 0.9138755980861244
    },
    "Pledger": {
        "tp": 0,
        "fp": 0,
        "fn": 0,
        "f1": 0,
        "precision": 0,
        "recall": 0
    },
    "PledgedShares": {
        "tp": 2243,
        "fp": 815,
        "fn": 628,
        "f1": 0.7566200033732502,
        "precision": 0.7334859385219098,
        "recall": 0.7812608847091606
    },
    "Pledgee": {
        "tp": 2018,
        "fp": 151,
        "fn": 114,
        "f1": 0.938386421762381,
        "precision": 0.9303826648224989,
        "recall": 0.9465290806754222
    },
    "TotalPledgedShares": {
        "tp": 1190,
        "fp": 515,
        "fn": 180,
        "f1": 0.7739837398373983,
        "precision": 0.6979472140762464,
        "recall": 0.8686131386861314
    },
    "ReleasedDate": {
        "tp": 446,
        "fp": 534,
        "fn": 315,
        "f1": 0.5123492245835726,
        "precision": 0.45510204081632655,
        "recall": 0.5860709592641261
    },
    "StockCode": {
        "tp": 3238,
        "fp": 7,
        "fn": 10,
        "f1": 0.9973817957800708,
        "precision": 0.9978428351309707,
        "recall": 0.9969211822660099
    },
    "StockAbbr": {
        "tp": 4093,
        "fp": 547,
        "fn": 1002,
        "f1": 0.8408834103749357,
        "precision": 0.8821120689655172,
        "recall": 0.8033366045142296
    },
    "precision": 0.8198884171374434,
    "recall": 0.8422608319515535,
    "micro_f1": 0.8309240589605448,
    "macro_f1": 0.7065522321103076
}