{
    "EquityHolder": {
        "tp": 8191,
        "fp": 1458,
        "fn": 1422,
        "f1": 0.8504828159069672,
        "precision": 0.8488962586796559,
        "recall": 0.8520753146780402
    },
    "FrozeShares": {
        "tp": 91,
        "fp": 109,
        "fn": 207,
        "f1": 0.3654618473895582,
        "precision": 0.455,
        "recall": 0.3053691275167785
    },
    "LegalInstitution": {
        "tp": 436,
        "fp": 74,
        "fn": 66,
        "f1": 0.8616600790513833,
        "precision": 0.8549019607843137,
        "recall": 0.8685258964143426
    },
    "TotalHoldingShares": {
        "tp": 1771,
        "fp": 756,
        "fn": 388,
        "f1": 0.755868544600939,
        "precision": 0.7008310249307479,
        "recall": 0.8202871699861046
    },
    "TotalHoldingRatio": {
        "tp": 1410,
        "fp": 359,
        "fn": 315,
        "f1": 0.8070978820835719,
        "precision": 0.7970604861503674,
        "recall": 0.8173913043478261
    },
    "StartDate": {
        "tp": 3826,
        "fp": 1376,
        "fn": 1205,
        "f1": 0.7477768005472492,
        "precision": 0.7354863514033064,
        "recall": 0.7604849930431326
    },
    "EndDate": {
        "tp": 1032,
        "fp": 504,
        "fn": 478,
        "f1": 0.6776099803020355,
        "precision": 0.671875,
        "recall": 0.6834437086092715
    },
    "UnfrozeDate": {
        "tp": 7,
        "fp": 17,
        "fn": 11,
        "f1": 0.3333333333333333,
        "precision": 0.2916666666666667,
        "recall": 0.3888888888888889
    },
    "CompanyName": {
        "tp": 9537,
        "fp": 397,
        "fn": 545,
        "f1": 0.9529376498800959,
        "precision": 0.9600362391785786,
        "recall": 0.9459432652251537
    },
    "HighestTradingPrice": {
        "tp": 1143,
        "fp": 826,
        "fn": 481,
        "f1": 0.6362371277483997,
        "precision": 0.5804977145759269,
        "recall": 0.7038177339901478
    },
    "LowestTradingPrice": {
        "tp": 694,
        "fp": 116,
        "fn": 346,
        "f1": 0.7502702702702703,
        "precision": 0.8567901234567902,
        "recall": 0.6673076923076923
    },
    "RepurchasedShares": {
        "tp": 1357,
        "fp": 231,
        "fn": 210,
        "f1": 0.8602218700475437,
        "precision": 0.8545340050377834,
        "recall": 0.8659859604339503
    },
    "ClosingDate": {
        "tp": 961,
        "fp": 551,
        "fn": 687,
        "f1": 0.6082278481012658,
        "precision": 0.6355820105820106,
        "recall": 0.5831310679611651
    },
    "RepurchaseAmount": {
        "tp": 1242,
        "fp": 303,
        "fn": 184,
        "f1": 0.8360821272298888,
        "precision": 0.8038834951456311,
        "recall": 0.8709677419354839
    },
    "TradedShares": {
        "tp": 817,
        "fp": 320,
        "fn": 317,
        "f1": 0.7195068251871422,
        "precision": 0.7185576077396658,
        "recall": 0.7204585537918872
    },
    "LaterHoldingShares": {
        "tp": 95,
        "fp": 222,
        "fn": 326,
        "f1": 0.25745257452574527,
        "precision": 0.2996845425867508,
        "recall": 0.22565320665083136
    },
    "AveragePrice": {
        "tp": 197,
        "fp": 80,
        "fn": 12,
        "f1": 0.8106995884773663,
        "precision": 0.7111913357400722,
        "recall": 0.9425837320574163
    },
    "Pledger": {
        "tp": 0,
        "fp": 0,
        "fn": 0,
        "f1": 0,
        "precision": 0,
        "recall": 0
    },
    "PledgedShares": {
        "tp": 2075,
        "fp": 754,
        "fn": 796,
        "f1": 0.7280701754385964,
        "precision": 0.7334747260516084,
        "recall": 0.7227446882619296
    },
    "Pledgee": {
        "tp": 1999,
        "fp": 153,
        "fn": 133,
        "f1": 0.9332399626517275,
        "precision": 0.9289033457249071,
        "recall": 0.9376172607879925
    },
    "TotalPledgedShares": {
        "tp": 1144,
        "fp": 467,
        "fn": 226,
        "f1": 0.7675276752767528,
        "precision": 0.7101179391682185,
        "recall": 0.8350364963503649
    },
    "ReleasedDate": {
        "tp": 474,
        "fp": 382,
        "fn": 287,
        "f1": 0.5862708719851577,
        "precision": 0.5537383177570093,
        "recall": 0.6228646517739816
    },
    "StockCode": {
        "tp": 3237,
        "fp": 8,
        "fn": 11,
        "f1": 0.9970737717541968,
        "precision": 0.9975346687211094,
        "recall": 0.9966133004926109
    },
    "StockAbbr": {
        "tp": 4052,
        "fp": 516,
        "fn": 1043,
        "f1": 0.8386629411155956,
        "precision": 0.8870402802101576,
        "recall": 0.7952894995093228
    },
    "precision": 0.821059049258522,
    "recall": 0.8252469180304232,
    "micro_f1": 0.8231476570997114,
    "macro_f1": 0.6950738567876992
}