{
    "EquityHolder": {
        "tp": 7926,
        "fp": 1020,
        "fn": 1687,
        "f1": 0.8541408481060402,
        "precision": 0.8859825620389,
        "recall": 0.8245084781025694
    },
    "FrozeShares": {
        "tp": 120,
        "fp": 162,
        "fn": 178,
        "f1": 0.41379310344827586,
        "precision": 0.425531914893617,
        "recall": 0.40268456375838924
    },
    "LegalInstitution": {
        "tp": 421,
        "fp": 80,
        "fn": 81,
        "f1": 0.839481555333998,
        "precision": 0.8403193612774451,
        "recall": 0.8386454183266933
    },
    "TotalHoldingShares": {
        "tp": 1636,
        "fp": 495,
        "fn": 523,
        "f1": 0.7627039627039627,
        "precision": 0.7677146879399342,
        "recall": 0.7577582213987958
    },
    "TotalHoldingRatio": {
        "tp": 1414,
        "fp": 275,
        "fn": 311,
        "f1": 0.8283538371411833,
        "precision": 0.837181764357608,
        "recall": 0.8197101449275362
    },
    "StartDate": {
        "tp": 3761,
        "fp": 1402,
        "fn": 1270,
        "f1": 0.7378850304100452,
        "precision": 0.7284524501258958,
        "recall": 0.7475650964023057
    },
    "EndDate": {
        "tp": 854,
        "fp": 322,
        "fn": 656,
        "f1": 0.6358897989575577,
        "precision": 0.7261904761904762,
        "recall": 0.5655629139072847
    },
    "UnfrozeDate": {
        "tp": 9,
        "fp": 38,
        "fn": 9,
        "f1": 0.27692307692307694,
        "precision": 0.19148936170212766,
        "recall": 0.5
    },
    "CompanyName": {
        "tp": 9422,
        "fp": 423,
        "fn": 660,
        "f1": 0.94565162844382,
        "precision": 0.9570340274250889,
        "recall": 0.9345367982543146
    },
    "HighestTradingPrice": {
        "tp": 1006,
        "fp": 305,
        "fn": 618,
        "f1": 0.6855195911413969,
        "precision": 0.7673531655225019,
        "recall": 0.6194581280788177
    },
    "LowestTradingPrice": {
        "tp": 949,
        "fp": 416,
        "fn": 91,
        "f1": 0.7891891891891892,
        "precision": 0.6952380952380952,
        "recall": 0.9125
    },
    "RepurchasedShares": {
        "tp": 1429,
        "fp": 258,
        "fn": 138,
        "f1": 0.8783036263060848,
        "precision": 0.8470657972732661,
        "recall": 0.9119336311423102
    },
    "ClosingDate": {
        "tp": 907,
        "fp": 426,
        "fn": 741,
        "f1": 0.6085206306608522,
        "precision": 0.6804201050262566,
        "recall": 0.5503640776699029
    },
    "RepurchaseAmount": {
        "tp": 1298,
        "fp": 337,
        "fn": 128,
        "f1": 0.8480888598497223,
        "precision": 0.7938837920489297,
        "recall": 0.9102384291725105
    },
    "TradedShares": {
        "tp": 767,
        "fp": 290,
        "fn": 367,
        "f1": 0.7001369237790963,
        "precision": 0.7256385998107853,
        "recall": 0.6763668430335097
    },
    "LaterHoldingShares": {
        "tp": 88,
        "fp": 134,
        "fn": 333,
        "f1": 0.2737169517884915,
        "precision": 0.3963963963963964,
        "recall": 0.20902612826603326
    },
    "AveragePrice": {
        "tp": 190,
        "fp": 28,
        "fn": 19,
        "f1": 0.8899297423887588,
        "precision": 0.8715596330275229,
        "recall": 0.9090909090909091
    },
    "Pledger": {
        "tp": 0,
        "fp": 0,
        "fn": 0,
        "f1": 0,
        "precision": 0,
        "recall": 0
    },
    "PledgedShares": {
        "tp": 2206,
        "fp": 726,
        "fn": 665,
        "f1": 0.760296398414613,
        "precision": 0.752387448840382,
        "recall": 0.7683733890630442
    },
    "Pledgee": {
        "tp": 1983,
        "fp": 181,
        "fn": 149,
        "f1": 0.9231843575418993,
        "precision": 0.916358595194085,
        "recall": 0.9301125703564728
    },
    "TotalPledgedShares": {
        "tp": 1126,
        "fp": 434,
        "fn": 244,
        "f1": 0.7686006825938566,
        "precision": 0.7217948717948718,
        "recall": 0.8218978102189781
    },
    "ReleasedDate": {
        "tp": 490,
        "fp": 628,
        "fn": 271,
        "f1": 0.5215540180947312,
        "precision": 0.43828264758497315,
        "recall": 0.6438896189224704
    },
    "StockCode": {
        "tp": 3237,
        "fp": 48,
        "fn": 11,
        "f1": 0.9909689269860708,
        "precision": 0.9853881278538813,
        "recall": 0.9966133004926109
    },
    "StockAbbr": {
        "tp": 4179,
        "fp": 774,
        "fn": 916,
        "f1": 0.8318073248407643,
        "precision": 0.8437310720775287,
        "recall": 0.8202158979391561
    },
    "precision": 0.8315269132186013,
    "recall": 0.8185783288876073,
    "micro_f1": 0.8250018164644336,
    "macro_f1": 0.698526669376812
}