{
    "EquityHolder": {
        "tp": 8094,
        "fp": 1426,
        "fn": 1519,
        "f1": 0.8460774577954319,
        "precision": 0.8502100840336134,
        "recall": 0.8419848122334339
    },
    "FrozeShares": {
        "tp": 71,
        "fp": 100,
        "fn": 227,
        "f1": 0.30277185501066095,
        "precision": 0.4152046783625731,
        "recall": 0.23825503355704697
    },
    "LegalInstitution": {
        "tp": 443,
        "fp": 64,
        "fn": 59,
        "f1": 0.8780971258671952,
        "precision": 0.873767258382643,
        "recall": 0.8824701195219123
    },
    "TotalHoldingShares": {
        "tp": 1775,
        "fp": 776,
        "fn": 384,
        "f1": 0.7537154989384289,
        "precision": 0.6958055664445315,
        "recall": 0.8221398795738768
    },
    "TotalHoldingRatio": {
        "tp": 1468,
        "fp": 451,
        "fn": 257,
        "f1": 0.8057080131723381,
        "precision": 0.7649817613340282,
        "recall": 0.8510144927536232
    },
    "StartDate": {
        "tp": 3679,
        "fp": 1175,
        "fn": 1352,
        "f1": 0.7443601416287304,
        "precision": 0.7579316028018129,
        "recall": 0.7312661498708011
    },
    "EndDate": {
        "tp": 1011,
        "fp": 552,
        "fn": 499,
        "f1": 0.6579889358932639,
        "precision": 0.6468330134357005,
        "recall": 0.6695364238410596
    },
    "UnfrozeDate": {
        "tp": 0,
        "fp": 3,
        "fn": 18,
        "f1": 0,
        "precision": 0,
        "recall": 0
    },
    "CompanyName": {
        "tp": 9520,
        "fp": 353,
        "fn": 562,
        "f1": 0.9541468303683287,
        "precision": 0.964245923224957,
        "recall": 0.9442570918468558
    },
    "HighestTradingPrice": {
        "tp": 1348,
        "fp": 1433,
        "fn": 276,
        "f1": 0.6120317820658342,
        "precision": 0.48471772743617403,
        "recall": 0.8300492610837439
    },
    "LowestTradingPrice": {
        "tp": 32,
        "fp": 0,
        "fn": 1008,
        "f1": 0.059701492537313446,
        "precision": 1.0,
        "recall": 0.03076923076923077
    },
    "RepurchasedShares": {
        "tp": 1419,
        "fp": 238,
        "fn": 148,
        "f1": 0.8802729528535979,
        "precision": 0.856366928183464,
        "recall": 0.9055520102105935
    },
    "ClosingDate": {
        "tp": 1146,
        "fp": 560,
        "fn": 502,
        "f1": 0.6833631484794276,
        "precision": 0.671746776084408,
        "recall": 0.6953883495145631
    },
    "RepurchaseAmount": {
        "tp": 1243,
        "fp": 318,
        "fn": 183,
        "f1": 0.8322731837964513,
        "precision": 0.7962844330557335,
        "recall": 0.8716690042075736
    },
    "TradedShares": {
        "tp": 862,
        "fp": 367,
        "fn": 272,
        "f1": 0.7295810410495133,
        "precision": 0.7013832384052074,
        "recall": 0.7601410934744268
    },
    "LaterHoldingShares": {
        "tp": 91,
        "fp": 234,
        "fn": 330,
        "f1": 0.24396782841823056,
        "precision": 0.28,
        "recall": 0.2161520190023753
    },
    "AveragePrice": {
        "tp": 196,
        "fp": 82,
        "fn": 13,
        "f1": 0.8049281314168377,
        "precision": 0.7050359712230215,
        "recall": 0.937799043062201
    },
    "Pledger": {
        "tp": 0,
        "fp": 0,
        "fn": 0,
        "f1": 0,
        "precision": 0,
        "recall": 0
    },
    "PledgedShares": {
        "tp": 2375,
        "fp": 868,
        "fn": 496,
        "f1": 0.7769054628720968,
        "precision": 0.7323465926611162,
        "recall": 0.8272378962034135
    },
    "Pledgee": {
        "tp": 2008,
        "fp": 150,
        "fn": 124,
        "f1": 0.9361305361305361,
        "precision": 0.9304911955514366,
        "recall": 0.9418386491557224
    },
    "TotalPledgedShares": {
        "tp": 1164,
        "fp": 410,
        "fn": 206,
        "f1": 0.7907608695652174,
        "precision": 0.7395171537484116,
        "recall": 0.8496350364963504
    },
    "ReleasedDate": {
        "tp": 473,
        "fp": 488,
        "fn": 288,
        "f1": 0.5493612078977933,
        "precision": 0.4921956295525494,
        "recall": 0.621550591327201
    },
    "StockCode": {
        "tp": 3236,
        "fp": 18,
        "fn": 12,
        "f1": 0.9953860350661334,
        "precision": 0.9944683466502766,
        "recall": 0.9963054187192119
    },
    "StockAbbr": {
        "tp": 4005,
        "fp": 543,
        "fn": 1090,
        "f1": 0.8306543606761381,
        "precision": 0.8806068601583114,
        "recall": 0.7860647693817469
    },
    "precision": 0.8114558896708609,
    "recall": 0.8229219234373873,
    "micro_f1": 0.8171486863769776,
    "macro_f1": 0.652840995479146
}