{
    "EquityHolder": {
        "tp": 8083,
        "fp": 1430,
        "fn": 1530,
        "f1": 0.8452368503607653,
        "precision": 0.8496793861032271,
        "recall": 0.8408405284510558
    },
    "FrozeShares": {
        "tp": 82,
        "fp": 101,
        "fn": 216,
        "f1": 0.340956340956341,
        "precision": 0.44808743169398907,
        "recall": 0.2751677852348993
    },
    "LegalInstitution": {
        "tp": 441,
        "fp": 64,
        "fn": 61,
        "f1": 0.8758689175769613,
        "precision": 0.8732673267326733,
        "recall": 0.8784860557768924
    },
    "TotalHoldingShares": {
        "tp": 1664,
        "fp": 626,
        "fn": 495,
        "f1": 0.74803326590245,
        "precision": 0.7266375545851529,
        "recall": 0.7707271885132005
    },
    "TotalHoldingRatio": {
        "tp": 1394,
        "fp": 250,
        "fn": 331,
        "f1": 0.8275452656574651,
        "precision": 0.8479318734793188,
        "recall": 0.8081159420289855
    },
    "StartDate": {
        "tp": 3656,
        "fp": 1080,
        "fn": 1375,
        "f1": 0.7486433910105458,
        "precision": 0.7719594594594594,
        "recall": 0.7266944941363546
    },
    "EndDate": {
        "tp": 991,
        "fp": 464,
        "fn": 519,
        "f1": 0.6684654300168634,
        "precision": 0.6810996563573883,
        "recall": 0.6562913907284769
    },
    "UnfrozeDate": {
        "tp": 0,
        "fp": 0,
        "fn": 18,
        "f1": 0,
        "precision": 0,
        "recall": 0
    },
    "CompanyName": {
        "tp": 9383,
        "fp": 404,
        "fn": 699,
        "f1": 0.9444863858271679,
        "precision": 0.958720752017983,
        "recall": 0.9306685181511605
    },
    "HighestTradingPrice": {
        "tp": 1510,
        "fp": 1284,
        "fn": 114,
        "f1": 0.6835672249886825,
        "precision": 0.5404438081603435,
        "recall": 0.9298029556650246
    },
    "LowestTradingPrice": {
        "tp": 0,
        "fp": 0,
        "fn": 1040,
        "f1": 0,
        "precision": 0,
        "recall": 0
    },
    "RepurchasedShares": {
        "tp": 1447,
        "fp": 241,
        "fn": 120,
        "f1": 0.8890937019969277,
        "precision": 0.8572274881516587,
        "recall": 0.9234205488194002
    },
    "ClosingDate": {
        "tp": 1073,
        "fp": 668,
        "fn": 575,
        "f1": 0.633225140159339,
        "precision": 0.6163124641010913,
        "recall": 0.6510922330097088
    },
    "RepurchaseAmount": {
        "tp": 1196,
        "fp": 262,
        "fn": 230,
        "f1": 0.8294036061026353,
        "precision": 0.8203017832647462,
        "recall": 0.8387096774193549
    },
    "TradedShares": {
        "tp": 904,
        "fp": 378,
        "fn": 230,
        "f1": 0.7483443708609271,
        "precision": 0.7051482059282371,
        "recall": 0.7971781305114638
    },
    "LaterHoldingShares": {
        "tp": 86,
        "fp": 164,
        "fn": 335,
        "f1": 0.25633383010432187,
        "precision": 0.344,
        "recall": 0.2042755344418052
    },
    "AveragePrice": {
        "tp": 196,
        "fp": 78,
        "fn": 13,
        "f1": 0.8115942028985508,
        "precision": 0.7153284671532847,
        "recall": 0.937799043062201
    },
    "Pledger": {
        "tp": 0,
        "fp": 0,
        "fn": 0,
        "f1": 0,
        "precision": 0,
        "recall": 0
    },
    "PledgedShares": {
        "tp": 2446,
        "fp": 871,
        "fn": 425,
        "f1": 0.7905623787976729,
        "precision": 0.7374133252939403,
        "recall": 0.8519679554162313
    },
    "Pledgee": {
        "tp": 2004,
        "fp": 150,
        "fn": 128,
        "f1": 0.9351376574895007,
        "precision": 0.9303621169916435,
        "recall": 0.9399624765478424
    },
    "TotalPledgedShares": {
        "tp": 1169,
        "fp": 359,
        "fn": 201,
        "f1": 0.8067632850241546,
        "precision": 0.7650523560209425,
        "recall": 0.8532846715328467
    },
    "ReleasedDate": {
        "tp": 465,
        "fp": 428,
        "fn": 296,
        "f1": 0.5622732769044739,
        "precision": 0.5207166853303471,
        "recall": 0.6110381077529566
    },
    "StockCode": {
        "tp": 3232,
        "fp": 22,
        "fn": 16,
        "f1": 0.9941556444171024,
        "precision": 0.9932390903503381,
        "recall": 0.9950738916256158
    },
    "StockAbbr": {
        "tp": 4044,
        "fp": 580,
        "fn": 1051,
        "f1": 0.8321843811091676,
        "precision": 0.8745674740484429,
        "recall": 0.7937193326790971
    },
    "precision": 0.821130576124255,
    "recall": 0.8194434431547833,
    "micro_f1": 0.8202861421328955,
    "macro_f1": 0.6571614395067508
}