{
    "EquityHolder": {
        "tp": 8384,
        "fp": 1565,
        "fn": 1229,
        "f1": 0.8571720682956754,
        "precision": 0.8426977585687003,
        "recall": 0.8721522937688547
    },
    "FrozeShares": {
        "tp": 114,
        "fp": 183,
        "fn": 184,
        "f1": 0.38319327731092434,
        "precision": 0.3838383838383838,
        "recall": 0.3825503355704698
    },
    "LegalInstitution": {
        "tp": 450,
        "fp": 61,
        "fn": 52,
        "f1": 0.8884501480750246,
        "precision": 0.8806262230919765,
        "recall": 0.896414342629482
    },
    "TotalHoldingShares": {
        "tp": 1720,
        "fp": 565,
        "fn": 439,
        "f1": 0.7740774077407742,
        "precision": 0.7527352297592997,
        "recall": 0.7966651227420102
    },
    "TotalHoldingRatio": {
        "tp": 1435,
        "fp": 398,
        "fn": 290,
        "f1": 0.8066329398538505,
        "precision": 0.7828696126568467,
        "recall": 0.8318840579710145
    },
    "StartDate": {
        "tp": 3718,
        "fp": 1385,
        "fn": 1313,
        "f1": 0.7337675152950465,
        "precision": 0.7285910248873212,
        "recall": 0.7390180878552972
    },
    "EndDate": {
        "tp": 978,
        "fp": 615,
        "fn": 532,
        "f1": 0.6303577183370932,
        "precision": 0.6139359698681732,
        "recall": 0.6476821192052981
    },
    "UnfrozeDate": {
        "tp": 9,
        "fp": 33,
        "fn": 9,
        "f1": 0.3,
        "precision": 0.21428571428571427,
        "recall": 0.5
    },
    "CompanyName": {
        "tp": 9546,
        "fp": 398,
        "fn": 536,
        "f1": 0.9533606311794668,
        "precision": 0.9599758648431215,
        "recall": 0.9468359452489585
    },
    "HighestTradingPrice": {
        "tp": 1329,
        "fp": 472,
        "fn": 295,
        "f1": 0.7760583941605841,
        "precision": 0.7379233759022765,
        "recall": 0.8183497536945813
    },
    "LowestTradingPrice": {
        "tp": 805,
        "fp": 221,
        "fn": 235,
        "f1": 0.7792836398838335,
        "precision": 0.7846003898635477,
        "recall": 0.7740384615384616
    },
    "RepurchasedShares": {
        "tp": 1368,
        "fp": 248,
        "fn": 199,
        "f1": 0.8595664467483507,
        "precision": 0.8465346534653465,
        "recall": 0.8730057434588385
    },
    "ClosingDate": {
        "tp": 1104,
        "fp": 653,
        "fn": 544,
        "f1": 0.6484581497797356,
        "precision": 0.6283437677859989,
        "recall": 0.6699029126213593
    },
    "RepurchaseAmount": {
        "tp": 1126,
        "fp": 332,
        "fn": 300,
        "f1": 0.7808599167822469,
        "precision": 0.7722908093278463,
        "recall": 0.7896213183730715
    },
    "TradedShares": {
        "tp": 878,
        "fp": 417,
        "fn": 256,
        "f1": 0.7229312474269247,
        "precision": 0.677992277992278,
        "recall": 0.7742504409171076
    },
    "LaterHoldingShares": {
        "tp": 86,
        "fp": 216,
        "fn": 335,
        "f1": 0.23789764868603042,
        "precision": 0.2847682119205298,
        "recall": 0.2042755344418052
    },
    "AveragePrice": {
        "tp": 194,
        "fp": 71,
        "fn": 15,
        "f1": 0.8185654008438819,
        "precision": 0.7320754716981132,
        "recall": 0.9282296650717703
    },
    "Pledger": {
        "tp": 0,
        "fp": 0,
        "fn": 0,
        "f1": 0,
        "precision": 0,
        "recall": 0
    },
    "PledgedShares": {
        "tp": 2413,
        "fp": 926,
        "fn": 458,
        "f1": 0.777133655394525,
        "precision": 0.7226714585205152,
        "recall": 0.8404737025426681
    },
    "Pledgee": {
        "tp": 2017,
        "fp": 152,
        "fn": 115,
        "f1": 0.9379214136247384,
        "precision": 0.929921622867681,
        "recall": 0.9460600375234521
    },
    "TotalPledgedShares": {
        "tp": 1102,
        "fp": 411,
        "fn": 268,
        "f1": 0.7644814429413804,
        "precision": 0.728354263053536,
        "recall": 0.8043795620437956
    },
    "ReleasedDate": {
        "tp": 437,
        "fp": 523,
        "fn": 324,
        "f1": 0.5078442765833817,
        "precision": 0.4552083333333333,
        "recall": 0.5742444152431012
    },
    "StockCode": {
        "tp": 3238,
        "fp": 9,
        "fn": 10,
        "f1": 0.9970746728252502,
        "precision": 0.9972282106559901,
        "recall": 0.9969211822660099
    },
    "StockAbbr": {
        "tp": 4139,
        "fp": 662,
        "fn": 956,
        "f1": 0.8364995957962813,
        "precision": 0.8621120599875026,
        "recall": 0.8123650637880275
    },
    "precision": 0.8158512240395055,
    "recall": 0.8397015355778242,
    "micro_f1": 0.8276045830002665,
    "macro_f1": 0.6988161503152083
}