{
    "EquityHolder": {
        "tp": 8108,
        "fp": 1471,
        "fn": 1505,
        "f1": 0.8449353897457273,
        "precision": 0.8464349096982984,
        "recall": 0.8434411734110059
    },
    "FrozeShares": {
        "tp": 80,
        "fp": 119,
        "fn": 218,
        "f1": 0.32193158953722334,
        "precision": 0.4020100502512563,
        "recall": 0.2684563758389262
    },
    "LegalInstitution": {
        "tp": 445,
        "fp": 64,
        "fn": 57,
        "f1": 0.8803165182987142,
        "precision": 0.8742632612966601,
        "recall": 0.8864541832669323
    },
    "TotalHoldingShares": {
        "tp": 1663,
        "fp": 462,
        "fn": 496,
        "f1": 0.7763772175536882,
        "precision": 0.7825882352941177,
        "recall": 0.7702640111162575
    },
    "TotalHoldingRatio": {
        "tp": 1422,
        "fp": 345,
        "fn": 303,
        "f1": 0.8144329896907218,
        "precision": 0.8047538200339559,
        "recall": 0.8243478260869566
    },
    "StartDate": {
        "tp": 3773,
        "fp": 1246,
        "fn": 1258,
        "f1": 0.7508457711442785,
        "precision": 0.7517433751743375,
        "recall": 0.749950308089843
    },
    "EndDate": {
        "tp": 981,
        "fp": 522,
        "fn": 529,
        "f1": 0.6511782276800531,
        "precision": 0.6526946107784432,
        "recall": 0.6496688741721854
    },
    "UnfrozeDate": {
        "tp": 5,
        "fp": 16,
        "fn": 13,
        "f1": 0.25641025641025644,
        "precision": 0.23809523809523808,
        "recall": 0.2777777777777778
    },
    "CompanyName": {
        "tp": 9436,
        "fp": 343,
        "fn": 646,
        "f1": 0.9502039172247118,
        "precision": 0.964924838940587,
        "recall": 0.9359254116246777
    },
    "HighestTradingPrice": {
        "tp": 1194,
        "fp": 733,
        "fn": 430,
        "f1": 0.6724866234863418,
        "precision": 0.6196159833938765,
        "recall": 0.7352216748768473
    },
    "LowestTradingPrice": {
        "tp": 695,
        "fp": 186,
        "fn": 345,
        "f1": 0.7235814679854243,
        "precision": 0.7888762769580022,
        "recall": 0.6682692307692307
    },
    "RepurchasedShares": {
        "tp": 1352,
        "fp": 236,
        "fn": 215,
        "f1": 0.8570522979397782,
        "precision": 0.8513853904282116,
        "recall": 0.8627951499680919
    },
    "ClosingDate": {
        "tp": 1104,
        "fp": 588,
        "fn": 544,
        "f1": 0.6610778443113772,
        "precision": 0.6524822695035462,
        "recall": 0.6699029126213593
    },
    "RepurchaseAmount": {
        "tp": 1180,
        "fp": 336,
        "fn": 246,
        "f1": 0.8021753908905508,
        "precision": 0.7783641160949868,
        "recall": 0.8274894810659187
    },
    "TradedShares": {
        "tp": 809,
        "fp": 314,
        "fn": 325,
        "f1": 0.7168808152414711,
        "precision": 0.7203918076580588,
        "recall": 0.7134038800705468
    },
    "LaterHoldingShares": {
        "tp": 88,
        "fp": 223,
        "fn": 333,
        "f1": 0.24043715846994537,
        "precision": 0.2829581993569132,
        "recall": 0.20902612826603326
    },
    "AveragePrice": {
        "tp": 196,
        "fp": 75,
        "fn": 13,
        "f1": 0.8166666666666667,
        "precision": 0.7232472324723247,
        "recall": 0.937799043062201
    },
    "Pledger": {
        "tp": 0,
        "fp": 0,
        "fn": 0,
        "f1": 0,
        "precision": 0,
        "recall": 0
    },
    "PledgedShares": {
        "tp": 2232,
        "fp": 795,
        "fn": 639,
        "f1": 0.7568667344862666,
        "precision": 0.7373637264618434,
        "recall": 0.7774294670846394
    },
    "Pledgee": {
        "tp": 2023,
        "fp": 149,
        "fn": 109,
        "f1": 0.9400557620817843,
        "precision": 0.9313996316758748,
        "recall": 0.948874296435272
    },
    "TotalPledgedShares": {
        "tp": 1122,
        "fp": 453,
        "fn": 248,
        "f1": 0.7619694397283532,
        "precision": 0.7123809523809523,
        "recall": 0.8189781021897811
    },
    "ReleasedDate": {
        "tp": 459,
        "fp": 417,
        "fn": 302,
        "f1": 0.5607819181429444,
        "precision": 0.523972602739726,
        "recall": 0.6031537450722734
    },
    "StockCode": {
        "tp": 3234,
        "fp": 11,
        "fn": 14,
        "f1": 0.9961496996765749,
        "precision": 0.9966101694915255,
        "recall": 0.9956896551724138
    },
    "StockAbbr": {
        "tp": 4148,
        "fp": 651,
        "fn": 947,
        "f1": 0.8384879725085911,
        "precision": 0.8643467389039383,
        "recall": 0.8141315014720314
    },
    "precision": 0.8242469011242433,
    "recall": 0.8245440126883425,
    "micro_f1": 0.8243954301365912,
    "macro_f1": 0.6913042362042267
}