{
    "EquityHolder": {
        "tp": 8558,
        "fp": 1546,
        "fn": 1055,
        "f1": 0.868083379824517,
        "precision": 0.8469912905779889,
        "recall": 0.8902527826901071
    },
    "FrozeShares": {
        "tp": 115,
        "fp": 149,
        "fn": 183,
        "f1": 0.4092526690391459,
        "precision": 0.4356060606060606,
        "recall": 0.3859060402684564
    },
    "LegalInstitution": {
        "tp": 444,
        "fp": 77,
        "fn": 58,
        "f1": 0.8680351906158358,
        "precision": 0.8522072936660269,
        "recall": 0.8844621513944223
    },
    "TotalHoldingShares": {
        "tp": 1616,
        "fp": 439,
        "fn": 543,
        "f1": 0.7669672520170859,
        "precision": 0.786374695863747,
        "recall": 0.7484946734599351
    },
    "TotalHoldingRatio": {
        "tp": 1378,
        "fp": 315,
        "fn": 347,
        "f1": 0.8063194850789935,
        "precision": 0.8139397519196693,
        "recall": 0.7988405797101449
    },
    "StartDate": {
        "tp": 3903,
        "fp": 1421,
        "fn": 1128,
        "f1": 0.7538387252535007,
        "precision": 0.7330954169797145,
        "recall": 0.7757901013714967
    },
    "EndDate": {
        "tp": 1081,
        "fp": 654,
        "fn": 429,
        "f1": 0.666255778120185,
        "precision": 0.6230547550432277,
        "recall": 0.7158940397350994
    },
    "UnfrozeDate": {
        "tp": 1,
        "fp": 20,
        "fn": 17,
        "f1": 0.05128205128205128,
        "precision": 0.047619047619047616,
        "recall": 0.05555555555555555
    },
    "CompanyName": {
        "tp": 9543,
        "fp": 416,
        "fn": 539,
        "f1": 0.9523476872411557,
        "precision": 0.9582287378250829,
        "recall": 0.9465383852410236
    },
    "HighestTradingPrice": {
        "tp": 1536,
        "fp": 355,
        "fn": 88,
        "f1": 0.8739687055476528,
        "precision": 0.8122686409307245,
        "recall": 0.9458128078817734
    },
    "LowestTradingPrice": {
        "tp": 801,
        "fp": 142,
        "fn": 239,
        "f1": 0.8078668683812404,
        "precision": 0.8494167550371156,
        "recall": 0.7701923076923077
    },
    "RepurchasedShares": {
        "tp": 1475,
        "fp": 407,
        "fn": 92,
        "f1": 0.8553203827196288,
        "precision": 0.7837407013815091,
        "recall": 0.9412890874282067
    },
    "ClosingDate": {
        "tp": 1275,
        "fp": 1181,
        "fn": 373,
        "f1": 0.6213450292397661,
        "precision": 0.5191368078175895,
        "recall": 0.7736650485436893
    },
    "RepurchaseAmount": {
        "tp": 1329,
        "fp": 366,
        "fn": 97,
        "f1": 0.8516501121435438,
        "precision": 0.784070796460177,
        "recall": 0.9319775596072931
    },
    "TradedShares": {
        "tp": 849,
        "fp": 400,
        "fn": 285,
        "f1": 0.712547209399916,
        "precision": 0.6797437950360288,
        "recall": 0.7486772486772487
    },
    "LaterHoldingShares": {
        "tp": 107,
        "fp": 251,
        "fn": 314,
        "f1": 0.27471116816431324,
        "precision": 0.2988826815642458,
        "recall": 0.25415676959619954
    },
    "AveragePrice": {
        "tp": 194,
        "fp": 46,
        "fn": 15,
        "f1": 0.8641425389755012,
        "precision": 0.8083333333333333,
        "recall": 0.9282296650717703
    },
    "Pledger": {
        "tp": 0,
        "fp": 0,
        "fn": 0,
        "f1": 0,
        "precision": 0,
        "recall": 0
    },
    "PledgedShares": {
        "tp": 2432,
        "fp": 1123,
        "fn": 439,
        "f1": 0.7569249922191099,
        "precision": 0.6841068917018284,
        "recall": 0.8470916057122954
    },
    "Pledgee": {
        "tp": 1976,
        "fp": 215,
        "fn": 156,
        "f1": 0.9141799676150821,
        "precision": 0.9018712916476495,
        "recall": 0.926829268292683
    },
    "TotalPledgedShares": {
        "tp": 1002,
        "fp": 403,
        "fn": 368,
        "f1": 0.7221621621621622,
        "precision": 0.7131672597864769,
        "recall": 0.7313868613138687
    },
    "ReleasedDate": {
        "tp": 491,
        "fp": 673,
        "fn": 270,
        "f1": 0.5101298701298701,
        "precision": 0.4218213058419244,
        "recall": 0.6452036793692509
    },
    "StockCode": {
        "tp": 3227,
        "fp": 80,
        "fn": 21,
        "f1": 0.9845919145690312,
        "precision": 0.9758088902328395,
        "recall": 0.9935344827586207
    },
    "StockAbbr": {
        "tp": 4119,
        "fp": 589,
        "fn": 976,
        "f1": 0.8403549933693766,
        "precision": 0.8748937977909941,
        "recall": 0.8084396467124632
    },
    "precision": 0.8081062670299728,
    "recall": 0.8552375459591954,
    "micro_f1": 0.8310041679801058,
    "macro_f1": 0.6971782555461942
}