{
    "EquityHolder": {
        "tp": 8345,
        "fp": 1533,
        "fn": 1268,
        "f1": 0.856292647888769,
        "precision": 0.8448066410204494,
        "recall": 0.8680952876313326
    },
    "FrozeShares": {
        "tp": 127,
        "fp": 187,
        "fn": 171,
        "f1": 0.4150326797385621,
        "precision": 0.40445859872611467,
        "recall": 0.4261744966442953
    },
    "LegalInstitution": {
        "tp": 440,
        "fp": 72,
        "fn": 62,
        "f1": 0.8678500986193294,
        "precision": 0.859375,
        "recall": 0.8764940239043825
    },
    "TotalHoldingShares": {
        "tp": 1738,
        "fp": 722,
        "fn": 421,
        "f1": 0.752543840658151,
        "precision": 0.7065040650406504,
        "recall": 0.8050023158869847
    },
    "TotalHoldingRatio": {
        "tp": 1480,
        "fp": 448,
        "fn": 245,
        "f1": 0.8102929099370382,
        "precision": 0.7676348547717843,
        "recall": 0.8579710144927536
    },
    "StartDate": {
        "tp": 3738,
        "fp": 1259,
        "fn": 1293,
        "f1": 0.7455125648185081,
        "precision": 0.7480488292975785,
        "recall": 0.7429934406678592
    },
    "EndDate": {
        "tp": 982,
        "fp": 520,
        "fn": 528,
        "f1": 0.652058432934927,
        "precision": 0.6537949400798935,
        "recall": 0.6503311258278146
    },
    "UnfrozeDate": {
        "tp": 10,
        "fp": 21,
        "fn": 8,
        "f1": 0.40816326530612246,
        "precision": 0.3225806451612903,
        "recall": 0.5555555555555556
    },
    "CompanyName": {
        "tp": 9503,
        "fp": 424,
        "fn": 579,
        "f1": 0.9498725573491928,
        "precision": 0.9572882038883852,
        "recall": 0.9425709184685578
    },
    "HighestTradingPrice": {
        "tp": 1276,
        "fp": 340,
        "fn": 348,
        "f1": 0.7876543209876543,
        "precision": 0.7896039603960396,
        "recall": 0.7857142857142857
    },
    "LowestTradingPrice": {
        "tp": 917,
        "fp": 283,
        "fn": 123,
        "f1": 0.81875,
        "precision": 0.7641666666666667,
        "recall": 0.8817307692307692
    },
    "RepurchasedShares": {
        "tp": 1456,
        "fp": 247,
        "fn": 111,
        "f1": 0.8905198776758411,
        "precision": 0.8549618320610687,
        "recall": 0.9291640076579452
    },
    "ClosingDate": {
        "tp": 1119,
        "fp": 595,
        "fn": 529,
        "f1": 0.6656751933372992,
        "precision": 0.6528588098016336,
        "recall": 0.679004854368932
    },
    "RepurchaseAmount": {
        "tp": 1310,
        "fp": 350,
        "fn": 116,
        "f1": 0.8489954633830201,
        "precision": 0.7891566265060241,
        "recall": 0.9186535764375876
    },
    "TradedShares": {
        "tp": 821,
        "fp": 349,
        "fn": 313,
        "f1": 0.7126736111111112,
        "precision": 0.7017094017094017,
        "recall": 0.7239858906525574
    },
    "LaterHoldingShares": {
        "tp": 86,
        "fp": 226,
        "fn": 335,
        "f1": 0.23465211459754434,
        "precision": 0.27564102564102566,
        "recall": 0.2042755344418052
    },
    "AveragePrice": {
        "tp": 195,
        "fp": 53,
        "fn": 14,
        "f1": 0.8533916849015317,
        "precision": 0.7862903225806451,
        "recall": 0.9330143540669856
    },
    "Pledger": {
        "tp": 0,
        "fp": 0,
        "fn": 0,
        "f1": 0,
        "precision": 0,
        "recall": 0
    },
    "PledgedShares": {
        "tp": 2396,
        "fp": 909,
        "fn": 475,
        "f1": 0.7759067357512954,
        "precision": 0.7249621785173979,
        "recall": 0.8345524207593173
    },
    "Pledgee": {
        "tp": 2011,
        "fp": 154,
        "fn": 121,
        "f1": 0.9360018617640214,
        "precision": 0.9288683602771363,
        "recall": 0.9432457786116323
    },
    "TotalPledgedShares": {
        "tp": 1106,
        "fp": 428,
        "fn": 264,
        "f1": 0.7617079889807163,
        "precision": 0.7209908735332464,
        "recall": 0.8072992700729927
    },
    "ReleasedDate": {
        "tp": 471,
        "fp": 442,
        "fn": 290,
        "f1": 0.5627240143369177,
        "precision": 0.515881708652793,
        "recall": 0.6189224704336399
    },
    "StockCode": {
        "tp": 3239,
        "fp": 8,
        "fn": 9,
        "f1": 0.9973826020015396,
        "precision": 0.997536187249769,
        "recall": 0.9972290640394089
    },
    "StockAbbr": {
        "tp": 4115,
        "fp": 507,
        "fn": 980,
        "f1": 0.8469692291859627,
        "precision": 0.8903072263089572,
        "recall": 0.8076545632973503
    },
    "precision": 0.8230801643316128,
    "recall": 0.8449462908225794,
    "micro_f1": 0.8338699062627843,
    "macro_f1": 0.7146093206360442
}