{
    "EquityHolder": {
        "tp": 8491,
        "fp": 1615,
        "fn": 1122,
        "f1": 0.8611998580049698,
        "precision": 0.8401939441915693,
        "recall": 0.883283054197441
    },
    "FrozeShares": {
        "tp": 100,
        "fp": 131,
        "fn": 198,
        "f1": 0.37807183364839325,
        "precision": 0.4329004329004329,
        "recall": 0.33557046979865773
    },
    "LegalInstitution": {
        "tp": 438,
        "fp": 62,
        "fn": 64,
        "f1": 0.874251497005988,
        "precision": 0.876,
        "recall": 0.8725099601593626
    },
    "TotalHoldingShares": {
        "tp": 1744,
        "fp": 600,
        "fn": 415,
        "f1": 0.774594714634688,
        "precision": 0.7440273037542662,
        "recall": 0.8077813802686429
    },
    "TotalHoldingRatio": {
        "tp": 1375,
        "fp": 277,
        "fn": 350,
        "f1": 0.8143322475570032,
        "precision": 0.8323244552058111,
        "recall": 0.7971014492753623
    },
    "StartDate": {
        "tp": 3866,
        "fp": 1403,
        "fn": 1165,
        "f1": 0.7506796116504854,
        "precision": 0.7337255646232682,
        "recall": 0.7684356986682568
    },
    "EndDate": {
        "tp": 968,
        "fp": 416,
        "fn": 542,
        "f1": 0.6689702833448514,
        "precision": 0.6994219653179191,
        "recall": 0.6410596026490066
    },
    "UnfrozeDate": {
        "tp": 9,
        "fp": 21,
        "fn": 9,
        "f1": 0.37499999999999994,
        "precision": 0.3,
        "recall": 0.5
    },
    "CompanyName": {
        "tp": 9383,
        "fp": 415,
        "fn": 699,
        "f1": 0.9439637826961771,
        "precision": 0.9576444172280058,
        "recall": 0.9306685181511605
    },
    "HighestTradingPrice": {
        "tp": 1274,
        "fp": 342,
        "fn": 350,
        "f1": 0.7864197530864198,
        "precision": 0.7883663366336634,
        "recall": 0.7844827586206896
    },
    "LowestTradingPrice": {
        "tp": 878,
        "fp": 269,
        "fn": 162,
        "f1": 0.8029263831732968,
        "precision": 0.7654751525719268,
        "recall": 0.8442307692307692
    },
    "RepurchasedShares": {
        "tp": 1437,
        "fp": 238,
        "fn": 130,
        "f1": 0.8864898210980876,
        "precision": 0.8579104477611941,
        "recall": 0.9170389278876835
    },
    "ClosingDate": {
        "tp": 1105,
        "fp": 611,
        "fn": 543,
        "f1": 0.6569560047562426,
        "precision": 0.6439393939393939,
        "recall": 0.6705097087378641
    },
    "RepurchaseAmount": {
        "tp": 1243,
        "fp": 315,
        "fn": 183,
        "f1": 0.8331099195710455,
        "precision": 0.7978177150192555,
        "recall": 0.8716690042075736
    },
    "TradedShares": {
        "tp": 859,
        "fp": 364,
        "fn": 275,
        "f1": 0.7288926601612219,
        "precision": 0.7023712183156173,
        "recall": 0.7574955908289241
    },
    "LaterHoldingShares": {
        "tp": 101,
        "fp": 243,
        "fn": 320,
        "f1": 0.26405228758169935,
        "precision": 0.2936046511627907,
        "recall": 0.23990498812351543
    },
    "AveragePrice": {
        "tp": 190,
        "fp": 50,
        "fn": 19,
        "f1": 0.8463251670378619,
        "precision": 0.7916666666666666,
        "recall": 0.9090909090909091
    },
    "Pledger": {
        "tp": 0,
        "fp": 0,
        "fn": 0,
        "f1": 0,
        "precision": 0,
        "recall": 0
    },
    "PledgedShares": {
        "tp": 2357,
        "fp": 815,
        "fn": 514,
        "f1": 0.7800761211318881,
        "precision": 0.7430643127364439,
        "recall": 0.8209683037269244
    },
    "Pledgee": {
        "tp": 2020,
        "fp": 162,
        "fn": 112,
        "f1": 0.9364858599907279,
        "precision": 0.925756186984418,
        "recall": 0.9474671669793621
    },
    "TotalPledgedShares": {
        "tp": 1079,
        "fp": 381,
        "fn": 291,
        "f1": 0.7625441696113073,
        "precision": 0.739041095890411,
        "recall": 0.7875912408759124
    },
    "ReleasedDate": {
        "tp": 430,
        "fp": 392,
        "fn": 331,
        "f1": 0.5432722678458624,
        "precision": 0.5231143552311436,
        "recall": 0.5650459921156373
    },
    "StockCode": {
        "tp": 3234,
        "fp": 9,
        "fn": 14,
        "f1": 0.9964566322600524,
        "precision": 0.9972247918593895,
        "recall": 0.9956896551724138
    },
    "StockAbbr": {
        "tp": 4126,
        "fp": 588,
        "fn": 969,
        "f1": 0.8412682230604547,
        "precision": 0.8752651675859143,
        "recall": 0.8098135426889107
    },
    "precision": 0.8277567079006132,
    "recall": 0.8418102516040661,
    "micro_f1": 0.8347243320525422,
    "macro_f1": 0.7127641291211967
}