{
    "EquityHolder": {
        "tp": 8282,
        "fp": 1442,
        "fn": 1331,
        "f1": 0.8565961627967109,
        "precision": 0.8517071164129988,
        "recall": 0.8615416623322584
    },
    "FrozeShares": {
        "tp": 94,
        "fp": 107,
        "fn": 204,
        "f1": 0.3767535070140281,
        "precision": 0.46766169154228854,
        "recall": 0.31543624161073824
    },
    "LegalInstitution": {
        "tp": 435,
        "fp": 62,
        "fn": 67,
        "f1": 0.8708708708708709,
        "precision": 0.8752515090543259,
        "recall": 0.8665338645418327
    },
    "TotalHoldingShares": {
        "tp": 1715,
        "fp": 607,
        "fn": 444,
        "f1": 0.7654541397009595,
        "precision": 0.7385874246339362,
        "recall": 0.794349235757295
    },
    "TotalHoldingRatio": {
        "tp": 1425,
        "fp": 340,
        "fn": 300,
        "f1": 0.8166189111747852,
        "precision": 0.8073654390934845,
        "recall": 0.8260869565217391
    },
    "StartDate": {
        "tp": 3651,
        "fp": 1099,
        "fn": 1380,
        "f1": 0.7465494325733566,
        "precision": 0.7686315789473684,
        "recall": 0.7257006559332141
    },
    "EndDate": {
        "tp": 968,
        "fp": 540,
        "fn": 542,
        "f1": 0.6414844267726971,
        "precision": 0.6419098143236074,
        "recall": 0.6410596026490066
    },
    "UnfrozeDate": {
        "tp": 11,
        "fp": 21,
        "fn": 7,
        "f1": 0.44000000000000006,
        "precision": 0.34375,
        "recall": 0.6111111111111112
    },
    "CompanyName": {
        "tp": 9542,
        "fp": 345,
        "fn": 540,
        "f1": 0.9556813060243378,
        "precision": 0.965105694346111,
        "recall": 0.946439198571712
    },
    "HighestTradingPrice": {
        "tp": 1284,
        "fp": 439,
        "fn": 340,
        "f1": 0.7672542575440692,
        "precision": 0.7452118398142774,
        "recall": 0.7906403940886699
    },
    "LowestTradingPrice": {
        "tp": 838,
        "fp": 231,
        "fn": 202,
        "f1": 0.7946894262683737,
        "precision": 0.7839101964452759,
        "recall": 0.8057692307692308
    },
    "RepurchasedShares": {
        "tp": 1392,
        "fp": 244,
        "fn": 175,
        "f1": 0.869185138932251,
        "precision": 0.8508557457212714,
        "recall": 0.8883216336949585
    },
    "ClosingDate": {
        "tp": 1015,
        "fp": 593,
        "fn": 633,
        "f1": 0.6234643734643736,
        "precision": 0.6312189054726368,
        "recall": 0.6158980582524272
    },
    "RepurchaseAmount": {
        "tp": 1219,
        "fp": 320,
        "fn": 207,
        "f1": 0.8222596964586846,
        "precision": 0.7920727745289149,
        "recall": 0.8548387096774194
    },
    "TradedShares": {
        "tp": 823,
        "fp": 341,
        "fn": 311,
        "f1": 0.7162750217580504,
        "precision": 0.7070446735395189,
        "recall": 0.7257495590828924
    },
    "LaterHoldingShares": {
        "tp": 85,
        "fp": 210,
        "fn": 336,
        "f1": 0.2374301675977654,
        "precision": 0.288135593220339,
        "recall": 0.20190023752969122
    },
    "AveragePrice": {
        "tp": 190,
        "fp": 60,
        "fn": 19,
        "f1": 0.8278867102396515,
        "precision": 0.76,
        "recall": 0.9090909090909091
    },
    "Pledger": {
        "tp": 0,
        "fp": 0,
        "fn": 0,
        "f1": 0,
        "precision": 0,
        "recall": 0
    },
    "PledgedShares": {
        "tp": 2218,
        "fp": 799,
        "fn": 653,
        "f1": 0.7533967391304347,
        "precision": 0.735167384819357,
        "recall": 0.7725531173807035
    },
    "Pledgee": {
        "tp": 2014,
        "fp": 136,
        "fn": 118,
        "f1": 0.9406819243344232,
        "precision": 0.9367441860465117,
        "recall": 0.9446529080675422
    },
    "TotalPledgedShares": {
        "tp": 1048,
        "fp": 418,
        "fn": 322,
        "f1": 0.7390691114245416,
        "precision": 0.7148703956343793,
        "recall": 0.7649635036496351
    },
    "ReleasedDate": {
        "tp": 414,
        "fp": 429,
        "fn": 347,
        "f1": 0.5162094763092269,
        "precision": 0.49110320284697506,
        "recall": 0.5440210249671484
    },
    "StockCode": {
        "tp": 3236,
        "fp": 10,
        "fn": 12,
        "f1": 0.9966122574684324,
        "precision": 0.9969192852741836,
        "recall": 0.9963054187192119
    },
    "StockAbbr": {
        "tp": 4018,
        "fp": 531,
        "fn": 1077,
        "f1": 0.8332642057237659,
        "precision": 0.8832710485821059,
        "recall": 0.7886162904808636
    },
    "precision": 0.8312123241795043,
    "recall": 0.827571912623459,
    "micro_f1": 0.8293881237299615,
    "macro_f1": 0.704486969315908
}