{
    "EquityHolder": {
        "tp": 8446,
        "fp": 1539,
        "fn": 1167,
        "f1": 0.8619246861924686,
        "precision": 0.8458688032048072,
        "recall": 0.8786018932695309
    },
    "FrozeShares": {
        "tp": 118,
        "fp": 140,
        "fn": 180,
        "f1": 0.4244604316546763,
        "precision": 0.4573643410852713,
        "recall": 0.3959731543624161
    },
    "LegalInstitution": {
        "tp": 439,
        "fp": 67,
        "fn": 63,
        "f1": 0.871031746031746,
        "precision": 0.8675889328063241,
        "recall": 0.8745019920318725
    },
    "TotalHoldingShares": {
        "tp": 1663,
        "fp": 540,
        "fn": 496,
        "f1": 0.76249426868409,
        "precision": 0.7548797094870631,
        "recall": 0.7702640111162575
    },
    "TotalHoldingRatio": {
        "tp": 1399,
        "fp": 314,
        "fn": 326,
        "f1": 0.8138452588714369,
        "precision": 0.8166958552247519,
        "recall": 0.8110144927536231
    },
    "StartDate": {
        "tp": 3669,
        "fp": 1146,
        "fn": 1362,
        "f1": 0.7452772699573431,
        "precision": 0.761993769470405,
        "recall": 0.72927847346452
    },
    "EndDate": {
        "tp": 935,
        "fp": 449,
        "fn": 575,
        "f1": 0.6461644782308225,
        "precision": 0.6755780346820809,
        "recall": 0.6192052980132451
    },
    "UnfrozeDate": {
        "tp": 6,
        "fp": 14,
        "fn": 12,
        "f1": 0.3157894736842105,
        "precision": 0.3,
        "recall": 0.3333333333333333
    },
    "CompanyName": {
        "tp": 9533,
        "fp": 428,
        "fn": 549,
        "f1": 0.951254802175323,
        "precision": 0.9570324264632065,
        "recall": 0.9455465185479072
    },
    "HighestTradingPrice": {
        "tp": 1380,
        "fp": 434,
        "fn": 244,
        "f1": 0.8027923211169286,
        "precision": 0.7607497243660419,
        "recall": 0.8497536945812808
    },
    "LowestTradingPrice": {
        "tp": 845,
        "fp": 161,
        "fn": 195,
        "f1": 0.8260019550342131,
        "precision": 0.8399602385685885,
        "recall": 0.8125
    },
    "RepurchasedShares": {
        "tp": 1376,
        "fp": 238,
        "fn": 191,
        "f1": 0.8651367494498585,
        "precision": 0.8525402726146221,
        "recall": 0.8781110402042118
    },
    "ClosingDate": {
        "tp": 886,
        "fp": 469,
        "fn": 762,
        "f1": 0.5900765900765901,
        "precision": 0.6538745387453875,
        "recall": 0.537621359223301
    },
    "RepurchaseAmount": {
        "tp": 1217,
        "fp": 291,
        "fn": 209,
        "f1": 0.8295841854124062,
        "precision": 0.8070291777188329,
        "recall": 0.8534361851332398
    },
    "TradedShares": {
        "tp": 839,
        "fp": 345,
        "fn": 295,
        "f1": 0.723899913718723,
        "precision": 0.7086148648648649,
        "recall": 0.7398589065255732
    },
    "LaterHoldingShares": {
        "tp": 101,
        "fp": 219,
        "fn": 320,
        "f1": 0.2726045883940621,
        "precision": 0.315625,
        "recall": 0.23990498812351543
    },
    "AveragePrice": {
        "tp": 193,
        "fp": 60,
        "fn": 16,
        "f1": 0.8354978354978355,
        "precision": 0.7628458498023716,
        "recall": 0.9234449760765551
    },
    "Pledger": {
        "tp": 0,
        "fp": 0,
        "fn": 0,
        "f1": 0,
        "precision": 0,
        "recall": 0
    },
    "PledgedShares": {
        "tp": 2299,
        "fp": 836,
        "fn": 572,
        "f1": 0.7655677655677655,
        "precision": 0.7333333333333333,
        "recall": 0.8007662835249042
    },
    "Pledgee": {
        "tp": 2008,
        "fp": 148,
        "fn": 124,
        "f1": 0.9365671641791045,
        "precision": 0.9313543599257885,
        "recall": 0.9418386491557224
    },
    "TotalPledgedShares": {
        "tp": 1064,
        "fp": 397,
        "fn": 306,
        "f1": 0.7516778523489933,
        "precision": 0.7282683093771389,
        "recall": 0.7766423357664234
    },
    "ReleasedDate": {
        "tp": 429,
        "fp": 439,
        "fn": 332,
        "f1": 0.5267034990791897,
        "precision": 0.4942396313364055,
        "recall": 0.5637319316688568
    },
    "StockCode": {
        "tp": 3237,
        "fp": 8,
        "fn": 11,
        "f1": 0.9970737717541968,
        "precision": 0.9975346687211094,
        "recall": 0.9966133004926109
    },
    "StockAbbr": {
        "tp": 4060,
        "fp": 484,
        "fn": 1035,
        "f1": 0.8424110384894697,
        "precision": 0.8934859154929577,
        "recall": 0.7968596663395485
    },
    "precision": 0.8342735228176755,
    "recall": 0.8316271357508471,
    "micro_f1": 0.832948227308831,
    "macro_f1": 0.7065765685667276
}