{
    "EquityHolder": {
        "tp": 8577,
        "fp": 2276,
        "fn": 1036,
        "f1": 0.8381706244503078,
        "precision": 0.7902883995208698,
        "recall": 0.8922292728596692
    },
    "FrozeShares": {
        "tp": 0,
        "fp": 8,
        "fn": 298,
        "f1": 0,
        "precision": 0,
        "recall": 0
    },
    "LegalInstitution": {
        "tp": 464,
        "fp": 92,
        "fn": 38,
        "f1": 0.8771266540642723,
        "precision": 0.8345323741007195,
        "recall": 0.9243027888446215
    },
    "TotalHoldingShares": {
        "tp": 1749,
        "fp": 923,
        "fn": 410,
        "f1": 0.7240736907472574,
        "precision": 0.6545658682634731,
        "recall": 0.8100972672533581
    },
    "TotalHoldingRatio": {
        "tp": 1468,
        "fp": 843,
        "fn": 257,
        "f1": 0.7274529236868186,
        "precision": 0.6352228472522717,
        "recall": 0.8510144927536232
    },
    "StartDate": {
        "tp": 3607,
        "fp": 1840,
        "fn": 1424,
        "f1": 0.6884901698797481,
        "precision": 0.6621993758031944,
        "recall": 0.7169548797455774
    },
    "EndDate": {
        "tp": 1059,
        "fp": 802,
        "fn": 451,
        "f1": 0.6283002076535152,
        "precision": 0.569048898441698,
        "recall": 0.7013245033112583
    },
    "UnfrozeDate": {
        "tp": 0,
        "fp": 0,
        "fn": 18,
        "f1": 0,
        "precision": 0,
        "recall": 0
    },
    "CompanyName": {
        "tp": 9889,
        "fp": 473,
        "fn": 193,
        "f1": 0.9674232048522794,
        "precision": 0.9543524416135881,
        "recall": 0.9808569728228526
    },
    "HighestTradingPrice": {
        "tp": 1465,
        "fp": 1246,
        "fn": 159,
        "f1": 0.6758938869665513,
        "precision": 0.5403909996311325,
        "recall": 0.9020935960591133
    },
    "LowestTradingPrice": {
        "tp": 0,
        "fp": 0,
        "fn": 1040,
        "f1": 0,
        "precision": 0,
        "recall": 0
    },
    "RepurchasedShares": {
        "tp": 1078,
        "fp": 551,
        "fn": 489,
        "f1": 0.67459324155194,
        "precision": 0.6617556783302639,
        "recall": 0.6879387364390556
    },
    "ClosingDate": {
        "tp": 1102,
        "fp": 494,
        "fn": 546,
        "f1": 0.6794081381011097,
        "precision": 0.6904761904761905,
        "recall": 0.6686893203883495
    },
    "RepurchaseAmount": {
        "tp": 198,
        "fp": 212,
        "fn": 1228,
        "f1": 0.21568627450980393,
        "precision": 0.48292682926829267,
        "recall": 0.1388499298737728
    },
    "TradedShares": {
        "tp": 907,
        "fp": 745,
        "fn": 227,
        "f1": 0.6511127063890884,
        "precision": 0.5490314769975787,
        "recall": 0.7998236331569665
    },
    "LaterHoldingShares": {
        "tp": 5,
        "fp": 66,
        "fn": 416,
        "f1": 0.02032520325203252,
        "precision": 0.07042253521126761,
        "recall": 0.011876484560570071
    },
    "AveragePrice": {
        "tp": 202,
        "fp": 228,
        "fn": 7,
        "f1": 0.6322378716744914,
        "precision": 0.4697674418604651,
        "recall": 0.9665071770334929
    },
    "Pledger": {
        "tp": 0,
        "fp": 0,
        "fn": 0,
        "f1": 0,
        "precision": 0,
        "recall": 0
    },
    "PledgedShares": {
        "tp": 2605,
        "fp": 1082,
        "fn": 266,
        "f1": 0.7944495272949069,
        "precision": 0.7065364795226471,
        "recall": 0.9073493556252177
    },
    "Pledgee": {
        "tp": 1988,
        "fp": 222,
        "fn": 144,
        "f1": 0.9157070474435743,
        "precision": 0.8995475113122172,
        "recall": 0.9324577861163227
    },
    "TotalPledgedShares": {
        "tp": 1193,
        "fp": 505,
        "fn": 177,
        "f1": 0.7777053455019556,
        "precision": 0.7025912838633687,
        "recall": 0.8708029197080291
    },
    "ReleasedDate": {
        "tp": 494,
        "fp": 701,
        "fn": 267,
        "f1": 0.5051124744376277,
        "precision": 0.41338912133891215,
        "recall": 0.6491458607095927
    },
    "StockCode": {
        "tp": 3228,
        "fp": 29,
        "fn": 20,
        "f1": 0.992467332820907,
        "precision": 0.9910961007061713,
        "recall": 0.9938423645320197
    },
    "StockAbbr": {
        "tp": 4116,
        "fp": 596,
        "fn": 979,
        "f1": 0.8394004282655246,
        "precision": 0.8735144312393888,
        "recall": 0.8078508341511286
    },
    "precision": 0.76513619201726,
    "recall": 0.8181457717540191,
    "micro_f1": 0.7907535797651813,
    "macro_f1": 0.5760473730643215
}