{
    "EquityHolder": {
        "tp": 8199,
        "fp": 1458,
        "fn": 1414,
        "f1": 0.8509600415153087,
        "precision": 0.8490214352283317,
        "recall": 0.8529075210652242
    },
    "FrozeShares": {
        "tp": 104,
        "fp": 109,
        "fn": 194,
        "f1": 0.40704500978473585,
        "precision": 0.48826291079812206,
        "recall": 0.348993288590604
    },
    "LegalInstitution": {
        "tp": 443,
        "fp": 62,
        "fn": 59,
        "f1": 0.8798411122144985,
        "precision": 0.8772277227722772,
        "recall": 0.8824701195219123
    },
    "TotalHoldingShares": {
        "tp": 1716,
        "fp": 606,
        "fn": 443,
        "f1": 0.7659004686453917,
        "precision": 0.7390180878552972,
        "recall": 0.7948124131542381
    },
    "TotalHoldingRatio": {
        "tp": 1437,
        "fp": 386,
        "fn": 288,
        "f1": 0.810033821871477,
        "precision": 0.7882611080636314,
        "recall": 0.8330434782608696
    },
    "StartDate": {
        "tp": 3527,
        "fp": 991,
        "fn": 1504,
        "f1": 0.7387160959262751,
        "precision": 0.7806551571491811,
        "recall": 0.701053468495329
    },
    "EndDate": {
        "tp": 1037,
        "fp": 580,
        "fn": 473,
        "f1": 0.6632555164694595,
        "precision": 0.6413110698824984,
        "recall": 0.6867549668874172
    },
    "UnfrozeDate": {
        "tp": 8,
        "fp": 15,
        "fn": 10,
        "f1": 0.3902439024390244,
        "precision": 0.34782608695652173,
        "recall": 0.4444444444444444
    },
    "CompanyName": {
        "tp": 9503,
        "fp": 393,
        "fn": 579,
        "f1": 0.9513464811292421,
        "precision": 0.9602869846402587,
        "recall": 0.9425709184685578
    },
    "HighestTradingPrice": {
        "tp": 1291,
        "fp": 453,
        "fn": 333,
        "f1": 0.7666270783847982,
        "precision": 0.7402522935779816,
        "recall": 0.7949507389162561
    },
    "LowestTradingPrice": {
        "tp": 831,
        "fp": 232,
        "fn": 209,
        "f1": 0.790299572039943,
        "precision": 0.7817497648165569,
        "recall": 0.7990384615384616
    },
    "RepurchasedShares": {
        "tp": 1331,
        "fp": 230,
        "fn": 236,
        "f1": 0.8510230179028133,
        "precision": 0.8526585522101218,
        "recall": 0.8493937460114869
    },
    "ClosingDate": {
        "tp": 1112,
        "fp": 547,
        "fn": 536,
        "f1": 0.6725128515270639,
        "precision": 0.6702833031946956,
        "recall": 0.6747572815533981
    },
    "RepurchaseAmount": {
        "tp": 1171,
        "fp": 307,
        "fn": 255,
        "f1": 0.8064738292011019,
        "precision": 0.7922868741542625,
        "recall": 0.8211781206171108
    },
    "TradedShares": {
        "tp": 777,
        "fp": 301,
        "fn": 357,
        "f1": 0.7025316455696202,
        "precision": 0.7207792207792207,
        "recall": 0.6851851851851852
    },
    "LaterHoldingShares": {
        "tp": 85,
        "fp": 204,
        "fn": 336,
        "f1": 0.23943661971830987,
        "precision": 0.29411764705882354,
        "recall": 0.20190023752969122
    },
    "AveragePrice": {
        "tp": 185,
        "fp": 53,
        "fn": 24,
        "f1": 0.8277404921700224,
        "precision": 0.7773109243697479,
        "recall": 0.8851674641148325
    },
    "Pledger": {
        "tp": 0,
        "fp": 0,
        "fn": 0,
        "f1": 0,
        "precision": 0,
        "recall": 0
    },
    "PledgedShares": {
        "tp": 2216,
        "fp": 866,
        "fn": 655,
        "f1": 0.7444985721484967,
        "precision": 0.719013627514601,
        "recall": 0.7718564959944271
    },
    "Pledgee": {
        "tp": 2008,
        "fp": 148,
        "fn": 124,
        "f1": 0.9365671641791045,
        "precision": 0.9313543599257885,
        "recall": 0.9418386491557224
    },
    "TotalPledgedShares": {
        "tp": 1006,
        "fp": 410,
        "fn": 364,
        "f1": 0.7221823402727926,
        "precision": 0.71045197740113,
        "recall": 0.7343065693430657
    },
    "ReleasedDate": {
        "tp": 464,
        "fp": 466,
        "fn": 297,
        "f1": 0.5487876995860438,
        "precision": 0.4989247311827957,
        "recall": 0.6097240473061761
    },
    "StockCode": {
        "tp": 3238,
        "fp": 7,
        "fn": 10,
        "f1": 0.9973817957800708,
        "precision": 0.9978428351309707,
        "recall": 0.9969211822660099
    },
    "StockAbbr": {
        "tp": 3998,
        "fp": 478,
        "fn": 1097,
        "f1": 0.8354403928534114,
        "precision": 0.8932082216264522,
        "recall": 0.7846908734052993
    },
    "precision": 0.8308388950517376,
    "recall": 0.8234265734265734,
    "micro_f1": 0.8271161279226599,
    "macro_f1": 0.7041185633887088
}