{
    "EquityHolder": {
        "tp": 8129,
        "fp": 1324,
        "fn": 1484,
        "f1": 0.852722123151159,
        "precision": 0.8599386438167778,
        "recall": 0.845625715177364
    },
    "FrozeShares": {
        "tp": 112,
        "fp": 140,
        "fn": 186,
        "f1": 0.4072727272727273,
        "precision": 0.4444444444444444,
        "recall": 0.37583892617449666
    },
    "LegalInstitution": {
        "tp": 438,
        "fp": 63,
        "fn": 64,
        "f1": 0.8733798604187437,
        "precision": 0.874251497005988,
        "recall": 0.8725099601593626
    },
    "TotalHoldingShares": {
        "tp": 1702,
        "fp": 555,
        "fn": 457,
        "f1": 0.7708333333333334,
        "precision": 0.7540983606557377,
        "recall": 0.7883279295970357
    },
    "TotalHoldingRatio": {
        "tp": 1419,
        "fp": 278,
        "fn": 306,
        "f1": 0.8293395675043833,
        "precision": 0.8361814967589865,
        "recall": 0.8226086956521739
    },
    "StartDate": {
        "tp": 3450,
        "fp": 876,
        "fn": 1581,
        "f1": 0.7374158384097467,
        "precision": 0.79750346740638,
        "recall": 0.6857483601669648
    },
    "EndDate": {
        "tp": 1013,
        "fp": 550,
        "fn": 497,
        "f1": 0.6592905955092744,
        "precision": 0.6481126039667306,
        "recall": 0.6708609271523179
    },
    "UnfrozeDate": {
        "tp": 9,
        "fp": 16,
        "fn": 9,
        "f1": 0.41860465116279066,
        "precision": 0.36,
        "recall": 0.5
    },
    "CompanyName": {
        "tp": 9681,
        "fp": 409,
        "fn": 401,
        "f1": 0.9598453301606188,
        "precision": 0.9594648166501487,
        "recall": 0.9602261456060306
    },
    "HighestTradingPrice": {
        "tp": 1319,
        "fp": 346,
        "fn": 305,
        "f1": 0.8020674977196717,
        "precision": 0.7921921921921922,
        "recall": 0.812192118226601
    },
    "LowestTradingPrice": {
        "tp": 915,
        "fp": 154,
        "fn": 125,
        "f1": 0.8677098150782362,
        "precision": 0.8559401309635173,
        "recall": 0.8798076923076923
    },
    "RepurchasedShares": {
        "tp": 1163,
        "fp": 199,
        "fn": 404,
        "f1": 0.794127688630932,
        "precision": 0.8538913362701909,
        "recall": 0.7421825143586471
    },
    "ClosingDate": {
        "tp": 953,
        "fp": 487,
        "fn": 695,
        "f1": 0.6172279792746114,
        "precision": 0.6618055555555555,
        "recall": 0.5782766990291263
    },
    "RepurchaseAmount": {
        "tp": 1229,
        "fp": 269,
        "fn": 197,
        "f1": 0.8406292749658003,
        "precision": 0.8204272363150867,
        "recall": 0.861851332398317
    },
    "TradedShares": {
        "tp": 732,
        "fp": 241,
        "fn": 402,
        "f1": 0.6948267679164689,
        "precision": 0.7523124357656732,
        "recall": 0.6455026455026455
    },
    "LaterHoldingShares": {
        "tp": 68,
        "fp": 149,
        "fn": 353,
        "f1": 0.213166144200627,
        "precision": 0.31336405529953915,
        "recall": 0.16152019002375298
    },
    "AveragePrice": {
        "tp": 180,
        "fp": 43,
        "fn": 29,
        "f1": 0.8333333333333334,
        "precision": 0.8071748878923767,
        "recall": 0.861244019138756
    },
    "Pledger": {
        "tp": 0,
        "fp": 0,
        "fn": 0,
        "f1": 0,
        "precision": 0,
        "recall": 0
    },
    "PledgedShares": {
        "tp": 2240,
        "fp": 790,
        "fn": 631,
        "f1": 0.7591933570581257,
        "precision": 0.7392739273927392,
        "recall": 0.7802159526297457
    },
    "Pledgee": {
        "tp": 2014,
        "fp": 140,
        "fn": 118,
        "f1": 0.9398040130657956,
        "precision": 0.9350046425255338,
        "recall": 0.9446529080675422
    },
    "TotalPledgedShares": {
        "tp": 1085,
        "fp": 440,
        "fn": 285,
        "f1": 0.7495682210708118,
        "precision": 0.7114754098360656,
        "recall": 0.791970802919708
    },
    "ReleasedDate": {
        "tp": 475,
        "fp": 502,
        "fn": 286,
        "f1": 0.5466052934407365,
        "precision": 0.48618219037871035,
        "recall": 0.6241787122207622
    },
    "StockCode": {
        "tp": 3237,
        "fp": 9,
        "fn": 11,
        "f1": 0.9969202340622113,
        "precision": 0.9972273567467652,
        "recall": 0.9966133004926109
    },
    "StockAbbr": {
        "tp": 4069,
        "fp": 488,
        "fn": 1026,
        "f1": 0.8431413178615831,
        "precision": 0.8929120035110818,
        "recall": 0.7986261040235525
    },
    "precision": 0.8434750462107209,
    "recall": 0.8224352966621008,
    "micro_f1": 0.832822309826252,
    "macro_f1": 0.7086260401917385
}