{
    "EquityHolder": {
        "tp": 8320,
        "fp": 1508,
        "fn": 1293,
        "f1": 0.8559230492258628,
        "precision": 0.8465608465608465,
        "recall": 0.8654946426713825
    },
    "FrozeShares": {
        "tp": 81,
        "fp": 110,
        "fn": 217,
        "f1": 0.3312883435582822,
        "precision": 0.42408376963350786,
        "recall": 0.27181208053691275
    },
    "LegalInstitution": {
        "tp": 446,
        "fp": 60,
        "fn": 56,
        "f1": 0.884920634920635,
        "precision": 0.8814229249011858,
        "recall": 0.8884462151394422
    },
    "TotalHoldingShares": {
        "tp": 1756,
        "fp": 664,
        "fn": 403,
        "f1": 0.766979689888622,
        "precision": 0.7256198347107438,
        "recall": 0.8133395090319593
    },
    "TotalHoldingRatio": {
        "tp": 1467,
        "fp": 399,
        "fn": 258,
        "f1": 0.8170426065162908,
        "precision": 0.7861736334405145,
        "recall": 0.8504347826086956
    },
    "StartDate": {
        "tp": 4037,
        "fp": 1739,
        "fn": 994,
        "f1": 0.7471083556953826,
        "precision": 0.6989265927977839,
        "recall": 0.8024249652156629
    },
    "EndDate": {
        "tp": 924,
        "fp": 443,
        "fn": 586,
        "f1": 0.6423357664233578,
        "precision": 0.675932699341624,
        "recall": 0.6119205298013245
    },
    "UnfrozeDate": {
        "tp": 8,
        "fp": 21,
        "fn": 10,
        "f1": 0.3404255319148936,
        "precision": 0.27586206896551724,
        "recall": 0.4444444444444444
    },
    "CompanyName": {
        "tp": 9490,
        "fp": 364,
        "fn": 592,
        "f1": 0.9520465489566613,
        "precision": 0.9630606860158312,
        "recall": 0.9412814917675064
    },
    "HighestTradingPrice": {
        "tp": 1258,
        "fp": 406,
        "fn": 366,
        "f1": 0.765206812652068,
        "precision": 0.7560096153846154,
        "recall": 0.7746305418719212
    },
    "LowestTradingPrice": {
        "tp": 848,
        "fp": 289,
        "fn": 192,
        "f1": 0.7790537436839687,
        "precision": 0.7458223394898856,
        "recall": 0.8153846153846154
    },
    "RepurchasedShares": {
        "tp": 1436,
        "fp": 251,
        "fn": 131,
        "f1": 0.8826060233558697,
        "precision": 0.8512151748666271,
        "recall": 0.9164007657945118
    },
    "ClosingDate": {
        "tp": 1202,
        "fp": 720,
        "fn": 446,
        "f1": 0.6733893557422969,
        "precision": 0.6253902185223725,
        "recall": 0.7293689320388349
    },
    "RepurchaseAmount": {
        "tp": 1195,
        "fp": 330,
        "fn": 231,
        "f1": 0.8098949508641139,
        "precision": 0.7836065573770492,
        "recall": 0.8380084151472651
    },
    "TradedShares": {
        "tp": 849,
        "fp": 374,
        "fn": 285,
        "f1": 0.7204072974119644,
        "precision": 0.6941946034341783,
        "recall": 0.7486772486772487
    },
    "LaterHoldingShares": {
        "tp": 98,
        "fp": 262,
        "fn": 323,
        "f1": 0.25096030729833546,
        "precision": 0.2722222222222222,
        "recall": 0.2327790973871734
    },
    "AveragePrice": {
        "tp": 188,
        "fp": 55,
        "fn": 21,
        "f1": 0.831858407079646,
        "precision": 0.7736625514403292,
        "recall": 0.8995215311004785
    },
    "Pledger": {
        "tp": 0,
        "fp": 0,
        "fn": 0,
        "f1": 0,
        "precision": 0,
        "recall": 0
    },
    "PledgedShares": {
        "tp": 2209,
        "fp": 784,
        "fn": 662,
        "f1": 0.7534106412005457,
        "precision": 0.7380554627464083,
        "recall": 0.7694183211424591
    },
    "Pledgee": {
        "tp": 2023,
        "fp": 165,
        "fn": 109,
        "f1": 0.9365740740740741,
        "precision": 0.9245886654478976,
        "recall": 0.948874296435272
    },
    "TotalPledgedShares": {
        "tp": 1092,
        "fp": 424,
        "fn": 278,
        "f1": 0.7567567567567568,
        "precision": 0.7203166226912929,
        "recall": 0.7970802919708029
    },
    "ReleasedDate": {
        "tp": 437,
        "fp": 349,
        "fn": 324,
        "f1": 0.5649644473173885,
        "precision": 0.5559796437659033,
        "recall": 0.5742444152431012
    },
    "StockCode": {
        "tp": 3239,
        "fp": 7,
        "fn": 9,
        "f1": 0.997536187249769,
        "precision": 0.9978434996919285,
        "recall": 0.9972290640394089
    },
    "StockAbbr": {
        "tp": 4165,
        "fp": 633,
        "fn": 930,
        "f1": 0.8420095016678459,
        "precision": 0.8680700291788245,
        "recall": 0.8174681059862611
    },
    "precision": 0.8186958424507659,
    "recall": 0.8429096676519356,
    "micro_f1": 0.8306263264925539,
    "macro_f1": 0.704279126393943
}