{
    "EquityHolder": {
        "tp": 8306,
        "fp": 1469,
        "fn": 1307,
        "f1": 0.8568186507117804,
        "precision": 0.8497186700767263,
        "recall": 0.8640382814938105
    },
    "FrozeShares": {
        "tp": 34,
        "fp": 38,
        "fn": 264,
        "f1": 0.18378378378378377,
        "precision": 0.4722222222222222,
        "recall": 0.11409395973154363
    },
    "LegalInstitution": {
        "tp": 446,
        "fp": 80,
        "fn": 56,
        "f1": 0.867704280155642,
        "precision": 0.8479087452471483,
        "recall": 0.8884462151394422
    },
    "TotalHoldingShares": {
        "tp": 1698,
        "fp": 750,
        "fn": 461,
        "f1": 0.7371391360972434,
        "precision": 0.6936274509803921,
        "recall": 0.7864752200092635
    },
    "TotalHoldingRatio": {
        "tp": 1394,
        "fp": 294,
        "fn": 331,
        "f1": 0.8168766481101669,
        "precision": 0.8258293838862559,
        "recall": 0.8081159420289855
    },
    "StartDate": {
        "tp": 3615,
        "fp": 1082,
        "fn": 1416,
        "f1": 0.7432154605263158,
        "precision": 0.7696401958697041,
        "recall": 0.7185450208706022
    },
    "EndDate": {
        "tp": 1029,
        "fp": 549,
        "fn": 481,
        "f1": 0.6664507772020726,
        "precision": 0.6520912547528517,
        "recall": 0.6814569536423841
    },
    "UnfrozeDate": {
        "tp": 0,
        "fp": 0,
        "fn": 18,
        "f1": 0,
        "precision": 0,
        "recall": 0
    },
    "CompanyName": {
        "tp": 9336,
        "fp": 584,
        "fn": 746,
        "f1": 0.9335066493350666,
        "precision": 0.9411290322580645,
        "recall": 0.9260067446935132
    },
    "HighestTradingPrice": {
        "tp": 1541,
        "fp": 1268,
        "fn": 83,
        "f1": 0.6952402436273404,
        "precision": 0.5485938056247776,
        "recall": 0.9488916256157636
    },
    "LowestTradingPrice": {
        "tp": 0,
        "fp": 0,
        "fn": 1040,
        "f1": 0,
        "precision": 0,
        "recall": 0
    },
    "RepurchasedShares": {
        "tp": 1428,
        "fp": 269,
        "fn": 139,
        "f1": 0.8750000000000001,
        "precision": 0.8414849734826164,
        "recall": 0.9112954690491385
    },
    "ClosingDate": {
        "tp": 1192,
        "fp": 503,
        "fn": 456,
        "f1": 0.7131319174394257,
        "precision": 0.7032448377581121,
        "recall": 0.7233009708737864
    },
    "RepurchaseAmount": {
        "tp": 1167,
        "fp": 198,
        "fn": 259,
        "f1": 0.8362594052310999,
        "precision": 0.8549450549450549,
        "recall": 0.8183730715287517
    },
    "TradedShares": {
        "tp": 860,
        "fp": 353,
        "fn": 274,
        "f1": 0.7328504473796336,
        "precision": 0.7089859851607585,
        "recall": 0.7583774250440917
    },
    "LaterHoldingShares": {
        "tp": 57,
        "fp": 132,
        "fn": 364,
        "f1": 0.18688524590163932,
        "precision": 0.30158730158730157,
        "recall": 0.13539192399049882
    },
    "AveragePrice": {
        "tp": 197,
        "fp": 89,
        "fn": 12,
        "f1": 0.795959595959596,
        "precision": 0.6888111888111889,
        "recall": 0.9425837320574163
    },
    "Pledger": {
        "tp": 0,
        "fp": 0,
        "fn": 0,
        "f1": 0,
        "precision": 0,
        "recall": 0
    },
    "PledgedShares": {
        "tp": 2476,
        "fp": 898,
        "fn": 395,
        "f1": 0.7929543634907925,
        "precision": 0.7338470657972732,
        "recall": 0.8624172762103797
    },
    "Pledgee": {
        "tp": 2014,
        "fp": 172,
        "fn": 118,
        "f1": 0.9328392774432609,
        "precision": 0.9213174748398902,
        "recall": 0.9446529080675422
    },
    "TotalPledgedShares": {
        "tp": 1179,
        "fp": 379,
        "fn": 191,
        "f1": 0.805327868852459,
        "precision": 0.7567394094993581,
        "recall": 0.8605839416058394
    },
    "ReleasedDate": {
        "tp": 460,
        "fp": 475,
        "fn": 301,
        "f1": 0.5424528301886793,
        "precision": 0.4919786096256685,
        "recall": 0.6044678055190539
    },
    "StockCode": {
        "tp": 3230,
        "fp": 30,
        "fn": 18,
        "f1": 0.9926244622003688,
        "precision": 0.99079754601227,
        "recall": 0.9944581280788177
    },
    "StockAbbr": {
        "tp": 4049,
        "fp": 449,
        "fn": 1046,
        "f1": 0.8441571979568436,
        "precision": 0.9001778568252556,
        "recall": 0.7947006869479882
    },
    "precision": 0.8195951155659954,
    "recall": 0.823805060918463,
    "micro_f1": 0.8216946958733697,
    "macro_f1": 0.6479657600663836
}