{
    "EquityHolder": {
        "tp": 8390,
        "fp": 1676,
        "fn": 1223,
        "f1": 0.8526856039432898,
        "precision": 0.8334989072123982,
        "recall": 0.8727764485592427
    },
    "FrozeShares": {
        "tp": 68,
        "fp": 74,
        "fn": 230,
        "f1": 0.30909090909090914,
        "precision": 0.4788732394366197,
        "recall": 0.22818791946308725
    },
    "LegalInstitution": {
        "tp": 425,
        "fp": 65,
        "fn": 77,
        "f1": 0.8568548387096774,
        "precision": 0.8673469387755102,
        "recall": 0.8466135458167331
    },
    "TotalHoldingShares": {
        "tp": 1670,
        "fp": 553,
        "fn": 489,
        "f1": 0.7622090369694203,
        "precision": 0.7512370670265407,
        "recall": 0.7735062528948587
    },
    "TotalHoldingRatio": {
        "tp": 1416,
        "fp": 391,
        "fn": 309,
        "f1": 0.8018120045300113,
        "precision": 0.7836192584394023,
        "recall": 0.8208695652173913
    },
    "StartDate": {
        "tp": 3772,
        "fp": 1308,
        "fn": 1259,
        "f1": 0.7461180892097715,
        "precision": 0.74251968503937,
        "recall": 0.7497515404492149
    },
    "EndDate": {
        "tp": 1027,
        "fp": 667,
        "fn": 483,
        "f1": 0.6410736579275904,
        "precision": 0.6062573789846517,
        "recall": 0.6801324503311258
    },
    "UnfrozeDate": {
        "tp": 8,
        "fp": 26,
        "fn": 10,
        "f1": 0.30769230769230765,
        "precision": 0.23529411764705882,
        "recall": 0.4444444444444444
    },
    "CompanyName": {
        "tp": 9603,
        "fp": 492,
        "fn": 479,
        "f1": 0.9518758983000446,
        "precision": 0.951263001485884,
        "recall": 0.9524895853997223
    },
    "HighestTradingPrice": {
        "tp": 1273,
        "fp": 248,
        "fn": 351,
        "f1": 0.8095389507154213,
        "precision": 0.8369493754109139,
        "recall": 0.7838669950738916
    },
    "LowestTradingPrice": {
        "tp": 190,
        "fp": 113,
        "fn": 850,
        "f1": 0.28294862248696945,
        "precision": 0.6270627062706271,
        "recall": 0.18269230769230768
    },
    "RepurchasedShares": {
        "tp": 794,
        "fp": 151,
        "fn": 773,
        "f1": 0.6321656050955414,
        "precision": 0.8402116402116402,
        "recall": 0.5067007019783025
    },
    "ClosingDate": {
        "tp": 907,
        "fp": 368,
        "fn": 741,
        "f1": 0.6205952788231269,
        "precision": 0.7113725490196079,
        "recall": 0.5503640776699029
    },
    "RepurchaseAmount": {
        "tp": 700,
        "fp": 94,
        "fn": 726,
        "f1": 0.6306306306306306,
        "precision": 0.8816120906801007,
        "recall": 0.4908835904628331
    },
    "TradedShares": {
        "tp": 831,
        "fp": 478,
        "fn": 303,
        "f1": 0.6803110929185429,
        "precision": 0.6348357524828113,
        "recall": 0.7328042328042328
    },
    "LaterHoldingShares": {
        "tp": 49,
        "fp": 122,
        "fn": 372,
        "f1": 0.16554054054054052,
        "precision": 0.28654970760233917,
        "recall": 0.1163895486935867
    },
    "AveragePrice": {
        "tp": 197,
        "fp": 338,
        "fn": 12,
        "f1": 0.5295698924731181,
        "precision": 0.36822429906542054,
        "recall": 0.9425837320574163
    },
    "Pledger": {
        "tp": 0,
        "fp": 0,
        "fn": 0,
        "f1": 0,
        "precision": 0,
        "recall": 0
    },
    "PledgedShares": {
        "tp": 2474,
        "fp": 951,
        "fn": 397,
        "f1": 0.7858958068614994,
        "precision": 0.7223357664233576,
        "recall": 0.8617206548241031
    },
    "Pledgee": {
        "tp": 2003,
        "fp": 200,
        "fn": 129,
        "f1": 0.9241061130334487,
        "precision": 0.9092147072174308,
        "recall": 0.9394934333958724
    },
    "TotalPledgedShares": {
        "tp": 1151,
        "fp": 422,
        "fn": 219,
        "f1": 0.7821950390757731,
        "precision": 0.7317228226319136,
        "recall": 0.8401459854014599
    },
    "ReleasedDate": {
        "tp": 494,
        "fp": 583,
        "fn": 267,
        "f1": 0.5375408052230686,
        "precision": 0.4586815227483751,
        "recall": 0.6491458607095927
    },
    "StockCode": {
        "tp": 3232,
        "fp": 17,
        "fn": 16,
        "f1": 0.9949207326458366,
        "precision": 0.994767620806402,
        "recall": 0.9950738916256158
    },
    "StockAbbr": {
        "tp": 4005,
        "fp": 456,
        "fn": 1090,
        "f1": 0.8382168271243199,
        "precision": 0.8977807666442502,
        "recall": 0.7860647693817469
    },
    "precision": 0.8202195623439565,
    "recall": 0.8052591738158749,
    "micro_f1": 0.8126705227545564,
    "macro_f1": 0.6434828451675361
}