{
    "EquityHolder": {
        "tp": 8302,
        "fp": 1554,
        "fn": 1311,
        "f1": 0.8528429811495197,
        "precision": 0.8423295454545454,
        "recall": 0.8636221783002185
    },
    "FrozeShares": {
        "tp": 78,
        "fp": 101,
        "fn": 220,
        "f1": 0.3270440251572327,
        "precision": 0.43575418994413406,
        "recall": 0.26174496644295303
    },
    "LegalInstitution": {
        "tp": 431,
        "fp": 72,
        "fn": 71,
        "f1": 0.8577114427860696,
        "precision": 0.856858846918489,
        "recall": 0.8585657370517928
    },
    "TotalHoldingShares": {
        "tp": 1728,
        "fp": 677,
        "fn": 431,
        "f1": 0.7572304995617879,
        "precision": 0.7185031185031185,
        "recall": 0.8003705419175544
    },
    "TotalHoldingRatio": {
        "tp": 1403,
        "fp": 321,
        "fn": 322,
        "f1": 0.8135691504783995,
        "precision": 0.8138051044083526,
        "recall": 0.8133333333333334
    },
    "StartDate": {
        "tp": 3609,
        "fp": 1174,
        "fn": 1422,
        "f1": 0.7354799266354188,
        "precision": 0.7545473552163914,
        "recall": 0.7173524150268337
    },
    "EndDate": {
        "tp": 1055,
        "fp": 613,
        "fn": 455,
        "f1": 0.6639395846444305,
        "precision": 0.632494004796163,
        "recall": 0.6986754966887417
    },
    "UnfrozeDate": {
        "tp": 4,
        "fp": 15,
        "fn": 14,
        "f1": 0.21621621621621623,
        "precision": 0.21052631578947367,
        "recall": 0.2222222222222222
    },
    "CompanyName": {
        "tp": 9498,
        "fp": 384,
        "fn": 584,
        "f1": 0.9515127229012221,
        "precision": 0.9611414693381907,
        "recall": 0.9420749851219996
    },
    "HighestTradingPrice": {
        "tp": 1131,
        "fp": 562,
        "fn": 493,
        "f1": 0.6819415134157372,
        "precision": 0.668044890726521,
        "recall": 0.6964285714285714
    },
    "LowestTradingPrice": {
        "tp": 828,
        "fp": 284,
        "fn": 212,
        "f1": 0.7695167286245352,
        "precision": 0.7446043165467626,
        "recall": 0.7961538461538461
    },
    "RepurchasedShares": {
        "tp": 1425,
        "fp": 238,
        "fn": 142,
        "f1": 0.8823529411764706,
        "precision": 0.856885147324113,
        "recall": 0.9093809827696235
    },
    "ClosingDate": {
        "tp": 1082,
        "fp": 551,
        "fn": 566,
        "f1": 0.6595550137153307,
        "precision": 0.6625842008573178,
        "recall": 0.6565533980582524
    },
    "RepurchaseAmount": {
        "tp": 1160,
        "fp": 312,
        "fn": 266,
        "f1": 0.8005521048999309,
        "precision": 0.7880434782608695,
        "recall": 0.8134642356241234
    },
    "TradedShares": {
        "tp": 816,
        "fp": 349,
        "fn": 318,
        "f1": 0.7098738581992171,
        "precision": 0.7004291845493562,
        "recall": 0.7195767195767195
    },
    "LaterHoldingShares": {
        "tp": 111,
        "fp": 258,
        "fn": 310,
        "f1": 0.2810126582278481,
        "precision": 0.3008130081300813,
        "recall": 0.26365795724465557
    },
    "AveragePrice": {
        "tp": 198,
        "fp": 60,
        "fn": 11,
        "f1": 0.84796573875803,
        "precision": 0.7674418604651163,
        "recall": 0.9473684210526315
    },
    "Pledger": {
        "tp": 0,
        "fp": 0,
        "fn": 0,
        "f1": 0,
        "precision": 0,
        "recall": 0
    },
    "PledgedShares": {
        "tp": 2280,
        "fp": 857,
        "fn": 591,
        "f1": 0.7589880159786951,
        "precision": 0.7268090532355754,
        "recall": 0.7941483803552769
    },
    "Pledgee": {
        "tp": 2006,
        "fp": 156,
        "fn": 126,
        "f1": 0.9343269678621332,
        "precision": 0.9278445883441259,
        "recall": 0.9409005628517824
    },
    "TotalPledgedShares": {
        "tp": 1142,
        "fp": 452,
        "fn": 228,
        "f1": 0.7705802968960864,
        "precision": 0.7164366373902133,
        "recall": 0.8335766423357664
    },
    "ReleasedDate": {
        "tp": 452,
        "fp": 444,
        "fn": 309,
        "f1": 0.5455642727821364,
        "precision": 0.5044642857142857,
        "recall": 0.5939553219448095
    },
    "StockCode": {
        "tp": 3237,
        "fp": 6,
        "fn": 11,
        "f1": 0.9973809890617779,
        "precision": 0.9981498612395929,
        "recall": 0.9966133004926109
    },
    "StockAbbr": {
        "tp": 4075,
        "fp": 473,
        "fn": 1020,
        "f1": 0.8451726641086799,
        "precision": 0.8959982409850483,
        "recall": 0.7998037291462218
    },
    "precision": 0.8228682724608677,
    "recall": 0.8299870232859924,
    "micro_f1": 0.8264123178522719,
    "macro_f1": 0.6941804297182044
}