{
    "EquityHolder": {
        "tp": 8169,
        "fp": 1475,
        "fn": 1444,
        "f1": 0.8484187568157033,
        "precision": 0.8470551638324346,
        "recall": 0.8497867471132841
    },
    "FrozeShares": {
        "tp": 104,
        "fp": 142,
        "fn": 194,
        "f1": 0.38235294117647056,
        "precision": 0.42276422764227645,
        "recall": 0.348993288590604
    },
    "LegalInstitution": {
        "tp": 434,
        "fp": 64,
        "fn": 68,
        "f1": 0.868,
        "precision": 0.8714859437751004,
        "recall": 0.8645418326693227
    },
    "TotalHoldingShares": {
        "tp": 1738,
        "fp": 667,
        "fn": 421,
        "f1": 0.761612620508326,
        "precision": 0.7226611226611227,
        "recall": 0.8050023158869847
    },
    "TotalHoldingRatio": {
        "tp": 1458,
        "fp": 411,
        "fn": 267,
        "f1": 0.8113522537562605,
        "precision": 0.7800963081861958,
        "recall": 0.8452173913043478
    },
    "StartDate": {
        "tp": 3438,
        "fp": 1052,
        "fn": 1593,
        "f1": 0.7221930469488499,
        "precision": 0.7657015590200446,
        "recall": 0.6833631484794276
    },
    "EndDate": {
        "tp": 1052,
        "fp": 655,
        "fn": 458,
        "f1": 0.6540254895865714,
        "precision": 0.6162858816637375,
        "recall": 0.6966887417218544
    },
    "UnfrozeDate": {
        "tp": 8,
        "fp": 22,
        "fn": 10,
        "f1": 0.33333333333333337,
        "precision": 0.26666666666666666,
        "recall": 0.4444444444444444
    },
    "CompanyName": {
        "tp": 9492,
        "fp": 350,
        "fn": 590,
        "f1": 0.9528207187311785,
        "precision": 0.9644381223328592,
        "recall": 0.9414798651061297
    },
    "HighestTradingPrice": {
        "tp": 1210,
        "fp": 661,
        "fn": 414,
        "f1": 0.6924177396280402,
        "precision": 0.6467129877071085,
        "recall": 0.7450738916256158
    },
    "LowestTradingPrice": {
        "tp": 734,
        "fp": 193,
        "fn": 306,
        "f1": 0.746314184036604,
        "precision": 0.7918015102481122,
        "recall": 0.7057692307692308
    },
    "RepurchasedShares": {
        "tp": 1442,
        "fp": 245,
        "fn": 125,
        "f1": 0.8862937922556853,
        "precision": 0.8547717842323651,
        "recall": 0.9202297383535418
    },
    "ClosingDate": {
        "tp": 1158,
        "fp": 603,
        "fn": 490,
        "f1": 0.67937811674978,
        "precision": 0.6575809199318569,
        "recall": 0.7026699029126213
    },
    "RepurchaseAmount": {
        "tp": 1246,
        "fp": 345,
        "fn": 180,
        "f1": 0.8259860788863109,
        "precision": 0.7831552482715274,
        "recall": 0.8737727910238429
    },
    "TradedShares": {
        "tp": 874,
        "fp": 400,
        "fn": 260,
        "f1": 0.7259136212624585,
        "precision": 0.6860282574568289,
        "recall": 0.7707231040564374
    },
    "LaterHoldingShares": {
        "tp": 91,
        "fp": 251,
        "fn": 330,
        "f1": 0.23853211009174313,
        "precision": 0.26608187134502925,
        "recall": 0.2161520190023753
    },
    "AveragePrice": {
        "tp": 189,
        "fp": 62,
        "fn": 20,
        "f1": 0.8217391304347826,
        "precision": 0.7529880478087649,
        "recall": 0.9043062200956937
    },
    "Pledger": {
        "tp": 0,
        "fp": 0,
        "fn": 0,
        "f1": 0,
        "precision": 0,
        "recall": 0
    },
    "PledgedShares": {
        "tp": 2379,
        "fp": 891,
        "fn": 492,
        "f1": 0.7747923790913531,
        "precision": 0.7275229357798165,
        "recall": 0.8286311389759665
    },
    "Pledgee": {
        "tp": 2014,
        "fp": 143,
        "fn": 118,
        "f1": 0.9391466542317556,
        "precision": 0.9337042188224386,
        "recall": 0.9446529080675422
    },
    "TotalPledgedShares": {
        "tp": 1128,
        "fp": 416,
        "fn": 242,
        "f1": 0.7741935483870968,
        "precision": 0.7305699481865285,
        "recall": 0.8233576642335766
    },
    "ReleasedDate": {
        "tp": 430,
        "fp": 586,
        "fn": 331,
        "f1": 0.48396173325830055,
        "precision": 0.42322834645669294,
        "recall": 0.5650459921156373
    },
    "StockCode": {
        "tp": 3240,
        "fp": 7,
        "fn": 8,
        "f1": 0.9976905311778291,
        "precision": 0.9978441638435479,
        "recall": 0.9975369458128078
    },
    "StockAbbr": {
        "tp": 4091,
        "fp": 591,
        "fn": 1004,
        "f1": 0.8368620231154751,
        "precision": 0.873771892353695,
        "recall": 0.8029440628066732
    },
    "precision": 0.8184238079182268,
    "recall": 0.8312126018311585,
    "micro_f1": 0.8247686323601735,
    "macro_f1": 0.6982221168109959
}