{
    "EquityHolder": {
        "tp": 8259,
        "fp": 1451,
        "fn": 1354,
        "f1": 0.8548362055581431,
        "precision": 0.8505664263645726,
        "recall": 0.8591490689691044
    },
    "FrozeShares": {
        "tp": 76,
        "fp": 125,
        "fn": 222,
        "f1": 0.3046092184368737,
        "precision": 0.3781094527363184,
        "recall": 0.2550335570469799
    },
    "LegalInstitution": {
        "tp": 424,
        "fp": 64,
        "fn": 78,
        "f1": 0.8565656565656565,
        "precision": 0.8688524590163934,
        "recall": 0.8446215139442231
    },
    "TotalHoldingShares": {
        "tp": 1681,
        "fp": 551,
        "fn": 478,
        "f1": 0.7656570257344568,
        "precision": 0.7531362007168458,
        "recall": 0.778601204261232
    },
    "TotalHoldingRatio": {
        "tp": 1419,
        "fp": 316,
        "fn": 306,
        "f1": 0.8202312138728324,
        "precision": 0.8178674351585015,
        "recall": 0.8226086956521739
    },
    "StartDate": {
        "tp": 3703,
        "fp": 1352,
        "fn": 1328,
        "f1": 0.7342851477295261,
        "precision": 0.732542037586548,
        "recall": 0.7360365732458756
    },
    "EndDate": {
        "tp": 963,
        "fp": 515,
        "fn": 547,
        "f1": 0.6445783132530121,
        "precision": 0.6515561569688768,
        "recall": 0.6377483443708609
    },
    "UnfrozeDate": {
        "tp": 4,
        "fp": 15,
        "fn": 14,
        "f1": 0.21621621621621623,
        "precision": 0.21052631578947367,
        "recall": 0.2222222222222222
    },
    "CompanyName": {
        "tp": 9463,
        "fp": 303,
        "fn": 619,
        "f1": 0.9535469568722289,
        "precision": 0.9689739913987303,
        "recall": 0.938603451696092
    },
    "HighestTradingPrice": {
        "tp": 1091,
        "fp": 879,
        "fn": 533,
        "f1": 0.6071229827490262,
        "precision": 0.5538071065989848,
        "recall": 0.6717980295566502
    },
    "LowestTradingPrice": {
        "tp": 639,
        "fp": 153,
        "fn": 401,
        "f1": 0.6975982532751092,
        "precision": 0.8068181818181818,
        "recall": 0.614423076923077
    },
    "RepurchasedShares": {
        "tp": 1338,
        "fp": 238,
        "fn": 229,
        "f1": 0.8514158447343303,
        "precision": 0.8489847715736041,
        "recall": 0.8538608806636886
    },
    "ClosingDate": {
        "tp": 874,
        "fp": 564,
        "fn": 774,
        "f1": 0.5664290343486714,
        "precision": 0.60778859527121,
        "recall": 0.5303398058252428
    },
    "RepurchaseAmount": {
        "tp": 1059,
        "fp": 310,
        "fn": 367,
        "f1": 0.7577817531305904,
        "precision": 0.7735573411249087,
        "recall": 0.7426367461430575
    },
    "TradedShares": {
        "tp": 850,
        "fp": 347,
        "fn": 284,
        "f1": 0.7293007293007293,
        "precision": 0.7101086048454469,
        "recall": 0.7495590828924162
    },
    "LaterHoldingShares": {
        "tp": 112,
        "fp": 260,
        "fn": 309,
        "f1": 0.28247162673392184,
        "precision": 0.3010752688172043,
        "recall": 0.2660332541567696
    },
    "AveragePrice": {
        "tp": 194,
        "fp": 63,
        "fn": 15,
        "f1": 0.832618025751073,
        "precision": 0.754863813229572,
        "recall": 0.9282296650717703
    },
    "Pledger": {
        "tp": 0,
        "fp": 0,
        "fn": 0,
        "f1": 0,
        "precision": 0,
        "recall": 0
    },
    "PledgedShares": {
        "tp": 2301,
        "fp": 795,
        "fn": 570,
        "f1": 0.7712418300653595,
        "precision": 0.7432170542635659,
        "recall": 0.8014629049111808
    },
    "Pledgee": {
        "tp": 2010,
        "fp": 140,
        "fn": 122,
        "f1": 0.9388136384866884,
        "precision": 0.9348837209302325,
        "recall": 0.9427767354596623
    },
    "TotalPledgedShares": {
        "tp": 1159,
        "fp": 438,
        "fn": 211,
        "f1": 0.7812605325244354,
        "precision": 0.725735754539762,
        "recall": 0.845985401459854
    },
    "ReleasedDate": {
        "tp": 470,
        "fp": 538,
        "fn": 291,
        "f1": 0.5313736574335783,
        "precision": 0.4662698412698413,
        "recall": 0.6176084099868594
    },
    "StockCode": {
        "tp": 3236,
        "fp": 10,
        "fn": 12,
        "f1": 0.9966122574684324,
        "precision": 0.9969192852741836,
        "recall": 0.9963054187192119
    },
    "StockAbbr": {
        "tp": 3981,
        "fp": 577,
        "fn": 1114,
        "f1": 0.8248212990780069,
        "precision": 0.8734093900833699,
        "recall": 0.7813542688910696
    },
    "precision": 0.8191285481829688,
    "recall": 0.8165597289308629,
    "micro_f1": 0.8178421214145171,
    "macro_f1": 0.6799744758049542
}