{
    "EquityHolder": {
        "tp": 8407,
        "fp": 1512,
        "fn": 1206,
        "f1": 0.8608437436002457,
        "precision": 0.8475652787579393,
        "recall": 0.8745448871320087
    },
    "FrozeShares": {
        "tp": 89,
        "fp": 120,
        "fn": 209,
        "f1": 0.35108481262327423,
        "precision": 0.4258373205741627,
        "recall": 0.2986577181208054
    },
    "LegalInstitution": {
        "tp": 440,
        "fp": 60,
        "fn": 62,
        "f1": 0.8782435129740519,
        "precision": 0.88,
        "recall": 0.8764940239043825
    },
    "TotalHoldingShares": {
        "tp": 1693,
        "fp": 524,
        "fn": 466,
        "f1": 0.7737659963436929,
        "precision": 0.7636445647271087,
        "recall": 0.7841593330245484
    },
    "TotalHoldingRatio": {
        "tp": 1449,
        "fp": 387,
        "fn": 276,
        "f1": 0.8138163437236731,
        "precision": 0.7892156862745098,
        "recall": 0.84
    },
    "StartDate": {
        "tp": 3675,
        "fp": 1124,
        "fn": 1356,
        "f1": 0.7477110885045779,
        "precision": 0.7657845384455095,
        "recall": 0.7304710793082886
    },
    "EndDate": {
        "tp": 973,
        "fp": 485,
        "fn": 537,
        "f1": 0.6556603773584906,
        "precision": 0.6673525377229081,
        "recall": 0.6443708609271523
    },
    "UnfrozeDate": {
        "tp": 10,
        "fp": 22,
        "fn": 8,
        "f1": 0.39999999999999997,
        "precision": 0.3125,
        "recall": 0.5555555555555556
    },
    "CompanyName": {
        "tp": 9283,
        "fp": 374,
        "fn": 799,
        "f1": 0.9405744971883074,
        "precision": 0.9612716164440303,
        "recall": 0.9207498512199961
    },
    "HighestTradingPrice": {
        "tp": 1409,
        "fp": 460,
        "fn": 215,
        "f1": 0.8067563698826224,
        "precision": 0.7538790797217764,
        "recall": 0.8676108374384236
    },
    "LowestTradingPrice": {
        "tp": 768,
        "fp": 149,
        "fn": 272,
        "f1": 0.7848748083801738,
        "precision": 0.8375136314067612,
        "recall": 0.7384615384615385
    },
    "RepurchasedShares": {
        "tp": 1417,
        "fp": 237,
        "fn": 150,
        "f1": 0.8798509779571562,
        "precision": 0.8567110036275696,
        "recall": 0.9042756860242501
    },
    "ClosingDate": {
        "tp": 911,
        "fp": 506,
        "fn": 737,
        "f1": 0.594453507340946,
        "precision": 0.6429075511644319,
        "recall": 0.5527912621359223
    },
    "RepurchaseAmount": {
        "tp": 1226,
        "fp": 321,
        "fn": 200,
        "f1": 0.8247561385805583,
        "precision": 0.7925016160310278,
        "recall": 0.8597475455820477
    },
    "TradedShares": {
        "tp": 856,
        "fp": 367,
        "fn": 278,
        "f1": 0.7263470513364446,
        "precision": 0.6999182338511856,
        "recall": 0.7548500881834215
    },
    "LaterHoldingShares": {
        "tp": 71,
        "fp": 158,
        "fn": 350,
        "f1": 0.21846153846153846,
        "precision": 0.31004366812227074,
        "recall": 0.16864608076009502
    },
    "AveragePrice": {
        "tp": 191,
        "fp": 60,
        "fn": 18,
        "f1": 0.8304347826086956,
        "precision": 0.7609561752988048,
        "recall": 0.9138755980861244
    },
    "Pledger": {
        "tp": 0,
        "fp": 0,
        "fn": 0,
        "f1": 0,
        "precision": 0,
        "recall": 0
    },
    "PledgedShares": {
        "tp": 2363,
        "fp": 844,
        "fn": 508,
        "f1": 0.7775584073708457,
        "precision": 0.7368256937948239,
        "recall": 0.8230581678857541
    },
    "Pledgee": {
        "tp": 2011,
        "fp": 139,
        "fn": 121,
        "f1": 0.9392807099486221,
        "precision": 0.9353488372093023,
        "recall": 0.9432457786116323
    },
    "TotalPledgedShares": {
        "tp": 1082,
        "fp": 416,
        "fn": 288,
        "f1": 0.7545327754532776,
        "precision": 0.7222963951935915,
        "recall": 0.7897810218978102
    },
    "ReleasedDate": {
        "tp": 451,
        "fp": 411,
        "fn": 310,
        "f1": 0.5557609365372767,
        "precision": 0.5232018561484919,
        "recall": 0.5926412614980289
    },
    "StockCode": {
        "tp": 3238,
        "fp": 9,
        "fn": 10,
        "f1": 0.9970746728252502,
        "precision": 0.9972282106559901,
        "recall": 0.9969211822660099
    },
    "StockAbbr": {
        "tp": 4131,
        "fp": 676,
        "fn": 964,
        "f1": 0.8343768935568572,
        "precision": 0.8593717495319326,
        "recall": 0.8107948969578017
    },
    "precision": 0.8313485271597153,
    "recall": 0.8316631821786461,
    "micro_f1": 0.8315058249015668,
    "macro_f1": 0.706092497606524
}