{
    "EquityHolder": {
        "tp": 8209,
        "fp": 1527,
        "fn": 1404,
        "f1": 0.8485193033231692,
        "precision": 0.8431594083812654,
        "recall": 0.8539477790492042
    },
    "FrozeShares": {
        "tp": 88,
        "fp": 110,
        "fn": 210,
        "f1": 0.3548387096774193,
        "precision": 0.4444444444444444,
        "recall": 0.2953020134228188
    },
    "LegalInstitution": {
        "tp": 436,
        "fp": 60,
        "fn": 66,
        "f1": 0.87374749498998,
        "precision": 0.8790322580645161,
        "recall": 0.8685258964143426
    },
    "TotalHoldingShares": {
        "tp": 1705,
        "fp": 604,
        "fn": 454,
        "f1": 0.7632050134288273,
        "precision": 0.7384148982243396,
        "recall": 0.7897174617878647
    },
    "TotalHoldingRatio": {
        "tp": 1437,
        "fp": 361,
        "fn": 288,
        "f1": 0.8157820039738859,
        "precision": 0.7992213570634038,
        "recall": 0.8330434782608696
    },
    "StartDate": {
        "tp": 3690,
        "fp": 1291,
        "fn": 1341,
        "f1": 0.7371154614462646,
        "precision": 0.7408150973700061,
        "recall": 0.7334525939177102
    },
    "EndDate": {
        "tp": 918,
        "fp": 406,
        "fn": 592,
        "f1": 0.6478475652787579,
        "precision": 0.6933534743202417,
        "recall": 0.6079470198675496
    },
    "UnfrozeDate": {
        "tp": 5,
        "fp": 11,
        "fn": 13,
        "f1": 0.29411764705882354,
        "precision": 0.3125,
        "recall": 0.2777777777777778
    },
    "CompanyName": {
        "tp": 9358,
        "fp": 350,
        "fn": 724,
        "f1": 0.9457301667508843,
        "precision": 0.9639472599917593,
        "recall": 0.9281888514183694
    },
    "HighestTradingPrice": {
        "tp": 1077,
        "fp": 995,
        "fn": 547,
        "f1": 0.5827922077922078,
        "precision": 0.5197876447876448,
        "recall": 0.6631773399014779
    },
    "LowestTradingPrice": {
        "tp": 576,
        "fp": 95,
        "fn": 464,
        "f1": 0.6732904734073641,
        "precision": 0.8584202682563339,
        "recall": 0.5538461538461539
    },
    "RepurchasedShares": {
        "tp": 1374,
        "fp": 255,
        "fn": 193,
        "f1": 0.8598247809762203,
        "precision": 0.8434622467771639,
        "recall": 0.8768347160178686
    },
    "ClosingDate": {
        "tp": 766,
        "fp": 481,
        "fn": 882,
        "f1": 0.5291882556131261,
        "precision": 0.6142742582197274,
        "recall": 0.46480582524271846
    },
    "RepurchaseAmount": {
        "tp": 1059,
        "fp": 304,
        "fn": 367,
        "f1": 0.7594119756185012,
        "precision": 0.776962582538518,
        "recall": 0.7426367461430575
    },
    "TradedShares": {
        "tp": 848,
        "fp": 386,
        "fn": 286,
        "f1": 0.7162162162162162,
        "precision": 0.6871961102106969,
        "recall": 0.7477954144620811
    },
    "LaterHoldingShares": {
        "tp": 116,
        "fp": 266,
        "fn": 305,
        "f1": 0.28891656288916556,
        "precision": 0.3036649214659686,
        "recall": 0.2755344418052256
    },
    "AveragePrice": {
        "tp": 196,
        "fp": 76,
        "fn": 13,
        "f1": 0.8149688149688149,
        "precision": 0.7205882352941176,
        "recall": 0.937799043062201
    },
    "Pledger": {
        "tp": 0,
        "fp": 0,
        "fn": 0,
        "f1": 0,
        "precision": 0,
        "recall": 0
    },
    "PledgedShares": {
        "tp": 2310,
        "fp": 870,
        "fn": 561,
        "f1": 0.7635101636093207,
        "precision": 0.7264150943396226,
        "recall": 0.8045977011494253
    },
    "Pledgee": {
        "tp": 2013,
        "fp": 141,
        "fn": 119,
        "f1": 0.939337377508166,
        "precision": 0.9345403899721448,
        "recall": 0.9441838649155723
    },
    "TotalPledgedShares": {
        "tp": 1163,
        "fp": 410,
        "fn": 207,
        "f1": 0.7903499830105334,
        "precision": 0.7393515575333757,
        "recall": 0.8489051094890511
    },
    "ReleasedDate": {
        "tp": 435,
        "fp": 405,
        "fn": 326,
        "f1": 0.5434103685196752,
        "precision": 0.5178571428571429,
        "recall": 0.5716162943495401
    },
    "StockCode": {
        "tp": 3234,
        "fp": 13,
        "fn": 14,
        "f1": 0.9958429561200924,
        "precision": 0.9959963042808746,
        "recall": 0.9956896551724138
    },
    "StockAbbr": {
        "tp": 4001,
        "fp": 618,
        "fn": 1094,
        "f1": 0.8237595223388924,
        "precision": 0.8662048062351159,
        "recall": 0.785279685966634
    },
    "precision": 0.8177078602699414,
    "recall": 0.8112969504722082,
    "micro_f1": 0.8144897903793438,
    "macro_f1": 0.6817384593548464
}