{
    "EquityHolder": {
        "tp": 8344,
        "fp": 1542,
        "fn": 1269,
        "f1": 0.8558387609621007,
        "precision": 0.8440218490795064,
        "recall": 0.8679912618329345
    },
    "FrozeShares": {
        "tp": 79,
        "fp": 119,
        "fn": 219,
        "f1": 0.3185483870967742,
        "precision": 0.398989898989899,
        "recall": 0.2651006711409396
    },
    "LegalInstitution": {
        "tp": 439,
        "fp": 69,
        "fn": 63,
        "f1": 0.8693069306930694,
        "precision": 0.8641732283464567,
        "recall": 0.8745019920318725
    },
    "TotalHoldingShares": {
        "tp": 1784,
        "fp": 789,
        "fn": 375,
        "f1": 0.754015215553677,
        "precision": 0.693354061406918,
        "recall": 0.826308476146364
    },
    "TotalHoldingRatio": {
        "tp": 1428,
        "fp": 359,
        "fn": 297,
        "f1": 0.8132118451025055,
        "precision": 0.7991046446558477,
        "recall": 0.8278260869565217
    },
    "StartDate": {
        "tp": 3749,
        "fp": 1287,
        "fn": 1282,
        "f1": 0.7448097745107779,
        "precision": 0.7444400317712471,
        "recall": 0.7451798847147685
    },
    "EndDate": {
        "tp": 1086,
        "fp": 692,
        "fn": 424,
        "f1": 0.6605839416058394,
        "precision": 0.6107986501687289,
        "recall": 0.7192052980132451
    },
    "UnfrozeDate": {
        "tp": 8,
        "fp": 22,
        "fn": 10,
        "f1": 0.33333333333333337,
        "precision": 0.26666666666666666,
        "recall": 0.4444444444444444
    },
    "CompanyName": {
        "tp": 9438,
        "fp": 396,
        "fn": 644,
        "f1": 0.9477806788511749,
        "precision": 0.959731543624161,
        "recall": 0.936123784963301
    },
    "HighestTradingPrice": {
        "tp": 957,
        "fp": 337,
        "fn": 667,
        "f1": 0.6559287183002056,
        "precision": 0.7395672333848532,
        "recall": 0.5892857142857143
    },
    "LowestTradingPrice": {
        "tp": 950,
        "fp": 635,
        "fn": 90,
        "f1": 0.7238095238095238,
        "precision": 0.5993690851735016,
        "recall": 0.9134615384615384
    },
    "RepurchasedShares": {
        "tp": 1465,
        "fp": 307,
        "fn": 102,
        "f1": 0.8775082359988021,
        "precision": 0.8267494356659142,
        "recall": 0.9349074664964901
    },
    "ClosingDate": {
        "tp": 1082,
        "fp": 698,
        "fn": 566,
        "f1": 0.6312718786464411,
        "precision": 0.6078651685393258,
        "recall": 0.6565533980582524
    },
    "RepurchaseAmount": {
        "tp": 1321,
        "fp": 360,
        "fn": 105,
        "f1": 0.8503379465722563,
        "precision": 0.7858417608566329,
        "recall": 0.926367461430575
    },
    "TradedShares": {
        "tp": 824,
        "fp": 352,
        "fn": 310,
        "f1": 0.7134199134199134,
        "precision": 0.7006802721088435,
        "recall": 0.7266313932980599
    },
    "LaterHoldingShares": {
        "tp": 113,
        "fp": 282,
        "fn": 308,
        "f1": 0.2769607843137255,
        "precision": 0.28607594936708863,
        "recall": 0.2684085510688836
    },
    "AveragePrice": {
        "tp": 198,
        "fp": 61,
        "fn": 11,
        "f1": 0.8461538461538461,
        "precision": 0.7644787644787645,
        "recall": 0.9473684210526315
    },
    "Pledger": {
        "tp": 0,
        "fp": 0,
        "fn": 0,
        "f1": 0,
        "precision": 0,
        "recall": 0
    },
    "PledgedShares": {
        "tp": 2041,
        "fp": 819,
        "fn": 830,
        "f1": 0.7122666201361019,
        "precision": 0.7136363636363636,
        "recall": 0.7109021246952282
    },
    "Pledgee": {
        "tp": 2005,
        "fp": 149,
        "fn": 127,
        "f1": 0.9356042930471302,
        "precision": 0.9308263695450325,
        "recall": 0.9404315196998124
    },
    "TotalPledgedShares": {
        "tp": 1071,
        "fp": 472,
        "fn": 299,
        "f1": 0.7353244078269825,
        "precision": 0.6941023979261179,
        "recall": 0.7817518248175183
    },
    "ReleasedDate": {
        "tp": 415,
        "fp": 410,
        "fn": 346,
        "f1": 0.5233291298865069,
        "precision": 0.503030303030303,
        "recall": 0.545335085413929
    },
    "StockCode": {
        "tp": 3241,
        "fp": 8,
        "fn": 7,
        "f1": 0.9976912421117439,
        "precision": 0.9975377039088951,
        "recall": 0.9978448275862069
    },
    "StockAbbr": {
        "tp": 4060,
        "fp": 490,
        "fn": 1035,
        "f1": 0.8418869880767237,
        "precision": 0.8923076923076924,
        "recall": 0.7968596663395485
    },
    "precision": 0.8122566207953764,
    "recall": 0.830834114339269,
    "micro_f1": 0.8214403449842743,
    "macro_f1": 0.6924550998337149
}