{
    "EquityHolder": {
        "tp": 8426,
        "fp": 1600,
        "fn": 1187,
        "f1": 0.8580884973776669,
        "precision": 0.8404149212048674,
        "recall": 0.8765213773015708
    },
    "FrozeShares": {
        "tp": 50,
        "fp": 56,
        "fn": 248,
        "f1": 0.24752475247524752,
        "precision": 0.4716981132075472,
        "recall": 0.16778523489932887
    },
    "LegalInstitution": {
        "tp": 446,
        "fp": 75,
        "fn": 56,
        "f1": 0.8719452590420333,
        "precision": 0.8560460652591171,
        "recall": 0.8884462151394422
    },
    "TotalHoldingShares": {
        "tp": 1719,
        "fp": 723,
        "fn": 440,
        "f1": 0.7472288632905889,
        "precision": 0.7039312039312039,
        "recall": 0.7962019453450672
    },
    "TotalHoldingRatio": {
        "tp": 1411,
        "fp": 312,
        "fn": 314,
        "f1": 0.8184454756380511,
        "precision": 0.8189204875217644,
        "recall": 0.8179710144927537
    },
    "StartDate": {
        "tp": 3787,
        "fp": 1231,
        "fn": 1244,
        "f1": 0.7537068365011442,
        "precision": 0.7546831406935034,
        "recall": 0.7527330550586364
    },
    "EndDate": {
        "tp": 992,
        "fp": 514,
        "fn": 518,
        "f1": 0.6578249336870026,
        "precision": 0.6586985391766268,
        "recall": 0.6569536423841059
    },
    "UnfrozeDate": {
        "tp": 0,
        "fp": 0,
        "fn": 18,
        "f1": 0,
        "precision": 0,
        "recall": 0
    },
    "CompanyName": {
        "tp": 9621,
        "fp": 429,
        "fn": 461,
        "f1": 0.955791774289688,
        "precision": 0.9573134328358209,
        "recall": 0.9542749454473318
    },
    "HighestTradingPrice": {
        "tp": 1509,
        "fp": 1274,
        "fn": 115,
        "f1": 0.6848196051735875,
        "precision": 0.5422206252245778,
        "recall": 0.9291871921182266
    },
    "LowestTradingPrice": {
        "tp": 0,
        "fp": 0,
        "fn": 1040,
        "f1": 0,
        "precision": 0,
        "recall": 0
    },
    "RepurchasedShares": {
        "tp": 1442,
        "fp": 239,
        "fn": 125,
        "f1": 0.8879310344827586,
        "precision": 0.8578227245687091,
        "recall": 0.9202297383535418
    },
    "ClosingDate": {
        "tp": 1123,
        "fp": 628,
        "fn": 525,
        "f1": 0.6607825831126802,
        "precision": 0.6413478012564249,
        "recall": 0.6814320388349514
    },
    "RepurchaseAmount": {
        "tp": 1169,
        "fp": 234,
        "fn": 257,
        "f1": 0.8264404383174268,
        "precision": 0.8332145402708482,
        "recall": 0.8197755960729313
    },
    "TradedShares": {
        "tp": 875,
        "fp": 368,
        "fn": 259,
        "f1": 0.7362221287336981,
        "precision": 0.7039420756234915,
        "recall": 0.7716049382716049
    },
    "LaterHoldingShares": {
        "tp": 72,
        "fp": 153,
        "fn": 349,
        "f1": 0.22291021671826627,
        "precision": 0.32,
        "recall": 0.171021377672209
    },
    "AveragePrice": {
        "tp": 198,
        "fp": 100,
        "fn": 11,
        "f1": 0.7810650887573964,
        "precision": 0.6644295302013423,
        "recall": 0.9473684210526315
    },
    "Pledger": {
        "tp": 0,
        "fp": 0,
        "fn": 0,
        "f1": 0,
        "precision": 0,
        "recall": 0
    },
    "PledgedShares": {
        "tp": 2505,
        "fp": 909,
        "fn": 366,
        "f1": 0.7971360381861574,
        "precision": 0.7337434094903339,
        "recall": 0.8725182863113897
    },
    "Pledgee": {
        "tp": 2013,
        "fp": 163,
        "fn": 119,
        "f1": 0.934540389972145,
        "precision": 0.9250919117647058,
        "recall": 0.9441838649155723
    },
    "TotalPledgedShares": {
        "tp": 1183,
        "fp": 370,
        "fn": 187,
        "f1": 0.8094423537461511,
        "precision": 0.7617514488087572,
        "recall": 0.8635036496350365
    },
    "ReleasedDate": {
        "tp": 451,
        "fp": 387,
        "fn": 310,
        "f1": 0.5641025641025641,
        "precision": 0.5381861575178998,
        "recall": 0.5926412614980289
    },
    "StockCode": {
        "tp": 3235,
        "fp": 23,
        "fn": 13,
        "f1": 0.9944666461727635,
        "precision": 0.9929404542664211,
        "recall": 0.9959975369458128
    },
    "StockAbbr": {
        "tp": 4068,
        "fp": 494,
        "fn": 1027,
        "f1": 0.842497670083877,
        "precision": 0.8917141604559404,
        "recall": 0.7984298331697743
    },
    "precision": 0.8182653728546936,
    "recall": 0.834384687477471,
    "micro_f1": 0.8262464193608838,
    "macro_f1": 0.6522047145775373
}