{
    "EquityHolder": {
        "tp": 8241,
        "fp": 1552,
        "fn": 1372,
        "f1": 0.8493249510460682,
        "precision": 0.8415194526702747,
        "recall": 0.8572766045979403
    },
    "FrozeShares": {
        "tp": 90,
        "fp": 120,
        "fn": 208,
        "f1": 0.3543307086614173,
        "precision": 0.42857142857142855,
        "recall": 0.30201342281879195
    },
    "LegalInstitution": {
        "tp": 433,
        "fp": 72,
        "fn": 69,
        "f1": 0.8599801390268124,
        "precision": 0.8574257425742574,
        "recall": 0.8625498007968128
    },
    "TotalHoldingShares": {
        "tp": 1706,
        "fp": 646,
        "fn": 453,
        "f1": 0.7563733096874307,
        "precision": 0.7253401360544217,
        "recall": 0.7901806391848077
    },
    "TotalHoldingRatio": {
        "tp": 1399,
        "fp": 331,
        "fn": 326,
        "f1": 0.8098408104196816,
        "precision": 0.8086705202312139,
        "recall": 0.8110144927536231
    },
    "StartDate": {
        "tp": 3902,
        "fp": 1601,
        "fn": 1129,
        "f1": 0.7408391873932029,
        "precision": 0.7090677812102489,
        "recall": 0.7755913337308686
    },
    "EndDate": {
        "tp": 1023,
        "fp": 515,
        "fn": 487,
        "f1": 0.6712598425196851,
        "precision": 0.665149544863459,
        "recall": 0.6774834437086092
    },
    "UnfrozeDate": {
        "tp": 5,
        "fp": 12,
        "fn": 13,
        "f1": 0.28571428571428575,
        "precision": 0.29411764705882354,
        "recall": 0.2777777777777778
    },
    "CompanyName": {
        "tp": 9679,
        "fp": 333,
        "fn": 403,
        "f1": 0.9633721508908132,
        "precision": 0.9667399121054734,
        "recall": 0.9600277722674072
    },
    "HighestTradingPrice": {
        "tp": 1067,
        "fp": 1039,
        "fn": 557,
        "f1": 0.5721179624664878,
        "precision": 0.50664767331434,
        "recall": 0.6570197044334976
    },
    "LowestTradingPrice": {
        "tp": 609,
        "fp": 87,
        "fn": 431,
        "f1": 0.7016129032258065,
        "precision": 0.875,
        "recall": 0.5855769230769231
    },
    "RepurchasedShares": {
        "tp": 1395,
        "fp": 245,
        "fn": 172,
        "f1": 0.8699719363891487,
        "precision": 0.850609756097561,
        "recall": 0.8902361199744735
    },
    "ClosingDate": {
        "tp": 975,
        "fp": 744,
        "fn": 673,
        "f1": 0.5791505791505791,
        "precision": 0.5671902268760908,
        "recall": 0.591626213592233
    },
    "RepurchaseAmount": {
        "tp": 1221,
        "fp": 300,
        "fn": 205,
        "f1": 0.8286392941974889,
        "precision": 0.8027613412228797,
        "recall": 0.8562412342215989
    },
    "TradedShares": {
        "tp": 832,
        "fp": 377,
        "fn": 302,
        "f1": 0.7102005975245411,
        "precision": 0.6881720430107527,
        "recall": 0.7336860670194003
    },
    "LaterHoldingShares": {
        "tp": 102,
        "fp": 231,
        "fn": 319,
        "f1": 0.2705570291777188,
        "precision": 0.3063063063063063,
        "recall": 0.24228028503562946
    },
    "AveragePrice": {
        "tp": 192,
        "fp": 78,
        "fn": 17,
        "f1": 0.8016701461377872,
        "precision": 0.7111111111111111,
        "recall": 0.9186602870813397
    },
    "Pledger": {
        "tp": 0,
        "fp": 0,
        "fn": 0,
        "f1": 0,
        "precision": 0,
        "recall": 0
    },
    "PledgedShares": {
        "tp": 2107,
        "fp": 894,
        "fn": 764,
        "f1": 0.7176430517711173,
        "precision": 0.7020993002332556,
        "recall": 0.7338906304423546
    },
    "Pledgee": {
        "tp": 2020,
        "fp": 156,
        "fn": 112,
        "f1": 0.9377901578458682,
        "precision": 0.9283088235294118,
        "recall": 0.9474671669793621
    },
    "TotalPledgedShares": {
        "tp": 1089,
        "fp": 509,
        "fn": 281,
        "f1": 0.7338274932614556,
        "precision": 0.681476846057572,
        "recall": 0.7948905109489051
    },
    "ReleasedDate": {
        "tp": 473,
        "fp": 391,
        "fn": 288,
        "f1": 0.5821538461538462,
        "precision": 0.5474537037037037,
        "recall": 0.621550591327201
    },
    "StockCode": {
        "tp": 3234,
        "fp": 10,
        "fn": 14,
        "f1": 0.9963031423290204,
        "precision": 0.9969173859432799,
        "recall": 0.9956896551724138
    },
    "StockAbbr": {
        "tp": 4060,
        "fp": 465,
        "fn": 1035,
        "f1": 0.844074844074844,
        "precision": 0.8972375690607735,
        "recall": 0.7968596663395485
    },
    "precision": 0.8106856193203917,
    "recall": 0.8264364501477903,
    "micro_f1": 0.8184852649804544,
    "macro_f1": 0.6848645153777128
}