{
    "EquityHolder": {
        "tp": 8214,
        "fp": 1276,
        "fn": 1399,
        "f1": 0.8599696382767104,
        "precision": 0.8655426765015806,
        "recall": 0.8544679080411942
    },
    "FrozeShares": {
        "tp": 48,
        "fp": 62,
        "fn": 250,
        "f1": 0.23529411764705885,
        "precision": 0.43636363636363634,
        "recall": 0.1610738255033557
    },
    "LegalInstitution": {
        "tp": 446,
        "fp": 61,
        "fn": 56,
        "f1": 0.88404360753221,
        "precision": 0.8796844181459567,
        "recall": 0.8884462151394422
    },
    "TotalHoldingShares": {
        "tp": 1747,
        "fp": 738,
        "fn": 412,
        "f1": 0.7523686477174849,
        "precision": 0.7030181086519115,
        "recall": 0.8091709124594719
    },
    "TotalHoldingRatio": {
        "tp": 1384,
        "fp": 270,
        "fn": 341,
        "f1": 0.8191772713820656,
        "precision": 0.8367593712212817,
        "recall": 0.8023188405797101
    },
    "StartDate": {
        "tp": 3787,
        "fp": 1231,
        "fn": 1244,
        "f1": 0.7537068365011442,
        "precision": 0.7546831406935034,
        "recall": 0.7527330550586364
    },
    "EndDate": {
        "tp": 1097,
        "fp": 609,
        "fn": 413,
        "f1": 0.6822139303482586,
        "precision": 0.6430246189917936,
        "recall": 0.7264900662251655
    },
    "UnfrozeDate": {
        "tp": 8,
        "fp": 20,
        "fn": 10,
        "f1": 0.34782608695652173,
        "precision": 0.2857142857142857,
        "recall": 0.4444444444444444
    },
    "CompanyName": {
        "tp": 9553,
        "fp": 368,
        "fn": 529,
        "f1": 0.9551567264910263,
        "precision": 0.9629069650236871,
        "recall": 0.9475302519341401
    },
    "HighestTradingPrice": {
        "tp": 1444,
        "fp": 456,
        "fn": 180,
        "f1": 0.8195232690124857,
        "precision": 0.76,
        "recall": 0.8891625615763546
    },
    "LowestTradingPrice": {
        "tp": 819,
        "fp": 173,
        "fn": 221,
        "f1": 0.8061023622047244,
        "precision": 0.8256048387096774,
        "recall": 0.7875
    },
    "RepurchasedShares": {
        "tp": 1467,
        "fp": 265,
        "fn": 100,
        "f1": 0.8893604122461352,
        "precision": 0.8469976905311778,
        "recall": 0.9361837906828334
    },
    "ClosingDate": {
        "tp": 1183,
        "fp": 715,
        "fn": 465,
        "f1": 0.667230682459109,
        "precision": 0.6232876712328768,
        "recall": 0.7178398058252428
    },
    "RepurchaseAmount": {
        "tp": 1316,
        "fp": 324,
        "fn": 110,
        "f1": 0.858447488584475,
        "precision": 0.802439024390244,
        "recall": 0.9228611500701263
    },
    "TradedShares": {
        "tp": 804,
        "fp": 292,
        "fn": 330,
        "f1": 0.7210762331838564,
        "precision": 0.7335766423357665,
        "recall": 0.708994708994709
    },
    "LaterHoldingShares": {
        "tp": 66,
        "fp": 79,
        "fn": 355,
        "f1": 0.2332155477031802,
        "precision": 0.45517241379310347,
        "recall": 0.15676959619952494
    },
    "AveragePrice": {
        "tp": 196,
        "fp": 44,
        "fn": 13,
        "f1": 0.8730512249443207,
        "precision": 0.8166666666666667,
        "recall": 0.937799043062201
    },
    "Pledger": {
        "tp": 0,
        "fp": 0,
        "fn": 0,
        "f1": 0,
        "precision": 0,
        "recall": 0
    },
    "PledgedShares": {
        "tp": 2160,
        "fp": 727,
        "fn": 711,
        "f1": 0.7502605071205279,
        "precision": 0.7481815032906131,
        "recall": 0.7523510971786834
    },
    "Pledgee": {
        "tp": 1936,
        "fp": 189,
        "fn": 196,
        "f1": 0.9095607235142119,
        "precision": 0.9110588235294118,
        "recall": 0.9080675422138836
    },
    "TotalPledgedShares": {
        "tp": 1061,
        "fp": 311,
        "fn": 309,
        "f1": 0.7738876732312182,
        "precision": 0.7733236151603499,
        "recall": 0.7744525547445256
    },
    "ReleasedDate": {
        "tp": 461,
        "fp": 398,
        "fn": 300,
        "f1": 0.5691358024691359,
        "precision": 0.5366705471478463,
        "recall": 0.6057818659658344
    },
    "StockCode": {
        "tp": 3231,
        "fp": 8,
        "fn": 17,
        "f1": 0.9961461384307075,
        "precision": 0.9975301018832973,
        "recall": 0.9947660098522167
    },
    "StockAbbr": {
        "tp": 3815,
        "fp": 547,
        "fn": 1280,
        "f1": 0.8068097705403405,
        "precision": 0.8745988078862907,
        "recall": 0.7487733071638861
    },
    "precision": 0.8346207991914233,
    "recall": 0.8334474803546968,
    "micro_f1": 0.8340337271169628,
    "macro_f1": 0.7068151957707046
}