{
    "EquityHolder": {
        "tp": 8213,
        "fp": 1373,
        "fn": 1400,
        "f1": 0.8555653940309391,
        "precision": 0.8567702900062591,
        "recall": 0.8543638822427962
    },
    "FrozeShares": {
        "tp": 12,
        "fp": 5,
        "fn": 286,
        "f1": 0.07619047619047618,
        "precision": 0.7058823529411765,
        "recall": 0.040268456375838924
    },
    "LegalInstitution": {
        "tp": 446,
        "fp": 82,
        "fn": 56,
        "f1": 0.8660194174757281,
        "precision": 0.8446969696969697,
        "recall": 0.8884462151394422
    },
    "TotalHoldingShares": {
        "tp": 1739,
        "fp": 843,
        "fn": 420,
        "f1": 0.733600506222316,
        "precision": 0.6735089078233927,
        "recall": 0.8054654932839277
    },
    "TotalHoldingRatio": {
        "tp": 1404,
        "fp": 294,
        "fn": 321,
        "f1": 0.8203330411919368,
        "precision": 0.8268551236749117,
        "recall": 0.8139130434782609
    },
    "StartDate": {
        "tp": 3562,
        "fp": 1072,
        "fn": 1469,
        "f1": 0.7370926021727884,
        "precision": 0.7686663789382823,
        "recall": 0.7080103359173127
    },
    "EndDate": {
        "tp": 1007,
        "fp": 518,
        "fn": 503,
        "f1": 0.6635914332784184,
        "precision": 0.660327868852459,
        "recall": 0.666887417218543
    },
    "UnfrozeDate": {
        "tp": 0,
        "fp": 0,
        "fn": 18,
        "f1": 0,
        "precision": 0,
        "recall": 0
    },
    "CompanyName": {
        "tp": 9599,
        "fp": 529,
        "fn": 483,
        "f1": 0.9499257793171697,
        "precision": 0.9477685624012638,
        "recall": 0.9520928387224757
    },
    "HighestTradingPrice": {
        "tp": 1527,
        "fp": 1257,
        "fn": 97,
        "f1": 0.6928312159709619,
        "precision": 0.5484913793103449,
        "recall": 0.9402709359605911
    },
    "LowestTradingPrice": {
        "tp": 0,
        "fp": 0,
        "fn": 1040,
        "f1": 0,
        "precision": 0,
        "recall": 0
    },
    "RepurchasedShares": {
        "tp": 1440,
        "fp": 280,
        "fn": 127,
        "f1": 0.876178886522665,
        "precision": 0.8372093023255814,
        "recall": 0.9189534141671984
    },
    "ClosingDate": {
        "tp": 1120,
        "fp": 347,
        "fn": 528,
        "f1": 0.7191011235955056,
        "precision": 0.7634628493524199,
        "recall": 0.6796116504854369
    },
    "RepurchaseAmount": {
        "tp": 1128,
        "fp": 162,
        "fn": 298,
        "f1": 0.8306332842415317,
        "precision": 0.8744186046511628,
        "recall": 0.791023842917251
    },
    "TradedShares": {
        "tp": 829,
        "fp": 368,
        "fn": 305,
        "f1": 0.7112827112827114,
        "precision": 0.6925647451963242,
        "recall": 0.7310405643738977
    },
    "LaterHoldingShares": {
        "tp": 51,
        "fp": 121,
        "fn": 370,
        "f1": 0.17200674536256325,
        "precision": 0.29651162790697677,
        "recall": 0.12114014251781473
    },
    "AveragePrice": {
        "tp": 197,
        "fp": 91,
        "fn": 12,
        "f1": 0.7927565392354124,
        "precision": 0.6840277777777778,
        "recall": 0.9425837320574163
    },
    "Pledger": {
        "tp": 0,
        "fp": 0,
        "fn": 0,
        "f1": 0,
        "precision": 0,
        "recall": 0
    },
    "PledgedShares": {
        "tp": 2491,
        "fp": 896,
        "fn": 380,
        "f1": 0.7961009907318632,
        "precision": 0.7354591083554768,
        "recall": 0.8676419366074538
    },
    "Pledgee": {
        "tp": 2007,
        "fp": 166,
        "fn": 125,
        "f1": 0.932404181184669,
        "precision": 0.9236079153244363,
        "recall": 0.9413696060037523
    },
    "TotalPledgedShares": {
        "tp": 1176,
        "fp": 412,
        "fn": 194,
        "f1": 0.7951318458417851,
        "precision": 0.7405541561712846,
        "recall": 0.8583941605839416
    },
    "ReleasedDate": {
        "tp": 455,
        "fp": 470,
        "fn": 306,
        "f1": 0.5397390272835114,
        "precision": 0.4918918918918919,
        "recall": 0.5978975032851511
    },
    "StockCode": {
        "tp": 3225,
        "fp": 30,
        "fn": 23,
        "f1": 0.9918499154236505,
        "precision": 0.9907834101382489,
        "recall": 0.9929187192118226
    },
    "StockAbbr": {
        "tp": 3985,
        "fp": 430,
        "fn": 1110,
        "f1": 0.8380651945320714,
        "precision": 0.9026047565118913,
        "recall": 0.7821393523061825
    },
    "precision": 0.823949132029119,
    "recall": 0.8220928555980103,
    "micro_f1": 0.8230199471324307,
    "macro_f1": 0.6412666796286944
}