{
    "EquityHolder": {
        "tp": 8126,
        "fp": 1463,
        "fn": 1487,
        "f1": 0.8463701697739819,
        "precision": 0.8474293461257691,
        "recall": 0.84531363778217
    },
    "FrozeShares": {
        "tp": 91,
        "fp": 122,
        "fn": 207,
        "f1": 0.35616438356164387,
        "precision": 0.4272300469483568,
        "recall": 0.3053691275167785
    },
    "LegalInstitution": {
        "tp": 437,
        "fp": 62,
        "fn": 65,
        "f1": 0.8731268731268731,
        "precision": 0.875751503006012,
        "recall": 0.8705179282868526
    },
    "TotalHoldingShares": {
        "tp": 1693,
        "fp": 590,
        "fn": 466,
        "f1": 0.7622692480864475,
        "precision": 0.7415681121331581,
        "recall": 0.7841593330245484
    },
    "TotalHoldingRatio": {
        "tp": 1452,
        "fp": 403,
        "fn": 273,
        "f1": 0.811173184357542,
        "precision": 0.7827493261455526,
        "recall": 0.8417391304347827
    },
    "StartDate": {
        "tp": 3670,
        "fp": 1183,
        "fn": 1361,
        "f1": 0.7426143261837314,
        "precision": 0.7562332577786935,
        "recall": 0.7294772411051481
    },
    "EndDate": {
        "tp": 1027,
        "fp": 649,
        "fn": 483,
        "f1": 0.6446955430006278,
        "precision": 0.6127684964200477,
        "recall": 0.6801324503311258
    },
    "UnfrozeDate": {
        "tp": 2,
        "fp": 15,
        "fn": 16,
        "f1": 0.11428571428571428,
        "precision": 0.11764705882352941,
        "recall": 0.1111111111111111
    },
    "CompanyName": {
        "tp": 9412,
        "fp": 391,
        "fn": 670,
        "f1": 0.9466431983907468,
        "precision": 0.9601142507395696,
        "recall": 0.9335449315611982
    },
    "HighestTradingPrice": {
        "tp": 1264,
        "fp": 1363,
        "fn": 360,
        "f1": 0.5946836038579159,
        "precision": 0.48115721355157975,
        "recall": 0.7783251231527094
    },
    "LowestTradingPrice": {
        "tp": 195,
        "fp": 8,
        "fn": 845,
        "f1": 0.3137570394207562,
        "precision": 0.9605911330049262,
        "recall": 0.1875
    },
    "RepurchasedShares": {
        "tp": 1463,
        "fp": 255,
        "fn": 104,
        "f1": 0.8907153729071537,
        "precision": 0.8515715948777648,
        "recall": 0.9336311423101468
    },
    "ClosingDate": {
        "tp": 1196,
        "fp": 701,
        "fn": 452,
        "f1": 0.6747531734837799,
        "precision": 0.6304691618344754,
        "recall": 0.7257281553398058
    },
    "RepurchaseAmount": {
        "tp": 1246,
        "fp": 310,
        "fn": 180,
        "f1": 0.8356807511737089,
        "precision": 0.800771208226221,
        "recall": 0.8737727910238429
    },
    "TradedShares": {
        "tp": 880,
        "fp": 385,
        "fn": 254,
        "f1": 0.7336390162567735,
        "precision": 0.6956521739130435,
        "recall": 0.7760141093474426
    },
    "LaterHoldingShares": {
        "tp": 86,
        "fp": 184,
        "fn": 335,
        "f1": 0.2489146164978292,
        "precision": 0.31851851851851853,
        "recall": 0.2042755344418052
    },
    "AveragePrice": {
        "tp": 196,
        "fp": 61,
        "fn": 13,
        "f1": 0.8412017167381974,
        "precision": 0.7626459143968871,
        "recall": 0.937799043062201
    },
    "Pledger": {
        "tp": 0,
        "fp": 0,
        "fn": 0,
        "f1": 0,
        "precision": 0,
        "recall": 0
    },
    "PledgedShares": {
        "tp": 2407,
        "fp": 877,
        "fn": 464,
        "f1": 0.7821283509342,
        "precision": 0.7329476248477467,
        "recall": 0.8383838383838383
    },
    "Pledgee": {
        "tp": 2014,
        "fp": 147,
        "fn": 118,
        "f1": 0.9382716049382717,
        "precision": 0.9319759370661731,
        "recall": 0.9446529080675422
    },
    "TotalPledgedShares": {
        "tp": 1124,
        "fp": 386,
        "fn": 246,
        "f1": 0.7805555555555554,
        "precision": 0.7443708609271523,
        "recall": 0.8204379562043795
    },
    "ReleasedDate": {
        "tp": 461,
        "fp": 520,
        "fn": 300,
        "f1": 0.5292766934557979,
        "precision": 0.46992864424057085,
        "recall": 0.6057818659658344
    },
    "StockCode": {
        "tp": 3236,
        "fp": 11,
        "fn": 12,
        "f1": 0.9964588144726712,
        "precision": 0.9966122574684324,
        "recall": 0.9963054187192119
    },
    "StockAbbr": {
        "tp": 4101,
        "fp": 573,
        "fn": 994,
        "f1": 0.839594636093766,
        "precision": 0.8774069319640565,
        "recall": 0.8049067713444553
    },
    "precision": 0.8111378858216095,
    "recall": 0.8250847091053276,
    "micro_f1": 0.8180518575436464,
    "macro_f1": 0.6707072327730702
}