{
    "EquityHolder": {
        "tp": 8134,
        "fp": 1443,
        "fn": 1479,
        "f1": 0.8477331943720688,
        "precision": 0.8493265114336431,
        "recall": 0.846145844169354
    },
    "FrozeShares": {
        "tp": 97,
        "fp": 136,
        "fn": 201,
        "f1": 0.3653483992467043,
        "precision": 0.41630901287553645,
        "recall": 0.32550335570469796
    },
    "LegalInstitution": {
        "tp": 437,
        "fp": 61,
        "fn": 65,
        "f1": 0.874,
        "precision": 0.8775100401606426,
        "recall": 0.8705179282868526
    },
    "TotalHoldingShares": {
        "tp": 1726,
        "fp": 625,
        "fn": 433,
        "f1": 0.7654101995565409,
        "precision": 0.7341556784347086,
        "recall": 0.7994441871236684
    },
    "TotalHoldingRatio": {
        "tp": 1454,
        "fp": 399,
        "fn": 271,
        "f1": 0.8127445500279485,
        "precision": 0.7846735024284943,
        "recall": 0.8428985507246377
    },
    "StartDate": {
        "tp": 3549,
        "fp": 1202,
        "fn": 1482,
        "f1": 0.7256184829278266,
        "precision": 0.7470006314460114,
        "recall": 0.7054263565891473
    },
    "EndDate": {
        "tp": 901,
        "fp": 543,
        "fn": 609,
        "f1": 0.6100203114421123,
        "precision": 0.6239612188365651,
        "recall": 0.5966887417218543
    },
    "UnfrozeDate": {
        "tp": 9,
        "fp": 22,
        "fn": 9,
        "f1": 0.3673469387755102,
        "precision": 0.2903225806451613,
        "recall": 0.5
    },
    "CompanyName": {
        "tp": 9175,
        "fp": 390,
        "fn": 907,
        "f1": 0.933984832289917,
        "precision": 0.9592263460533194,
        "recall": 0.9100376909343384
    },
    "HighestTradingPrice": {
        "tp": 1237,
        "fp": 619,
        "fn": 387,
        "f1": 0.7109195402298851,
        "precision": 0.6664870689655172,
        "recall": 0.7616995073891626
    },
    "LowestTradingPrice": {
        "tp": 761,
        "fp": 192,
        "fn": 279,
        "f1": 0.7636728549924737,
        "precision": 0.7985309548793285,
        "recall": 0.7317307692307692
    },
    "RepurchasedShares": {
        "tp": 1422,
        "fp": 268,
        "fn": 145,
        "f1": 0.8731961928154744,
        "precision": 0.8414201183431953,
        "recall": 0.9074664964901085
    },
    "ClosingDate": {
        "tp": 731,
        "fp": 566,
        "fn": 917,
        "f1": 0.49643463497453305,
        "precision": 0.5636083269082498,
        "recall": 0.44356796116504854
    },
    "RepurchaseAmount": {
        "tp": 1207,
        "fp": 323,
        "fn": 219,
        "f1": 0.8166441136671178,
        "precision": 0.7888888888888889,
        "recall": 0.8464235624123422
    },
    "TradedShares": {
        "tp": 811,
        "fp": 328,
        "fn": 323,
        "f1": 0.7135943686757589,
        "precision": 0.7120280948200176,
        "recall": 0.7151675485008818
    },
    "LaterHoldingShares": {
        "tp": 108,
        "fp": 244,
        "fn": 313,
        "f1": 0.27943078913324715,
        "precision": 0.3068181818181818,
        "recall": 0.25653206650831356
    },
    "AveragePrice": {
        "tp": 191,
        "fp": 63,
        "fn": 18,
        "f1": 0.8250539956803455,
        "precision": 0.7519685039370079,
        "recall": 0.9138755980861244
    },
    "Pledger": {
        "tp": 0,
        "fp": 0,
        "fn": 0,
        "f1": 0,
        "precision": 0,
        "recall": 0
    },
    "PledgedShares": {
        "tp": 2327,
        "fp": 937,
        "fn": 544,
        "f1": 0.7585982070089649,
        "precision": 0.7129289215686274,
        "recall": 0.810518982932776
    },
    "Pledgee": {
        "tp": 2005,
        "fp": 138,
        "fn": 127,
        "f1": 0.9380116959064329,
        "precision": 0.9356042930471302,
        "recall": 0.9404315196998124
    },
    "TotalPledgedShares": {
        "tp": 1128,
        "fp": 457,
        "fn": 242,
        "f1": 0.7634517766497463,
        "precision": 0.7116719242902209,
        "recall": 0.8233576642335766
    },
    "ReleasedDate": {
        "tp": 431,
        "fp": 563,
        "fn": 330,
        "f1": 0.4911680911680912,
        "precision": 0.4336016096579477,
        "recall": 0.5663600525624178
    },
    "StockCode": {
        "tp": 3235,
        "fp": 12,
        "fn": 13,
        "f1": 0.9961508852963817,
        "precision": 0.9963042808746535,
        "recall": 0.9959975369458128
    },
    "StockAbbr": {
        "tp": 4033,
        "fp": 618,
        "fn": 1062,
        "f1": 0.827621588343936,
        "precision": 0.8671253493872285,
        "recall": 0.7915603532875368
    },
    "precision": 0.8163342864381627,
    "recall": 0.813009155792661,
    "micro_f1": 0.8146683281862346,
    "macro_f1": 0.6898398184658756
}